X22,Y22,Z22
674.5521200000001,-227.78821000000002,1357.75635
670.93982,-224.54372,1358.57166
669.12915,-223.02548,1359.14282
667.68799,-221.2894,1359.2821
664.64075,-219.91468999999998,1360.23999
663.07336,-218.02432000000002,1360.6375699999999
661.11725,-216.40099999999998,1361.14038
659.11023,-214.49731,1361.79724
657.66974,-212.89325,1362.41858
655.71686,-211.01692000000003,1363.4021
653.9082,-208.67986000000002,1364.08557
651.99866,-206.73941000000002,1365.14783
649.7251,-204.77925,1366.26563
648.05402,-202.51764,1367.52954
645.4721099999999,-200.47198,1368.6423300000001
643.2163099999999,-197.9362,1369.96216
641.26093,-196.30611000000002,1371.03979
638.87347,-194.07216,1372.39075
636.44263,-191.89956999999998,1373.69507
634.10333,-190.11664,1375.1084
631.9243799999999,-187.79701,1376.62659
629.26428,-185.59346000000002,1378.18359
627.51648,-183.83243000000002,1379.78735
625.3449099999999,-181.95168,1381.55859
623.15576,-179.7883,1383.21887
621.39893,-178.17094,1384.7476800000002
619.02771,-176.10629,1386.3328900000001
616.9791299999999,-174.2493,1387.8654800000002
615.07642,-172.83675,1389.57654
612.98059,-170.84663,1390.88477
610.96033,-169.28444,1392.18811
608.57672,-167.56688,1393.2639199999999
607.23828,-166.17445,1394.17871
605.20532,-164.20399,1395.37805
603.49536,-162.67337,1396.3474099999999
601.74835,-161.18098,1397.15076
600.03485,-159.56686000000002,1397.953
598.6646099999999,-158.2491,1398.69409
596.83875,-156.58493,1399.42371
595.422,-155.49261,1399.95532
594.2416400000001,-154.34439,1400.55957
592.7844200000001,-153.09833,1401.05383
591.24365,-151.85374,1401.30139
589.82056,-150.90871,1401.77332
588.81104,-150.17195,1401.90784
587.78473,-149.35464,1402.1228
586.4397,-148.37181,1402.3858599999999
585.05225,-147.65131,1402.58936
584.0893599999999,-147.11366,1402.6076699999999
582.7738,-146.35968,1402.87231
582.08301,-145.71999,1403.17346
581.05853,-145.29358,1403.25317
580.10956,-144.98878,1403.62073
579.42609,-144.67281,1403.79321
578.36212,-144.31663999999998,1404.3075
577.52277,-143.90743999999998,1404.47681
576.34723,-143.48096,1404.70898
575.85522,-143.41446000000002,1404.90491
574.93573,-143.17731,1405.00464
574.43695,-143.25446000000002,1405.01782
573.6854900000001,-143.14183,1405.06982
573.08203,-143.24088,1404.9939
572.39795,-143.36285,1404.96118
571.89362,-143.332,1404.797
570.78204,-143.3299,1404.63708
570.07074,-143.21022,1404.49976
569.5672599999999,-143.40836000000002,1404.47302
568.9508099999999,-143.45673,1404.29321
568.2880200000001,-143.74025,1404.00635
568.04797,-144.0,1403.7305900000001
567.8389900000001,-144.07329,1403.64417
567.51215,-144.76753,1403.5252699999999
567.40259,-145.28173999999999,1403.32141
567.42175,-145.90833,1403.13562
567.65881,-146.51016,1402.91516
567.6394,-146.90218000000002,1402.7627
567.56415,-147.60765,1402.44507
567.56073,-148.29465,1402.16516
567.41833,-148.81721000000002,1401.91406
567.86627,-149.87932,1401.61743
567.7207599999999,-150.5273,1401.48218
568.34125,-151.41585,1401.1228
568.75653,-152.48344,1400.7487800000001
568.53473,-153.31319,1400.55969
568.91888,-154.18225,1400.5601800000002
569.31812,-155.41914,1400.3208
569.5183099999999,-156.51908999999998,1400.20996
569.95209,-157.62462,1400.2854
570.0559099999999,-158.57828999999998,1399.9881599999999
570.41638,-159.99933000000001,1399.68542
571.17206,-161.42493000000002,1399.21362
570.92987,-162.76683,1399.08923
571.5718400000001,-163.96655,1398.39795
572.02301,-165.60387,1398.0361300000002
572.52911,-166.88724,1397.65271
573.2744799999999,-168.66156,1397.14063
574.17297,-170.42145,1396.50293
574.77295,-172.10529,1396.15454
575.69012,-173.86456,1395.73804
576.6517299999999,-175.79547,1395.35852
577.47266,-177.59114,1395.14734
578.26636,-179.4355,1394.62512
578.8911099999999,-181.47734,1394.4201699999999
579.88873,-183.76658999999998,1393.92053
580.80402,-185.5192,1393.44324
581.7026400000001,-187.58981,1393.15234
582.7000099999999,-190.0544,1392.48108
583.43146,-192.0125,1391.89282
584.9884599999999,-194.58636,1391.0449199999998
585.8219,-196.92293,1390.22388
587.28131,-199.76462,1389.3491199999999
588.30518,-202.15495,1388.7603800000002
589.4044200000001,-204.51308999999998,1388.03503
590.99036,-207.31079,1387.03455
592.17047,-210.20442000000003,1386.0929
593.0343,-212.41916,1385.55408
594.35638,-215.37587000000002,1384.64795
595.21857,-217.65907,1383.85022
596.6202400000001,-220.52507000000003,1383.16345
597.33173,-223.11112999999997,1382.4315199999999
598.78296,-225.69092,1381.8256800000001
599.9273099999999,-228.33557000000002,1381.7363300000002
600.56635,-231.08751,1381.2959
601.64697,-233.61052,1381.35437
602.88507,-236.02505,1381.65454
603.2926,-238.04991,1381.5770300000001
604.85321,-240.96989,1381.53223
605.71881,-243.12837000000002,1381.8256800000001
606.52899,-245.43074,1382.00891
607.51605,-247.92347999999998,1382.24475
608.61951,-250.3842,1381.9436
609.8905599999999,-252.66727999999998,1382.19165
610.88928,-255.16074,1382.02576
611.92749,-257.56342,1381.52344
613.00635,-259.4122,1381.1792
614.5502299999999,-261.82132,1380.64429
615.4195599999999,-263.93219,1379.92517
616.4227900000001,-266.35196,1379.28955
617.94507,-268.64645,1378.15491
618.74719,-270.39749,1376.92139
620.39734,-272.94574,1375.5883800000001
621.39117,-275.06482,1373.98621
622.63153,-277.41497999999996,1372.31628
623.24811,-279.40179,1370.40662
624.99872,-281.73605,1368.58789
625.73297,-283.58008,1367.00562
626.86542,-285.82947,1365.72791
628.27771,-288.10708999999997,1365.1104699999999
629.2132,-290.02722,1364.77368
630.84094,-291.91823999999997,1365.06824
631.24554,-293.71701,1365.59338
632.3070700000001,-295.17258,1366.2926
633.16699,-297.08936,1367.05505
633.76501,-298.1279,1368.51404
634.38306,-299.43561,1369.5217300000002
634.70135,-300.7522,1371.1377
635.67065,-301.90851000000004,1372.77002
636.30621,-302.94391,1374.47131
637.0781900000001,-304.53806000000003,1376.1190199999999
637.617,-305.30206,1377.85254
638.09589,-306.09021,1379.57361
639.03265,-307.01407,1381.26465
640.03754,-307.78119,1382.8002900000001
639.8743900000001,-308.31247,1384.27246
640.47565,-309.06851,1385.65906
641.25098,-310.11719,1387.08899
641.87213,-310.89957000000004,1388.0072
642.62329,-311.76773,1388.8101800000002
643.47498,-312.34091,1389.62537
645.65131,-312.66643999999997,1389.56262
646.10382,-313.13354,1390.13696
646.76843,-313.79449,1390.34888
647.0083599999999,-314.61371,1390.4437300000002
648.1120599999999,-315.57391,1389.9805900000001
648.4014900000001,-316.23804,1389.82593
649.03052,-316.72229,1389.39111
649.9462900000001,-318.07181,1388.19275
649.94537,-318.53751,1387.36035
649.96545,-319.00732,1386.5090300000002
650.5592,-319.53885,1385.34265
650.2036099999999,-320.44861000000003,1384.45544
650.2337,-320.7955,1383.84045
650.34241,-321.47708,1382.87207
651.04114,-321.90121,1382.4718
651.39484,-322.64917,1382.3432599999999
651.55365,-323.22821,1382.65845
652.2269299999999,-323.82132,1382.84509
652.41858,-324.29755,1383.19006
653.0047,-324.59268,1384.0139199999999
653.41425,-325.13018999999997,1384.74475
653.8646200000001,-325.77443999999997,1385.19165
654.4693599999999,-325.96027000000004,1386.06689
655.0306400000001,-326.90128,1386.7199699999999
655.9668,-326.9277,1386.93237
656.1958599999999,-327.27136,1387.5072
656.86438,-327.85175,1387.43103
657.8560200000001,-328.57507000000004,1387.35449
658.21515,-328.99084,1387.24243
659.62927,-329.65091,1386.38599
660.05219,-329.70541000000003,1385.96289
661.66754,-330.36591,1385.06555
662.2941900000001,-330.83936,1383.7921099999999
663.3308099999999,-331.48138,1382.6771199999998
664.1217,-332.11734,1381.32349
665.7396200000001,-333.06055,1380.05176
666.03607,-333.72025,1378.92139
667.5002400000001,-334.25726000000003,1377.28406
668.0744599999999,-334.60114,1376.3905
668.66583,-335.08884,1375.23755
670.20618,-335.62891,1374.05896
670.34247,-335.93842,1373.6803
670.68005,-336.13766,1373.245
671.10907,-336.44604,1373.23389
671.7103900000001,-336.81622000000004,1373.52966
672.28345,-336.82031,1374.04846
672.7796599999999,-336.94272,1375.04504
672.19849,-337.13394,1376.04431
672.8591299999999,-336.97213999999997,1377.22424
673.73022,-336.77081,1378.505
673.7717299999999,-336.38239,1379.67554
674.3942900000001,-336.42685,1381.18115
675.49927,-336.09738,1382.81885
675.66235,-335.57794,1384.29297
676.08612,-335.44965,1385.54846
676.78748,-335.24924,1387.30396
677.5921,-335.03357,1388.6743199999999
677.87964,-334.26855,1390.0421099999999
678.4966400000001,-334.16742,1391.05676
679.48303,-334.05212,1392.19299
680.03296,-333.46811,1392.9782699999998
681.06421,-333.45465,1393.70886
681.35095,-333.13495,1394.41003
682.245,-332.77115,1394.51245
682.63892,-332.26907,1394.59619
683.6162099999999,-331.93079,1394.34937
684.1616799999999,-331.54602,1393.88489
684.85175,-330.97412,1393.14563
685.95905,-330.55582000000004,1391.8761
686.34161,-329.73636,1390.5376
687.00775,-329.21045,1388.43689
687.52777,-328.77142000000003,1385.76196
687.99036,-327.80267000000003,1382.9067400000001
688.30457,-327.93222000000003,1379.33594
688.38672,-327.47424,1375.36755
688.60156,-327.07025,1370.79785
688.87354,-326.75879,1366.1082800000001
688.9653900000001,-326.32889,1361.0620099999999
688.92834,-325.43359,1356.19031
688.72083,-324.70422,1351.26416
688.8596200000001,-324.19843,1346.65466
688.53979,-323.02866,1341.8414300000002
687.9356700000001,-322.24164,1337.7655
686.98853,-320.84244,1334.46875
687.02368,-319.99213,1332.20752
686.79224,-318.90027000000003,1330.99036
686.8421599999999,-317.84116,1331.2423099999999
686.7381,-316.74557000000004,1332.59888
686.15747,-315.33545,1335.3898900000002
685.6680299999999,-314.177,1339.40833
685.2008099999999,-312.72601000000003,1344.3302
684.6297599999999,-311.44037000000003,1350.57031
683.9643599999999,-309.7883,1357.65601
684.25928,-309.11349,1365.35083
683.42126,-307.92749,1373.80005
683.39301,-306.87326,1382.37158
682.76117,-305.69397000000004,1392.00781
682.98138,-304.83517,1400.9211400000002
682.26984,-303.46475,1410.38147
682.22302,-302.64404,1419.8916
681.70862,-301.42537999999996,1428.8803699999999
681.72906,-300.26122999999995,1437.6770000000001
683.04791,-298.5636,1445.90149
680.1922599999999,-298.27539,1454.49573
681.26581,-297.25162,1461.81836
681.13483,-295.39047,1467.82996
681.4624,-294.32114,1473.51465
682.47424,-293.21106000000003,1477.93713
682.70215,-292.3605,1481.4583699999998
683.1845099999999,-291.1127,1483.73303
683.7692900000001,-290.55255,1485.23438
684.3496700000001,-290.21643,1485.66418
685.29193,-289.77417,1485.67944
690.1021099999999,-287.96979,1483.3995400000001
690.41901,-288.08636,1481.67651
691.9150400000001,-287.74359,1479.4736300000002
692.1068700000001,-287.52443999999997,1476.26465
688.9917,-288.77249,1473.3541300000002
689.94574,-288.77539,1468.7553699999999
694.00665,-287.62987999999996,1462.5282
693.86963,-288.35739,1456.38318
691.83459,-289.09927000000005,1450.1886
692.47052,-289.16222999999997,1442.71045
693.76288,-288.37335,1434.07605
694.66333,-288.36352999999997,1425.20825
694.6897,-288.1842,1415.8573
696.20374,-287.32321,1405.61353
696.0244799999999,-287.38833999999997,1395.72534
695.48285,-287.14386,1385.1156
694.40161,-287.13892000000004,1374.9963400000001
693.62115,-287.92562999999996,1365.7038599999998
693.48199,-288.72577,1358.26306
693.16943,-289.41846,1354.74133
694.57935,-289.42819,1354.57214
695.60352,-288.91663,1356.21985
695.84375,-288.2861,1360.21558
695.9930400000001,-287.68167,1365.67786
696.98224,-286.7204,1372.1928699999999
698.06317,-286.22516,1379.87524
699.52063,-285.38461,1388.59265
700.72284,-285.10205,1397.33093
702.84485,-285.1893,1406.38367
704.75214,-284.63498,1415.10315
706.61035,-283.81244,1423.5090300000002
708.7334,-282.81525,1430.94189
707.72223,-282.26068,1438.51563
709.4152799999999,-281.04953,1444.3137199999999
709.50555,-279.86517000000003,1447.95679
709.4164400000001,-278.70526,1449.8197
708.15222,-277.49609,1450.28052
706.97748,-276.36242999999996,1450.6283
708.5324099999999,-274.31293,1449.48792
707.06061,-272.56775,1448.77722
702.0067700000001,-272.42413,1448.8595
701.0541400000001,-270.80051000000003,1447.50586
699.23401,-269.62597999999997,1446.13135
701.0144,-266.91171,1443.19617
699.1344,-265.93826,1440.61218
698.33093,-264.94547,1437.0885
696.72705,-263.59902999999997,1433.13196
694.9731400000001,-262.15536000000003,1427.96191
692.80249,-260.58325,1421.5925300000001
690.9981700000001,-259.37228,1414.46057
689.26367,-258.12482,1406.58142
686.51013,-256.59097,1398.9863300000002
684.35596,-255.96114,1391.15283
681.37646,-255.00826,1384.87
679.81555,-255.00484,1381.22046
679.77765,-255.21307000000002,1381.9585
681.72675,-255.85143,1383.90344
683.33868,-256.69315,1387.38879
684.00983,-256.43045,1392.44458
685.20233,-256.11514,1398.21179
686.4458599999999,-256.3302,1405.02966
688.90131,-256.30331,1411.51099
691.51276,-256.30441,1418.28296
693.91968,-256.35162,1424.53577
696.7493900000001,-256.0842,1430.26025
699.68829,-256.12039,1434.55994
701.28302,-256.31476000000004,1437.20129
703.03888,-256.90295,1437.34619
703.68536,-258.51874,1435.73218
702.33575,-258.75223,1434.02417
700.7655,-259.22202000000004,1432.27478
698.92511,-260.06167999999997,1429.45898
697.19025,-260.72567999999995,1426.4749800000002
696.19415,-261.25226000000004,1423.17163
694.87244,-262.09152,1419.4896199999998
693.77948,-262.58902,1415.6851800000002
692.82355,-263.08963,1411.26526
692.08917,-263.62637,1406.39893
691.27118,-263.98639,1401.18115
690.70935,-264.59637000000004,1394.89697
690.1308,-265.3674,1387.7625699999999
689.89771,-266.36111,1379.75513
688.33435,-267.28497000000004,1371.60706
687.0,-268.53806000000003,1362.9229699999999
685.51575,-269.66077,1354.00208
683.40863,-271.08444,1345.9057599999999
682.7603799999999,-273.12912,1340.02466
684.40851,-275.74487,1337.8762199999999
686.2124,-277.8826,1338.76428
687.80487,-280.31241,1341.23108
689.50037,-282.62665,1345.06226
690.99615,-284.14096,1351.0929
691.5144,-286.53308,1358.15198
693.30121,-288.42215,1366.10791
695.78558,-290.37823,1374.35962
697.66205,-292.07198999999997,1383.29236
699.76825,-294.01801,1392.21802
702.3233,-295.96783,1401.32605
704.31427,-297.48621,1409.9904800000002
706.4862099999999,-298.95935,1417.92163
708.7468299999999,-300.82065,1425.4497099999999
710.7312599999999,-301.96085,1431.8491199999999
712.16003,-303.71344,1437.9171099999999
713.70477,-305.29453,1442.05945
714.73004,-306.80676,1445.1887199999999
714.23547,-308.30124,1447.18884
714.88922,-309.33542,1447.82214
713.4682,-310.4548,1448.76294
713.98291,-311.67499,1448.5354
713.16034,-312.42151,1447.90942
712.97516,-313.39917,1446.58032
711.92487,-313.88257000000004,1444.94397
711.48285,-314.35059,1442.88208
710.60266,-315.13159,1440.0520000000001
710.47375,-315.99969,1436.94336
710.8065799999999,-316.37597999999997,1432.9627699999999
710.52618,-316.95776,1428.07947
710.2179,-317.44622999999996,1422.83789
710.78436,-318.96927,1416.5457800000001
710.95111,-320.08718999999996,1409.7793
710.88776,-321.50167999999996,1401.87756
711.36194,-323.22238,1393.00525
710.67273,-324.94608,1383.4538599999998
710.21771,-326.87885,1373.20728
710.01917,-328.91864,1362.4881599999999
708.44122,-331.33566,1351.75879
707.41827,-334.06784,1341.53271
706.47198,-336.71466000000004,1333.12354
706.86475,-338.99811,1327.13293
709.15491,-341.40582,1324.2937
712.15991,-344.11081,1322.90906
714.95636,-346.66281000000004,1323.5521199999998
716.57391,-348.47772000000003,1326.64661
718.63446,-350.76276,1331.24451
719.86743,-352.80811,1337.10315
721.5581099999999,-354.52609,1344.09839
722.45978,-356.53902999999997,1352.2000699999999
723.50769,-358.31119,1360.99902
724.59509,-359.71686,1370.56677
725.18561,-361.46837999999997,1380.66589
725.63123,-362.88153,1391.1453900000001
725.95782,-364.48868,1401.9115
726.72595,-365.79236000000003,1412.58142
727.5387,-367.40485,1422.99609
727.9341400000001,-368.88907,1432.99731
727.3893400000001,-370.50302,1441.79822
727.91431,-371.8938,1450.09851
727.1167,-373.68372,1457.1770000000001
727.1195700000001,-375.67606,1462.60315
726.5808099999999,-378.63095,1466.97729
725.25757,-381.33932000000004,1470.38806
723.46747,-384.68729,1472.8226300000001
722.1741900000001,-388.00729,1474.5991199999999
720.7370599999999,-391.24887,1475.73718
719.36383,-394.65372,1475.9891400000001
717.41974,-398.72226,1475.70374
715.85358,-402.21063,1474.68689
714.5192900000001,-405.83746,1473.61914
713.13068,-409.16406,1471.86255
711.5615799999999,-413.24829,1469.7398699999999
710.69714,-416.9184,1466.9511699999998
708.70789,-420.38229,1463.05542
706.84888,-424.00217000000004,1458.3853800000002
705.58978,-427.48883,1453.18042
704.57593,-430.75615999999997,1447.2703900000001
703.45886,-434.08194000000003,1440.36865
702.26215,-437.12490999999994,1432.9483599999999
701.50891,-440.233,1424.88293
699.9130200000001,-443.2269,1416.20337
697.82098,-446.34567000000004,1406.58411
696.89728,-449.30252,1396.50806
695.06543,-452.23932,1385.85071
693.888,-455.42542000000003,1374.42554
692.79095,-457.98416,1361.9981699999998
690.8317900000001,-460.96463,1349.4995099999999
688.94434,-464.2738,1336.9873
687.68646,-467.7851,1325.87756
686.44177,-470.42282,1315.8425300000001
685.8667,-472.22073,1308.77319
685.1039400000001,-472.90109,1305.50476
683.3996,-473.11731,1304.1676
682.04108,-473.52234000000004,1305.0321
679.862,-473.55554000000006,1308.20166
676.46637,-473.8606,1312.63672
671.3057299999999,-475.14072000000004,1318.59448
665.76483,-476.23557,1325.49524
659.67865,-477.54868,1333.68225
653.03204,-478.92731,1342.66138
645.68524,-480.42532,1352.47791
639.35321,-481.88693,1363.24109
632.33685,-483.54709,1375.28149
626.82257,-484.6272,1387.4326199999998
621.90167,-484.93384000000003,1399.6978800000002
617.31079,-485.64218,1412.21777
613.0230700000001,-486.16122,1425.14514
609.2744799999999,-486.39407,1438.6273199999998
605.69714,-486.082,1451.7680699999999
602.45313,-485.78182999999996,1464.90198
598.755,-485.00024,1477.4633800000001
596.33569,-483.95157,1490.0059800000001
594.32227,-483.0838,1501.1557599999999
593.53381,-481.76544,1511.53516
593.21313,-480.64832,1520.9238300000002
593.33105,-479.40612999999996,1528.51147
594.53052,-478.16983,1535.59436
595.98035,-477.36620999999997,1541.57104
597.66992,-476.57883,1546.96399
598.45215,-476.23389000000003,1551.55701
599.5069,-475.76273,1554.76648
600.2653799999999,-475.62119,1557.67944
601.39166,-475.79483,1559.63977
602.38745,-475.92760999999996,1560.87402
602.46906,-476.1615,1561.2083699999998
602.0463900000001,-476.33383,1560.95715
602.61859,-476.97339000000005,1559.44397
601.88367,-477.64905,1557.5011
601.32526,-478.10663,1554.65564
601.24518,-479.03983,1551.37146
600.64063,-479.85165,1546.9923099999999
600.18848,-480.71573,1542.10449
600.49731,-481.92963,1536.94556
600.3593099999999,-482.99535999999995,1530.54297
600.54498,-484.70514000000003,1524.2288800000001
600.10919,-486.10477000000003,1516.51587
600.57007,-487.35129000000006,1508.27881
600.6182299999999,-488.41101,1499.4451900000001
600.99359,-489.75644000000005,1489.8905
600.91772,-490.6665,1479.7703900000001
601.35785,-492.06409,1469.00391
601.2388900000001,-493.30368,1457.35107
601.12891,-494.71164000000005,1444.97925
600.66028,-496.55742999999995,1432.49902
600.4187599999999,-498.18362,1419.3161599999999
599.66406,-500.60526,1406.6148699999999
598.74945,-503.37399000000005,1394.06323
597.64349,-506.14218,1382.07385
595.97943,-508.19625999999994,1371.88464
594.99194,-509.40375,1363.92908
594.17285,-509.6517,1357.99316
593.08099,-509.94589,1353.2002
591.52661,-510.62912,1350.5271
589.89783,-510.79022000000003,1349.9370099999999
587.74573,-510.78943,1351.07312
586.20142,-511.1553,1354.1599099999999
584.48285,-511.01443,1358.80054
583.52625,-511.23093,1364.66089
581.70068,-511.10500999999994,1371.50732
579.43958,-510.88977,1379.34534
577.66888,-510.42953,1387.49609
575.6712,-510.02274000000006,1396.36084
574.18518,-509.39664000000005,1405.73157
572.01501,-508.69125,1415.4273699999999
571.18921,-507.77518,1424.97559
570.39905,-506.6521,1434.9002699999999
569.23969,-505.37670999999995,1444.51892
569.41589,-504.21982,1453.7175300000001
569.12372,-502.56420999999995,1462.50696
568.57703,-501.23517000000004,1470.01245
568.32391,-499.7373,1477.51514
568.05585,-498.58783,1483.7572
568.06708,-496.94492,1488.8925800000002
567.58752,-496.28598,1492.6887199999999
567.55017,-495.43402000000003,1494.97803
567.13904,-495.20837,1496.4718
567.11243,-495.0675,1496.83093
567.3944700000001,-495.63019,1496.29065
568.07367,-495.85193,1495.02563
569.16827,-495.9006,1492.85449
570.48663,-496.08187999999996,1489.93469
571.07434,-496.47745,1486.19043
572.77802,-496.37375,1481.82629
573.58917,-496.54034,1476.51892
575.29993,-496.49591,1470.58826
577.0369900000001,-497.14578,1463.74915
577.80029,-497.86087000000003,1456.06677
578.98022,-498.49039000000005,1447.83142
580.0057400000001,-499.48907,1438.59534
580.4168099999999,-501.57669000000004,1428.67468
581.12189,-502.95804000000004,1417.91675
583.2481700000001,-504.31942999999995,1405.09766
584.29926,-505.73096,1392.828
586.20343,-508.89758,1380.91919
586.66486,-511.73328,1369.65198
587.80713,-514.99835,1361.07629
589.59656,-516.13892,1358.63135
592.00726,-514.8481400000001,1359.77625
594.67383,-513.6463,1363.0773900000002
595.68219,-513.10791,1367.75293
595.55219,-512.64917,1374.03857
595.9404900000001,-511.84020999999996,1382.21973
595.9500099999999,-511.33675999999997,1391.3136
595.5437,-511.26678,1400.9256599999999
595.45435,-510.7807,1411.2000699999999
594.90222,-510.11685,1421.8499800000002
594.51276,-509.68825999999996,1432.38196
593.82349,-509.20297,1442.65869
593.0316799999999,-508.02542,1452.72925
592.51935,-507.15047999999996,1461.9963400000001
592.0477900000001,-506.43304000000006,1470.81177
591.77692,-505.13430999999997,1478.41907
591.6940900000001,-504.10294000000005,1485.45093
592.1030900000001,-503.41229000000004,1490.86584
592.3226900000001,-502.75100999999995,1495.01855
593.13,-502.21300999999994,1498.11792
594.22455,-501.55005,1500.71582
594.7231400000001,-501.14041,1502.89832
595.56262,-500.96752999999995,1504.6416
595.8194599999999,-500.59520999999995,1505.7354699999999
595.75433,-501.10345,1506.5728800000002
595.5405900000001,-501.15542999999997,1506.61987
595.60614,-501.40967,1506.0885
594.80481,-501.72058,1505.00732
594.40192,-502.00903,1503.10547
593.77545,-502.17822,1500.3363
592.62177,-502.79669,1496.7548800000002
591.60724,-503.44772,1492.6159699999998
590.19159,-503.12662,1486.9520300000001
588.85461,-504.04114000000004,1481.1502699999999
587.11536,-505.12018,1474.1864
585.62494,-506.14059000000003,1466.52332
583.54132,-507.20095999999995,1458.10071
582.01862,-508.81818,1449.41589
579.87286,-509.22079,1439.4550800000002
578.39044,-510.28972999999996,1428.92004
576.3616900000001,-511.05118,1418.46838
574.49872,-512.2605,1407.19385
572.6499,-512.91791,1395.90771
570.44214,-514.46155,1384.74255
567.26843,-516.48828,1374.20129
565.08002,-518.7511599999999,1365.88928
563.24902,-520.6265900000001,1361.92603
562.41858,-520.51575,1361.51404
563.01459,-520.5517,1363.31116
562.40021,-521.25067,1367.20349
560.88593,-521.4791299999999,1373.1735800000001
559.36713,-521.56335,1381.0421099999999
558.56055,-521.08948,1389.8555900000001
557.6666299999999,-521.13531,1399.59241
555.47516,-521.58453,1410.31104
555.3443599999999,-521.5192900000001,1420.6665
555.1817599999999,-520.9942599999999,1431.4479999999999
555.59515,-520.30133,1442.02869
555.508,-519.5985099999999,1452.22656
555.2345,-518.84344,1462.2345
554.7215,-518.17047,1471.79541
554.07874,-517.35815,1479.8178699999999
553.2341299999999,-516.90002,1487.06714
552.9707599999999,-516.5111099999999,1492.38928
552.70844,-516.66858,1496.5562699999998
552.43042,-516.87158,1499.23291
552.51129,-517.1048599999999,1500.5122099999999
552.81512,-517.43628,1501.75342
553.12396,-518.31458,1502.13184
552.68317,-518.94641,1501.82959
552.73047,-520.1325099999999,1500.4699699999999
552.77679,-521.2780799999999,1499.13196
552.27142,-522.11005,1496.85059
551.7346200000001,-523.34424,1494.65369
551.26837,-524.28998,1491.04651
551.1012599999999,-525.23584,1487.00427
550.74475,-526.21265,1482.60022
550.914,-527.57678,1476.90112
550.6437400000001,-528.3218400000001,1470.271
551.4018599999999,-529.6664400000001,1463.27417
552.1730299999999,-530.7432299999999,1455.70959
552.56854,-531.82062,1447.4809599999999
553.4967,-532.70007,1437.6851800000002
554.30304,-533.5700099999999,1427.91956
555.2945599999999,-534.31635,1417.10242
556.18921,-535.39795,1406.10022
557.09167,-536.34045,1394.40295
557.88232,-537.6449,1383.0687300000002
558.04761,-539.49243,1372.4428699999999
558.12091,-541.91846,1363.11353
558.22803,-544.3145099999999,1357.66968
559.28229,-545.1517299999999,1355.87292
561.38544,-545.30884,1356.99292
561.9904799999999,-545.7525,1359.99646
561.80627,-546.19659,1364.21423
561.10895,-546.151,1370.19299
560.4359099999999,-545.70068,1377.54895
559.73987,-545.0613400000001,1385.71875
559.7907700000001,-544.75568,1394.23279
559.0917400000001,-544.46484,1403.23108
558.35138,-543.51685,1411.88208
557.88385,-542.7575099999999,1420.56812
557.1293900000001,-541.6864,1428.54688
556.8811599999999,-540.2923,1436.01196
556.36487,-539.2464,1441.74756
554.75171,-538.5246599999999,1446.64929
553.81885,-538.02478,1449.33459
552.64264,-537.68573,1450.10791
551.40747,-537.51849,1449.95093
550.5061599999999,-537.1629,1448.90161
549.29169,-537.36072,1447.87476
547.86859,-537.46619,1446.30554
546.3582200000001,-537.63165,1444.3347199999998
544.01453,-537.95367,1442.0127
542.6259200000001,-537.94312,1439.22742
541.23615,-537.6578400000001,1435.84131
539.5296,-537.47357,1431.87781
537.62366,-536.9273099999999,1427.05896
535.9205900000001,-536.69122,1421.64697
534.2484099999999,-536.53772,1415.57397
532.41693,-536.55841,1408.6394
530.93982,-536.53351,1401.02698
529.60797,-536.50555,1392.81555
528.4826,-537.05536,1384.44641
527.4942599999999,-538.21655,1376.50085
525.7196,-538.97961,1369.23535
524.0812400000001,-539.9997599999999,1364.39868
523.48877,-540.30988,1363.15601
523.48456,-539.99512,1364.17041
523.50647,-539.87787,1366.7262
523.22742,-539.93024,1370.53625
522.94495,-539.75531,1376.18359
522.99298,-539.62842,1383.13733
523.23199,-540.2002,1390.5697
523.98383,-540.50537,1398.4043
524.50946,-541.30536,1406.76001
525.3902,-541.60718,1414.69727
526.0921,-541.86993,1422.78271
527.11096,-542.17786,1430.29712
528.27783,-542.17645,1437.53735
529.55511,-542.30377,1444.26892
531.65314,-542.6854900000001,1449.9126
533.59473,-543.02899,1454.76282
535.3252,-543.62958,1458.146
537.62848,-544.57465,1460.4823
539.9386599999999,-545.61072,1461.81836
541.83722,-546.59277,1462.19324
543.31891,-547.40015,1462.20703
544.59656,-548.36151,1461.93774
545.60577,-549.58911,1461.06226
545.32715,-550.56635,1459.42542
545.88861,-551.6499,1457.1123
547.04718,-552.80353,1454.28955
547.50226,-553.52496,1450.74927
547.4185200000001,-554.33704,1446.53784
547.53094,-555.1431299999999,1441.69397
547.16339,-555.98212,1435.9940199999999
547.6745,-556.40234,1429.22583
547.3158599999999,-557.1863400000001,1422.03955
546.9115,-557.7094099999999,1413.84241
545.82391,-558.36774,1405.11719
545.45294,-559.01666,1395.6182900000001
544.81061,-559.18201,1385.25684
544.33209,-559.31421,1374.28418
543.87909,-559.2215,1363.1001
543.0365,-559.9945700000001,1352.43762
541.81073,-560.65198,1342.8895300000001
540.79065,-561.1087,1335.86353
540.17743,-560.89758,1331.73865
539.7338900000001,-559.8241,1330.72876
539.6524,-559.55762,1331.67322
539.79108,-559.79407,1334.63879
539.737,-559.40631,1339.8728
539.55481,-558.72046,1346.77856
539.42908,-558.53137,1355.00684
539.4743,-558.28662,1364.12561
539.2594,-558.10114,1373.98706
539.0369900000001,-557.58276,1384.68762
538.75562,-557.17432,1395.34851
538.22046,-556.12494,1406.37708
537.5151400000001,-555.06952,1417.18896
536.79358,-554.29852,1427.9375
535.698,-552.99036,1438.4548300000001
534.88287,-551.5382099999999,1447.95056
534.31512,-549.98633,1457.33594
533.5654900000001,-548.30927,1465.69617
533.07104,-546.72345,1473.7688
533.02008,-545.12134,1480.8106699999998
532.68408,-543.8147,1487.25989
531.59009,-542.33118,1492.86157
531.34973,-541.46307,1496.6340300000002
533.34961,-539.3938,1498.91089
533.53925,-538.47772,1500.4824199999998
532.6048,-537.6721200000001,1502.16858
533.32935,-536.65338,1502.21179
533.2440799999999,-536.35406,1501.73071
532.11365,-535.56934,1500.60608
531.7814900000001,-535.50702,1498.48657
532.61414,-534.3738400000001,1495.72583
532.401,-533.71588,1492.68579
532.2821,-532.64758,1488.6539300000002
532.50568,-531.77979,1483.9476300000001
531.664,-531.13922,1478.81665
531.56628,-530.4574,1472.7061800000001
531.82208,-529.52948,1465.8313
531.58807,-528.78839,1457.95325
530.9765,-528.01404,1449.4873
530.1637,-527.16052,1440.4836400000002
529.42682,-526.31268,1431.1826199999998
529.36005,-525.54602,1421.37927
529.31885,-524.604,1410.96448
528.67633,-523.8851900000001,1400.32581
527.84741,-523.70703,1389.77539
525.79388,-523.92603,1379.85547
523.737,-524.41888,1369.9563
521.76398,-525.3338,1361.61426
521.68805,-525.14349,1360.2296099999999
523.18085,-524.34912,1365.1488
524.91351,-524.00122,1371.07129
527.36316,-523.9820599999999,1376.8689
528.69672,-524.0378400000001,1383.82849
529.81885,-524.50946,1392.30945
530.0979,-524.7366900000001,1401.88977
530.46722,-524.4455,1411.97302
530.53271,-523.5174,1422.1680900000001
530.34595,-522.29834,1431.8333699999998
529.7793,-520.31348,1441.52136
530.4918200000001,-519.6166400000001,1449.3048099999999
530.61938,-519.15747,1456.25793
531.63428,-519.2403,1460.8678
532.94727,-519.7182,1465.13733
535.12195,-520.2406,1467.62744
535.91272,-521.78687,1469.67834
536.78479,-522.2276,1470.80725
537.3469200000001,-522.6433099999999,1471.79431
536.35779,-522.78516,1472.41785
535.3111,-522.81738,1471.95642
535.2856400000001,-522.77802,1470.6815199999999
534.27979,-522.93781,1469.0413800000001
533.48022,-523.63464,1466.78101
529.06439,-525.31677,1464.6862800000001
528.42395,-526.1272,1460.7236300000002
527.41541,-526.82831,1455.69067
526.07648,-527.78888,1449.7934599999999
524.8638900000001,-528.20087,1442.44849
525.4146099999999,-527.72089,1432.91309
523.11493,-528.30804,1423.59204
520.20795,-528.85474,1413.61267
516.66626,-528.70514,1403.53516
513.45367,-528.1052900000001,1392.65894
510.38828,-527.6220099999999,1381.83911
507.73395,-527.31012,1372.26575
506.2244,-527.12531,1364.53601
506.09472999999997,-527.6012599999999,1359.71777
506.92319000000003,-528.27399,1356.8889199999999
508.10992000000005,-529.3811599999999,1356.40698
508.6886,-530.98834,1358.00146
508.82513,-531.44489,1361.5180699999999
508.63712000000004,-531.289,1366.78235
508.15707000000003,-530.54669,1373.50342
508.34682999999995,-530.8065799999999,1381.68689
508.03409000000005,-530.59662,1390.80078
507.7832,-530.02844,1400.1853
507.2851,-529.8009599999999,1409.99207
506.94702,-528.99805,1419.77686
507.23712,-528.41534,1429.57593
506.5336,-528.38861,1438.3930699999999
504.75985999999995,-528.07916,1448.48938
503.81381,-527.3280599999999,1456.9476300000001
503.92807,-526.6030900000001,1464.81592
503.48760999999996,-525.4669200000001,1471.90039
503.40018,-525.0161099999999,1477.3916
502.97647,-524.08392,1482.47986
502.46652,-522.92688,1486.22974
502.09405999999996,-522.60956,1489.36975
502.01819000000006,-522.22546,1491.35535
506.32672,-521.69922,1489.03406
504.95752000000005,-521.44354,1489.1770000000001
504.94724,-520.8656,1488.03552
503.98825,-520.63397,1486.36035
502.80807000000004,-520.18628,1484.11841
502.11199999999997,-519.8537,1481.60547
501.36777,-519.2196700000001,1477.88806
500.8949,-518.1644299999999,1473.72632
498.77127,-517.79578,1469.5603
498.94092,-516.80823,1463.89661
497.06284000000005,-515.9940799999999,1458.23462
495.38879000000003,-515.30267,1451.5575
494.57140999999996,-514.2567700000001,1444.1550300000001
493.09344000000004,-512.8013900000001,1436.4989
491.38968,-511.62836,1428.48596
490.62097,-510.26266,1419.53699
489.43329000000006,-509.25403,1410.22278
488.94167999999996,-508.05453,1400.3360599999999
488.15146,-506.98596,1390.30225
487.85019000000005,-506.42722000000003,1379.95764
487.23749000000004,-506.17172,1370.47278
485.96939000000003,-506.15450999999996,1363.1351300000001
484.80429000000004,-507.01122999999995,1358.36377
485.38104000000004,-507.2569,1357.16516
487.17233,-507.36795,1360.2236300000002
489.28997999999996,-507.58649,1365.97095
491.76923,-508.02292,1372.78198
494.68018,-509.9545,1380.72375
497.19693,-511.36816,1389.24573
499.7442,-512.5543200000001,1398.94446
502.1232,-513.3869599999999,1409.00378
504.45205999999996,-514.16913,1418.76978
507.18796,-514.71008,1427.99841
510.02286,-514.99176,1436.84631
512.51025,-515.67047,1444.95984
515.0002400000001,-516.6792,1451.9312699999998
518.22424,-518.10022,1457.96912
521.2595200000001,-519.4789400000001,1462.27881
524.32733,-520.5799,1464.95703
528.31384,-521.56335,1466.42139
530.4581900000001,-523.21667,1467.08691
532.45056,-524.13562,1467.2666
531.59857,-525.11676,1467.61633
533.4157700000001,-525.51862,1466.31189
536.86267,-524.11108,1464.29431
535.39825,-524.49219,1463.2241199999999
535.9303,-524.17462,1460.90405
536.27802,-524.20477,1458.09729
537.79962,-523.73181,1453.7663599999998
537.98663,-524.3469200000001,1448.74146
538.98523,-525.0792799999999,1442.4519
540.5484,-526.14319,1435.39868
541.79388,-527.5117799999999,1427.7916300000002
542.6433099999999,-528.32892,1419.48376
543.60339,-528.58942,1410.2125199999998
544.1743799999999,-528.89819,1400.14771
545.38733,-529.5991799999999,1389.66833
546.31799,-530.58508,1378.23792
547.9341400000001,-531.8122599999999,1366.36975
549.7691,-532.7738,1354.94983
552.4898099999999,-533.56348,1344.8690199999999
556.06805,-534.9442700000001,1337.72729
560.20258,-535.10089,1333.61499
565.0473599999999,-534.8967299999999,1330.99756
569.83521,-534.80701,1331.09399
575.1845099999999,-535.44952,1332.59595
580.38281,-535.05615,1336.27515
585.9964,-534.9231599999999,1341.41406
591.88818,-534.25513,1347.86719
598.9594099999999,-532.65857,1355.2113
604.33734,-531.67542,1363.26062
609.61847,-530.82117,1372.61792
614.82172,-529.4502,1382.401
619.57422,-527.7239400000001,1391.99011
623.9689900000001,-526.5513900000001,1401.62036
628.52802,-524.3881200000001,1411.34314
632.43683,-522.7926,1420.99707
636.96613,-520.55859,1429.93774
640.74451,-518.08203,1438.63745
644.79102,-515.57043,1446.83923
647.8674900000001,-513.35638,1454.67542
651.72705,-510.5816,1461.50696
654.7647099999999,-507.9108,1467.8504599999999
658.19672,-505.63055,1473.13135
662.0690900000001,-503.00027,1476.93445
665.26617,-500.93994000000004,1480.10852
669.13324,-498.69379000000004,1482.28027
672.58875,-497.07318,1483.13525
675.70111,-494.58797999999996,1483.0376
678.18915,-492.83730999999995,1482.1425800000002
680.82971,-490.97542999999996,1480.78979
682.24414,-489.28085,1478.5033
683.52197,-488.10625999999996,1475.51196
684.185,-486.99649000000005,1471.56714
685.07568,-485.87112,1467.56458
686.03473,-485.01999000000006,1462.6604
685.6814,-483.95485999999994,1456.90527
686.1416,-483.29935,1450.59204
686.81464,-482.63226,1443.8886699999998
687.2470099999999,-482.23675999999995,1436.4736300000002
687.3059099999999,-481.47875999999997,1428.56238
687.09888,-480.6908,1420.1178
686.93115,-480.17078,1411.23901
687.54602,-479.23154000000005,1401.5661599999999
687.21484,-479.06127999999995,1391.69043
687.84302,-478.61865,1380.58569
687.54974,-478.78986,1369.35522
688.09326,-479.18338,1358.42651
689.07062,-480.19229,1348.58545
689.68579,-480.66364000000004,1340.78052
690.91998,-480.61565999999993,1336.80859
692.35144,-478.8284,1338.36719
694.32294,-476.43469000000005,1343.5258800000001
696.8374,-473.78185999999994,1349.60168
699.79272,-471.57309000000004,1357.16748
703.55524,-469.491,1365.56409
706.76709,-468.12075999999996,1375.37842
710.6815799999999,-466.03027000000003,1386.30872
712.48334,-464.38805999999994,1397.4057599999999
714.61438,-462.92440999999997,1407.96436
716.10779,-461.54382000000004,1418.4832800000001
718.12842,-459.15759,1428.37964
719.82593,-458.78778,1437.83765
721.547,-457.46909000000005,1447.05542
723.2633099999999,-456.50490999999994,1454.84167
724.7019700000001,-455.16602,1461.66174
726.02563,-453.64522999999997,1466.67627
727.7788099999999,-452.60468,1470.5813
729.73157,-451.72832999999997,1473.01794
731.14465,-451.19060999999994,1475.00195
731.77588,-450.9234,1476.01953
732.15405,-450.47585999999995,1477.00146
732.4053299999999,-450.509,1477.27197
732.17645,-450.71560999999997,1477.15051
732.21881,-451.12619000000007,1476.16821
732.4021,-451.49747,1474.98169
732.95898,-451.79663,1472.3889199999999
733.76917,-452.30142,1468.7934599999999
735.60089,-452.34268,1464.3092
736.02234,-451.9505,1458.25085
737.57922,-453.10165,1452.5733599999999
738.30743,-453.81049,1444.86426
739.31073,-453.29250999999994,1436.14563
740.6424,-454.01453,1427.83545
740.34393,-454.88696,1418.33899
741.08508,-455.7988,1408.8551
742.43671,-456.02304000000004,1399.10815
743.24243,-456.13525,1390.06506
745.72345,-455.51498,1381.06824
747.61609,-454.93942000000004,1371.8270300000001
750.46045,-453.59628,1362.8385
753.37415,-453.42114000000004,1355.61694
755.01465,-452.44946,1351.68457
756.36774,-451.76682,1349.91626
756.41351,-450.82599000000005,1349.55334
757.91907,-449.87024,1350.90015
759.6986099999999,-449.05508,1354.34924
761.1673599999999,-448.51993,1359.69995
761.67761,-447.13971,1366.49243
762.21094,-446.08505,1374.19775
763.89575,-444.93393,1382.88196
765.39459,-443.66782,1391.70251
766.0407700000001,-442.29635999999994,1401.13049
766.7343099999999,-440.84274000000005,1410.83496
767.4231,-439.78687,1420.37195
767.46777,-438.20937999999995,1429.45776
768.07391,-437.25827000000004,1438.34668
768.5167799999999,-435.62869000000006,1446.60425
769.14825,-434.04037,1454.23694
769.84631,-433.07210999999995,1461.21472
769.73895,-431.85052,1467.39148
770.7124,-430.54062000000005,1472.4180900000001
770.3278799999999,-429.18692000000004,1476.41724
771.51422,-427.88712000000004,1479.75684
772.2963900000001,-427.0527,1482.05701
772.77338,-425.81,1483.0389400000001
773.22284,-424.76984000000004,1483.07837
773.53955,-423.90622,1481.99622
774.39923,-422.99161,1480.31604
775.44495,-422.32552999999996,1477.88599
776.5471200000001,-421.61636,1475.17126
777.2782,-420.88712000000004,1471.67822
777.89032,-420.44257000000005,1468.1978800000002
778.33594,-419.94217000000003,1463.9314
778.45502,-419.77045,1459.19055
778.758,-419.36545,1454.20605
778.28192,-419.26346,1448.2951699999999
778.33362,-419.26065,1441.64075
777.50397,-419.45471,1434.3333699999998
777.15094,-419.87667999999996,1425.8065199999999
775.6877400000001,-420.39029000000005,1416.53137
775.30804,-421.09130999999996,1406.6312300000002
774.39258,-421.6131,1396.21216
773.47156,-422.11514000000005,1385.54456
772.59204,-422.80782999999997,1375.09277
772.76221,-423.41064000000006,1365.04041
773.35565,-424.85125999999997,1356.41235
773.4873,-426.76968,1348.7288800000001
775.2497599999999,-427.18289000000004,1344.46399
776.7611099999999,-425.66873,1345.29956
778.70502,-422.52643,1349.80444
781.38666,-419.61737,1355.89905
783.61798,-416.78925,1362.52905
787.0192900000001,-413.97989,1368.96228
788.43488,-412.23752,1378.26514
790.7179,-410.44629,1387.0415
792.52283,-408.85677999999996,1395.92627
794.14008,-407.44333,1405.2038599999998
795.60638,-406.1062,1414.5606699999998
797.4180299999999,-404.75754,1423.44507
798.9317,-403.44244,1431.8739
800.5776400000001,-401.90015,1439.9411599999999
802.91309,-400.69347999999997,1447.47192
804.59204,-399.26065,1454.07764
806.66296,-397.7533,1459.38599
808.35968,-395.77127,1464.00085
810.12115,-394.04758,1467.14575
812.04108,-392.80167,1469.60547
813.90912,-391.40582,1470.6525900000001
815.5676900000001,-390.26416,1470.90625
816.75,-389.40067,1470.6622300000001
817.92963,-388.57776,1470.15527
819.32715,-387.52451,1468.4613
820.44891,-386.98193,1466.61682
821.8851900000001,-386.25597999999997,1463.77209
823.36694,-385.26642000000004,1460.31763
825.42468,-384.24463,1456.05701
828.9826,-383.2598,1451.40344
831.29413,-382.06113,1445.63635
833.13232,-380.36871,1439.15283
835.0979,-378.77322000000004,1431.63782
836.86194,-377.63464,1423.06812
838.36218,-376.89867999999996,1413.5249
839.7529900000001,-376.31628,1402.93652
841.6333,-375.27646,1392.27026
843.8331900000001,-374.1731,1381.31531
845.51825,-372.96143,1370.82458
848.12891,-370.64224,1360.90515
849.95068,-368.02468999999996,1352.33582
850.7533599999999,-364.46616,1345.51282
854.0531599999999,-361.33475,1342.11389
855.8889800000001,-358.07465,1340.17285
857.19641,-354.55051000000003,1340.3228800000002
859.16437,-351.41742,1343.38977
860.89099,-347.06113,1348.74316
862.3914199999999,-343.09988,1355.3208
863.39575,-338.69849,1362.90051
864.67474,-334.88956,1371.4995099999999
866.5427900000001,-331.32492,1380.9104
867.33051,-327.55951,1390.39038
868.4313400000001,-323.81268,1400.25684
869.49359,-320.33923,1409.90613
870.59869,-317.04871,1419.44299
871.57196,-313.73456,1428.83508
872.2193599999999,-310.41974,1437.25549
873.25812,-307.01666,1444.9199199999998
874.2315699999999,-303.76624,1451.68298
875.3122599999999,-300.56201,1457.74719
876.13214,-297.35059,1462.4586199999999
877.5114699999999,-293.95908,1466.45728
878.74286,-290.42407000000003,1469.92859
879.89099,-287.12375,1472.50391
881.0495599999999,-283.21222,1474.39014
882.13165,-280.01507999999995,1475.39771
883.10565,-276.37747,1475.8761
884.81287,-273.04855,1475.7360800000001
886.27032,-269.93945,1474.36499
887.44995,-266.64227,1472.5842300000002
888.75964,-263.88428,1470.12903
889.2352900000001,-260.45181,1466.22839
890.1279900000001,-257.48624,1462.32788
891.0871599999999,-254.75821000000002,1457.87024
892.5758699999999,-252.16092000000003,1452.87195
893.20294,-249.61218,1446.8717
894.06934,-247.15092,1440.24109
895.1387900000001,-244.79152000000002,1432.9565400000001
895.72772,-242.90993999999998,1425.31055
896.55981,-241.08097999999998,1416.61169
897.4047199999999,-239.63897999999998,1407.4279800000002
897.75317,-238.43456,1397.51782
898.6228,-237.35228999999998,1387.31946
899.5192300000001,-235.93851,1377.17444
901.25269,-234.33299,1367.7020300000001
903.0399800000001,-232.78797999999998,1359.69946
905.3615699999999,-231.59106,1354.09338
906.4798,-229.73328999999998,1351.43726
906.7687400000001,-227.4153,1351.49792
907.4295,-224.98672000000002,1353.5275900000001
907.74225,-223.52165,1357.56543
907.8524199999999,-223.00168,1363.02649
908.15131,-221.51105,1370.02332
908.5767800000001,-220.47836,1378.07825
909.1569800000001,-218.1823,1387.28882
909.29022,-215.65971000000002,1396.57861
909.7919300000001,-213.56493999999998,1406.23853
910.26355,-211.54918999999998,1416.17578
910.6355599999999,-210.05002000000002,1426.00305
910.6325699999999,-208.9239,1435.9578900000001
910.90845,-207.15952,1445.65125
910.5871,-205.94431,1454.57385
911.1809699999999,-204.5188,1463.43042
910.35321,-203.06261999999998,1470.4904800000002
910.7371199999999,-201.51154,1476.8701199999998
911.54865,-199.98843,1481.70459
911.42896,-197.85789,1485.1118199999999
911.93896,-195.95369,1487.5387
911.8964199999999,-193.87349,1489.32654
912.35504,-191.69733,1490.20752
912.96417,-189.7234,1490.37329
913.4682,-186.97418000000002,1489.93176
914.3915400000001,-184.57689,1488.42273
915.7639199999999,-182.17853,1486.63733
917.4038099999999,-180.28717,1484.20361
918.41046,-178.01636000000002,1480.84546
919.9351199999999,-175.52747,1476.9209
920.8751800000001,-173.32703999999998,1472.4469
921.8358199999999,-170.71562,1466.55042
923.07062,-168.30525,1460.59448
924.2385300000001,-165.82845,1453.6041300000002
925.4965800000001,-163.33916000000002,1446.04541
926.3692599999999,-160.59142,1437.90906
927.89771,-157.90743999999998,1428.7487800000001
928.54211,-155.68932,1419.1438
929.74048,-152.821,1408.80139
930.1094400000001,-150.20825,1397.77466
930.26532,-147.56153999999998,1386.0493199999999
931.0410199999999,-144.97079,1373.8532699999998
930.95825,-142.4855,1360.93774
931.1519199999999,-140.29959,1348.1626
931.66846,-138.4579,1335.5942400000001
932.64948,-137.41324,1323.36523
933.5825199999999,-136.8374,1312.49182
933.7416400000001,-137.22543000000002,1304.59631
932.9038699999999,-138.26201,1299.68054
931.3522300000001,-139.67023999999998,1297.42224
930.1038800000001,-140.843,1297.31165
928.79974,-143.1646,1298.7326699999999
928.6696800000001,-146.59856000000002,1301.60291
928.97241,-151.3472,1305.2133800000001
929.38776,-157.28439,1310.76831
930.3289800000001,-163.49133,1316.41516
931.36682,-169.71843,1322.5090300000002
932.14441,-175.81531999999999,1329.45215
932.7329699999999,-181.30011000000002,1337.05872
933.3090800000001,-185.98296000000002,1346.2750199999998
933.3267199999999,-189.97243999999998,1356.87744
933.17847,-192.67836,1368.5076900000001
932.09186,-194.34972,1380.97742
931.51239,-196.09433,1394.1698
929.85406,-197.64073,1407.27625
928.3748800000001,-200.00464,1421.12097
926.13635,-202.2728,1434.79919
924.1873199999999,-204.88953,1448.7254599999999
921.65704,-207.604,1462.44006
918.89447,-210.01393,1475.69189
915.4771099999999,-211.99696,1488.2559800000001
912.0504199999999,-213.95416,1500.15723
908.05365,-215.0831,1510.66858
905.3074300000001,-216.00034,1519.70874
902.49054,-216.42549,1526.87488
899.83411,-216.99716,1532.20728
896.83691,-217.14043999999998,1536.45886
894.7788099999999,-217.35582999999997,1539.29639
893.25684,-218.22922000000003,1540.9569099999999
893.02124,-218.48023999999998,1541.6449
892.55933,-219.4371,1541.46704
892.64911,-219.89586,1540.65771
892.07605,-220.36501,1539.03882
891.75684,-221.43382000000003,1536.60425
891.8223300000001,-222.22243999999998,1533.64124
892.31665,-222.86095,1530.20593
892.07477,-223.65812999999997,1525.86157
891.9907199999999,-224.42027000000002,1521.05872
891.85156,-224.67673,1515.75098
891.71613,-224.78312999999997,1509.82373
891.28046,-225.0793,1503.28052
890.88354,-224.77388,1496.04895
890.4586199999999,-224.91167000000002,1488.25793
889.07574,-224.07495,1479.8501
888.36639,-223.8878,1471.07629
887.01575,-222.83751,1461.46021
885.93256,-222.47227,1451.45349
884.36823,-221.67472999999998,1440.3872099999999
883.2968800000001,-220.58049,1429.1416
882.1029699999999,-219.85915,1417.03479
882.21649,-218.69692999999998,1405.14063
882.79431,-217.97874,1393.22559
883.7357199999999,-217.28519,1381.35315
884.80219,-216.10452,1370.3186
885.5769,-215.02931,1361.15515
884.7449300000001,-214.03157000000002,1354.32678
884.54706,-213.23039,1349.67908
883.20056,-212.67439,1346.4231
883.1012,-212.61518999999998,1344.8455800000002
882.96417,-212.60529,1344.7675800000002
883.1406300000001,-212.50647999999998,1346.1997099999999
883.82294,-212.90929,1349.39294
884.2231400000001,-213.47229,1353.5979
884.7569599999999,-213.91325,1359.57556
885.8408800000001,-214.79257,1366.47705
886.1013800000001,-215.32442000000003,1374.07251
886.70923,-216.59024,1382.88696
886.97736,-217.04297000000003,1391.62744
886.7973599999999,-217.4012,1401.12402
886.5889900000001,-217.26779,1410.91345
886.18585,-217.38097000000002,1421.04468
884.9920699999999,-216.67729,1430.89209
884.13593,-215.97881,1440.9764400000001
882.3488199999999,-214.66505,1450.60974
880.55365,-213.46004,1460.04553
878.39215,-211.63383,1469.0883800000001
876.5930199999999,-209.97876000000002,1477.85083
873.78796,-207.83952,1485.62476
870.96185,-205.49931,1492.45825
868.62775,-203.33435,1498.23413
865.57434,-200.34332,1502.73401
862.79932,-197.66328000000001,1505.85229
859.86786,-195.05659,1507.95313
857.9049699999999,-192.72751,1508.80566
855.1922,-190.03611999999998,1508.37646
852.62305,-187.65855,1506.9891400000001
851.18201,-185.35284,1505.33142
848.6107199999999,-182.60033,1502.7011699999998
846.82153,-179.53757,1499.51074
845.2374900000001,-177.0397,1495.375
843.43304,-174.34669,1490.54248
841.86823,-171.9313,1484.80115
840.2403,-169.44748,1478.57947
838.73242,-166.99473999999998,1471.61816
837.4541,-164.67107,1463.9057599999999
836.39679,-162.43811000000002,1455.5317400000001
835.15979,-159.79169,1445.91187
834.73407,-157.63519,1435.23474
834.3467400000001,-155.39401,1423.7207
833.40771,-152.71466,1411.03625
833.27209,-150.4272,1397.55408
832.87946,-147.7327,1383.11401
832.5093400000001,-144.25374,1368.2636699999998
833.26172,-140.61171000000002,1353.4824199999998
834.25531,-136.25813,1339.41797
834.78302,-131.81067,1327.62585
834.07074,-127.11752,1319.22522
832.34106,-121.74465,1313.38477
831.04297,-116.6881,1309.25208
829.32141,-111.69221,1306.1543
827.3902,-106.45008,1304.28381
825.46411,-101.03681999999999,1303.58093
823.14777,-95.20059,1303.46094
822.0264900000001,-87.82651,1304.2406
819.2559200000001,-81.5521,1305.26648
816.37128,-75.19001,1307.6743199999999
813.9257200000001,-69.77509,1310.94751
811.0505400000001,-64.65347,1315.81311
808.74054,-60.271980000000006,1321.97192
806.90997,-56.72976,1328.9904800000002
804.9010599999999,-53.558859999999996,1337.41345
802.43964,-50.49824,1346.82874
799.63171,-47.4575,1356.39453
797.11694,-44.355920000000005,1366.62659
794.10046,-41.22829,1377.17834
791.43286,-38.125209999999996,1387.66907
788.9948099999999,-35.73482,1398.28674
786.8505200000001,-32.86873,1408.16858
784.99005,-31.19414,1417.77075
783.42065,-29.431179999999998,1427.0387
782.33984,-28.239659999999997,1435.39429
781.36572,-27.453409999999998,1442.79236
781.09186,-27.07105,1449.34265
780.3987400000001,-26.435270000000003,1454.70276
780.70459,-26.503009999999996,1458.91357
780.7702,-26.83057,1462.7011699999998
780.9619799999999,-26.81697,1465.05615
781.72266,-27.291829999999997,1467.0819099999999
782.3092,-27.734540000000003,1468.6513699999998
782.1444700000001,-27.97715,1468.99597
782.72406,-28.4188,1469.0076900000001
783.0188,-29.24561,1468.1386699999998
783.8007200000001,-30.22982,1467.10962
784.5238,-31.525570000000002,1465.1113300000002
785.31555,-32.77725,1462.69275
785.79315,-34.22798,1459.50854
786.5255099999999,-35.560359999999996,1455.3161599999999
787.39667,-36.954679999999996,1450.61023
788.0045200000001,-38.10576,1445.6004599999999
788.79926,-39.49695,1439.12122
789.81,-40.344770000000004,1432.28186
791.04315,-41.2402,1424.4874300000001
792.0647,-41.90237,1416.20715
793.15771,-42.577729999999995,1407.1978800000002
794.36475,-43.30641,1398.1231699999998
795.24866,-43.99583,1388.4909699999998
796.4685099999999,-44.94147,1378.52271
797.58386,-45.59597,1369.02368
798.44995,-46.02793,1359.92175
799.15814,-46.06041,1351.4479999999999
799.28949,-46.0919,1344.71094
798.28925,-45.868,1339.15686
797.06519,-44.72671,1335.69824
796.1393400000001,-43.69978,1334.0036599999999
794.65131,-41.86681,1333.58533
793.7959599999999,-41.15423,1335.3370400000001
793.01135,-40.76428,1338.7146
792.50269,-40.750609999999995,1342.99963
791.88721,-41.05775,1348.47095
791.81677,-41.89115,1354.94397
791.2246700000001,-42.50825,1361.4937699999998
790.75433,-42.6838,1368.19556
789.8917799999999,-43.05008,1375.84094
789.30823,-43.85011,1383.96436
788.43848,-43.81245,1391.90417
788.1908,-44.52475,1399.95264
787.68384,-44.70947,1407.94067
786.92102,-45.26655,1416.0506599999999
786.1397099999999,-45.97847,1423.6688199999999
785.4176,-46.97345,1430.9854699999999
784.19452,-47.33735,1437.57556
783.50714,-48.4281,1444.2224099999999
782.2239999999999,-49.4351,1449.53845
781.60022,-49.943940000000005,1454.67126
780.2878400000001,-51.39658,1458.82129
779.5437599999999,-52.398340000000005,1461.73584
778.9444,-53.94013,1463.85364
778.3212900000001,-55.23158000000001,1464.55835
777.84222,-56.79465,1464.20081
777.7246700000001,-58.985859999999995,1462.50867
776.9843099999999,-60.973490000000005,1459.72803
776.80103,-63.799530000000004,1456.38843
777.14655,-66.69153,1452.25879
777.10773,-70.32146,1447.49866
777.31042,-73.98579000000001,1442.00354
776.9776,-78.70911,1436.0883800000001
777.1619900000001,-83.5515,1429.17236
777.54749,-89.19998000000001,1422.0180699999999
777.58734,-94.82124,1413.97156
777.43976,-101.05743000000001,1404.8739
776.4549599999999,-107.88736999999999,1394.74829
776.3291,-114.80287,1384.19067
775.70178,-121.69805,1373.21436
775.91089,-129.33064,1363.5571300000001
776.82227,-137.3886,1355.33167
776.00629,-144.99423000000002,1349.33081
773.35895,-151.99399,1347.02295
770.61102,-158.12935,1346.8868400000001
769.32318,-164.67656000000002,1348.5175800000002
767.14227,-170.59201000000002,1352.49841
765.62329,-177.47322,1358.6118199999999
762.72852,-182.95107,1365.5105
760.2595200000001,-188.99086,1373.51917
758.37311,-194.93443,1382.01514
755.65692,-199.78218,1391.172
753.07776,-204.29608000000002,1400.19312
750.71625,-208.66931,1409.8347199999998
748.5260000000001,-212.77962999999997,1419.24622
746.02075,-216.62118999999998,1428.43372
743.47015,-220.21956,1437.26721
740.85388,-223.89682000000002,1445.4411599999999
738.1192,-227.29324,1453.08252
736.0575,-230.90537999999998,1460.2771
733.82611,-234.36511000000002,1466.4749800000002
731.90393,-237.76998999999998,1472.50647
729.40765,-241.1116,1477.4937699999998
727.39697,-244.8356,1481.69043
725.05469,-248.44821000000002,1485.13159
722.83911,-252.14892999999998,1488.17603
720.6220099999999,-256.16867,1490.38428
718.88898,-260.16208,1491.42749
716.2857700000001,-264.10074,1492.04553
712.38635,-267.97217,1490.7042199999999
710.19757,-271.98776000000004,1489.21436
707.9903,-276.06906000000004,1486.53198
706.13269,-280.12143,1483.4978
703.28052,-284.38097999999997,1479.48352
701.1553299999999,-288.24036,1475.22437
698.8692599999999,-292.79077,1470.43359
696.13129,-296.51459,1464.8762199999999
693.99988,-300.86282,1458.74756
691.41815,-304.98965,1452.0883800000001
688.46045,-309.49069,1444.36951
685.93573,-314.22137000000004,1436.32837
682.4137,-319.87949,1427.68823
679.35797,-324.85143999999997,1417.7439
676.36853,-329.44492,1406.74268
673.4256,-333.24088,1394.85913
670.44214,-338.59387000000004,1384.05688
667.99835,-342.41998,1372.66406
665.1721200000001,-347.85303,1363.95996
662.75977,-351.95059,1358.1709
659.60303,-354.97702000000004,1354.83679
657.43335,-357.68246,1353.7789300000002
654.7816799999999,-361.11798,1355.12585
651.84766,-364.06082000000004,1357.97571
647.92041,-367.5939,1363.00916
644.57593,-370.37531,1369.29651
642.1419099999999,-373.53745,1377.0387
639.724,-375.94698999999997,1385.2481699999998
637.5280799999999,-378.61713,1393.77649
634.86896,-381.59192,1402.28149
632.33984,-383.78076,1411.7164300000002
630.17358,-386.03937,1420.71069
628.3704799999999,-387.75391,1429.95361
625.88202,-389.74072,1438.95898
623.91589,-391.09644,1447.30505
622.10242,-392.71252000000004,1455.49939
620.4345099999999,-393.28876,1462.48169
618.2615400000001,-394.60422,1469.3574199999998
616.5024400000001,-396.09891,1475.50867
614.93152,-397.48831,1480.1698
613.04065,-399.38754,1483.90332
611.0018299999999,-401.14014,1486.2467
608.94482,-403.05566,1488.61084
606.58734,-405.06305,1490.04041
604.98181,-406.92496,1490.8429
603.27167,-409.19244,1491.2930900000001
601.86261,-411.54926,1491.04199
599.7241799999999,-413.95917000000003,1490.13245
597.98199,-416.3652,1488.26208
596.0125099999999,-418.97747999999996,1485.57544
593.90613,-421.85974000000004,1482.08386
591.48663,-424.13007000000005,1478.12756
589.3131099999999,-427.11868,1473.28271
587.02277,-429.29580999999996,1467.57898
584.38898,-431.7204,1460.97522
581.97839,-434.14041,1453.53052
579.72729,-436.57089,1445.51245
577.1709599999999,-439.05167,1436.4951199999998
574.6106,-440.92572,1427.16772
572.4975599999999,-442.89770999999996,1417.17505
569.73547,-444.86870999999996,1406.62439
567.26373,-446.60913,1395.55383
564.68018,-448.42995999999994,1384.05469
561.44525,-450.41031,1372.36292
557.6698,-452.79364000000004,1360.9111300000002
553.9054,-455.2793,1350.2312
550.29156,-457.86304,1340.99622
547.18469,-459.45847000000003,1336.06421
545.9080799999999,-460.15932999999995,1334.42786
544.98627,-460.72017999999997,1335.76465
544.4791299999999,-461.4278,1338.86267
542.92444,-461.29110999999995,1344.04749
541.79785,-461.3092,1350.48157
540.43323,-461.13495,1357.97693
539.2246700000001,-461.04071,1366.00037
538.35468,-460.97595,1374.32385
537.2843,-460.38982999999996,1383.68555
536.01709,-459.55472000000003,1392.92932
535.37329,-459.13882,1401.75269
534.88367,-458.75369000000006,1410.33447
534.77802,-457.85947000000004,1418.52429
535.22345,-457.22763,1425.89893
535.49835,-456.46698,1432.24292
536.25977,-455.96802,1438.24036
536.625,-455.45455999999996,1443.1104699999999
537.39435,-455.44614,1446.7688
538.48096,-455.48352,1449.62488
538.73157,-455.70937999999995,1451.18738
540.25757,-456.19115999999997,1451.9895
541.17664,-456.77829,1452.29749
542.45471,-457.1752,1451.44275
544.06659,-457.7056,1450.31384
545.09601,-458.23633,1448.40234
546.08374,-458.82159,1446.0402800000002
546.92511,-459.56415,1443.07971
547.65515,-459.79062000000005,1439.57141
548.7959,-460.45550999999995,1435.36658
549.44061,-460.7381,1430.49268
550.25488,-461.24422999999996,1424.74719
551.56573,-461.47977000000003,1418.41602
551.75494,-461.6698,1411.38367
552.91248,-462.10175,1403.5083
553.21045,-462.33469,1395.3201900000001
553.77588,-462.74374000000006,1386.6870099999999
554.30255,-463.54470999999995,1378.22754
554.1787099999999,-464.03461,1369.38843
554.3482700000001,-465.02612,1361.0349099999999
554.33136,-465.55206,1354.28516
554.1168200000001,-466.38077000000004,1349.39832
554.3938,-467.13882,1346.90356
554.49835,-467.39867999999996,1346.85779
553.93713,-467.03897,1348.62781
553.0684200000001,-466.40219,1352.36072
551.73163,-465.59653,1357.16589
550.82782,-464.96808,1363.21655
549.90027,-464.21520999999996,1370.20056
549.98047,-463.76672,1378.20264
550.2196,-463.3526,1386.5166
550.17358,-463.04650999999996,1395.35718
550.5253299999999,-462.8848,1403.95251
550.87646,-462.58984000000004,1412.59448
550.90399,-462.22012,1420.82458
551.36176,-462.23717999999997,1428.36926
551.53705,-461.8367,1435.3219
551.44965,-461.91785,1441.0968
550.4685099999999,-461.93771,1445.89758
549.8431400000001,-462.34845,1448.99902
548.54932,-462.99035999999995,1451.2175300000001
545.82043,-463.77536,1452.19751
544.34717,-464.36377000000005,1452.59717
542.53973,-464.99054,1452.21948
540.27625,-465.58649,1451.76917
538.2629400000001,-466.17715,1450.62207
536.26672,-466.47961,1448.57446
533.93481,-466.57727,1446.46533
531.73199,-467.07465,1443.21973
529.1969,-467.18935999999997,1439.34778
527.30402,-467.27124000000003,1434.63293
524.02405,-467.30535999999995,1429.3811
521.51843,-467.26639000000006,1422.82483
519.05457,-467.54547,1415.69495
515.87158,-467.23532,1407.94727
513.0954,-467.16680999999994,1399.2934599999999
509.8031,-466.69662,1390.26685
506.70025999999996,-466.84589000000005,1380.9692400000001
503.9808,-467.18735,1371.61926
500.20257999999995,-467.56357,1362.7065400000001
496.24432,-468.03854,1355.08557
493.09875,-468.53552,1350.23694
491.28964,-467.87726,1348.6759
490.04607999999996,-467.35290999999995,1349.34412
489.63184,-467.36502,1351.53833
488.41765999999996,-467.21005,1355.41479
487.40612999999996,-466.63406,1360.62488
486.8609,-466.40628,1366.62439
486.6113,-466.25085,1373.53735
486.87637,-465.82254000000006,1380.37573
487.47153,-465.86800999999997,1387.1550300000001
488.72394,-466.04163,1393.92603
489.82712000000004,-465.78036,1400.06519
491.68487999999996,-466.39385999999996,1405.0402800000002
494.45000999999996,-467.121,1408.41772
496.78082,-468.31280999999996,1410.19385
499.87427,-470.2843,1410.39124
502.97037,-472.05164,1409.01233
505.54760999999996,-474.26379000000003,1407.56995
506.68777,-476.09375,1405.55688
507.84247,-478.80370999999997,1403.2334
508.08267,-481.20437999999996,1400.59314
509.4397,-483.68604000000005,1397.36768
510.23843,-485.85052,1393.64819
511.0336,-487.47905999999995,1389.66016
512.49731,-489.07404,1384.96191
513.54608,-490.20331,1379.6394
514.1881099999999,-491.57974,1373.8988
515.2475,-492.78435999999994,1367.69556
515.81665,-494.30453,1361.26843
516.41418,-496.12955,1354.9565400000001
517.94397,-498.23325,1348.69141
519.5122700000001,-500.84195,1344.61401
522.9035,-502.75522,1344.17883
527.8557099999999,-504.03317000000004,1346.6870099999999
531.72699,-504.68255999999997,1350.27563
534.60516,-504.94495,1356.0637199999999
537.1228,-504.99605999999994,1362.74146
539.5394299999999,-504.62363,1370.59314
542.40674,-504.44195999999994,1379.26416
544.94171,-503.59326,1388.21472
548.01477,-503.08817,1396.86169
551.02588,-502.02237,1406.00757
553.96173,-501.29099,1414.3147
556.92786,-500.25445999999994,1421.7523199999998
558.84473,-499.3183,1428.00732
560.56561,-499.04265999999996,1433.19446
560.48969,-498.9223,1436.62561
560.2652,-499.21948,1438.74805
558.95612,-499.80895999999996,1439.1539300000002
557.46741,-500.83151,1439.10303
555.50568,-501.81127999999995,1438.03784
553.68213,-502.82732999999996,1437.05115
550.99622,-503.56890999999996,1435.5870400000001
548.67444,-504.50369000000006,1433.7440199999999
547.05896,-505.1232,1431.52673
544.55756,-505.63934000000006,1428.82239
542.26697,-505.74832000000004,1425.38965
540.19165,-506.24799,1421.31506
537.79523,-506.63385,1416.53369
535.53119,-507.10599,1410.83215
533.30225,-507.47058,1404.03882
530.81213,-508.32648,1396.50525
528.26642,-509.43661,1387.91565
524.8512599999999,-509.84988,1378.90283
522.1632099999999,-511.28677000000005,1368.89709
518.30402,-512.40063,1359.30859
513.56268,-513.6713900000001,1350.3175
508.4892,-514.27313,1343.2110599999999
503.59380999999996,-513.56439,1339.74902
500.97812000000005,-511.88269,1340.0946
500.02765,-510.59595,1342.03833
500.16074000000003,-510.38672,1345.47998
499.92499000000004,-509.81656,1350.18445
500.29218,-509.22552,1356.25928
500.82919000000004,-508.66437,1363.48462
502.01016,-508.28207000000003,1371.43994
503.36422999999996,-507.94919000000004,1380.05615
504.93082000000004,-507.70412999999996,1388.6898199999998
506.60818,-507.37515,1397.18469
508.28253,-506.81879000000004,1405.67505
510.03655999999995,-506.49677,1413.34387
511.32140999999996,-505.8746,1420.85229
513.06653,-505.06865999999997,1427.71143
514.01501,-504.70055999999994,1433.82422
515.6586900000001,-504.2634,1438.47278
516.82349,-504.29254000000003,1441.9238300000002
517.91113,-504.60568,1443.88733
518.64819,-504.93845,1444.8034699999998
519.9624,-505.59784,1444.3103
520.62274,-506.1564,1443.76843
521.1997700000001,-507.26947,1442.25244
521.66571,-508.31476,1440.453
521.62158,-509.36859000000004,1438.37219
521.07739,-510.68518,1435.54041
520.89667,-511.38449,1431.97351
520.5946700000001,-512.60547,1428.06763
520.46979,-513.48779,1423.2979699999999
520.63068,-514.96747,1417.64392
520.1682099999999,-516.22852,1411.27844
519.72089,-517.41394,1404.23828
519.42157,-518.9859,1396.1038800000001
519.1700400000001,-520.3682299999999,1387.0177
518.9807099999999,-522.13824,1377.4126
518.75281,-523.66364,1367.44226
518.5158700000001,-525.56543,1357.29919
518.2824099999999,-527.6472200000001,1347.3336199999999
518.86859,-529.94037,1338.74731
520.41968,-531.65759,1333.7432900000001
523.04517,-532.26025,1332.9836400000002
525.63916,-532.62579,1333.58948
527.2442599999999,-532.82263,1336.1430699999999
528.64734,-532.7394400000001,1340.49182
529.92285,-532.2249099999999,1346.97327
531.4132099999999,-531.47681,1354.02979
532.8537,-530.51666,1362.37439
534.85858,-529.74042,1371.68396
537.07263,-528.39502,1381.95801
539.22113,-527.19415,1392.49475
542.05957,-526.04541,1403.20215
544.38397,-524.5434,1414.0687300000002
547.09631,-522.94336,1424.55945
549.33191,-521.28253,1434.97583
552.94708,-519.4975599999999,1444.82825
555.60992,-517.6950099999999,1454.05371
558.63605,-516.3092,1462.63062
560.80981,-514.62946,1470.3745099999999
563.12891,-513.07916,1477.0997300000001
565.44543,-512.6745,1483.17163
567.69952,-511.69824000000006,1487.4627699999999
568.99139,-510.98352,1491.51831
570.89551,-510.41122,1494.45032
572.4066799999999,-509.78107,1496.11768
573.35919,-509.64139000000006,1496.8576699999999
574.3598599999999,-509.65143,1496.6082800000001
576.13013,-509.52106,1495.58044
577.16785,-509.81992,1493.7323
578.29828,-510.04642,1490.7428
579.88446,-510.54834000000005,1487.62585
581.8007200000001,-511.38250999999997,1483.50256
583.49713,-512.02496,1478.7934599999999
586.17169,-512.65747,1473.06274
587.91455,-513.62775,1466.61719
590.1553299999999,-514.70782,1459.43726
591.44775,-515.8804299999999,1451.10583
592.97412,-517.1546599999999,1442.5376
593.63458,-518.29211,1433.43176
594.82489,-519.5484,1424.24451
595.11243,-520.77393,1414.67993
595.18494,-521.57391,1404.51099
595.00073,-523.05743,1393.6444099999999
593.81671,-525.21387,1382.30359
591.3855599999999,-527.40588,1371.2944300000001
588.2719099999999,-529.6542400000001,1360.7944300000001
584.56604,-532.0534700000001,1351.14783
579.79651,-534.26398,1342.51111
575.11353,-536.11469,1335.60034
570.28296,-537.00653,1330.95129
566.09705,-537.84521,1328.61377
561.70935,-537.8454,1328.50439
557.81854,-537.86737,1330.5914300000002
553.76855,-537.87549,1334.32788
549.94843,-537.66296,1339.20667
544.93378,-536.71497,1345.12659
541.38293,-536.33514,1351.66748
536.43097,-535.38214,1358.8726800000002
531.66632,-533.05359,1365.7133800000001
526.20154,-531.65283,1373.18091
523.18457,-529.30157,1380.90405
521.2518299999999,-526.8023099999999,1388.3499800000002
520.47437,-524.1899400000001,1395.49854
521.03778,-521.92621,1402.74695
522.72614,-519.74243,1410.224
525.87012,-518.2241799999999,1417.45642
530.66962,-516.79602,1424.43774
534.8268400000001,-515.7326,1430.8468
539.12927,-515.34662,1436.65198
544.1057099999999,-514.99518,1441.43738
548.3288,-515.22632,1444.8773199999998
553.29034,-516.2713,1447.3875699999999
558.75897,-516.93219,1448.14014
563.05017,-517.45166,1447.8432599999999
567.96021,-517.95801,1446.33997
573.5968,-518.15155,1444.23621
579.3530900000001,-518.48871,1441.13562
585.61102,-518.59296,1437.6063199999999
592.21704,-518.19415,1433.44556
599.53015,-517.78271,1429.25549
605.92535,-517.5133099999999,1424.60815
613.85382,-516.43945,1419.0127
620.62311,-515.49402,1413.1784699999998
627.4966400000001,-514.5636,1406.0175800000002
633.7652,-513.4597200000001,1398.15015
638.8347200000001,-512.14618,1389.70154
643.60419,-510.77520999999996,1381.11499
648.4157700000001,-509.38318,1371.90479
653.08203,-508.03143,1362.62024
657.28448,-506.9902,1352.66687
660.29193,-506.26538,1342.88489
662.69373,-506.14047,1333.38623
663.81012,-506.69272,1324.38086
664.01398,-507.42132999999995,1317.0949699999999
664.03259,-507.73004000000003,1312.30945
663.62433,-507.82959000000005,1309.8917199999999
662.82935,-507.46274000000005,1309.87366
661.7818,-506.74465999999995,1311.63806
660.4787,-506.17264000000006,1315.89331
659.3006,-505.02243,1322.26538
658.4450099999999,-503.22623,1330.0186800000001
657.68921,-501.66720999999995,1338.83484
657.74811,-499.11438,1348.09753
658.0949099999999,-496.42404000000005,1357.90417
658.97363,-494.00034000000005,1368.02075
660.67682,-491.90308,1378.49829
662.39148,-489.75095,1388.85022
664.5783700000001,-488.0704,1398.88062
666.37402,-485.9061,1408.2262
668.39478,-484.09079,1417.32715
671.2663,-481.65262,1425.7395
673.6778,-479.88489000000004,1433.05359
676.17645,-478.08603,1439.7666
678.6218299999999,-476.64883,1445.66821
680.4121700000001,-475.314,1450.67639
682.55756,-474.28750999999994,1455.0125699999999
683.6803,-473.03146,1458.05542
685.01495,-471.96902,1460.57751
685.72705,-470.90380999999996,1461.81714
685.98987,-470.01819000000006,1462.3586400000002
686.89099,-469.36053,1461.8645
687.23547,-468.89133,1459.95435
687.34985,-468.78817999999995,1457.53979
687.9146099999999,-468.96840999999995,1454.4442099999999
687.40857,-469.80188,1450.4184599999999
687.18848,-470.83907999999997,1446.0914300000002
686.3605299999999,-471.52917,1440.4627699999999
685.94244,-472.01415999999995,1434.2404800000002
685.0744,-472.53275,1427.29224
684.22253,-473.38858,1419.74353
684.2085,-474.06732,1411.63062
684.25311,-474.70795,1402.4122300000001
683.87714,-475.42526,1393.20911
683.4952400000001,-475.75836,1383.24146
683.4954799999999,-476.22722999999996,1372.81714
683.15955,-476.08520999999996,1361.4538599999998
683.30963,-476.36800999999997,1350.6358599999999
683.53723,-476.90244,1340.82678
683.46606,-477.02609,1331.87146
680.78705,-480.20447,1327.33508
680.78619,-480.20425,1325.07495
682.3587,-479.40274000000005,1326.20496
685.36096,-475.98822,1327.96875
683.67328,-476.61914,1333.84363
683.92328,-475.74387,1339.54895
684.49707,-474.59244,1347.0531
684.18555,-473.07985999999994,1354.8057900000001
685.68677,-472.14999000000006,1363.68896
685.80328,-470.79489,1372.2937
688.06152,-469.12445,1380.67859
688.2665400000001,-468.36062999999996,1390.35132
688.05792,-466.92664,1399.20605
688.6806,-465.8306,1407.93225
688.94879,-465.13129000000004,1415.73865
688.69745,-463.89232999999996,1422.91699
689.05719,-462.96033,1428.87878
689.35284,-461.97500999999994,1433.85181
689.67249,-460.83980999999994,1436.72351
689.64026,-461.06757000000005,1438.65161
689.47333,-461.30701,1439.52795
689.76959,-462.27438,1440.04089
689.72516,-462.61249000000004,1439.48352
689.6405599999999,-463.00879000000003,1438.84705
689.98639,-463.59262,1437.78943
690.43378,-464.25339,1436.22461
690.56415,-464.63187,1433.76855
691.25415,-465.15622,1430.9188199999999
691.76721,-465.27227999999997,1427.07898
692.3951400000001,-465.46133,1422.6118199999999
693.1843299999999,-465.23776,1417.25977
692.5634200000001,-466.32940999999994,1411.50452
694.9327400000001,-465.66652999999997,1404.21399
695.80389,-466.61800999999997,1397.30396
696.35187,-467.71036,1390.49841
696.3070700000001,-468.8562,1383.4137
697.00397,-469.88672,1377.63086
698.73047,-470.63022,1374.46667
699.97308,-470.20547,1374.79102
701.38416,-469.04712,1377.078
702.51965,-468.6283,1379.86145
703.21167,-468.47937,1384.6500199999998
703.52386,-467.32623,1390.20032
703.8421599999999,-466.04250999999994,1396.7518300000002
704.25549,-464.86127,1403.4832800000001
705.3421,-463.45963,1410.63354
706.06427,-462.14221,1417.59509
706.5450400000001,-460.62277,1424.1449
707.35596,-459.31863,1430.38599
707.71606,-457.73400999999996,1435.35242
708.08777,-456.99722,1438.9754599999999
707.3002299999999,-457.17260999999996,1441.1173099999999
706.59631,-457.62667999999996,1441.37537
704.75995,-459.45215,1440.3877
702.42035,-461.57822000000004,1439.0177
700.39679,-463.60695999999996,1436.24438
697.86499,-465.67745999999994,1433.20349
695.41132,-467.82504000000006,1429.80542
692.9404900000001,-469.13074000000006,1425.7948
690.0108,-470.82430999999997,1421.89819
687.67346,-472.35449000000006,1418.02393
685.47797,-473.77347000000003,1413.0294199999998
682.80151,-474.61484,1407.71716
680.12793,-475.8367,1401.81824
677.77075,-476.81091,1394.63843
675.22888,-478.29297,1386.9788800000001
672.48395,-479.3811,1378.12122
669.3972200000001,-481.24057,1369.07056
666.33234,-483.45471,1360.4379900000001
662.51544,-486.02289,1351.55469
658.92883,-488.68842,1344.22839
655.10461,-490.16559000000007,1339.9565400000001
652.12268,-491.18892999999997,1338.78809
649.09045,-491.6424,1339.08533
646.07257,-491.62817,1340.8739
641.98022,-493.4288,1344.8641400000001
639.008,-494.02383,1349.5770300000001
635.70013,-493.50632,1355.16931
633.09326,-494.08286,1361.73157
630.35498,-494.47055,1368.95349
627.91406,-494.8212,1376.65344
625.06421,-495.43341,1384.30603
622.61737,-495.73224000000005,1392.46179
620.32098,-496.59534,1400.3717
617.46533,-496.79607999999996,1408.31458
615.3618799999999,-497.01180999999997,1415.63281
613.14368,-497.15270999999996,1422.50256
611.5578,-497.15829,1429.53992
610.47705,-497.27050999999994,1435.6958
608.23834,-497.50957999999997,1441.08862
607.1366,-497.40795999999995,1445.7789300000002
605.56323,-497.34103,1449.5245400000001
604.14648,-498.02797999999996,1451.93274
602.94623,-498.80312999999995,1453.55798
601.49274,-499.18079000000006,1454.13379
599.9450099999999,-500.02744,1454.08044
598.5192900000001,-500.61301,1452.8158
596.2554299999999,-501.10049000000004,1451.7074
593.26367,-502.05655,1449.12708
590.4704,-502.84119000000004,1446.44312
587.69531,-503.58227999999997,1442.84705
584.02661,-503.85962,1438.64246
580.724,-504.34814000000006,1433.76965
577.53638,-504.16547,1427.99158
574.0957,-504.15997000000004,1421.88
570.1351900000001,-503.98422,1414.89282
567.0654900000001,-503.95697,1407.1366
563.2615400000001,-503.94067,1398.50928
559.22357,-503.98944000000006,1388.96851
554.98279,-504.02657999999997,1378.87903
551.0202,-504.12505999999996,1368.03992
546.4187599999999,-504.21652,1357.50977
542.4056400000001,-504.32019,1347.30566
538.30597,-505.08698,1338.42139
534.7298,-505.41663,1331.7562300000002
532.87866,-505.44794,1326.89685
529.73334,-505.98795,1324.3656
527.5201400000001,-506.21567000000005,1323.38464
525.44543,-507.09119000000004,1323.9163800000001
523.95795,-508.15380999999996,1325.4465300000002
523.71045,-510.17902000000004,1328.3250699999999
524.03967,-513.1206099999999,1331.9292
525.4046,-516.41772,1335.91345
526.94098,-520.95575,1340.6731
528.75372,-525.30756,1345.96484
530.60291,-530.11511,1351.40869
531.23352,-533.93579,1357.9057599999999
532.60187,-537.28613,1364.94177
533.06934,-539.61865,1373.04321
533.20471,-540.71277,1381.8016400000001
533.7316900000001,-541.34027,1391.06006
533.8958700000001,-541.71796,1400.69226
534.29431,-541.62854,1410.34729
534.79095,-541.20245,1420.17273
535.66571,-541.07123,1429.3853800000002
536.42413,-541.27905,1438.01526
537.48468,-541.30237,1447.21375
538.66406,-541.5288099999999,1455.32178
540.30273,-541.82898,1462.99438
542.2937599999999,-542.3446700000001,1469.62842
542.39624,-542.55621,1476.0770300000001
543.83411,-542.40204,1481.24438
542.44836,-543.4939,1485.60852
546.34906,-541.9028900000001,1487.56323
544.93585,-541.8781700000001,1488.9937699999998
542.83362,-541.84186,1491.0802
545.28711,-540.10199,1489.92126
542.17938,-539.74005,1490.04407
544.25079,-537.56116,1488.07581
541.2912,-536.85834,1487.3555900000001
541.0506,-534.98767,1485.21326
540.78516,-532.83746,1482.4987800000001
543.89917,-529.26672,1478.30701
543.71948,-527.2076400000001,1474.50574
543.76599,-524.5953400000001,1470.07605
542.5423599999999,-522.32654,1464.85291
542.53705,-519.66748,1458.9668
542.1962900000001,-517.10162,1451.92273
540.56738,-514.54968,1444.72998
540.6991,-511.70676,1435.72168
540.15247,-509.31104000000005,1426.50647
539.5668900000001,-507.01250999999996,1416.80383
539.5686,-505.01999000000006,1405.9398199999998
539.6180400000001,-502.87395999999995,1394.5997300000001
540.07678,-501.41907000000003,1382.4039300000002
540.91864,-500.41776,1370.2048300000001
541.42047,-500.16135,1358.11499
541.28772,-500.04290999999995,1346.1201199999998
541.22687,-499.85675,1334.7205800000002
542.18121,-500.38912999999997,1324.7205800000002
544.10175,-501.49637,1316.90405
547.0344200000001,-502.79211,1311.91748
549.4447,-504.03857,1309.00879
552.17651,-505.05319000000003,1308.45398
554.91895,-505.96378,1310.0448
557.95343,-506.63309000000004,1312.84314
560.23767,-507.04962,1317.03992
562.07678,-507.40649,1322.29602
564.31732,-507.79677999999996,1327.86267
566.52747,-508.49672999999996,1334.75012
569.25214,-509.39896,1342.03784
571.76453,-510.27197,1349.7639199999999
574.62482,-511.30026,1357.88574
576.93945,-511.87920999999994,1366.4749800000002
579.27258,-512.20618,1375.1309800000001
582.11511,-513.0740400000001,1383.83459
583.81439,-513.8570599999999,1392.3586400000002
586.8367900000001,-513.93494,1400.78052
589.6231700000001,-514.1895099999999,1408.7092300000002
592.3781700000001,-514.0545,1416.08801
595.15332,-514.04449,1422.97437
597.33258,-514.43408,1429.53638
599.68066,-514.5244799999999,1435.10107
602.7590299999999,-514.46368,1439.69946
605.12207,-514.5822099999999,1443.38904
607.80518,-514.1037,1446.3717
609.7569599999999,-513.98785,1448.21716
611.55743,-513.76978,1449.06531
612.90405,-513.52759,1448.99561
614.26685,-512.48395,1448.03284
616.05322,-512.0645099999999,1446.22192
617.29578,-511.28792999999996,1443.21704
618.50769,-510.6713,1439.89075
619.94495,-510.30893,1435.5459
621.39264,-509.18924000000004,1430.4021
622.3996,-508.45705999999996,1424.58179
624.50482,-506.97614000000004,1417.67944
625.58411,-506.3027,1410.43298
626.35339,-504.89462000000003,1402.18921
627.86676,-503.63324000000006,1393.4928
628.95892,-502.64633,1383.89075
630.4472,-501.28394000000003,1373.69263
631.56018,-500.1647,1363.3985599999999
632.39984,-499.71865999999994,1353.14868
632.25073,-499.57196,1343.32349
633.63098,-500.20944000000003,1336.02283
636.73352,-500.3855,1332.7023900000002
640.43958,-500.40305,1332.61255
643.9212,-500.80062999999996,1333.32678
645.95892,-500.67065,1335.9860800000001
647.6442900000001,-500.6174,1340.1853
648.99689,-500.73962,1345.65161
650.5131200000001,-501.45734000000004,1351.9592300000002
651.05188,-501.86444000000006,1358.6148699999999
652.49237,-502.90488,1366.0148900000002
653.65643,-503.4577,1373.77661
654.97705,-504.18262000000004,1381.7938199999999
655.78973,-504.7496,1389.8833
657.20538,-505.46795999999995,1397.99622
658.52136,-506.09674,1406.24341
659.3869599999999,-506.87958,1414.9093
661.6691900000001,-508.0733,1422.62329
663.61719,-508.91461,1430.36694
667.32971,-510.05597,1437.6615
669.78113,-511.26595999999995,1444.53271
672.65588,-512.2121,1451.1413599999998
675.82416,-513.03967,1456.2979699999999
678.50604,-513.8893400000001,1460.94006
681.1691900000001,-514.98535,1465.0434599999999
683.92273,-516.0457200000001,1467.98572
686.09009,-517.0116,1469.6554
688.31323,-517.9468400000001,1470.35205
690.50726,-519.1098,1470.69128
692.2366900000001,-520.14307,1469.9099099999999
694.7702,-521.45178,1468.52368
696.27313,-523.0999099999999,1466.5553
698.51843,-524.18555,1463.8798800000002
700.29901,-525.2211900000001,1460.18762
702.58771,-526.34747,1456.03271
703.4646,-527.88885,1451.2782
705.07489,-529.07617,1445.60059
706.98291,-530.16791,1439.57678
708.03558,-531.36163,1432.75562
709.7631200000001,-532.47198,1425.10059
710.6162099999999,-533.3244,1416.80408
711.90637,-534.10132,1408.20459
713.69714,-534.39337,1398.9896199999998
714.95673,-534.8494900000001,1389.13647
716.34241,-535.75287,1379.32446
716.60443,-536.70605,1368.97229
717.10736,-538.18896,1358.61743
717.40753,-539.42889,1348.62195
718.23682,-541.1550900000001,1340.68469
719.93475,-542.32831,1336.1351300000001
722.79425,-543.16339,1334.58044
725.84552,-543.8879400000001,1334.79114
728.17529,-544.4642299999999,1337.08179
729.60657,-544.61084,1341.73425
731.6142,-544.8761,1347.5448
733.04425,-544.5556,1355.02234
734.29761,-544.57568,1363.06592
735.75989,-544.6259200000001,1371.50879
736.43079,-544.14221,1380.71851
736.84106,-543.94855,1390.47449
737.04584,-543.20123,1399.90247
737.48633,-542.8113400000001,1409.0307599999999
737.07568,-542.1123,1417.8985599999999
737.68719,-541.47083,1426.42346
737.66797,-540.93719,1434.05798
737.64325,-540.5661,1440.87903
737.93011,-540.42474,1447.3460699999998
737.7374900000001,-540.25238,1452.3754900000001
738.18011,-540.34637,1455.75879
737.89185,-540.75653,1458.62341
737.54846,-541.20258,1460.50818
737.0742799999999,-541.75189,1461.34204
736.5473,-542.16547,1461.62793
735.5513900000001,-542.42688,1461.77551
734.27771,-543.0799,1461.62585
732.7616,-543.9735099999999,1460.81348
730.61694,-543.97229,1459.31824
728.9168099999999,-544.11584,1457.1273199999998
727.58398,-544.68341,1454.6958
725.50891,-545.05164,1450.75696
723.3467400000001,-545.1976900000001,1446.25354
721.72485,-545.74268,1440.7363300000002
719.5122700000001,-546.0509599999999,1434.4624
716.6189,-546.91931,1427.4002699999999
713.92444,-547.2730700000001,1419.39624
711.68494,-547.25232,1410.52185
709.51501,-547.96704,1401.31152
706.59937,-547.67102,1391.20374
703.55273,-548.28571,1381.50391
700.20978,-548.96381,1372.31824
696.71552,-549.76184,1363.7708699999998
693.66345,-550.5982700000001,1356.65295
691.3833,-550.8761599999999,1352.68896
689.97949,-550.8865400000001,1351.3923300000001
688.9643599999999,-551.43927,1351.78052
688.05402,-551.22974,1353.75574
686.15234,-550.73364,1357.11633
684.91016,-550.1755400000001,1362.2866199999999
683.315,-549.5316799999999,1368.04736
681.8290400000001,-549.04724,1374.63306
680.53931,-548.72162,1381.5687300000002
679.27972,-548.06995,1389.14319
677.98682,-547.42609,1396.63208
676.22937,-547.29773,1404.62842
675.45947,-546.61517,1412.15186
674.40039,-546.22723,1419.38843
674.2323,-545.8612099999999,1426.35083
674.36774,-545.20154,1433.1699199999998
674.10266,-544.9805299999999,1439.07166
674.90851,-544.74103,1444.88794
675.78729,-544.67407,1449.8972199999998
676.89825,-544.6940900000001,1453.9008800000001
677.58032,-544.94312,1457.14758
678.26233,-545.1861,1459.0625
679.17273,-545.26404,1460.52148
680.08954,-545.91602,1460.66626
680.2019700000001,-546.35791,1459.97424
680.8537,-546.48511,1458.62073
681.0700099999999,-547.09875,1456.92139
680.9132099999999,-547.28192,1454.42627
680.70416,-547.55688,1451.15039
680.62921,-547.6358,1447.10034
680.60907,-547.79462,1442.25879
680.79333,-548.01819,1436.81934
680.20068,-548.0509599999999,1430.68091
680.63239,-548.2094099999999,1423.76514
680.53864,-548.2796,1416.25012
681.21997,-547.82178,1407.8256800000001
682.60773,-547.6365400000001,1398.69849
683.62286,-547.2524400000001,1388.96875
684.6592400000001,-547.72186,1379.54419
685.24585,-548.22437,1370.09387
685.47845,-548.73151,1360.8042
686.05103,-550.06268,1352.0011
686.99677,-550.88666,1346.4963400000001
689.67584,-551.25513,1344.3088400000001
692.5105599999999,-551.21185,1343.9873
693.76288,-551.0838,1345.0317400000001
694.50739,-550.76184,1347.88354
695.66467,-549.9182099999999,1352.32898
696.2217400000001,-549.18036,1358.22583
697.0189799999999,-548.9104,1364.81812
698.3441799999999,-548.45532,1372.20056
699.6120599999999,-548.1571,1380.1440400000001
700.55109,-547.77258,1388.52246
701.0941799999999,-547.4975599999999,1397.10889
700.91052,-546.67841,1405.66138
701.61041,-546.1560099999999,1413.76135
701.35284,-545.39166,1421.5828900000001
701.2932099999999,-544.36243,1428.49109
701.10736,-543.84998,1435.4476300000001
701.50867,-543.3158,1441.07251
701.64954,-543.31604,1445.8563199999999
701.75348,-543.06348,1448.83655
701.72504,-543.26044,1451.02576
702.10168,-543.0778799999999,1452.5118400000001
702.37195,-543.51843,1453.4976800000002
702.33435,-543.55664,1453.7150900000001
701.8875099999999,-543.3819,1453.2437699999998
701.5719,-543.35376,1451.92029
701.2189900000001,-543.50623,1450.4812
700.63477,-543.4715,1448.50745
699.4245599999999,-543.2876,1445.55811
698.41882,-543.11078,1441.69995
698.11316,-543.22125,1437.3071300000001
697.42975,-543.2033700000001,1432.33313
697.07855,-543.59802,1426.52344
696.85651,-543.70148,1419.10217
696.49347,-543.86591,1411.32544
696.27167,-544.10559,1402.96228
695.98059,-543.84448,1393.02747
695.6859099999999,-544.02112,1382.9188199999999
695.07605,-544.3081099999999,1372.60974
694.54156,-545.1142,1362.3302
692.8634,-546.2067900000001,1353.20764
690.54547,-546.8393599999999,1345.21216
688.82458,-547.28906,1339.97461
687.64801,-546.8804299999999,1337.80872
686.49005,-545.90851,1337.65906
685.69482,-545.87909,1338.54053
683.94733,-545.44617,1341.6084
683.13129,-545.0697,1346.48804
681.80505,-544.8363,1352.66064
680.80847,-544.4642299999999,1360.02319
679.84302,-544.4328,1368.05615
679.1039999999999,-544.1662,1376.31409
677.43256,-544.18188,1385.62427
676.4639900000001,-544.0477900000001,1394.85474
674.97766,-544.7269299999999,1404.44543
674.10358,-544.21033,1413.49023
673.00348,-544.16809,1422.44983
672.28156,-543.81995,1430.70532
672.34906,-543.63708,1438.17468
671.8634599999999,-543.91809,1444.86633
671.7418200000001,-543.96326,1450.71704
671.61816,-544.91699,1455.31458
671.823,-545.78992,1458.6368400000001
671.02301,-546.7052,1461.25427
670.43848,-547.64392,1462.68054
669.92859,-548.26013,1463.55664
668.91449,-549.07355,1463.80078
667.84753,-549.45526,1463.21985
667.37396,-549.86554,1462.29236
666.09485,-550.3602900000001,1460.6997099999999
665.28479,-551.0513900000001,1458.51111
663.9042400000001,-551.67413,1455.28088
663.12689,-552.13623,1451.75635
661.97803,-552.47266,1447.4356699999998
661.14679,-553.20795,1442.61426
660.0280799999999,-553.72522,1436.56506
659.5654900000001,-554.33313,1430.08435
659.15094,-554.70007,1422.52197
658.81024,-555.16565,1414.4325
658.59741,-556.0022,1405.5805699999999
658.8266,-556.5733,1395.65454
659.00415,-557.2002,1385.5101300000001
658.95007,-557.97028,1374.54016
658.8197,-559.14325,1364.5813
658.1769400000001,-560.75806,1355.1254900000001
657.2332200000001,-561.79834,1345.9620400000001
656.97766,-563.4150400000001,1338.55957
657.2782599999999,-564.05994,1334.61926
657.45776,-564.45398,1333.10938
658.22046,-565.32947,1333.72217
657.79688,-565.39233,1336.50061
657.27948,-565.39252,1341.03992
656.94537,-565.4751,1346.90039
656.30261,-565.11407,1354.1622300000001
656.10498,-565.0931400000001,1362.14099
655.6624099999999,-564.79498,1370.44043
654.8120700000001,-564.6737099999999,1379.65796
654.3632200000001,-564.18671,1389.20935
653.35095,-563.64392,1398.87427
650.9526400000001,-563.53894,1408.75134
649.6268299999999,-562.99512,1418.25024
648.35352,-561.88672,1427.30859
647.0097,-561.2392,1435.7663599999998
645.96454,-560.2641,1444.06531
645.27667,-559.4549,1451.3501
643.89917,-558.97833,1458.03284
642.97882,-558.56708,1463.36768
642.31708,-558.3308099999999,1467.1997099999999
643.40125,-557.24835,1469.4664300000002
643.06232,-556.70203,1471.39355
641.46545,-556.91602,1472.8446
637.65894,-557.38263,1474.4895
636.6259200000001,-557.23639,1474.52686
634.87604,-557.08386,1473.94275
633.16309,-556.80981,1472.52954
631.71564,-556.5672,1470.71118
633.0137900000001,-555.42365,1466.7169199999998
627.8034700000001,-555.97961,1464.1449
626.86951,-555.9071,1459.96313
624.78204,-555.67676,1454.89893
623.33521,-555.7796599999999,1448.98584
621.73724,-555.60449,1442.39417
623.10608,-554.52051,1434.32556
622.21088,-554.73077,1426.22205
620.70251,-554.5867900000001,1417.3499800000002
619.09473,-554.3335599999999,1408.17395
617.40479,-554.12469,1398.35034
616.19043,-553.83813,1387.5576199999998
614.61243,-553.8996,1377.43726
612.31775,-553.8714,1366.95984
608.84302,-553.80518,1356.47607
605.72968,-553.8770099999999,1346.69617
603.66479,-553.91534,1339.4447
602.242,-553.85583,1336.4249300000001
602.38922,-553.96771,1335.9995099999999
601.8385,-554.8568700000001,1337.55566
601.2000099999999,-554.42749,1341.25317
600.54242,-554.13141,1346.17603
599.63123,-553.58984,1352.65076
598.84802,-553.31665,1359.36096
597.45605,-553.03094,1367.37244
596.60419,-552.75482,1375.73218
595.3067599999999,-552.24091,1384.1886
594.79553,-552.05597,1393.23877
592.8913,-551.37,1402.21326
591.81122,-550.8875099999999,1411.00146
590.35461,-550.41687,1419.86914
589.59247,-550.04193,1428.28479
588.40259,-549.55145,1435.9696
588.51416,-549.3745700000001,1443.25842
586.69482,-550.35016,1450.61755
586.70416,-550.6146200000001,1456.46973
586.86676,-551.0965,1461.60217
587.54474,-551.66553,1465.71094
586.82648,-552.75153,1468.82349
586.95715,-553.05109,1470.62891
587.42749,-553.43115,1471.24023
586.39648,-554.10608,1471.61792
585.09186,-555.05151,1471.3768300000002
584.57294,-555.3855599999999,1470.74731
584.3053,-555.03864,1468.7835699999998
582.6566799999999,-555.65295,1466.59216
581.2565900000001,-556.08014,1463.9675300000001
579.2183200000001,-556.2428,1460.6976300000001
577.9054,-556.5310099999999,1457.14478
576.6343400000001,-556.5755,1452.55542
575.10388,-556.76007,1446.8925800000002
574.29175,-556.65454,1440.6770000000001
572.77325,-557.04626,1433.9741199999999
571.7049599999999,-557.46442,1426.46313
570.45984,-557.68256,1417.85645
568.8725,-557.3999,1409.10938
567.69037,-557.4447,1399.53027
566.33307,-557.48834,1389.82043
564.55402,-557.71661,1379.97339
562.36084,-558.38916,1370.27234
559.74854,-559.1075400000001,1360.91028
558.3272099999999,-559.43481,1353.58447
557.32349,-560.57855,1349.9620400000001
557.8580900000001,-561.44147,1348.34534
558.01605,-563.15295,1348.1106
557.23407,-563.7282700000001,1350.1273199999998
557.2757,-564.25684,1353.69153
556.79968,-564.97949,1358.6286599999999
556.78955,-565.30377,1364.07935
556.64441,-565.92151,1370.43921
556.28638,-567.12671,1377.7127699999999
556.2575099999999,-567.68701,1384.63367
556.0006099999999,-568.39264,1392.0300300000001
555.96924,-568.83002,1398.89148
555.56073,-569.11261,1405.98047
555.69733,-569.3774400000001,1412.44946
555.6870700000001,-570.0127,1418.64294
555.2651400000001,-570.5907,1423.9176
555.5993,-570.8562599999999,1429.04395
554.48242,-572.19214,1433.20471
554.99713,-572.72601,1436.44446
554.86798,-573.73779,1438.61169
553.9995700000001,-574.74463,1439.50635
554.02057,-575.50348,1439.81055
552.65027,-576.2002,1438.7522
551.63995,-577.0244799999999,1436.96472
550.7490799999999,-577.07172,1434.33936
549.91901,-577.48639,1430.58252
548.9119900000001,-577.78394,1426.4561800000001
547.78979,-578.25647,1421.68506
546.57495,-578.62433,1416.28162
545.23218,-579.05817,1410.41895
544.4639900000001,-579.49207,1403.74353
543.14777,-579.65625,1396.83582
542.63739,-580.0878299999999,1389.47351
542.30701,-580.80817,1381.4951199999998
541.89899,-581.47705,1373.42725
541.34302,-581.94897,1365.72522
540.69,-582.6325099999999,1358.48596
539.31708,-583.3718299999999,1351.49792
538.08868,-583.9866900000001,1345.5798300000001
537.3606,-584.75714,1341.7097199999998
536.79034,-585.41235,1339.5708
536.84033,-586.15436,1339.4139400000001
536.9812,-586.74603,1340.7872300000001
536.64612,-587.02203,1343.33789
536.90887,-587.4237099999999,1345.95337
536.7502400000001,-587.50128,1349.06775
536.00165,-587.9696700000001,1352.73218
535.9339,-588.32422,1356.28162
535.42358,-588.8656,1359.7567099999999
534.66388,-588.99194,1363.3654800000002
533.00793,-588.96143,1367.06897
532.4967,-589.09106,1370.1472199999998
531.6417799999999,-589.0246,1372.68713
530.25128,-588.72406,1375.15771
529.04126,-588.35236,1376.99683
527.41687,-587.98383,1378.72119
525.91254,-587.35791,1380.0761699999998
524.8858,-586.9599,1381.06226
523.2821,-586.37579,1382.14563
522.62885,-585.88269,1382.42969
522.04401,-585.45294,1382.4312699999998
521.2163099999999,-585.2615400000001,1382.45679
520.32599,-585.52075,1381.83325
519.93616,-585.8468,1380.81897
519.64417,-586.0529799999999,1379.42212
519.21021,-586.22937,1377.49292
519.3041400000001,-586.2887599999999,1375.23389
519.65503,-586.56903,1372.54944
520.07025,-586.87109,1369.36865
520.75989,-587.08588,1366.1936
