X16,Y16,Z16
815.07111,-178.03127,64.93099000000001
814.99927,-177.99903999999998,65.04115999999999
814.93573,-177.89993,65.51335
814.76147,-177.76619,65.64544000000001
814.63385,-177.63278,65.93118
814.57043,-177.51144,66.49805
814.44672,-176.79553,66.90364
814.1514900000001,-176.76744,67.13656
814.16473,-176.21423000000001,67.33794
813.9906599999999,-176.05682,67.64104
813.83093,-176.02045,67.91511
813.70276,-175.75177,68.72232
813.5953400000001,-175.75002,69.34945
813.74652,-175.68483,69.66993000000001
813.4536099999999,-175.63884,70.60919
813.33362,-175.68277,71.17339
813.4519,-175.73547,72.18200999999999
813.71289,-175.58234,73.0449
813.62354,-175.83102,74.04321
813.6911,-175.69011,75.06133
813.9653900000001,-175.75488,76.13776999999999
814.24237,-176.02551,77.2201
814.3042,-176.16876000000002,78.50072
814.5817900000001,-176.20631,79.93361999999999
814.63049,-176.21916000000002,80.56866
814.47864,-176.61148,81.88776999999999
814.63995,-176.32315,82.88356
814.17902,-175.98979,83.48828
813.4975599999999,-175.82158,84.40101999999999
812.0564,-175.81865,85.22592
810.5158700000001,-175.75511,85.40392
808.60767,-175.79956,85.91341
805.04962,-175.37968,85.61208
803.0855700000001,-175.66437,86.3448
800.12323,-175.79422,86.4599
796.35474,-175.85527,86.9814
793.57715,-176.36404,87.13856
791.92413,-177.14606,87.49094000000001
789.47583,-177.86913,87.92183
786.3244599999999,-178.71515,88.0118
783.3489999999999,-180.09861999999998,88.43943
780.64001,-181.39668,88.37244
777.94934,-183.20898,88.33659
773.41724,-184.56763,88.33344
769.16016,-186.97438,88.52901
765.96069,-189.04994,88.52116
762.38098,-191.63246,88.19188
758.52264,-194.45491,88.5644
754.737,-197.53142,88.44798
750.67517,-200.76617,88.66935
746.65918,-204.06198,89.45246
743.2254,-206.91138999999998,89.14605999999999
738.5604900000001,-210.78735,89.76817
734.71021,-214.30887,90.38463
730.52063,-218.19759,90.37697
726.0280799999999,-222.04214,90.93748000000001
721.2864400000001,-225.70226,91.4549
717.2518299999999,-229.80286,92.48829
712.63867,-233.66567999999998,92.83361
708.35516,-237.76675,93.93584
703.97009,-241.3506,94.25407
699.6872599999999,-245.58752,95.37895999999999
695.6684,-249.42139,96.16949
691.19958,-253.45838999999998,96.86291
687.03522,-257.52777000000003,97.73809
683.6510599999999,-261.0329,98.63351
678.54614,-265.45346,99.70464
674.96942,-268.66745,100.66313000000001
671.87531,-272.34955,101.41414
669.2637900000001,-275.60181,102.16003
666.43671,-279.08246,102.43021
663.89709,-281.83224,103.0507
661.21167,-284.99625,103.58339000000001
660.3659700000001,-287.44128,103.79123
657.0639,-290.60651,104.04583000000001
654.3905,-293.31699,104.44998000000001
652.33252,-295.70914,104.44269
650.45135,-297.77484,104.63818
648.50732,-300.16675,104.78843
645.68982,-301.82446,104.87098999999999
643.89124,-303.70462000000003,104.8786
641.77185,-305.55602999999996,104.98163999999998
639.78174,-307.19763,105.42728000000001
638.14172,-308.54938,105.47968999999999
635.96082,-309.66879,105.60831
633.6817599999999,-310.7876,105.58765
631.40637,-312.21484,105.66237
628.98993,-313.4169,105.8251
625.91907,-314.32529,105.78303999999999
623.35248,-315.06772,105.85996999999999
621.11731,-315.91306000000003,105.67727
618.4696700000001,-316.45242,105.65101000000001
615.94385,-316.81671,105.61105
613.93268,-317.59888,105.42155
611.78381,-317.90671000000003,105.6415
608.85168,-317.6958,105.69157
606.74768,-317.62674,105.45591999999999
604.87421,-317.80591,105.02609
602.42188,-317.41895,104.65205
600.47021,-317.37759,104.4502
598.0509,-317.21619,103.38691999999999
595.74695,-315.72827,102.67293000000001
594.07092,-314.85497999999995,101.65305
592.90936,-313.87381,100.24891
591.8756099999999,-312.48355,98.91457
591.32666,-311.38181000000003,97.4509
590.54944,-309.57825,96.60029
589.73212,-308.23334,95.36269
588.73914,-307.02945,94.16643
587.8624900000001,-305.93396,93.31085
587.39996,-304.88268999999997,92.38264000000001
586.5369900000001,-304.22292999999996,91.46533000000001
586.30164,-303.87827000000004,90.71605
585.74518,-303.77117999999996,89.75589000000001
584.74878,-303.91171,89.15571
584.8949,-304.30466,88.38242
584.95599,-305.16074,87.63154
584.5965,-306.27463,87.15358
584.45038,-307.41074,86.60302
584.33972,-308.44525,86.24417
584.35468,-310.23203,86.00381
584.26953,-311.03821,85.97958
584.1544200000001,-311.66199,85.70052
584.24335,-311.99219,85.7368
584.17542,-311.91708,85.60294
584.31256,-311.69903999999997,85.59024000000001
584.0321700000001,-311.42663999999996,85.60746999999999
583.7558,-310.98291,85.60622
583.70526,-310.98458999999997,85.48823
583.7403,-310.72092000000004,85.19299000000001
583.73511,-311.01662999999996,85.11249000000001
583.73022,-311.26175,84.9813
583.39252,-311.27063,84.72403
583.25684,-311.60156,84.376
583.3222,-311.94385,83.91848
583.48871,-312.46398999999997,83.38834
583.52399,-313.20309,82.74689000000001
582.90771,-313.56383999999997,81.55943
582.46881,-313.89862,80.70148
581.43384,-313.89178,79.97587
581.22705,-314.07162,78.64258000000001
581.0346099999999,-313.71326,77.51687
580.6500900000001,-312.96547999999996,76.81369000000001
581.19818,-311.93304,76.17388000000001
581.0715299999999,-311.34982,75.42941
581.04523,-311.10717999999997,75.34859
581.05383,-310.92596000000003,75.21207
581.25378,-311.1918,75.1969
581.76257,-311.68536,75.47414
582.08691,-311.96414,75.62899
582.3407,-312.71148999999997,75.91206
583.14282,-313.42175,76.66808
583.41107,-313.9751,77.29106
583.59552,-314.21567000000005,78.33065
584.06104,-314.33707000000004,79.43283000000001
584.52155,-314.58179,80.39804000000001
585.31818,-314.97867,81.50362
585.8562599999999,-315.23508,83.18481
586.70209,-316.27475,84.15978
587.677,-317.02185,85.71441999999999
588.52783,-317.4053,87.04417
589.3616900000001,-318.16351000000003,88.91689000000001
590.68988,-318.68521,90.23807
591.72321,-319.64774,90.93607
592.68738,-320.24318999999997,92.81606
593.50946,-320.50195,93.91088
594.65265,-321.09421000000003,95.20491
595.27753,-321.23267000000004,95.92336
596.1990400000001,-321.51779,96.88465
596.67084,-321.40134,97.52473
597.6807299999999,-320.948,98.05561999999999
598.69122,-320.28586,98.8213
599.2309,-319.31534,98.69868000000001
599.77026,-318.8988,98.72685
599.82758,-318.21457000000004,98.60441
599.92169,-317.52509,98.76602
600.27258,-316.80492999999996,98.83439
600.3714,-316.56525,98.74264000000001
600.45612,-316.64005,98.86999
600.72522,-316.90662000000003,98.85677
600.95703,-317.13916,98.7639
601.41479,-317.28519,98.85259
601.57147,-317.29138,99.06465
602.19714,-317.71509,99.67541999999999
602.89709,-318.16953,99.93388
603.27838,-318.3027,100.24289
603.67291,-318.03421000000003,100.75388000000001
604.19055,-317.91296,101.53872
604.35315,-317.65479,102.16781999999999
604.73218,-317.25928,102.44495
605.08893,-316.9794,102.67825
604.9588,-316.73303,102.79298
604.71222,-316.30957,102.65767
604.49707,-315.77527000000003,102.41556
604.1864,-315.63277999999997,102.16807
603.64801,-315.21512,101.574
603.18042,-314.92843999999997,101.01229000000001
602.66125,-314.69827000000004,100.64634000000001
601.94666,-314.32535,100.17607
601.38849,-314.18436,99.4409
601.4363400000001,-314.55576,98.46070999999999
601.22388,-314.74475,98.16493
601.3192700000001,-315.09722999999997,97.58398000000001
600.65112,-315.47769,96.84532
600.26807,-315.48694,96.16508
599.91071,-315.32608,95.35553
599.9086900000001,-315.25153,94.67493
599.59631,-314.78946,94.0256
599.24896,-314.30762000000004,93.6404
599.5565799999999,-313.78348,93.27091
599.43103,-313.42877000000004,93.25095
599.42633,-313.21612999999996,93.34756
599.48083,-313.00381,93.45791
600.0455900000001,-313.41669,94.06106
600.81635,-313.62512000000004,94.52414
600.94537,-313.86566,95.13037
601.26306,-314.10062,95.72451
601.78235,-314.60373,97.13116
602.77332,-315.65103,97.90543000000001
603.27698,-316.01022,98.57724
604.2016,-316.62042,99.77753
604.68494,-317.0473,100.75148
605.39325,-317.51929,101.69193
605.64099,-317.74011,102.86033
606.3804299999999,-318.27087,104.1332
606.99585,-318.72131,104.71330999999999
607.68958,-319.26285,105.81058
608.625,-319.71988,106.4899
608.99878,-320.09525,107.31725
609.77521,-320.3978,107.99821999999999
609.95013,-320.53015,108.55218
610.34253,-320.76703,108.94337
610.53027,-320.66544,109.50742
610.74243,-320.86413999999996,109.68241
610.77203,-321.03427,109.55639
610.43695,-321.12759,108.94755
610.19598,-320.86868,108.66476000000002
610.0563400000001,-320.7692,108.14797
610.35461,-320.40314,107.06022
610.54602,-319.58822999999995,106.36312
611.11798,-318.58795,105.63068999999999
611.1451400000001,-317.31631,104.93011000000001
611.15161,-315.80877999999996,104.49635
610.7991900000001,-315.04761,103.74609
610.35522,-313.82043,102.88485
610.47272,-313.02087,101.75153
610.18695,-312.75677,100.47391999999999
609.07892,-312.47852,98.45196
609.0609099999999,-312.24835,96.39424
608.6424,-311.87064,93.87665
607.3255,-311.05902000000003,91.79958
606.44385,-309.77487,89.62823
605.26648,-308.99417,87.6755
603.85779,-307.84619,85.55906
602.88409,-306.85471,84.49355
601.95569,-306.38037,83.83295
601.95569,-306.38037,83.83295
602.48358,-306.81152000000003,85.11563000000001
603.34021,-307.5433,86.62521
604.47284,-308.66156,89.10003
606.33203,-309.5491,92.4502
608.04749,-310.9769,96.39273
610.0991799999999,-312.53873,100.81195
612.11145,-314.69669,105.49922
615.2431,-316.47443,111.0121
618.9486099999999,-318.90564,116.40700000000001
622.55786,-321.20285,122.21061999999999
626.80078,-323.37717000000004,127.42387
631.25909,-325.60541,133.22449
635.51697,-328.0787,138.40743999999998
639.10107,-329.70535,143.79254
641.9219400000001,-331.23032,149.0701
644.18115,-332.42505,154.04237
645.08844,-332.97455,159.0751
644.02655,-333.41669,163.83351000000002
641.50238,-333.10239,168.06555
637.98157,-333.16033999999996,172.46216
633.7561599999999,-332.78104,175.91127
629.5376,-332.3302,179.43456
624.0024400000001,-331.7403,182.18806
619.12909,-331.08698,184.83003
614.87573,-331.09494,187.09097
610.4519,-331.06708,188.03116
606.26373,-331.41431,188.65346
601.84186,-332.04953,187.90634
598.03754,-332.75659,186.42638
594.39734,-333.63394,184.13727
589.93359,-334.99561,180.90413
585.81982,-335.80172999999996,176.90057
581.5899,-336.65204,171.99153
576.54529,-337.00845,166.29625
572.49695,-337.50281,160.25731000000002
568.88586,-338.2825,153.5002
566.76508,-340.03781000000004,145.46513000000002
564.25305,-342.19158999999996,136.90919
557.51166,-342.0076,128.63111999999998
548.07373,-338.61458999999996,122.48037
541.58112,-336.55655,116.57316999999999
538.6741900000001,-335.21085,111.1393
535.8548,-331.94077000000004,106.19077
534.27588,-328.24179,103.54642
534.2318700000001,-324.55255,101.54879
535.12897,-322.13678,100.83861
537.0606700000001,-320.20422,101.92254
539.81372,-318.56107000000003,104.527
543.6394,-318.2334,108.48516000000001
548.11829,-319.11899,113.82497
553.8595,-320.33304,120.68118
561.32349,-323.06021,127.6664
569.88531,-326.07864,135.23363
579.1723,-328.71631,142.97044
588.6619900000001,-330.03946,149.78618
597.8837900000001,-330.81253,156.76254
606.2991900000001,-330.01937999999996,162.25842
615.0441900000001,-329.67548,165.7377
626.18329,-328.8295,167.38278
637.7030599999999,-327.12161000000003,168.14981
649.85315,-324.98537999999996,167.47583
662.3731700000001,-323.37369,165.42593
674.59448,-320.70459,162.37347
687.10083,-318.17004,158.91798
699.7842400000001,-315.03128,154.40202
712.4432400000001,-311.84182999999996,149.57915
725.26575,-308.73458999999997,144.99504
737.90112,-305.54357999999996,140.24118
749.6684,-301.88696,135.49542
760.55383,-297.89331,130.20065
770.9502,-295.38464,124.50391
780.9812599999999,-293.5238,118.53355
790.38354,-292.44272,111.81285
797.95331,-289.04871,107.43494
795.36365,-283.0737,104.74554
789.86786,-278.96805,99.29426
786.6701,-276.73287999999997,94.11327
786.61554,-277.05676,91.52943
787.19055,-278.01138,90.22251
786.56219,-278.24258,89.75479
786.09308,-278.83557,90.80888
786.17627,-281.19406000000004,92.4734
786.62482,-283.05899,95.38168
787.2207,-287.18796000000003,99.38116
787.59839,-292.82248,104.01303
786.71985,-299.15842000000004,108.96276999999999
784.6156,-306.23856,113.10791
782.0119599999999,-314.95508,117.32897
777.91797,-323.91452000000004,121.43881
772.0119599999999,-334.20389,125.04361000000002
765.04498,-343.99008,128.69342
756.42688,-352.18622,133.56723
744.9585,-358.94916,137.63194
731.23608,-364.68753,141.95245
715.3299,-369.83194,146.84499
699.12354,-374.10617,151.63474
682.38391,-378.12726000000004,156.0759
665.7702,-381.15372,159.57783999999998
650.29199,-384.17651,162.19806
635.74792,-387.32245,163.27721
623.11694,-391.1441,162.98268000000002
611.95209,-394.85598999999996,161.27921
602.3215299999999,-399.04306,157.97906
592.78339,-402.89398,153.43028
581.44507,-406.04172,147.36052
567.75781,-405.01062,140.83796999999998
562.29742,-403.67703,134.13661000000002
559.21527,-405.88824,126.57733
552.80664,-401.31055,121.34187
547.02716,-395.46106000000003,117.19643
545.20654,-392.56127999999995,113.45893999999998
544.29785,-390.19031,110.84796000000001
543.90955,-387.76672,109.61174
544.45862,-386.32245,109.82498999999999
546.14258,-386.73581,110.95881999999999
548.5835,-387.65076,114.05581000000001
552.37775,-388.90659,118.12268
556.31873,-390.6048,122.80888999999999
561.0471200000001,-392.06299,127.9682
567.00098,-394.20255,133.44896
572.85443,-396.13684,138.83064
580.13312,-398.17026,144.22145
587.6084599999999,-399.62387,149.71933
594.90222,-400.77008,154.60533
601.26776,-400.465,159.71898000000002
607.19165,-400.33731,164.10921000000002
612.11853,-399.36264,169.01022
616.9462900000001,-398.19379,172.72897
622.0455900000001,-396.49347,175.84607
627.85089,-394.69347999999997,178.26117
635.1441,-392.35031000000004,179.16356000000002
643.7085,-389.84296,179.62816
652.60919,-387.86584,178.82676999999998
662.17987,-385.93777,176.88734
671.8593099999999,-383.59354,174.09947
682.65735,-381.82925,170.2583
694.04834,-379.61185,165.99532
705.40692,-377.45883,160.80858999999998
716.29327,-375.22882000000004,155.51297
728.50964,-372.17841,150.05244
740.60333,-369.59641,144.1738
752.46875,-367.27231,137.79135
764.6978799999999,-364.38309,131.76793
776.06348,-361.36938,125.21157
789.48163,-356.83002,118.37913
802.48358,-353.89774,111.40241
813.14465,-350.05542,104.24784
822.61499,-345.23642,96.2026
824.0579799999999,-340.73856,92.12692
815.3316,-342.58987,90.16275999999999
807.3443599999999,-340.65884,88.26332
806.64581,-338.78876,85.04063000000001
805.69312,-336.11252,80.96847
804.0786099999999,-334.73859,78.95701
802.4046,-333.58865,77.99773
802.8219,-333.43665,77.55854000000001
804.0264900000001,-333.76453,77.67485
804.9397,-333.9118,78.34088
805.78693,-334.02621,79.79726
806.08984,-334.17682,81.49677
806.90161,-335.65887000000004,83.65460999999999
808.8927,-337.19147000000004,87.02421
810.68109,-338.86208999999997,90.13342
813.67688,-340.89807,94.8813
817.2430400000001,-343.22681,100.5403
821.3869,-345.83456,107.00446000000001
826.5838,-348.39301,112.28816
832.14551,-350.65407999999996,118.2272
839.76965,-353.59323,123.74435
846.54926,-356.46997000000005,129.04558
853.33789,-358.78418,134.67549
858.85504,-361.70651000000004,139.90012
864.0485800000001,-365.88943,145.2413
868.0311300000001,-370.48953,150.15683
871.4467199999999,-374.71866,154.46329
873.43195,-379.5491,158.70802
875.24274,-383.33054,162.45601000000002
875.9105800000001,-387.34921,166.36786999999998
876.64215,-392.04166000000004,168.55993999999998
876.00745,-396.68216,170.49088999999998
876.30438,-401.30319,172.2986
875.45337,-405.80618,172.91817
874.1876800000001,-410.60031000000004,173.12347
873.20203,-415.60123,172.53159
872.0378400000001,-420.24207,171.47252
870.33435,-424.92175,170.0954
868.3756099999999,-429.73495,168.04643000000002
867.39136,-434.28329,166.00267
865.15955,-439.23734,162.60333
863.0504199999999,-444.00692999999995,159.31842
860.84656,-449.44240999999994,155.21112
858.1519199999999,-454.74579000000006,151.01935
855.99731,-459.44707999999997,146.07797
853.4212,-463.93338,140.44034
851.37225,-469.35787999999997,134.61517
848.06342,-474.54645,127.9118
844.11676,-480.10085999999995,120.45858999999999
834.35925,-487.68462999999997,111.15486999999999
827.42896,-490.66052,103.7774
827.8029799999999,-491.44766,96.44341
826.16522,-491.58870999999994,87.0406
820.20245,-492.64328,79.58559
814.9406700000001,-491.58328,74.71054000000001
814.4789999999999,-491.79962,74.02251
818.3947099999999,-491.77029000000005,75.34262
822.5188,-490.06973,77.79689
824.21442,-487.89977999999996,82.03423000000001
826.5306400000001,-485.59854,88.50990999999999
831.30249,-482.88004000000006,96.64571
837.47906,-480.7215,106.84843000000001
845.8864699999999,-478.31119,118.29302
857.59052,-475.45532000000003,131.15283
871.74323,-472.14047,143.63356000000002
887.3316699999999,-468.97134000000005,156.69783
906.1153,-464.85067999999995,171.39983
926.84326,-460.61841,186.25273
945.82477,-456.54596,201.33571
961.31281,-454.25097999999997,218.10291
975.97784,-453.28522000000004,236.0094
992.2285800000001,-450.77243,254.44027999999997
1010.6665,-448.01947,272.84546
1028.6014400000001,-446.51610999999997,292.06143
1047.3512,-445.40450999999996,310.94968
1066.09473,-443.73956,330.35956
1086.48474,-441.62872000000004,350.0907
1106.69104,-438.59827,369.35239
1128.91553,-435.7424,390.23877000000005
1151.40039,-432.70935,411.18625
1173.66895,-429.51642000000004,433.21777000000003
1195.17773,-425.79580999999996,455.22757
1216.427,-422.33743,477.84653
1237.4777800000002,-418.7887,501.09814000000006
1257.0792199999999,-414.91953,524.33032
1276.53381,-410.93924,547.9359099999999
1294.71045,-407.02634,571.63202
1312.92139,-403.15039,596.02625
1330.4635,-399.26102000000003,620.73468
1347.7487800000001,-395.98764,646.6325099999999
1363.73486,-393.03387000000004,671.96722
1378.81628,-390.35778999999997,697.29486
1392.39661,-387.68546000000003,722.15778
1405.02417,-385.86377000000005,746.38623
1416.44092,-384.54544,770.35028
1426.60266,-383.32614,793.32147
1435.33716,-382.28171000000003,815.85657
1443.46155,-382.2363,837.6347
1449.73792,-381.23416000000003,858.02356
1455.23499,-379.59744,876.1293900000001
1459.73218,-379.65115,892.77271
1463.09436,-378.20282000000003,909.48047
1466.14343,-377.93063,924.2348
1468.64343,-377.96869,937.5700699999999
1470.48401,-378.10696,948.63239
1471.81238,-377.95444,957.52179
1472.90552,-378.54632999999995,964.69391
1473.57654,-379.58777000000003,969.62457
1473.21521,-379.94675,970.9489699999999
1473.43835,-381.38608,971.01825
1473.7182599999999,-382.36191,969.76001
1472.96045,-383.00943,964.9553199999999
1472.2157,-383.39914,957.62909
1471.1262199999999,-384.39297,948.5885599999999
1469.8173800000002,-384.94452,935.99219
1468.24451,-385.11818999999997,922.00275
1466.5562699999998,-386.10837000000004,905.9096099999999
1464.67603,-387.34442,887.3204300000001
1462.75732,-388.65506,866.81
1460.01611,-390.56705,843.23145
1455.62207,-391.78815,816.62604
1450.23865,-393.87717000000004,787.48761
1443.40686,-397.82852,757.71173
1434.10669,-399.70264,724.9979900000001
1422.48401,-402.09262,692.5158700000001
1408.14893,-406.57748,660.6947
1391.46875,-409.5968,628.23138
1371.5076900000001,-413.93475,596.79523
1350.38,-418.36176,566.2157599999999
1325.40051,-423.44073,536.15399
1298.7616,-429.09805,506.74094
1270.47998,-435.88140999999996,479.2558
1240.6557599999999,-441.86075,452.95016
1209.2782,-448.66067999999996,428.35715
1177.5139199999999,-456.20544,405.54996
1143.7998,-463.28891,382.58392000000003
1111.81909,-471.64899,362.43652000000003
1078.96533,-479.4505,343.60402999999997
1046.97034,-486.79794000000004,326.05978
1013.6434300000001,-494.03060999999997,309.57886
981.00098,-501.59531,293.95767
947.7757,-508.43317,280.07974
916.11224,-514.64026,265.7814
884.19202,-521.45026,253.0504
853.33661,-527.36713,240.92592000000002
823.6030900000001,-533.57379,228.82135
795.52094,-538.99213,216.88676
767.66132,-544.39032,205.22942
740.53839,-549.79852,193.50198
714.4986,-553.49902,181.54303000000002
688.54755,-557.9765,169.77456999999998
663.0814799999999,-562.91406,158.24907
635.66547,-570.32648,147.08943
604.59912,-577.1361099999999,136.83106999999998
580.4753400000001,-580.62695,125.62251
564.6809099999999,-581.0885599999999,113.00818000000001
553.80505,-578.98212,101.5566
545.19873,-577.72845,91.54613
537.42889,-576.68732,83.25879
534.17047,-576.6976900000001,77.53093
534.80945,-577.69897,74.0741
536.06464,-577.87537,73.77126
536.65967,-576.8938,74.92305999999999
538.10645,-575.37567,78.98613
542.2218,-574.04309,83.69724000000001
545.85181,-572.2330900000001,89.54157
550.95233,-570.98657,97.10151
556.59326,-569.5802,105.47823000000001
563.10522,-567.5531599999999,113.67618
570.59344,-565.80823,121.61218999999998
577.16357,-563.7937,129.74074
583.66211,-561.67413,137.33278
590.49738,-559.69849,145.06535
594.1325099999999,-558.61279,152.04706000000002
597.44373,-557.6936,158.44797
601.0893599999999,-556.12347,164.23643
604.48065,-555.29132,169.67918
608.53711,-554.41339,174.75066999999999
611.97607,-553.7403,178.82578999999998
615.69,-552.97186,182.85846
618.4780900000001,-552.66718,185.64963
622.72186,-552.46027,188.27901
626.0144,-552.39612,190.83687
629.2205799999999,-551.96295,192.03421
632.5513900000001,-551.68378,193.04183999999998
635.0379,-551.0683,193.57363999999998
638.6496599999999,-551.06024,193.6526
641.34521,-550.65399,193.01346999999998
643.18835,-550.30322,192.16359
644.48022,-550.3494900000001,190.19125
645.3562,-550.31396,187.81009
646.86407,-548.6958599999999,184.73946
646.75891,-548.46735,180.69173
647.02704,-547.6441,175.79568
646.65436,-547.27112,170.34569
645.6402,-546.5033599999999,164.70768999999999
644.55438,-545.44623,157.75108
643.08105,-544.20325,150.40211000000002
642.10132,-542.86182,142.36143
640.88562,-540.6805400000001,133.84465
639.3100599999999,-538.59979,124.25568999999999
636.20477,-537.85333,114.3652
625.74152,-544.0611,107.08668999999999
616.62738,-549.48242,99.43043
612.82196,-550.3867799999999,92.72971
610.51599,-549.8887900000001,87.79729
608.30884,-549.10828,83.99419
606.2536,-548.64081,82.54316999999999
604.7382200000001,-548.03021,82.03014
604.29395,-547.30701,82.52643
604.00104,-546.87073,84.28234
605.4964,-546.6755400000001,87.99429
608.17761,-546.10077,93.55603
611.20093,-545.31775,99.29545999999999
614.7916299999999,-544.81525,106.83185
619.69257,-543.01166,113.95111000000001
625.59772,-541.17645,121.37536000000001
630.86072,-539.62091,128.6656
633.63348,-538.97235,135.47357
634.73303,-539.07062,142.22865
634.43341,-540.6066900000001,148.24107
632.14844,-543.68304,153.8566
629.63702,-545.8479,158.60228999999998
626.39624,-548.1557,163.58716
622.97528,-551.31476,167.92317
617.8034700000001,-553.43573,172.22189
613.07104,-556.74677,175.88335
606.99451,-559.89319,179.06747
599.92053,-563.06537,181.81377
591.80609,-566.0405900000001,183.80118000000002
584.9981700000001,-569.5108,185.40794
577.828,-573.48047,185.63379
570.16913,-578.2362099999999,186.15971000000002
562.24005,-583.45313,185.89101000000002
554.86652,-588.90765,184.95691000000002
547.4530599999999,-594.48334,183.6342
540.50177,-599.89667,182.19353999999998
533.14282,-605.72723,180.17812
526.1793200000001,-612.00275,177.9063
518.40619,-618.22797,174.27121
510.84146,-623.9975,170.77681
504.78515999999996,-629.9008200000001,165.78326
497.46112,-636.0882,160.81032
490.46047999999996,-641.25214,155.04878
483.84192,-646.18463,147.26633999999999
474.5166,-651.38629,138.73038
465.72617,-656.56781,129.12762
460.58557,-660.5919200000001,121.63958999999998
454.99368,-662.2382200000001,115.93616999999999
450.53961,-661.38818,110.88696000000002
447.46905999999996,-659.72113,106.76836000000002
445.57385,-656.74951,105.53687
442.03415,-654.1444700000001,103.53094
441.47240999999997,-651.37988,103.70785
442.03424,-649.5426,105.00491000000001
446.00909,-648.72675,108.34596
449.32104000000004,-647.85883,112.50516999999999
454.74869,-646.57166,118.69218000000001
462.34464,-646.13409,124.94038
471.81032999999996,-645.47406,131.9502
482.1637,-644.87573,138.3425
493.38361,-644.4364,144.86996000000002
505.62204,-642.67224,150.78552
518.16272,-640.73114,156.58841
527.25195,-638.94141,163.30023
536.6254299999999,-636.75293,167.60381999999998
546.28253,-633.80701,171.18721000000002
557.3797599999999,-629.5672599999999,172.58803999999998
568.2746,-624.6231700000001,172.7104
579.34137,-618.9984099999999,171.30222
590.94281,-612.7993799999999,168.36682
602.45325,-606.0224,164.35329
614.10101,-599.42444,159.42505
626.17169,-592.0842299999999,153.73778000000001
638.38782,-585.08887,147.6851
650.487,-577.42627,141.50526000000002
662.81281,-570.38983,135.54013
674.32794,-563.27856,129.09273000000002
685.52954,-556.2941900000001,123.06073
694.93964,-549.29199,116.5822
703.49176,-542.31195,110.26718000000001
709.66278,-535.86725,103.42791
708.52802,-528.29578,99.98980999999999
699.8197,-528.3485099999999,95.5239
691.8908700000001,-529.4643599999999,88.53171999999999
687.44733,-527.8738400000001,84.46595
688.92413,-525.4241900000001,82.08652
691.38892,-523.5808099999999,81.5093
690.85144,-522.8485099999999,81.36336999999999
689.71277,-522.8041400000001,81.89465
691.60437,-523.04724,84.0088
693.19391,-523.0967400000001,86.74619
693.94232,-524.40637,90.27611
696.86401,-525.65039,95.04429
700.49731,-526.9718,99.99673
703.09045,-529.7085,106.05236000000001
706.26715,-532.2509200000001,111.25726
707.88239,-535.07214,116.66712
707.02039,-538.69159,121.8092
705.2561,-543.20551,126.19836000000001
700.3591299999999,-547.67676,130.36482
695.04797,-552.03546,133.40396
687.60223,-556.79785,136.24631000000002
680.9024,-561.40356,139.12617
673.47186,-566.46442,141.75783
666.50488,-572.4810200000001,144.50507
659.15393,-578.4408599999999,147.11591
651.76648,-584.0519400000001,149.06152
643.99634,-590.11737,150.58372
635.35767,-595.79382,152.13983000000002
626.9856,-601.07019,153.25826
618.06561,-606.66602,153.9474
609.20673,-611.58014,154.52919
599.6629,-616.82214,154.42152
590.05524,-622.08112,153.94591
580.86511,-627.45239,152.34505
570.84772,-632.3869599999999,151.0224
562.24298,-637.03296,148.82385
553.7771,-641.22357,145.81117
546.48676,-644.9096099999999,141.95141999999998
539.9422,-649.1059,137.15816999999998
533.07251,-652.55609,130.10896
524.2171,-655.48285,122.14296999999999
518.93817,-658.5819700000001,114.35516000000001
514.97638,-661.12598,106.81438999999999
509.36813,-661.3292799999999,99.61981999999999
503.32544,-660.0455900000001,93.70006
498.8696,-658.5002400000001,87.90318
494.84149,-655.93781,83.66624
491.7597,-652.92902,81.00164000000001
490.73107999999996,-650.72974,80.5351
491.49887,-650.5780599999999,80.72614
493.36981,-650.64917,82.80318
495.68591,-651.15179,86.01347
498.37656,-651.7251,90.67818
501.83942,-652.32397,96.12257
505.46050999999994,-653.5119599999999,103.02926
511.77884000000006,-655.94714,110.36456000000001
516.77838,-656.5296,117.70425
524.1933,-658.12598,125.47543999999999
532.81195,-659.72992,133.11758
542.90662,-661.25275,139.7319
553.59198,-662.01349,146.44122
562.2930299999999,-662.52258,153.86133999999998
569.59406,-663.13977,160.74296999999999
575.60632,-663.91705,167.15411
580.46368,-664.58807,173.13692
586.01605,-664.76904,178.04433999999998
588.25067,-663.87378,183.29135
590.74127,-663.25769,187.84627
592.62146,-662.9444599999999,191.33466
594.99115,-661.50623,194.03967
596.05542,-660.82605,196.185
597.8566900000001,-659.51617,197.46036999999998
598.5009200000001,-659.38324,198.44321000000002
601.00287,-657.11456,197.34409
601.57123,-656.77142,196.69141000000002
603.65021,-656.2157,194.86598
605.96295,-655.74268,192.13643000000002
607.99579,-654.9956099999999,188.95808
610.27844,-655.24042,185.06256000000002
612.63708,-655.04254,180.39346
615.7987099999999,-655.42682,175.40732
618.42725,-655.65137,169.65985
621.07294,-655.94562,164.1028
624.13275,-656.35352,156.96996000000001
627.2019,-656.76733,149.60179
631.4751,-657.9719200000001,141.58046000000002
635.11829,-658.95892,132.37223999999998
637.8413099999999,-661.3956900000001,123.39518000000001
626.84265,-663.05103,116.73476000000001
612.22321,-664.0300900000001,107.82095
605.97162,-664.56512,99.89381
606.1134,-664.37823,94.88266999999999
606.20135,-662.32318,90.48038000000001
604.27521,-658.20398,87.6941
602.40643,-652.50262,86.20809
602.8029799999999,-648.0330799999999,85.96095
603.07452,-644.84595,86.92088000000001
603.29041,-642.4630099999999,88.89698
604.21082,-641.03113,91.58561999999999
605.7226,-639.94128,94.9774
606.42108,-639.12769,99.68199
607.96051,-638.34027,104.42607
610.1120599999999,-637.51642,110.15758999999998
612.13293,-635.7907700000001,115.68348999999999
611.7018400000001,-632.84564,120.78878
608.68402,-628.9317599999999,125.05532
604.4038099999999,-623.6756,129.52029
598.42133,-618.08246,133.47987
590.16309,-611.56592,136.64078999999998
582.54468,-605.75653,139.76019
574.7981599999999,-599.5011,142.70183
566.32391,-593.08838,145.4241
558.13562,-586.53723,147.42848
549.08545,-579.92859,149.8924
540.52026,-573.2694700000001,150.93674
531.09717,-566.89728,152.21573999999998
521.9444599999999,-560.41187,152.76306
512.8382,-554.36835,152.74451000000002
503.6011,-547.97974,151.87599
494.47733,-542.69757,150.68698
485.62369,-536.8593099999999,148.83174
477.53949000000006,-531.85223,146.18765
469.18814000000003,-527.1076,142.77696
461.71738,-522.42609,138.60853999999998
455.15932999999995,-518.14655,133.51559
448.10397,-512.98938,127.83516999999999
441.57842999999997,-507.88113,120.92855
436.66605,-505.5766,113.39903999999999
432.72333,-504.43372,106.1643
427.07318,-502.74774,99.58457
422.41805999999997,-501.92688,94.44896999999999
420.82320999999996,-502.56577000000004,89.48959
419.16055,-502.70523,85.9873
418.58429,-501.63882,84.50117
418.47025,-501.1666,84.74834
419.4429,-500.40439000000003,86.44203
421.27997,-500.23578,89.78961
424.57584,-501.45070999999996,94.08582
428.05865,-503.58405,99.56398
431.96335,-506.74985,105.99643
437.1636,-511.09740999999997,112.38663000000001
442.27187999999995,-516.4152799999999,119.27378
448.33727999999996,-523.38733,126.27228999999998
455.83112,-531.6644299999999,132.3934
463.90560999999997,-540.73096,137.97786000000002
472.45273,-550.28223,143.15106
480.27377,-559.9386,148.53391000000002
487.15674,-569.65845,153.57634
492.90875,-579.26422,158.49533
498.02332,-588.6333,163.05478
503.00122000000005,-596.37708,167.41792
508.24810999999994,-603.52112,171.77951000000002
512.10815,-610.6621700000001,175.98848
516.7368799999999,-617.724,179.05469
520.3714,-623.84515,180.98058999999998
524.10718,-629.98041,182.19688
527.09875,-635.60773,183.3293
530.164,-640.7121,182.77518999999998
531.86829,-645.93665,181.80771000000001
533.90778,-650.7262599999999,180.41713000000001
534.90259,-654.6301900000001,178.19773999999998
535.89252,-658.4671,174.95408999999998
537.36517,-662.05859,171.32213000000002
538.64099,-665.09003,166.81946000000002
539.68896,-667.78882,162.30771000000001
541.16211,-669.8933099999999,156.82275
543.2973599999999,-672.2211900000001,150.88211
545.95038,-674.87933,144.66443999999998
548.90894,-677.6983,137.03683
551.92297,-680.6417799999999,128.54112
549.44489,-683.20813,120.63904
536.37195,-682.58606,114.06855
525.97766,-681.12427,105.77943
523.3369799999999,-682.30042,99.4985
523.08728,-682.86694,94.84772
522.80133,-680.90607,91.43791999999999
520.70331,-676.57367,88.89554
520.3568700000001,-672.55353,87.90064
521.60236,-670.2619599999999,87.91796
522.04633,-668.36615,88.84094
523.1162099999999,-667.82135,91.72874
525.08618,-667.68671,95.19093000000001
526.64685,-667.91431,99.70657
529.00647,-668.15906,105.41842
532.27545,-668.90216,111.29212
535.99445,-669.7493900000001,117.76201999999999
538.7874099999999,-669.34302,124.43478
542.16711,-668.5549900000001,129.70983999999999
542.77985,-666.6307400000001,134.81763999999998
542.54852,-663.88818,139.82651
541.17322,-660.60199,144.12188999999998
538.5614,-657.43341,147.94926
535.0423599999999,-654.02777,151.42006999999998
532.0054299999999,-650.92548,154.34743
528.1076,-647.3843400000001,157.55231
524.59119,-643.90454,159.97386
520.7099,-640.18304,161.55003
515.84265,-635.9494599999999,162.79748999999998
511.43487999999996,-632.4930400000001,162.91031999999998
506.93503,-627.9979900000001,162.04948000000002
501.90835999999996,-624.0567,160.63211
496.7775,-620.07416,158.08264
490.82358,-616.0993,155.24738
485.07205,-612.1922,151.53246000000001
479.01552999999996,-608.47363,146.8558
472.30062999999996,-604.72473,141.69226
465.71605999999997,-600.9176,136.0873
458.76027999999997,-597.03436,129.99171
449.32595999999995,-591.48035,124.27028
437.95687999999996,-586.11938,118.23305
430.06403,-581.56696,111.75738
425.52768,-578.4970099999999,105.4047
420.15450999999996,-575.20642,98.78522
415.02484,-572.11536,92.66783000000001
411.46585,-569.55249,87.43818
409.23065,-569.8819599999999,83.60491
409.32599,-569.04242,80.07491999999999
409.00417999999996,-570.42859,79.20145
410.35675,-571.49805,79.22104
411.58734,-571.45374,81.02623
413.92807,-571.4930400000001,83.79356999999999
417.51833999999997,-572.15778,88.43777
422.15432999999996,-572.47107,94.1716
425.91943,-573.4086900000001,101.9811
434.01482999999996,-573.10925,109.20062
441.88068,-573.01727,117.55812
451.15979000000004,-573.0559099999999,126.64891000000001
460.89719,-572.9830900000001,136.02116
472.62125,-572.31781,144.86514
485.33092999999997,-570.93018,152.97728
498.40714,-569.18329,161.50307
513.46527,-566.14734,168.2431
526.63525,-563.6361099999999,174.38582
538.89703,-562.36523,180.14016999999998
552.15979,-561.6962900000001,184.04318
564.0899,-560.55963,187.1172
575.8220200000001,-558.38464,189.10381999999998
590.22998,-555.97919,189.66794
605.40411,-552.49744,189.40059
620.2655,-547.31647,188.31805
635.61798,-542.1807299999999,186.86906000000002
650.90063,-536.52728,185.24126
666.37915,-530.3031599999999,183.547
680.8489999999999,-523.67633,181.70508
695.0435200000001,-516.55701,179.2162
708.7533599999999,-509.0509,177.02901
721.68756,-501.44714000000005,173.91983000000002
734.02161,-493.23224000000005,170.16016000000002
745.22382,-484.24402000000003,166.15605
757.48364,-475.57584,161.6348
768.75909,-466.90932999999995,156.74388000000002
780.53223,-457.61133,151.27034
791.5364400000001,-447.8587,144.80106999999998
803.22656,-437.44635,138.16881
813.51532,-427.43307000000004,130.15743999999998
824.43732,-416.793,122.47648999999998
834.4455,-406.99987999999996,114.35351999999999
841.5048800000001,-404.74987999999996,109.15431000000001
840.6192,-417.70926000000003,104.81496
838.1174900000001,-427.39594000000005,99.66257
839.97693,-428.19295999999997,94.95085999999999
841.9113800000001,-426.69568,89.99682
838.0466299999999,-426.32727,85.11539
830.49847,-426.39865,83.24483000000001
825.4201,-425.73877000000005,81.44579
823.0819700000001,-424.49866,80.38699
823.0758099999999,-424.09845,80.78387
824.36627,-423.41125,82.09164
825.88086,-422.52844000000005,83.93446
826.19183,-422.49905,86.59541999999999
826.32355,-422.2406,89.97004
827.6795,-421.36792,94.59781
828.24603,-420.45444000000003,100.24625
829.63855,-418.7514,105.62801
832.03058,-415.99518,112.02011
834.22882,-413.03516,118.6349
836.19666,-411.09265,124.46188000000001
837.23492,-409.26505,130.07574
837.48236,-409.24823,135.6535
837.45978,-409.28339,140.87022
837.47601,-410.96301,145.96072
835.75928,-413.56815,150.10727
834.30255,-417.28137000000004,154.02161
831.82983,-421.10098,157.73137
828.48407,-425.08554000000004,160.55178999999998
824.72937,-428.88527999999997,163.00069
821.11151,-433.53497000000004,165.23537
817.42993,-437.24260999999996,166.42747
813.56885,-441.85217,167.18825
809.47565,-446.07555999999994,167.24344
805.52637,-449.91610999999995,166.39517
802.62579,-454.19327000000004,164.76079
798.9564799999999,-459.16724000000005,162.49296999999999
795.45331,-463.64599999999996,159.69485
791.5402799999999,-468.58453,156.14262
788.5004299999999,-473.3212,151.6964
784.99835,-478.25201,147.60143
781.36261,-483.07538,142.07268
778.31128,-487.10830999999996,135.32259
775.73633,-490.73000999999994,128.12138000000002
771.63739,-495.87805,119.87258
766.63129,-503.21487,112.80828999999999
763.14941,-507.81625,105.87758999999998
760.36292,-510.42514000000006,99.99889
757.3725,-512.86639,94.73849
754.16931,-515.0181299999999,89.65903
751.75916,-516.59137,85.64368
750.0578,-517.6082200000001,83.04889
748.29205,-518.5057400000001,81.70778
748.0567,-518.48499,81.53496
748.77588,-517.58594,82.80404
750.51361,-516.7778900000001,85.59146
752.19965,-514.8688400000001,89.72138000000001
755.1792,-512.50653,95.33543
758.7603799999999,-509.98209,101.38332
762.49353,-506.72747999999996,108.10986000000001
767.58667,-502.90875,115.29983999999999
773.7254,-498.03918,122.08181
779.89868,-492.94479,128.74408
786.83307,-487.27789,135.0121
794.3344099999999,-481.33176,141.29074
801.6130400000001,-476.21245999999996,147.28041000000002
808.88135,-472.3082,152.91939
816.62823,-468.93335,157.8558
823.39185,-465.65042,162.00606000000002
830.1096200000001,-462.50043,166.00075
836.58105,-459.05133,170.07115
843.45325,-455.01669000000004,173.54906
850.5573699999999,-450.56699000000003,176.24777
857.2551900000001,-446.05118,178.46194
864.51605,-440.73645,179.33518999999998
871.63861,-436.03607,180.13455
879.1209699999999,-430.98465,180.21636999999998
886.2412099999999,-425.88665999999995,179.62903
892.93335,-420.37237999999996,178.36562
900.18146,-414.97222999999997,176.67113
905.80615,-410.64615,174.17773
912.21613,-405.64011,170.95688
917.9979900000001,-401.19409,167.04185
924.06647,-396.97446,162.1655
929.22559,-392.93216,156.73712
934.28949,-388.62225,150.97736
939.26709,-384.2384,144.78691
943.88104,-379.6579,137.76318
949.75385,-373.94897000000003,129.94142
954.43286,-368.38986,121.64034
961.13629,-366.02164,114.81995
962.9852900000001,-375.47278,108.74828000000001
962.034,-387.58704,101.51723
960.7998,-390.48245,95.49467
960.0672599999999,-387.9577,91.03101
956.09784,-387.20831,87.63951
948.94025,-389.599,86.08121
942.82843,-388.88754,85.6757
940.4649,-386.70342999999997,86.59924000000001
939.4495199999999,-384.41891,88.90543000000001
939.3226300000001,-382.95984,92.01827
940.07971,-379.95123,96.31902
940.6911,-377.55734,100.90088
942.2818,-375.54323999999997,106.2816
943.5872800000001,-372.3703,111.92703
945.60736,-368.80242999999996,117.97543
946.3331900000001,-365.38245,124.18751999999999
947.4042400000001,-360.88412,130.26478999999998
948.3902,-355.98895,135.94583
947.9589800000001,-352.3356,141.01048
946.79291,-348.96106000000003,145.78519
946.03705,-346.88364,150.26041
944.4155300000001,-345.73098999999996,153.98094
942.18799,-345.45578,157.28876
939.9111300000001,-346.33176000000003,160.25597
936.5612199999999,-348.02393,162.77573999999998
932.99902,-350.19504,164.32985
928.8493,-352.40836,165.61757
923.57208,-353.17224,165.91525
919.7067900000001,-355.91492,165.94038
915.3648699999999,-358.12149,165.0858
910.72729,-360.73926,163.89798000000002
906.60956,-363.76648,161.76691
902.5695800000001,-366.56152000000003,159.30539
897.8715800000001,-369.95987,155.29873999999998
893.7579300000001,-373.58447,151.33691000000002
889.47131,-376.87335,146.02739
885.3289199999999,-381.56122,140.38448
881.35596,-385.03589,134.40991
876.50452,-389.46725,127.51558
872.26605,-394.5466,120.67316000000001
866.1436800000001,-400.56244,114.2123
862.47131,-408.87354,107.97809
858.92615,-416.61514,101.25275
857.32666,-421.38489000000004,95.59317
855.11542,-423.2533,89.74739
852.66345,-424.48999000000003,83.97736
850.6705900000001,-425.80933,79.37859
849.67523,-427.16577,76.20600999999999
849.3784199999999,-427.02359,75.49242
848.71338,-425.74465999999995,75.39882
848.7272300000001,-424.78195,76.54185
849.3515,-422.88788,79.52163
849.9113199999999,-420.47562,82.89384
850.3670699999999,-417.78122,87.44341
852.43842,-414.20911,92.80592
854.9849199999999,-410.4054,98.196
858.26581,-406.3013,104.56048
861.4871800000001,-401.93008,110.84173
865.1062599999999,-396.26096,117.185
868.5908800000001,-389.89007999999995,123.22782
873.1343400000001,-382.87747,129.48969
876.6881699999999,-375.47964,134.28215
880.93146,-367.95801,139.32541
884.7423699999999,-359.70886,143.79613999999998
889.64209,-352.03989,148.87636
894.3829300000001,-344.98663,153.05551
899.3866,-337.07831,157.56308
904.8488800000001,-330.12064,160.99257
910.40082,-322.82281,164.14006
916.23639,-316.03601000000003,166.93135
922.6787099999999,-308.89465,169.69583
928.047,-302.25461,171.81398000000002
934.50037,-296.42535,173.2616
940.4071,-289.33542,174.0446
945.6958,-283.64797999999996,174.62608
951.0939900000001,-277.33121,174.4205
955.6084,-271.14417000000003,172.74617
960.18719,-263.93506,171.5517
964.3544300000001,-257.55521,168.46173000000002
967.6799300000001,-251.36157000000003,164.89761000000001
971.16528,-245.17764,160.78217
973.4086300000001,-239.09617999999998,155.43886
975.30072,-233.15724,149.52669
976.41205,-226.75037000000003,143.12688
977.14624,-218.54549,134.87338
976.82971,-210.0356,126.03374
978.26178,-201.82304,117.94435
986.1726699999999,-205.66554,112.67431
995.70685,-215.58248999999998,109.17925
998.47552,-218.04526,103.73302
998.24286,-216.03497000000002,97.56786
997.43756,-218.88161000000002,93.05655
995.7108800000001,-225.05922999999999,91.54507
993.49316,-228.61115,90.3274
991.18829,-230.91016000000002,88.93808
989.9086300000001,-232.04799,89.30763
989.2420699999999,-232.16374,91.44895
988.802,-230.05557000000002,93.72191
989.05212,-227.65901000000002,97.66960999999999
989.4971300000001,-224.57085,102.31294
989.90759,-221.09421,107.9976
990.6756,-216.12668,113.84901
991.64441,-211.40106,119.92387
991.2094699999999,-206.44019,126.58827
990.4437300000001,-200.44118999999998,132.32332
989.21826,-193.8447,138.31383
989.5125699999999,-188.5782,144.17139
990.8402699999999,-184.34094,149.26085
992.7669699999999,-180.65909,154.12051
996.20251,-178.22951,158.84727
999.9256,-176.90561,163.12486
1004.31647,-177.13397,167.21712
1009.18787,-179.11081000000001,170.88245
1013.6499,-180.32901,174.74229
1018.38635,-182.67673,178.01657
1022.47675,-184.53918000000002,180.65532
1027.3125,-186.29875,183.05264
1031.97229,-188.51666,184.94128
1036.27869,-190.47678,185.90999
1041.49438,-192.50503999999998,186.43626
1046.46765,-195.39319,185.89558
1052.0451699999999,-198.20575,184.62277
1057.9465300000002,-202.19104,182.70096999999998
1063.31958,-206.20802,179.94672
1069.06885,-210.55478,176.72943
1074.52563,-215.25377000000003,173.1891
1079.25793,-220.16882,168.53531999999998
1083.83582,-223.78058,163.59274
1088.00195,-228.10442,157.20102
1092.1792,-232.15103,150.21577
1095.87427,-236.50761,142.1539
1101.12158,-241.82043,133.19507
1107.88782,-251.06361,123.0121
1112.45154,-261.99551,115.33566
1116.52966,-267.42349,107.87546
1120.61951,-270.91486000000003,99.75865999999999
1123.6652800000002,-275.3197,92.13554
1126.55383,-278.77927,85.36525999999999
1127.71033,-280.94318,79.51222
1129.47534,-281.79758,76.13789
1129.06714,-281.11478,75.17787
1127.8360599999999,-279.60065,76.13927
1124.53882,-276.92819,78.85728
1121.28784,-273.26544,84.96314
1116.46411,-267.46341,93.93432
1109.12073,-257.62607,106.22737
1098.23706,-243.43182000000002,120.50493999999999
1084.58716,-227.24171,135.44275
1069.61938,-210.13948,150.27366999999998
1054.60059,-194.62469,164.76537
1039.0004900000001,-179.95163,178.70134
1019.5311300000001,-162.02641,190.94508000000002
998.6845699999999,-142.79221,200.96872
977.46552,-123.82426000000001,210.21524
953.7285800000001,-104.02511,217.40852
928.51825,-82.01633000000001,223.47241
902.4013699999999,-58.994930000000004,228.61307999999997
874.94293,-33.503840000000004,232.7011
846.5767199999999,-6.03325,237.47804
816.91083,22.48205,243.50581
788.03845,54.200619999999994,251.96462999999997
757.1904900000001,84.63351,262.75903
726.55511,114.74671000000001,277.09122
696.34204,144.49376,294.24048
666.51685,173.24018999999998,313.69946
637.21252,201.0,336.73441
609.32117,227.4724,361.89011
582.3851900000001,252.6434,389.4635
556.75763,276.29126,419.34207000000004
532.7896099999999,297.83041000000003,450.2894
510.05939000000006,317.5325,482.49715999999995
487.50082000000003,335.90485,515.41248
466.38498,352.17621,548.3194599999999
446.75705,366.01236,581.55048
426.98666,377.38538,613.25134
408.99567,388.48438,644.60956
392.06516,396.87653,675.47046
377.0383,404.48123,705.19043
363.04297,411.43027,733.29822
350.10147,416.48935,760.80609
338.26605,421.77249000000006,786.21729
327.69357,425.81473,811.31732
317.98315,429.07404,834.2987099999999
310.33759,432.01859,857.07916
302.6965,434.95395,878.08417
296.60919,436.25530999999995,898.9561800000001
290.66232,437.50687,917.54706
285.12964,438.85677999999996,934.7725199999999
279.8851,438.17749000000003,950.3349
274.30222000000003,436.2381,964.8466800000001
271.0578,435.30829000000006,976.76324
265.41342000000003,431.69177,985.8203699999999
261.44385,428.49652000000003,993.01636
256.61017000000004,424.65744000000007,996.85291
252.43732999999997,420.673,997.97266
246.92727999999997,416.05472000000003,996.63672
243.51613999999998,411.54898,993.71729
239.52306000000002,407.46057,987.43793
234.07072000000002,402.92169,977.83557
230.80818,398.76904,966.70294
224.95889,393.89157,952.5133099999999
221.58142,391.32013,936.39673
214.75476,386.50165,916.4146099999999
212.13803,383.42679,895.6355599999999
210.67072000000002,380.72211,872.59698
207.96478000000002,376.09997999999996,847.0498699999999
207.22693,371.59219,820.25531
208.03206,365.6196,791.07062
208.4752,357.88721,759.41205
214.26437,350.32486,728.06787
221.08132999999998,340.94815,695.45898
228.85147,329.26105,662.46857
237.20868,316.366,630.14752
249.07287999999997,301.98419,598.0131200000001
266.80966,289.13684,567.75623
276.87457,269.01959,536.30615
297.41367,253.58391,508.65787
315.87112,233.82205,481.54610999999994
335.50681000000003,214.46007999999998,454.87823
356.00128,194.05331,430.12112
378.67474,173.90683,406.84589
401.49527,153.12997,384.9335
425.17783,132.52209,364.52151000000003
449.20432,113.13961,345.86435
473.19043,92.38024,328.07623
497.02164000000005,71.44041,311.92395
520.245,50.23658,297.03854
543.44623,28.95178,283.55823
565.82825,7.93526,270.72672
587.08276,-13.118739999999999,258.29437
607.8205,-33.34998,246.3717
627.86652,-53.16561,234.46399
647.88464,-72.56321,222.35374
667.20355,-91.7551,210.87758
685.4988400000001,-108.57406,198.8103
703.3761,-125.40728999999999,186.93732
720.2326,-141.48488,175.69077
735.8190900000001,-157.12071,164.34256000000002
751.05219,-172.6994,153.87804
764.9952400000001,-187.99048,143.35887
780.09003,-203.58302,133.54683
797.54382,-220.30879,125.49523
816.49786,-235.58189,117.14183
824.63324,-244.31026,106.21172
828.4683200000001,-250.39307000000002,95.58665
829.3278799999999,-253.00212000000002,87.78638000000001
832.72278,-255.77728,80.44163
834.8999,-257.01337,75.68061999999999
834.27002,-256.806,71.69815
832.8598,-258.38477,70.78231
831.08502,-260.32693,72.09574
828.22278,-260.97455,72.9026
827.08807,-260.57111000000003,73.3773
826.33545,-260.31036,73.54836
826.6174900000001,-260.14426000000003,72.86440999999999
826.93738,-259.57617,72.44801
827.3877,-260.54068,72.19563000000001
828.3190900000001,-260.73502,72.82481
829.02185,-260.30978,73.59618
829.1727900000001,-259.3121,74.1022
829.35468,-258.78283999999996,76.09210999999999
829.39703,-257.80798,77.82117
829.35596,-256.04483,80.71603
829.39862,-253.89728,84.24199
828.21857,-251.88289,88.08228000000001
827.5179400000001,-248.88959,92.71843
825.47247,-245.92408999999998,97.76789000000001
823.33569,-241.80222999999998,103.89075
820.83569,-237.41588,109.49706
817.13147,-232.93532000000002,115.44218000000001
812.87848,-226.91072000000003,120.69386000000002
808.81079,-220.37233999999998,126.03901
806.0119,-213.56400000000002,131.31381000000002
804.28754,-207.41933999999998,136.20093
804.3774400000001,-201.7251,140.68782
804.46472,-197.04576,145.05933000000002
804.2559200000001,-192.04713,150.17223
805.08038,-188.70761000000002,155.20535
805.45667,-184.47568,159.39143
806.06372,-180.54005,163.45439
805.83966,-176.6259,166.65128
805.1942700000001,-172.30446,169.14283999999998
804.33765,-168.9601,171.26733000000002
802.79083,-165.53136,172.63554
800.66425,-162.50992,172.68176
798.36963,-159.60872,172.13111999999998
794.76508,-156.97988999999998,170.58618
790.8091400000001,-155.11789,168.09937
786.44171,-153.43013,164.13678000000002
780.12402,-152.48198,159.5296
773.12915,-151.78552,153.69118
764.59161,-151.52872,147.39158999999998
754.2569599999999,-151.44981,140.02202
742.61298,-151.44223,132.09488000000002
728.94104,-151.73877,123.33253
713.6365400000001,-152.39949,114.46677
700.46295,-157.14163,107.04543000000001
705.7808200000001,-169.61426,105.51965
714.84155,-183.08900000000003,102.82011
713.8059099999999,-190.47578000000001,98.46027
711.99768,-194.40816999999998,93.59971999999999
713.37604,-198.72737,88.72588
715.5874,-200.07162,83.63776
717.0921599999999,-200.69446000000002,79.71171
718.23657,-200.6546,75.95084
718.74274,-200.29766999999998,73.72707
718.43561,-199.87927,73.35681
717.72308,-199.75043,74.17039
717.1005200000001,-199.47769,75.91625
716.2950400000001,-198.22606000000002,78.27718
714.93164,-195.63046,80.38395
714.77063,-192.91797,83.36214
714.42487,-190.26768,86.17976
714.48627,-186.59152,89.24526
715.18872,-183.43188,92.68697
715.3833,-180.22321000000002,95.78789
714.97229,-176.92261000000002,99.07075999999999
714.87622,-173.58098,102.93106999999999
714.23138,-170.52101000000002,106.53816
713.39752,-167.07574,110.45761
713.02612,-163.66682,114.11785
711.96069,-160.24341,117.14629
711.03857,-156.79607,120.81578999999999
710.31714,-153.58168,123.76423
709.57025,-149.08206,126.59541000000002
710.0477900000001,-146.12729,129.32387
711.7902799999999,-144.29578,131.39627
715.22516,-143.50681,133.78808999999998
720.5875900000001,-144.33905,135.07019
728.59784,-146.93507,136.67094
737.59052,-151.12877,137.39478
747.98218,-155.31383,137.30951000000002
758.32397,-159.90575,137.61426
768.19714,-163.74443,136.68108
778.37463,-166.71538999999999,136.14743
788.7559200000001,-168.46176,134.70203999999998
799.49762,-170.29692,132.91158000000001
810.2656900000001,-170.50916,130.3936
821.9306,-171.00151,126.81493
834.43286,-170.25554,123.78465
847.32782,-169.98099,117.9564
860.83685,-171.22423999999998,111.38161000000001
868.7616,-169.89803999999998,105.18842
875.18719,-165.2702,99.82959
881.0083599999999,-164.0143,92.20025
882.7669099999999,-166.26372,87.39497
881.8870800000001,-169.39619,84.10038
878.0817900000001,-173.72122,81.09371999999999
873.12885,-180.03521999999998,79.30577
869.86316,-183.16925,77.91456
866.86682,-186.47632,77.67258000000001
867.14807,-186.30971,78.54984
868.03033,-183.89534,79.15898
868.53894,-182.58263,81.047
868.38818,-181.09978999999998,84.60635
868.9512900000001,-179.46893,89.32732
867.71429,-178.46138,94.66498
866.35327,-177.54718,100.81105
862.94611,-176.90192,106.79728
859.961,-176.68011,113.10085
856.0396699999999,-177.05122,118.96928
851.8508300000001,-179.30414,125.28673
848.25946,-184.10939,132.18428
843.04901,-192.19902,138.42757
839.1868900000001,-201.06311000000002,145.18538
833.97974,-208.53521999999998,150.48022
828.90704,-216.93152999999998,155.16695
823.45477,-225.23488999999998,160.07262
818.43939,-233.55821,164.08014
812.0255099999999,-240.59955,167.29559
805.8269,-248.75808999999998,170.55981
800.18463,-255.76972999999998,172.92349
795.0985099999999,-263.08713,174.51105
789.5896,-269.99084,175.44815
784.41083,-277.40442,176.3932
779.25354,-284.71198,176.1501
775.04669,-291.48413,175.99567
770.31805,-298.86316,175.28798999999998
765.64203,-306.00158999999996,173.40878
761.62677,-313.1489,171.59277
757.9124099999999,-319.89139,169.11099
754.13892,-326.10067999999995,165.67209
750.64984,-331.92075,161.86467
747.69934,-337.95279,157.01106000000001
744.58813,-343.85247999999996,151.76079
741.56348,-348.7565,145.61119
739.5670200000001,-352.59482,137.9077
737.2132,-355.77398999999997,129.63535
734.06183,-360.06625,121.17755
729.0222200000001,-367.22809,113.3828
723.10059,-375.34515,105.84361000000001
719.06512,-380.2377,99.59464
715.1795,-382.42957,93.97570999999999
711.25409,-383.40491000000003,89.06174
706.98926,-383.69836000000004,85.6066
703.203,-383.42975,83.04723
699.94122,-382.74594,81.88598
698.34943,-381.11731000000003,81.90514
697.8682299999999,-380.44971,83.08093000000001
698.08386,-379.25006,85.58409
699.0250900000001,-378.40567000000004,88.96840999999999
700.15881,-377.93881,93.26605
702.60455,-377.38919,98.82777
704.83875,-375.97629,105.14938000000001
707.88892,-374.3916,111.46394
709.83508,-373.16122,117.97758999999999
710.33173,-372.40887000000004,124.17772
708.68262,-372.86301000000003,131.08841
705.3041400000001,-374.83597000000003,138.02993999999998
700.29834,-377.94357,143.8784
696.0296599999999,-381.19479,149.6869
692.1460000000001,-383.76062,155.20318999999998
688.55188,-387.82639,160.10161000000002
685.13165,-391.54073999999997,164.64261000000002
681.30109,-395.7366,168.70743000000002
677.2932099999999,-400.49707,172.12608
673.04498,-406.72037,175.04363999999998
668.73633,-410.8483,177.73343
664.73181,-415.95462000000003,179.78049
660.76581,-420.48562999999996,180.96057
656.9384200000001,-425.37631,181.95313000000002
652.99023,-429.97672,182.33502
648.7036099999999,-434.60837000000004,181.98491
644.87634,-439.21335,180.69421
640.7842400000001,-443.40732,178.96855
636.89728,-447.16382000000004,176.41545
632.34149,-450.76735999999994,173.71935
627.81964,-453.61969000000005,170.38477
623.6198099999999,-456.87780999999995,166.06323
618.76764,-459.28632000000005,161.78625
615.20898,-462.02966,155.7948
611.00122,-464.59238,149.40475
607.6240799999999,-466.9079,142.24045
603.97632,-469.83315999999996,134.55518999999998
600.1806,-472.77954000000005,125.78545
593.34497,-476.82132,115.95135
583.30878,-480.5079,108.77863
576.6494799999999,-482.3887,100.53818000000001
573.00122,-484.43478,92.78520999999999
569.55902,-484.6171,84.49591
564.67224,-483.80762000000004,78.36204000000001
560.80743,-482.37064000000004,74.26295
559.4952400000001,-481.40417,72.21098
559.70978,-480.84157999999996,71.97664
560.98352,-480.62778,73.38554
562.2157599999999,-480.26074000000006,75.33703
563.4663099999999,-480.43304000000006,77.83485
564.4060099999999,-480.76705999999996,80.71249
565.66675,-482.25982999999997,84.65399000000001
567.0880099999999,-484.10805999999997,88.9152
568.85779,-486.33847000000003,94.05224
570.86694,-488.99039000000005,99.39275
573.03448,-491.48724000000004,104.56483
575.4729,-494.94946,108.87456999999999
577.76477,-498.90039,113.2648
578.4350599999999,-503.80029,117.0289
578.0806299999999,-509.41513,121.21083
576.06543,-515.66119,125.09956000000001
570.5816,-521.75995,129.25168
563.61078,-527.71222,133.9257
554.27008,-534.06476,139.12238
544.97919,-540.36578,144.15489
535.11737,-546.73615,149.19019
524.75055,-553.41962,154.33768
513.92981,-560.2175900000001,158.6199
503.64563,-566.73883,162.70592
493.22437,-572.86969,166.02153
483.18535999999995,-578.79492,168.54689
473.94153,-585.1192,169.90129
466.13595999999995,-590.86176,170.22648999999998
458.83435,-596.7452400000001,169.37717
451.79773,-601.80219,167.85405
445.39224,-606.8845200000001,165.15413999999998
439.65781,-610.80255,161.40601999999998
431.5658,-615.10742,157.38308999999998
420.60547,-619.0131200000001,153.07664
411.91302,-622.24573,147.92809
410.20602,-624.26392,141.70845
406.62875,-625.5155,134.731
399.84299,-624.95947,129.59146
393.07681,-623.06903,125.94618
390.10873,-622.0946,121.99731000000001
387.67566,-622.07367,118.35687
385.86301000000003,-621.25708,116.18911000000001
384.41132000000005,-621.35596,115.54991000000001
385.45941,-620.96075,115.45312
387.39645,-619.54224,115.82009
388.44006,-619.08228,118.1794
392.23801000000003,-617.23395,121.5407
397.27505,-614.66058,125.26855
402.73276,-612.5133099999999,130.33434
408.01342999999997,-611.12396,136.23111
415.48181,-608.43738,141.62222
424.26407,-606.21173,147.34895
432.92276,-603.61475,153.36588
441.06769,-601.01013,158.92244
449.79398,-597.5043900000001,163.61213999999998
457.20383,-595.27179,168.54022
464.02405,-592.41614,172.38801999999998
471.18445,-589.95471,174.63201999999998
481.07852,-586.27692,174.46228
491.65545999999995,-581.67926,173.92784
503.03018,-577.02136,171.87813
515.6062599999999,-571.45453,169.12022
530.09772,-565.6619900000001,165.33665
543.0498,-559.17432,161.65697
555.78381,-552.34155,156.95889
569.95477,-543.80988,153.20483000000002
584.9278,-535.375,149.35938000000002
597.56305,-526.22717,144.06333999999998
611.23608,-517.1478900000001,139.24188
625.09485,-508.41240999999997,134.03252
638.05597,-499.44357,128.42941000000002
651.06976,-491.09454000000005,122.76312
663.4882200000001,-482.54443,116.93987
676.03387,-473.84238,110.84405
687.41589,-464.97128,104.39175
696.46387,-455.01974,98.93794
696.21942,-447.87924000000004,96.31914
684.88037,-445.62285999999995,91.80613000000001
677.42517,-443.80688,86.60984
677.00269,-442.5668,82.87680999999999
676.94208,-443.57632,79.40223
674.80359,-444.30383,76.9986
673.99518,-444.86389,76.28745
674.62585,-446.59857,76.4866
675.95892,-447.48620999999997,77.82956999999999
675.56714,-449.02002000000005,80.17566
676.3041400000001,-451.21808,82.65508
677.42896,-455.25142999999997,85.22823000000001
676.82642,-460.39221,88.12771
676.11963,-466.02176,91.07465
674.41156,-471.84997999999996,93.94861999999999
671.53931,-478.77988,96.93029
669.05292,-486.85477000000003,99.35195
661.7666,-494.93802,101.03133000000001
651.48926,-503.73334000000006,103.08485
639.0095200000001,-512.9649,105.36613
624.40759,-523.2193,107.91748999999999
608.44897,-533.9669200000001,110.69133000000001
591.59729,-544.54187,114.63045
572.40698,-554.30457,119.05918
554.8220200000001,-564.36591,123.96838000000001
537.44147,-573.8281900000001,128.34068
520.87506,-583.33545,132.77319
504.9567,-592.71796,136.40313999999998
491.71227999999996,-600.97083,138.00485
479.74698,-608.8446700000001,137.52943
469.27094000000005,-616.09497,133.955
455.6424,-624.4508099999999,128.26471999999998
441.96865999999994,-629.48303,119.44466000000001
439.7771,-632.1361099999999,112.46228
437.88089,-635.08087,106.49837
432.00875999999994,-632.5620700000001,102.93993
428.54642,-627.65472,102.64149
428.29053,-624.7558,101.29132
428.06458,-621.61475,101.52476
428.92551,-619.1134,103.56519
431.27190999999993,-618.62872,106.61237
435.08295,-619.2143599999999,110.41264
439.86795,-620.50623,115.54553999999999
445.72684000000004,-621.81403,121.18002
452.48233,-623.43018,127.01786000000001
460.84073,-624.62421,132.80003
470.05359000000004,-625.3759200000001,138.2449
479.30667,-625.6472200000001,143.68156000000002
487.88912999999997,-625.5907,148.69156
495.44875999999994,-625.49469,153.65256000000002
504.47263,-623.88293,157.08926
512.43805,-623.40314,159.37028999999998
522.09448,-621.24438,160.7702
535.19,-618.7033700000001,160.02103
546.19299,-615.0405900000001,158.65697
558.48547,-611.0806299999999,156.6727
571.52637,-605.8869599999999,153.67743000000002
584.1402,-600.36591,149.80064
598.20825,-594.5117799999999,145.66101
612.05151,-587.28357,140.50775
626.0943599999999,-580.27856,135.24318
641.19696,-573.41571,129.75279
654.81439,-565.40979,123.98218999999999
669.37195,-557.78992,118.34921000000001
683.16174,-549.60779,111.80148
695.61707,-541.61572,104.9147
706.5093400000001,-533.15369,98.15661999999999
710.0047,-525.40997,94.60732
703.51642,-530.2366900000001,90.20429
695.4566,-533.74103,84.07928000000001
692.06152,-532.81152,80.07628000000001
693.66638,-530.95593,76.90306
691.88416,-529.12305,75.23881999999999
690.22528,-528.21497,76.17331999999999
690.85992,-528.37018,76.19866
692.7097200000001,-528.62598,76.62633000000001
691.93219,-528.07977,78.06367
692.85333,-529.15973,80.65944
693.69318,-529.67151,83.35441999999999
693.33862,-530.78522,87.21883000000001
694.20251,-531.89465,91.49038
695.40479,-532.57507,95.99483000000001
695.39044,-533.0726900000001,101.46506
694.40906,-534.7406599999999,106.15266000000001
691.8131099999999,-536.14911,110.52866000000002
685.5051900000001,-538.53259,115.2943
677.15607,-542.2710599999999,118.55073
666.3584,-546.61267,120.67201000000001
655.22516,-551.41406,123.42118
643.7155799999999,-556.72864,125.71798999999999
633.37793,-562.88422,127.96439
621.64886,-569.41699,130.45096
608.9812,-576.34021,132.17673
596.12732,-583.83203,133.49559
582.88544,-591.2963900000001,135.09302
569.76385,-599.22559,135.75357
556.26868,-606.6444700000001,136.68294
542.7406599999999,-614.78278,136.74471
528.8654799999999,-622.93939,136.85449
515.23645,-630.95508,136.64078
501.60927999999996,-638.7932099999999,135.80975
488.28310999999997,-646.39075,135.29477
475.48328,-654.15967,133.84126
463.11325,-661.04675,131.57358
448.6235,-668.30164,128.6331
433.41112999999996,-673.9696,124.71011999999999
425.17053,-677.8974,119.11025
420.73529,-679.64667,110.30583999999999
416.12576,-680.3192700000001,103.77558
410.4039,-679.68359,98.60799
405.82129,-677.75427,94.92884000000001
404.03781000000004,-675.52039,91.99578000000001
402.18273999999997,-673.6456900000001,90.47872
400.7002,-671.24512,90.69537
401.1904,-669.53986,91.70168000000001
402.50133999999997,-668.6467299999999,94.51428
405.63547,-668.33807,99.01742
409.47687,-668.13605,104.44884
414.70482999999996,-668.05408,111.16479
421.21896,-668.08722,118.91818
429.65024000000005,-667.61609,126.25001999999999
439.01977999999997,-667.21497,134.16435
449.06259000000006,-665.96063,141.70893999999998
460.24136,-664.4841299999999,149.41994
471.32111,-662.21942,157.07417
483.69788,-660.2343099999999,164.45927
493.76687999999996,-657.87982,172.50339
503.85635,-655.6657700000001,180.44201999999999
514.12885,-654.15344,187.32338000000001
524.94739,-651.9032599999999,193.62624
535.32843,-649.3911099999999,199.34804
545.60815,-647.6007099999999,203.30794
556.17242,-645.45929,207.03396999999998
566.50525,-643.23956,209.14246
577.1358,-640.677,210.64832
588.68555,-636.96838,210.84707999999998
600.98792,-633.51788,209.95531
613.4359099999999,-629.0321700000001,208.24898000000002
626.3869599999999,-624.58374,205.45737
639.95148,-617.90363,201.77373
653.0158700000001,-612.12451,197.75116
665.328,-606.3081099999999,193.21935
678.29883,-599.78613,188.65091999999999
691.50012,-592.94257,183.00826999999998
704.70374,-585.13165,177.21864
717.02692,-576.7818,171.19182
730.18182,-567.18365,164.70857
743.6087,-557.65131,158.01486
757.94879,-546.68677,151.04698
772.84869,-535.38684,143.31876
788.2625099999999,-522.78888,136.05173
803.1168200000001,-509.51892000000004,128.52516
817.22369,-497.15905999999995,121.99131000000001
825.28558,-488.47391,117.45461
819.8179299999999,-492.65125,112.13273000000001
805.19031,-504.71505999999994,103.2469
796.84589,-507.71227999999996,96.24805
800.28046,-506.32083,93.41462
804.6345200000001,-505.74917999999997,89.9254
803.56763,-504.849,87.51033000000001
800.82489,-502.71555,87.74886
800.4956099999999,-501.87172999999996,88.05029
799.99579,-500.45505,88.14298000000001
800.55005,-499.23978,89.24811
798.98376,-498.3269,90.46509
799.04248,-497.35849,92.83069
799.8952,-496.84995,95.72675
800.74054,-496.07608,99.44870999999999
801.8903799999999,-495.56827000000004,103.3722
803.72021,-495.2562,108.00764
805.6091299999999,-494.73087000000004,112.50887
807.33929,-494.70447,117.72027
808.41254,-494.79135,122.98618
809.70007,-496.32375999999994,128.6064
809.32111,-499.14349000000004,135.22871
807.51208,-503.63831,141.50798
804.17426,-511.15880999999996,147.00015
799.25494,-520.60815,152.6571
792.55829,-531.7595200000001,157.88289
784.9354900000001,-544.28992,162.94321000000002
775.86554,-557.55981,167.91707
765.9176,-570.33527,172.1006
755.3055400000001,-583.7269299999999,175.35533
744.26959,-597.49091,177.8203
732.1958,-610.70618,179.70093
719.72461,-625.20587,180.48851000000002
706.77478,-638.13165,180.7621
693.89252,-650.8179299999999,180.12714
680.60443,-663.4241900000001,179.11266
666.86328,-675.72736,176.97037
652.91498,-687.48492,174.52246
639.47772,-698.93036,171.44255
625.8861099999999,-709.53418,167.32152
612.6532,-719.70984,163.14128
599.44434,-727.89917,157.18805
584.21082,-737.67468,151.67775
566.71295,-746.66211,145.96075
550.8855599999999,-752.59802,139.20879
538.26923,-755.86237,130.70273
527.64935,-756.90979,121.55445
519.7312,-757.63422,113.96313
513.3218400000001,-758.40955,107.40025
508.07715,-759.9844400000001,101.69933
504.8179,-760.9060099999999,97.56659
504.85675,-762.65057,94.54131
505.48837000000003,-764.94879,92.50288
506.93185,-766.81506,92.3961
508.70105,-767.5427900000001,93.81644
511.48514000000006,-766.7706900000001,96.21378
514.6716299999999,-765.08447,100.6067
518.47864,-762.56903,105.88526999999999
523.6424,-758.99689,113.12655
530.02594,-754.58875,120.72375
537.4032599999999,-748.28693,129.05067
546.20459,-741.85321,137.97708
556.29553,-733.50977,146.46745
567.2325400000001,-724.35968,154.79813000000001
579.13635,-714.27625,163.09389
590.97278,-703.81989,170.83058
601.51849,-693.6041299999999,177.19063
612.0210599999999,-684.6004,182.79582
621.02637,-676.2658700000001,187.84819
629.8584,-669.0047599999999,192.78159
639.65643,-661.53278,195.10146
651.14709,-652.2691,195.5676
662.7135,-642.85608,195.20695
675.7619,-632.34326,193.46236000000002
689.1449,-621.5202,191.45264
702.50433,-610.31201,187.89145
716.76398,-599.04889,184.1881
729.74268,-587.4801,179.90906
743.89905,-575.84778,176.09563
756.8759200000001,-563.9621,171.41513
769.8190900000001,-551.94916,167.05321999999998
782.91626,-540.00806,163.05078
795.68768,-528.07642,157.96528999999998
807.61163,-515.78204,153.02107
819.82208,-504.2374,148.26328
831.6405,-493.13907,143.09085
844.41119,-481.34732,138.09129
857.31342,-469.97507,132.68997
869.5966800000001,-458.70654,127.56133999999999
882.1129800000001,-447.83896,121.43151999999999
894.20514,-437.03909000000004,115.46222
905.5861199999999,-426.35085999999995,109.15144
912.90851,-420.12692000000004,103.81456
908.6405599999999,-427.48110999999994,99.05759
900.4762,-437.68915,91.49308
897.9575800000001,-440.43967000000004,85.44444
902.4150400000001,-440.60483,80.13929
902.93799,-440.41675,76.12601
899.51636,-440.19089,75.39596
898.2072099999999,-439.28278,76.3424
899.93896,-437.73517000000004,77.39418
900.3621800000001,-436.38245,78.88741999999999
899.9038099999999,-435.82372999999995,81.12601
899.98645,-435.52945,83.25777
901.23041,-435.65365999999995,86.68735
901.3887900000001,-435.90195,90.67464
903.05621,-435.88773,95.30894
904.823,-435.57352000000003,100.61811
906.08771,-435.08923,106.22823999999999
906.40308,-435.75543,111.86511000000002
905.62457,-437.4837,116.54292
902.2747199999999,-440.6376,121.34172
896.3684099999999,-444.45529000000005,124.80916
889.4238300000001,-448.79907000000003,128.31616
881.6188400000001,-453.42487,131.75447
872.2280900000001,-459.33899,133.91641
861.81281,-464.54932,135.89861000000002
851.02081,-469.90649,137.7337
838.90436,-474.95761,138.218
826.2547,-479.98720999999995,139.05934
813.17621,-485.23547,139.0145
799.71613,-490.08203,138.57748
784.21417,-494.79697000000004,137.62935
769.78363,-500.36469000000005,136.36646000000002
756.24658,-505.97617,134.054
741.96527,-511.84685999999994,131.36729
728.2674599999999,-517.51819,128.12276
713.88684,-523.79218,124.49178
700.06085,-530.28027,119.7387
680.04773,-534.80835,114.16948000000001
670.7081900000001,-536.70453,109.6454
671.76422,-537.22162,103.71356999999999
673.8175,-535.63391,97.85706
670.5009200000001,-534.9386599999999,95.91293
665.06622,-535.27985,93.95461
664.83008,-535.78894,92.00706
666.73425,-536.84155,92.02735
667.49585,-537.40631,92.24041
667.80341,-537.6369599999999,94.01501999999999
671.7348599999999,-537.93927,96.69946
674.8731700000001,-538.23718,100.6787
678.2918099999999,-537.69244,105.59343999999999
683.08307,-537.26721,110.55583
689.00897,-537.10583,116.01231000000001
695.5631099999999,-536.68671,120.58267
701.13287,-536.39423,125.83263000000001
707.83099,-535.83575,130.28537
714.1138900000001,-535.7432299999999,134.6674
720.42242,-535.2930299999999,137.56265
727.9425,-534.13898,140.32652
735.91864,-532.3496700000001,142.27483
745.28247,-528.17395,142.8098
754.01147,-524.86365,143.06736999999998
761.92151,-521.33093,141.95462
770.8980700000001,-517.37115,140.38902
778.7430400000001,-512.48535,137.95058999999998
787.18378,-507.15909000000005,135.03032
795.88708,-502.23318,131.74826000000002
805.27716,-495.69949,127.74801000000001
815.82654,-487.97747999999996,122.79471000000001
825.61707,-481.25412,117.73341
836.45612,-474.17789000000005,111.49366
847.54578,-467.38640999999996,105.47277
851.00311,-465.34912,102.53218000000001
844.42432,-473.67001,98.20969000000001
837.1897,-480.19586,92.05666
836.79413,-482.3457,87.4724
840.23395,-484.38898,83.67335
839.6947,-484.42773,80.44232
835.5131200000001,-483.0733,79.09737
832.26501,-481.40402,78.3173
830.93701,-479.30795,78.11689
832.24988,-478.51825,79.5561
831.86438,-477.15576,80.82101
831.40497,-476.43245999999994,83.2298
830.1845099999999,-475.03687,85.91679
830.0473,-474.79245,89.44865
830.03473,-474.07684000000006,93.86714
829.2737400000001,-472.94901,98.24087
828.27472,-472.37325999999996,103.52556
824.836,-472.2406,107.9163
819.37915,-472.51086,111.87692
810.03607,-473.9726,116.286
800.6311599999999,-475.86227,120.00093999999999
789.15143,-478.10324,122.50146000000001
776.01563,-479.22882000000004,125.66598
763.8326400000001,-481.80535999999995,128.61316000000002
751.3913,-483.96011,131.71262
739.0213,-486.7084,134.27257
725.88806,-489.65722999999997,136.86397
712.50085,-492.30719000000005,138.44554
699.30182,-494.99789000000004,140.35992
685.64386,-497.48107999999996,141.74608999999998
672.1449,-500.15732,142.8959
659.1057099999999,-502.29889000000003,143.46393999999998
644.39252,-504.32925,143.76073
630.36523,-506.89550999999994,143.763
616.2851,-508.79430999999994,143.4863
602.78265,-510.90924,142.89893999999998
588.00891,-513.66473,142.00418
574.55188,-515.26385,140.47539
561.44305,-516.9754,137.94746
549.6214,-518.28955,135.25592
537.34186,-519.40375,131.89346
523.34375,-519.71552,128.31982
510.76227,-518.43781,123.5214
504.77902,-517.62946,118.00411000000001
501.43372,-516.6571,110.34917
499.11682,-515.16571,103.75095999999999
496.94305,-512.2388900000001,98.98066999999999
494.00812,-509.64014000000003,95.77242
492.9213,-507.85400000000004,93.27126
493.22812000000005,-506.52237,91.91405
493.63437000000005,-505.62689000000006,91.74204
495.94750999999997,-505.0054,92.31845
497.49792,-504.57999,93.16086999999999
498.36969000000005,-504.42902000000004,93.70893000000001
498.32794,-504.18445,93.75242
498.16155999999995,-504.53452000000004,93.87947
497.07513,-505.08145,93.64044
496.15146,-506.30550999999997,93.94418
495.87299,-507.65851,94.2912
495.59982,-508.40765,95.09447
495.50967,-509.02057,97.11671
495.74255,-508.69974,99.76201999999999
495.98849,-508.04697000000004,103.05374
496.6301,-507.65558,107.15763999999999
498.38115999999997,-506.81685999999996,111.69443999999999
500.66486,-506.95657,116.22079
504.01324000000005,-506.90512,121.19108
507.65582,-506.50336,126.33113
511.8978,-506.84857,131.75027
517.1268299999999,-506.57004000000006,136.97905
522.86292,-506.69583,142.41278
527.7016,-506.26500999999996,147.80312
530.65607,-505.43973,153.19656
531.03729,-504.04925999999995,158.22597
531.03485,-500.87299,162.67381
529.2431,-496.87814000000003,167.51991
525.6650400000001,-490.97058,172.97614
521.53333,-484.74835,177.15076000000002
516.90112,-477.08044,181.45071000000002
512.37732,-469.17135999999994,185.5369
508.99579000000006,-462.49447999999995,188.20555
506.065,-456.59637000000004,189.89699
504.62032999999997,-452.12762000000004,191.03123
504.33975,-447.51492,190.48077
505.48000999999994,-444.03390999999993,188.88115
506.40314000000006,-439.39572000000004,186.58279
508.90682999999996,-434.586,182.81
511.74782999999996,-429.59027000000003,177.9877
516.73694,-424.39694000000003,171.70741
521.9365799999999,-418.91595,164.86809
527.70313,-412.27304,157.84068
533.71973,-405.05255,149.87965
540.59253,-396.41791,141.87134
547.34155,-387.02982000000003,133.70723999999998
554.2072099999999,-376.15466000000004,125.23418000000001
561.57532,-363.98715,116.56123999999998
572.50537,-349.99962999999997,106.78556999999999
581.28296,-334.53472999999997,97.85383
582.3465,-318.9397,94.39761
568.30273,-308.3573,92.45666999999999
559.14581,-296.91699,88.77626
558.86786,-289.9617,85.01575
558.6713900000001,-287.28467,80.10297
557.2515900000001,-287.41857999999996,76.02711
555.9418900000001,-288.01474,71.70401
556.60077,-288.9584,68.82883000000001
556.7923,-288.36734,67.4108
557.65039,-287.15833,68.37056
558.8184200000001,-286.32364,69.5648
560.50012,-287.06656,70.93186999999999
561.24286,-287.83331,72.57276
562.65314,-289.81473,74.33771999999999
563.2547599999999,-292.05792,76.33963
564.61072,-294.27045,78.80074
566.12811,-296.60400000000004,81.53534
568.12146,-298.91461,84.5668
570.03265,-301.52698,88.96661999999999
572.34723,-304.31467000000004,93.0267
574.8739,-307.04987,97.19481999999999
578.27875,-310.40402,101.4782
581.86725,-313.95142000000004,105.84806999999999
585.24402,-317.98691,109.61848
589.75885,-322.31458,113.57553
593.77264,-326.41573999999997,117.46365
598.3371,-331.14597000000003,120.60637
602.7124,-336.4212,123.88026
606.66455,-341.7673,127.14901
609.13025,-347.20062,129.82453999999998
610.64075,-352.61469,132.32889
610.39349,-357.84186,134.47185
609.6505099999999,-363.40491000000003,136.60785
607.43018,-368.18686,139.07207
603.30475,-372.94144,140.90385
597.81641,-378.50269,142.51027
590.4894400000001,-384.71069,144.09216
583.66986,-390.63113,144.66707
578.05963,-397.65961,144.75143
572.47546,-404.72778,143.70827
567.3154900000001,-412.35037,142.7141
563.65283,-422.03795999999994,139.63005
560.13708,-432.43152000000003,135.74594
555.93323,-443.67859000000004,130.94643
553.93146,-456.10294000000005,125.03655
552.63287,-469.72860999999995,118.43353
549.09937,-484.72214,110.91903
541.53302,-496.09308,103.79507
533.59973,-502.96313,100.66195
530.1355,-510.76052999999996,96.71579
529.46924,-517.55609,90.15136
528.25629,-517.04382,86.25599
526.5513900000001,-511.3634,85.73015
526.8745700000001,-504.1796,85.28126
528.7905900000001,-497.08423,85.82969
531.95569,-490.77698,88.62543000000001
535.31622,-486.06097,93.22088000000001
540.35406,-484.65573,98.83722
545.74902,-484.53079,106.29212
552.88977,-485.86215,114.31343000000001
560.94647,-487.48900999999995,122.74808999999999
570.00623,-490.24962999999997,130.47539
579.4832200000001,-492.71384000000006,137.88478
588.73157,-495.71759000000003,144.89102
598.24866,-498.41555999999997,151.12939
606.93347,-501.18480999999997,157.286
615.5880099999999,-504.46869000000004,162.86831999999998
624.05011,-507.26541,168.26277
631.2092299999999,-509.94104000000004,173.88492
638.52423,-512.85101,178.97298999999998
645.31781,-515.70868,183.48045
653.6814,-518.7481700000001,186.69731000000002
661.87988,-522.26837,189.53348
670.9538,-525.74371,191.42302
680.11853,-529.06622,192.17026
690.13885,-533.22235,192.57468
700.1217,-537.10382,191.83900000000003
710.1015,-541.24445,191.02963
720.80963,-545.20587,189.38638
730.7601900000001,-549.15863,187.32301
741.6082200000001,-552.85022,184.69653
752.4257200000001,-556.51697,181.62625
763.12793,-560.58728,178.26067
774.4420200000001,-564.20386,174.72224
785.24255,-567.87848,170.53665
795.6510599999999,-571.22662,166.13307
806.1344,-574.7000099999999,161.17465
817.0528,-577.8041400000001,155.6391
827.43304,-580.3499099999999,150.24226000000002
838.2679400000001,-583.4506200000001,143.90329
849.61755,-586.43304,136.87585
861.5809300000001,-589.39703,129.54398999999998
873.37109,-592.5835599999999,121.42679
884.0242300000001,-597.03766,114.84645
871.8450300000001,-604.17664,110.02824
857.2949199999999,-608.55017,102.45299999999999
855.83954,-610.01703,96.77232
858.43073,-611.24646,90.54961
855.58954,-608.20282,84.10149
848.58484,-603.41925,80.91399
844.41229,-600.08392,78.82095
845.7612300000001,-598.1037,76.67719
846.09644,-598.25031,76.69625
845.9907199999999,-599.72339,78.38339
848.1252400000001,-600.2955900000001,80.4201
849.5491900000001,-600.61469,83.56076999999999
850.0474199999999,-600.7605,86.64394
851.47137,-601.0065900000001,91.89629000000001
853.3934300000001,-601.2737400000001,97.16060999999999
855.2806400000001,-601.50568,102.32840999999999
858.2821,-601.18878,107.82704
860.4196800000001,-601.14545,113.14951
865.86505,-599.73096,118.46041000000001
869.8290400000001,-599.12988,124.04368999999998
874.01099,-598.40765,129.08612
877.7941300000001,-597.86035,134.09706
880.21289,-597.6218299999999,138.97581
880.96069,-597.60284,142.53072
881.96136,-597.26495,146.19156999999998
881.2771,-596.43915,148.76802
879.6262199999999,-595.77661,151.48808
877.1405599999999,-595.02319,153.29211
874.96204,-593.92822,154.50493
872.42755,-592.91675,155.08903999999998
869.7941900000001,-591.63965,155.13362
867.81616,-590.41089,155.27989
865.62885,-589.6012599999999,154.00522
863.81055,-588.92035,152.69078000000002
862.83417,-588.22729,150.21636999999998
861.3878199999999,-587.28754,147.47766000000001
859.7742900000001,-586.1709599999999,143.18497
859.96545,-585.46161,138.96188
859.9005699999999,-583.94855,133.36661
859.91522,-583.64172,127.87178999999999
860.0325300000001,-583.11847,120.95648
857.77716,-582.03345,114.4944
848.75525,-579.93738,108.57648
841.9486699999999,-579.50671,102.55396
839.1157800000001,-580.48242,95.90266
836.92535,-580.29333,90.45057
833.80896,-579.4599599999999,85.06730999999999
831.50989,-578.10107,80.2182
828.91632,-576.26202,75.49306
827.95886,-573.8145099999999,73.53772
826.7254,-572.67542,72.7607
827.51117,-572.3443599999999,73.40715
828.4007,-572.0961900000001,75.07589
828.9429299999999,-571.80792,77.26803000000001
828.67603,-571.3866,79.58855
828.52344,-570.94818,82.86156
829.3728,-570.80939,87.11049
828.8197,-571.0741,91.5579
829.1695599999999,-572.01306,96.65057
827.3429,-571.96686,101.59585
824.94897,-572.5033,106.38637
819.87115,-572.5067700000001,112.08757
812.40393,-572.508,117.57773
803.4558099999999,-573.4187599999999,121.9061
793.67267,-574.6281700000001,126.78403
784.20862,-576.24146,131.10676999999998
773.9325,-578.31812,135.62418
761.88892,-581.72168,139.39822
750.3582200000001,-584.63574,143.304
737.89618,-587.90369,146.64975
725.1304299999999,-592.01935,150.1414
712.4278,-595.43347,152.70463999999998
698.78125,-599.57953,155.23289
685.03357,-603.51782,157.36125
670.59644,-607.68359,158.78322
656.26025,-611.67651,160.2011
642.44055,-615.52283,161.13823
628.17334,-619.80103,161.71112
614.81055,-623.09735,161.80011000000002
600.94012,-626.92505,161.20625
587.85675,-630.25586,160.47383
575.41895,-633.60992,158.21255
564.4212,-636.65527,154.99709
554.4243799999999,-639.7533599999999,150.42728
541.49298,-642.71753,146.05891
527.72943,-644.72339,140.32912
521.51001,-646.33649,132.73783999999998
517.64252,-648.8385,124.8565
511.97263,-648.41565,119.63111
505.47433,-646.9530599999999,116.75538999999999
502.28378,-646.05884,112.94218000000001
500.28615999999994,-644.67249,110.41578999999999
498.53009000000003,-642.30353,108.96744
497.8978,-641.24994,109.19827
499.27582,-640.55786,110.11561
501.52893,-639.8507099999999,112.56127
505.43344,-639.32935,115.77853999999999
510.41843,-638.95142,120.70023
516.40936,-637.97321,126.25081000000002
523.2338900000001,-637.03003,132.45367
531.78979,-636.5210599999999,138.60596
541.18201,-636.14258,144.66451999999998
551.2394400000001,-635.2832,150.23301999999998
561.5163,-634.49213,155.95718
570.97919,-633.40045,161.88452
579.84644,-631.9231,167.58373999999998
587.78131,-630.8924,172.45979
595.58167,-629.03497,176.87613000000002
602.4305400000001,-627.8505200000001,180.50368
610.99158,-625.6544200000001,182.4742
621.8385,-622.8682299999999,182.49155
632.21326,-620.2894299999999,182.1554
644.19128,-617.13733,180.1456
656.86395,-613.50671,177.0098
670.83252,-610.04498,173.30148
686.2973,-605.18945,167.77768
700.81055,-600.84698,162.66325
715.46094,-595.77954,156.82126
731.03351,-590.78583,151.08508
745.84515,-585.3114,144.9191
761.00421,-579.56329,138.60867
777.14355,-573.2832599999999,131.42348
791.64911,-567.23096,124.85723999999999
808.26135,-561.52856,117.55835
823.64575,-556.01385,110.16878999999999
838.16724,-550.16119,102.38439
848.1071199999999,-543.81183,96.3679
849.02515,-540.78357,92.63988
842.27307,-541.92645,88.69852
833.08618,-541.57349,85.3871
831.3240400000001,-538.2028799999999,81.87724
832.89105,-535.19116,78.39814
831.2356,-531.2814900000001,75.92281
829.8479,-528.32465,75.44411
829.0750099999999,-527.20886,75.10471
830.9801,-527.83826,75.60015
832.22247,-528.4372599999999,76.40645
833.32678,-528.45911,77.78161999999999
833.70111,-528.5354,80.54881
834.5618900000001,-528.91718,82.87679
834.96027,-530.0122700000001,86.38712
835.38531,-530.87933,89.8641
836.81738,-531.99213,94.13069
837.85547,-533.40619,98.69572
839.69519,-534.97406,103.67387
841.78668,-536.4732700000001,108.6999
844.3493,-538.48926,113.72222
845.89801,-540.31897,118.87941000000001
845.7670300000001,-542.36487,123.78108999999999
844.71906,-545.49005,129.20778
841.2000099999999,-549.12988,133.51998999999998
835.00812,-553.03986,137.03128
827.12,-556.84857,139.75545
818.2394400000001,-561.336,142.88699
808.63995,-565.91815,144.90266
797.71997,-570.40674,146.89534
787.12427,-574.79926,148.69867
776.30878,-579.3704799999999,150.12607
765.11914,-583.66638,151.58524
754.35876,-588.21411,152.63789
743.00482,-592.08978,153.1254
731.90497,-596.1415400000001,153.07481
719.48816,-601.48035,153.36893
707.3308099999999,-605.74646,152.05778999999998
696.15881,-609.74377,150.65123
685.56519,-613.74811,148.30173
673.336,-618.20966,146.49913
662.00262,-622.08099,143.81491
651.74786,-625.61359,139.97733
641.80969,-629.63367,135.20166
631.1557,-633.7724,129.13977
620.47198,-636.95728,121.0887
616.23474,-638.89166,113.16384
614.49445,-641.2806400000001,105.36261
608.89301,-641.70325,97.81461
602.7951,-639.9798599999999,92.35287
599.18121,-638.2334,86.5893
596.21887,-636.26941,81.9986
593.71338,-633.84882,79.28075
592.53094,-632.5905799999999,78.16086999999999
593.22168,-632.65613,78.51538000000001
594.28247,-633.33618,79.61941999999999
596.06519,-633.2396200000001,81.91936
597.8939799999999,-633.7655,86.06133
600.4418900000001,-634.17566,91.31200000000001
603.91986,-634.6535,96.81747
607.7054400000001,-635.16473,103.00838
612.26086,-635.57886,109.76098999999999
617.01239,-635.80127,116.26176000000001
622.8560200000001,-635.91071,122.84023
628.92511,-636.37726,128.98253
635.08661,-636.2959599999999,135.2327
641.0364400000001,-636.0093400000001,140.81232
646.8326400000001,-635.45227,145.89287
651.11737,-635.05328,151.10431
654.96912,-634.28973,155.19124
658.3992900000001,-633.08276,159.08415
662.34985,-631.4938400000001,161.52357
664.55328,-630.15906,164.3636
667.32587,-628.1632099999999,166.84779
670.73248,-625.43835,167.89235
672.86285,-623.4705799999999,169.0703
675.25513,-620.70953,169.09225
677.93854,-618.6718099999999,168.88052
680.42859,-615.97888,168.00595
682.7368799999999,-612.9699099999999,165.78603999999999
685.04987,-610.36261,163.62317
686.90405,-607.9657599999999,160.10693
690.1145,-605.6665,156.41046
692.1817599999999,-603.51129,151.91891
695.17822,-600.44,146.76231
696.4093,-598.90662,141.5972
698.44006,-596.61298,135.51628
702.01923,-593.7157,128.37538
702.80872,-592.1650400000001,121.61506999999999
702.1184099999999,-589.28882,115.61777
693.9938400000001,-586.51923,110.67706000000001
684.70447,-583.9896200000001,105.50873999999999
680.00531,-582.44305,99.20931999999999
677.70227,-580.93555,93.16348
674.68347,-579.4852900000001,86.48048
671.17957,-576.93787,80.48702
668.6331799999999,-574.6406900000001,76.08917
667.7142299999999,-572.617,73.67314
667.46466,-571.6102900000001,72.77651
668.48987,-571.61127,73.14795
670.03687,-571.4434200000001,74.61446
670.92023,-571.3974,76.85905
671.92261,-571.7388900000001,79.20549
673.17902,-572.01239,82.10703000000001
673.3627299999999,-572.7665400000001,85.33122
674.20239,-573.9187,89.12103
674.67462,-575.84607,93.28130999999999
676.31171,-577.67657,97.70454000000001
677.62903,-579.87531,102.79207
679.33606,-581.94116,108.03498
681.63501,-583.39868,113.41672
684.1458700000001,-585.25281,118.62137
686.06915,-586.56177,124.0079
686.0087900000001,-588.41632,129.51998999999998
685.67786,-590.31036,134.64043
683.46191,-591.99719,139.33261000000002
679.45703,-593.62677,143.03181
674.79443,-595.07257,146.63885
669.1130400000001,-596.38281,149.94839
663.31287,-598.06854,152.46034
657.00549,-599.43805,154.57689
650.55286,-601.4426900000001,156.61317
643.73145,-603.46844,158.00113000000002
637.16357,-605.07452,159.51575
630.51489,-607.07794,160.28343
623.5918,-608.79773,160.32384
617.09686,-610.46887,160.04283
609.80011,-611.8548,159.29102
601.8363,-613.34167,157.99648
594.09344,-614.25098,155.87771999999998
586.24292,-615.4361,153.45845
578.86969,-616.45111,150.05551
571.34247,-616.91656,146.73293999999999
565.1184099999999,-617.37079,142.09309
559.48022,-618.26001,136.63443
554.0613400000001,-619.18439,129.92914
546.12469,-619.14099,121.57439
539.8145099999999,-619.38397,114.51553
534.93573,-619.52362,108.45737
530.53247,-617.98456,102.54928000000001
526.52979,-614.88477,97.01482
523.53857,-611.745,92.44269
521.1829799999999,-608.13007,88.64101
520.27295,-604.60767,85.7918
519.1375099999999,-601.96161,84.30904
519.2969400000001,-600.6881099999999,83.81014
519.56097,-600.51599,85.06281
520.41797,-601.75049,86.98055
521.95483,-603.51404,89.63736
523.6127299999999,-605.34607,93.01414
525.08704,-608.5366799999999,96.89036
527.11096,-611.90692,101.77642
529.34229,-615.05939,106.31572
531.69037,-618.60376,111.25275
534.57678,-621.87036,115.25742
538.4468400000001,-625.25446,119.46851000000001
541.48157,-628.00226,122.95363
544.29651,-630.28027,126.21473999999999
546.60443,-632.2962,129.18329
548.1027799999999,-633.99744,131.49615
548.84509,-635.57825,133.48747
548.91418,-636.78192,134.9563
548.74927,-637.63867,135.88062
548.13824,-637.73279,136.37589
546.96777,-637.78491,136.3443
546.0736099999999,-637.51392,135.98788000000002
545.15802,-636.9227900000001,134.68974
544.54291,-636.8043200000001,132.62053
544.03809,-636.51245,130.05267
543.65723,-636.7932099999999,126.79202
544.39343,-637.0036,122.60682
545.35162,-637.34393,117.41304
544.89117,-637.38135,111.98705
539.03003,-634.5402799999999,107.85883000000001
533.1721200000001,-632.54791,103.47400999999999
528.65277,-631.4657,97.84387
524.76605,-629.50549,93.16138000000001
522.31873,-628.47217,88.18349
520.29578,-627.81525,83.18528
517.6217,-626.17725,78.15088
515.48572,-623.92755,73.77776999999999
513.46088,-623.16016,71.00944
512.8499099999999,-623.7139900000001,69.21406999999999
513.4046,-624.1220099999999,68.92018
514.289,-624.8996,69.67042
515.15179,-625.21362,70.50936
515.9166299999999,-625.13959,71.92912
516.96295,-625.21777,73.10372
517.50446,-625.5374099999999,74.89275
518.29907,-625.76044,76.79762
518.60382,-625.97803,78.68829000000001
519.2440799999999,-626.20343,80.78246
519.66083,-626.46643,82.76935999999999
520.5645099999999,-626.4279799999999,84.92187
520.71667,-626.72607,87.17684
521.70935,-627.21906,89.13839
522.15002,-627.74573,91.25545
523.25861,-628.4201,92.93566
523.46387,-629.1908,94.4918
523.9137599999999,-630.0755,95.43608
524.71027,-631.1932400000001,96.42281
524.90485,-632.33069,96.8446
524.58112,-632.74969,96.77286
524.1254299999999,-633.49573,96.38447
523.83008,-633.7398099999999,95.64025
522.8344099999999,-634.0022,94.45638000000001
521.56775,-633.6496,92.51017
520.1068700000001,-633.5105599999999,90.30927
518.49658,-632.86078,88.0527
516.13135,-631.88306,84.67947
513.79742,-630.60815,81.11336999999999
511.28912,-629.19885,77.12977
507.93627999999995,-627.23273,73.22322
