X18,Y18,Z18
977.21954,4.6391800000000005,-2.71397
977.2647699999999,4.69292,-2.8022
977.2302199999999,4.67933,-2.74495
977.2647699999999,4.69292,-2.8022
977.1987300000001,4.7393,-2.75368
977.35364,4.6826,-2.85321
977.2663,4.75565,-2.86214
977.29034,4.78052,-2.9077
977.3709699999999,4.88959,-2.88777
977.2996199999999,4.813359999999999,-3.01642
977.47321,4.92415,-2.9479900000000003
977.4566,4.88388,-3.01059
977.57324,5.15412,-2.89836
977.61682,5.14561,-2.96129
977.61682,5.14561,-2.96129
977.4508699999999,4.9573,-2.81327
977.3977699999999,4.8760699999999995,-2.6411700000000002
977.53217,4.8497900000000005,-2.53422
977.4169300000001,4.844130000000001,-2.43722
977.3801900000001,4.89567,-2.17219
977.2869900000001,4.93182,-1.9687599999999998
977.38,4.9794,-1.7265099999999998
977.48407,5.05819,-1.54425
977.8996,4.84699,-1.29198
978.8005400000001,4.40402,-1.03514
979.6737099999999,3.63985,-1.22567
981.7869900000001,2.37242,-0.5804699999999999
984.0831300000001,0.47347,0.50346
985.6279300000001,-1.9888599999999999,2.3557
988.5626199999999,-5.6233699999999995,4.12959
990.45935,-9.17765,6.298690000000001
992.68927,-13.68791,8.18622
994.79663,-18.016,10.761
997.5672,-23.55421,12.938239999999999
997.97455,-27.773809999999997,15.243160000000001
999.0083599999999,-32.79821,16.54042
999.6637599999999,-38.108709999999995,17.56847
999.6424,-42.93161,18.19179
999.57776,-48.38479,17.97874
998.8743900000001,-53.45018,17.47005
997.67609,-58.36915,17.05835
996.0048199999999,-63.2952,16.05106
994.2637900000001,-68.72729,15.69004
992.7204,-73.80025,14.46486
989.9035,-78.4388,13.70925
987.19214,-83.34551,12.62829
983.8513199999999,-87.75925,11.89663
980.47589,-92.39235,10.42105
976.5790400000001,-96.91485,9.02405
972.3964199999999,-100.92461,7.9146600000000005
967.80994,-104.96812,6.12995
962.7656900000001,-108.55945,4.27388
958.10333,-112.57068999999998,2.9271700000000003
952.52411,-116.31403999999999,1.27316
947.17859,-119.68775,-0.052579999999999995
941.73175,-123.90019,-1.50365
936.18665,-127.80711000000001,-2.5133900000000002
931.27228,-131.9001,-3.8693199999999996
925.59558,-136.54251000000002,-5.2083900000000005
920.84454,-140.78598,-6.50092
915.67151,-144.25681,-7.77774
910.8159199999999,-150.45543999999998,-7.52215
906.23419,-155.59888999999998,-8.07338
901.2778900000001,-160.21971000000002,-8.03652
896.90399,-165.52678999999998,-8.22985
892.96869,-169.99437,-8.71702
888.67346,-175.26471,-9.54543
884.7488400000001,-179.93025,-10.335469999999999
881.3657800000001,-184.82375,-10.73944
877.6184699999999,-188.22545,-11.79946
874.3925199999999,-192.70953,-12.74385
871.0627400000001,-196.77306000000002,-13.667639999999999
868.7266199999999,-199.78493999999998,-13.75724
866.34381,-203.52501999999998,-13.692079999999999
864.71881,-207.19731000000002,-13.466460000000001
862.47089,-210.59172,-12.9722
860.73285,-215.28897,-12.33269
860.02515,-218.12537999999998,-11.292
858.3125,-221.74004,-10.4424
857.1511800000001,-225.70358,-10.19096
855.2167400000001,-229.11232,-10.23465
853.73822,-232.91,-10.59558
852.3897699999999,-237.24446,-11.25798
850.22375,-240.49167999999997,-12.069469999999999
848.7362699999999,-243.8331,-13.00724
846.71295,-247.25992000000002,-13.019
844.85785,-250.39061,-12.8362
842.6242699999999,-253.03264,-12.59794
840.82666,-255.99132000000003,-11.518289999999999
838.72876,-258.23267000000004,-11.77742
836.51923,-260.099,-11.53355
832.89136,-263.4447,-12.0144
830.1571,-265.45065,-12.91363
827.96033,-266.78432999999995,-13.43961
825.45526,-267.70947,-14.318670000000001
822.67249,-268.36215,-15.569870000000002
819.86768,-269.01352,-16.3506
816.98151,-269.73236,-17.86461
814.31537,-269.93068999999997,-20.2441
812.03766,-270.51828,-20.538870000000003
810.3382,-272.02701,-20.40834
809.15814,-273.41409,-20.23441
808.39172,-275.16582999999997,-20.053179999999998
807.54974,-277.20676000000003,-19.93228
807.71002,-278.2775,-19.94148
808.00861,-278.65762,-20.34317
808.44141,-279.33008,-20.78818
808.50488,-279.85537999999997,-21.37416
808.60242,-280.32568,-21.74933
808.6936599999999,-280.45621,-22.03789
808.69318,-280.44574,-22.18096
808.7879,-280.48254,-22.41791
808.78625,-280.53116,-22.45261
808.59375,-280.72256,-22.87565
808.20038,-281.40347,-22.865460000000002
808.1188400000001,-281.41699,-23.06631
808.03052,-281.56296000000003,-23.14969
807.80176,-281.84634,-23.814020000000003
807.67792,-281.8927,-23.80348
807.64813,-281.86028999999996,-23.72384
807.92938,-281.63842999999997,-23.400489999999998
807.9556299999999,-281.76315,-23.44623
807.9556299999999,-281.76315,-23.44623
807.87146,-281.6199,-23.21552
807.89844,-281.74273999999997,-23.392689999999998
808.13861,-281.75354,-23.26634
807.89093,-281.61011,-23.58951
807.9556299999999,-281.76315,-23.44623
807.89093,-281.61011,-23.58951
807.92084,-281.54956,-23.70513
807.91132,-281.59494,-23.66631
807.9855299999999,-281.70261,-23.56184
807.9556299999999,-281.76315,-23.44623
807.89844,-281.74273999999997,-23.392689999999998
807.81482,-281.53927999999996,-23.075429999999997
807.75146,-281.48334,-22.980529999999998
807.8306299999999,-281.50781,-22.78952
807.51807,-281.28632000000005,-22.27348
807.5025,-281.55939,-21.63436
807.2854,-281.39883,-21.27214
807.1225599999999,-281.47662,-21.140629999999998
806.86279,-281.46085,-21.19201
806.95953,-281.37585,-21.56243
806.9599599999999,-281.27802,-21.74616
806.9791299999999,-281.06097,-21.98291
806.94672,-281.04446,-22.281589999999998
806.92053,-281.10797,-22.413529999999998
806.98602,-281.12177,-22.497629999999997
807.1478900000001,-281.37329,-22.772289999999998
807.20538,-281.22037,-22.87921
807.3606,-281.46045,-23.17719
807.43121,-281.36005,-23.33962
807.6153,-281.43703999999997,-23.64141
807.57825,-281.57898,-23.7425
807.90692,-281.53458,-24.21132
808.18719,-281.64236,-24.473229999999997
808.36261,-281.81964,-24.693920000000002
808.3226900000001,-281.90512,-24.96247
808.46838,-281.9097,-25.22491
808.60229,-282.12207,-25.72413
808.74414,-281.9606,-25.845879999999998
808.74609,-282.05798,-26.038829999999997
808.68109,-282.5275,-26.348290000000002
808.8457,-282.25647000000004,-26.605520000000002
808.95605,-282.2291,-26.84555
809.16278,-282.2308,-27.039620000000003
809.19116,-282.1506,-27.08418
809.24658,-282.45813,-27.118540000000003
809.53491,-282.42075,-27.29702
809.7927900000001,-282.44504,-27.61842
809.94983,-282.38473999999997,-27.93007
809.02368,-282.67426,-28.979879999999998
809.02368,-282.67426,-28.979879999999998
809.5285,-282.43338,-28.708040000000004
809.45087,-282.41116,-28.98735
810.11011,-281.91848999999996,-29.03527
810.21307,-281.85251,-29.182129999999997
809.85175,-282.33395,-29.0418
810.29761,-281.97232,-29.151770000000003
810.15515,-281.76971000000003,-29.206559999999996
810.2097200000001,-281.67157000000003,-29.33845
810.28857,-281.84381,-29.370140000000003
810.3009,-281.63416,-29.47085
810.3247700000001,-281.70026,-29.48569
810.4892,-281.79376,-29.628559999999997
810.56604,-281.79537999999997,-29.73752
810.68219,-282.01813,-29.9505
810.79944,-281.88266,-30.001559999999998
810.8869599999999,-281.97992,-30.30132
810.8869599999999,-281.97992,-30.30132
810.8869599999999,-281.97992,-30.30132
810.93152,-281.9075,-30.18484
810.95435,-281.95245,-30.398459999999996
810.93152,-281.9075,-30.18484
810.8869599999999,-281.97992,-30.30132
810.76593,-282.28067000000004,-29.88318
810.64026,-282.06818,-29.82775
810.49652,-281.99994,-29.63095
810.32239,-282.03641,-29.49932
810.21149,-282.01447,-29.4883
810.16156,-282.02774,-29.519990000000004
810.39502,-281.62582000000003,-29.53544
810.36017,-281.60007,-29.4955
809.97736,-282.06195,-29.298479999999998
810.18256,-281.59268,-29.38713
810.04626,-281.65756,-29.25024
810.04626,-281.65756,-29.25024
810.04626,-281.65756,-29.25024
810.00867,-281.58801,-29.139909999999997
810.01697,-281.54617,-29.16187
810.01062,-281.50876,-29.35773
810.1319,-281.63431,-29.375320000000002
810.16315,-281.50513,-29.52934
810.20093,-281.52066,-29.575840000000003
810.2814900000001,-281.5466,-29.61307
810.34045,-281.5499,-29.666659999999997
810.3752400000001,-281.57562,-29.7066
810.40497,-281.5574,-29.751040000000003
810.4469,-281.64999,-29.918059999999997
810.51672,-281.65439,-29.877440000000004
810.51672,-281.65439,-29.877440000000004
810.72784,-281.68304,-30.02485
810.64435,-281.78763,-30.11245
810.75641,-281.8154,-30.210720000000002
810.8869599999999,-281.97992,-30.30132
810.8869599999999,-281.97992,-30.30132
810.8869599999999,-281.97992,-30.30132
810.8869599999999,-281.97992,-30.30132
810.9823,-281.99362,-30.39177
811.04962,-281.96616,-30.4889
810.9823,-281.99362,-30.39177
810.9823,-281.99362,-30.39177
811.0919200000001,-282.02551,-30.32116
810.57642,-282.47031,-30.10919
810.7271099999999,-282.36255,-29.9346
810.7271099999999,-282.36255,-29.9346
810.36932,-282.26807,-29.63505
810.25568,-282.46484,-29.54353
810.4989,-282.22388,-29.699479999999998
810.67725,-282.18842,-29.80482
810.7196700000001,-282.19498,-29.85797
810.9164400000001,-281.74463,-30.10855
810.68665,-282.24422999999996,-29.955959999999997
810.84607,-282.23834,-30.00028
810.84607,-282.23834,-30.00028
810.6792,-282.07662999999997,-29.87933
810.79492,-281.68384,-30.05452
810.79425,-281.776,-30.213359999999998
810.69135,-281.49124,-30.390629999999998
810.6403799999999,-281.62665,-30.59142
810.4538,-281.38388,-30.41525
810.2966299999999,-281.2843,-30.18627
810.1279900000001,-281.31628,-30.125190000000003
810.0095200000001,-281.19122000000004,-29.94485
809.87579,-281.21927,-29.82212
809.71954,-281.25821,-29.948390000000003
809.81476,-281.17755,-29.903259999999996
809.78638,-281.18707,-30.08653
810.49823,-281.41891,-30.831870000000002
810.14166,-282.19376,-31.05738
810.2856400000001,-282.12247,-31.296979999999998
810.75385,-281.97815,-31.554479999999998
810.7866799999999,-281.91907000000003,-31.72893
811.07056,-281.98935,-31.93797
811.33807,-282.09171000000003,-32.09313
811.67462,-282.60352,-32.49048
811.9870599999999,-282.09012,-32.39481
812.32056,-282.40796,-32.699670000000005
812.98767,-282.73566,-32.995059999999995
813.68359,-283.04758,-34.27772
814.37909,-283.58078,-35.79623
815.47662,-284.99033,-37.24503
815.76892,-287.47092000000004,-38.70081
812.98633,-293.36682,-39.86197
811.84033,-299.30548,-36.78172
809.77026,-305.78458,-32.755179999999996
809.4150400000001,-312.43082000000004,-26.927690000000002
806.5708,-319.36602999999997,-21.60535
803.3028,-325.77547999999996,-16.25388
799.7810099999999,-331.80655,-10.81904
795.03003,-337.20627,-6.706980000000001
790.36017,-342.57986,-3.3976900000000003
785.15057,-347.52722,-2.32346
779.63501,-351.71988,-1.4446
774.6839,-355.47598,-2.87308
769.89349,-358.6282,-5.03101
765.3879400000001,-361.88184,-7.289969999999999
760.23407,-365.32706,-10.02133
757.1474599999999,-367.19531,-12.56119
754.3194,-368.19777999999997,-15.84586
751.86627,-368.60999,-18.59096
750.69781,-367.30953999999997,-22.898320000000002
746.11938,-366.16425,-31.311809999999998
742.8573,-364.91235,-38.63642
739.38843,-363.61773999999997,-32.82862
738.65057,-363.53882000000004,-32.4324
736.59003,-363.88083,-30.8207
736.00311,-363.1019,-29.615209999999998
736.42749,-363.70123,-28.616190000000003
735.54492,-363.10138,-29.90565
735.41486,-363.26489,-29.99121
736.0741,-362.96741000000003,-30.25644
736.08685,-363.4072,-30.636640000000003
736.14185,-363.66376,-31.062790000000003
736.46771,-363.57052999999996,-31.55514
736.85895,-363.49786,-32.06515
736.2896099999999,-363.54028,-32.81171
736.42633,-363.83493,-32.98728
736.83954,-364.22647,-33.1484
737.55859,-364.88791000000003,-33.71293
738.23901,-365.32767,-34.655440000000006
739.64972,-366.01288,-36.996140000000004
742.62097,-366.48761,-39.149840000000005
751.68683,-363.24915,-40.745779999999996
766.42944,-356.78796,-34.07087
784.93219,-347.93478,-26.59031
808.08606,-337.767,-17.65674
829.51685,-331.39599999999996,-8.08945
851.3762800000001,-328.04874,0.5995
872.43976,-327.80872,8.673810000000001
891.9027699999999,-330.76544,15.154620000000001
909.7086800000001,-336.23581,20.24536
925.5341800000001,-342.37119,21.611520000000002
940.14386,-347.79348999999996,19.59489
952.44208,-353.34268,14.772039999999999
963.8012699999999,-356.54935,8.54941
973.7619,-358.91467,0.03115
982.383,-358.32791000000003,-11.488610000000001
991.03217,-355.77164,-24.2494
995.92755,-351.12506,-34.81807
996.77222,-351.12534,-36.09887
996.9124800000001,-351.1535,-36.10249
996.27039,-350.15259,-34.02857
996.4624,-350.3027,-33.13165
996.4638699999999,-350.68686,-33.79518
996.5985699999999,-350.82394,-34.299459999999996
996.1320800000001,-350.22495,-35.12022
996.05072,-350.33331,-35.31446
996.59772,-350.85739,-34.32627
996.63635,-350.88379,-34.18577
996.5164199999999,-350.9281,-34.02558
996.49542,-350.86337000000003,-33.61029
996.03729,-350.73672,-33.82878
996.12091,-350.17072,-33.03114
995.6560099999999,-347.0159,-31.22032
993.90576,-342.72937,-27.43215
991.5136699999999,-336.70837,-21.43214
983.11896,-332.50366,-17.83653
970.9160800000001,-331.89194,-15.55534
957.5410199999999,-334.15695,-11.800989999999999
941.0051300000001,-340.69632,-8.49291
921.19635,-351.35419,-6.12993
902.32825,-363.54913,-3.8342199999999997
881.44055,-377.49627999999996,-2.9445200000000002
858.44019,-392.66003,-3.4151800000000003
838.30408,-405.86298,-4.43939
815.89478,-417.2597,-9.13212
795.11743,-424.63007000000005,-18.2332
774.4782700000001,-427.9968,-30.929159999999996
755.87421,-428.63302999999996,-41.78978
743.8815900000001,-426.68814000000003,-37.25566
740.10107,-425.46505999999994,-34.37533
738.55066,-425.71322999999995,-34.16401
737.68146,-424.94034000000005,-32.62122
737.66296,-425.01250999999996,-32.60814
736.95953,-425.23886,-31.35697
737.19647,-425.12987999999996,-30.94765
737.35168,-424.65833,-31.49372
736.24139,-426.32415999999995,-30.78142
737.01416,-425.24465999999995,-31.47622
736.39075,-425.69943,-32.24151
736.3382,-425.69849000000005,-32.92253
737.2366900000001,-425.58817,-33.04647
737.56879,-424.17360999999994,-34.380959999999995
736.96637,-425.73217999999997,-33.72963
737.11517,-426.85532,-33.167429999999996
737.69061,-426.18298,-33.999359999999996
738.25946,-426.3074,-34.3905
739.83209,-425.2822,-34.92062
739.85968,-426.06387,-36.374340000000004
741.06653,-426.02155,-38.44684
742.65857,-425.79717999999997,-40.1051
744.61469,-425.53549000000004,-42.02363
746.9411,-424.91959,-42.81013
752.04224,-422.98309000000006,-42.38665
761.3254400000001,-418.64792,-37.6273
774.4329799999999,-413.26111000000003,-29.62658
786.03729,-406.30182,-24.76633
801.97412,-398.02155,-18.49165
816.3591299999999,-390.65405,-14.37662
831.5762900000001,-383.08209,-11.26421
845.1270099999999,-376.19476000000003,-9.29925
860.81171,-367.86884,-7.22483
878.48175,-358.78439,-4.13952
894.2063,-349.14783,-2.66257
909.10175,-338.10573999999997,-1.64737
924.55292,-325.89651000000003,-0.23149
939.05249,-312.41321,0.71827
950.7431,-296.58347000000003,1.27726
962.84454,-280.02258,2.07381
971.55585,-263.47153,-0.54235
979.3585800000001,-249.03711,-4.46411
984.8082300000001,-234.9426,-12.77776
988.362,-224.97736,-27.838659999999997
989.83783,-218.10722,-30.969040000000003
991.44208,-218.1291,-32.92062
990.13049,-218.67652999999999,-29.24183
989.63672,-218.67476000000002,-28.9459
989.4689900000001,-219.2861,-29.5178
989.7836300000001,-218.28841,-30.093159999999997
989.50195,-218.89561,-30.2368
989.42078,-218.80232,-30.36763
989.5378400000001,-218.36487999999997,-30.563029999999998
989.94391,-218.33997999999997,-30.87205
989.98364,-218.35237,-31.385740000000002
990.0777,-218.31055,-31.93893
990.5029900000001,-218.31435,-32.5072
990.78491,-218.25677000000002,-33.08527
991.0349699999999,-218.22047,-33.81127
991.44653,-218.50269,-33.85948
990.75641,-218.18767000000003,-34.18176
990.9481199999999,-218.29023999999998,-33.90336
991.19647,-218.48244,-33.53925
990.7736199999999,-218.50083999999998,-32.90249
990.65906,-218.20417999999998,-33.22702
991.12305,-218.67986000000002,-33.00951
991.84644,-218.58417999999998,-34.023
992.7529900000001,-219.19072000000003,-35.483709999999995
993.90363,-219.84793,-35.79951
995.86365,-220.78819,-34.76182
997.9331099999999,-222.24086,-33.34153
1000.8801300000001,-225.71565,-28.2743
1004.5363199999999,-229.80547,-22.251079999999998
1008.23419,-234.44083999999998,-16.76815
1011.8715199999999,-239.60651000000001,-11.11207
1016.62726,-245.32108,-4.62496
1020.7487800000001,-250.91011,1.07431
1024.67224,-256.59387000000004,7.197310000000001
1027.73218,-261.40713999999997,13.141770000000001
1030.4873,-266.85837000000004,18.16246
1032.14661,-272.51144,22.35892
1033.15051,-277.75568,25.29983
1032.89746,-282.13174,27.107740000000003
1031.85339,-286.89325,28.432240000000004
1029.62915,-290.98215,27.72745
1026.16016,-294.52307,25.71229
1021.82385,-298.09348,22.065579999999997
1016.67432,-301.57122999999996,16.81152
1010.6931800000001,-306.85361,9.41699
1004.67474,-312.89232999999996,-0.7200300000000001
996.8281300000001,-320.85849,-13.37914
989.95435,-328.60074,-27.68423
984.3262900000001,-338.04489,-35.018159999999995
981.11597,-341.99075,-27.69705
982.2896099999999,-341.66193,-29.569029999999998
981.5278900000001,-341.69138,-29.11705
981.1415400000001,-341.15881,-30.031440000000003
980.85553,-341.46657999999996,-30.22089
979.9224199999999,-341.78601000000003,-29.769140000000004
979.23462,-342.14911,-29.17478
979.28949,-342.15665,-29.65492
979.9888900000001,-342.15283,-30.65333
980.35596,-341.66257,-32.530840000000005
981.52271,-341.09042,-33.93496
982.19067,-341.73098999999996,-35.554359999999996
982.7940699999999,-340.35181,-36.79891
983.32208,-340.22021,-37.54146
983.69464,-340.01041000000004,-37.899879999999996
984.64661,-339.61795,-39.17633
985.9146699999999,-339.77499,-41.04398
988.245,-338.53148999999996,-43.85007
990.1972,-339.03668,-48.30989
994.7941300000001,-338.17638999999997,-49.19802
1005.4005699999999,-330.02902,-34.88459
1022.66815,-319.13297,-12.90408
1046.97034,-309.35629,11.58587
1075.73315,-305.14175,35.590309999999995
1107.771,-305.19897000000003,58.98571
1142.65881,-306.57207999999997,84.16597
1179.0811800000001,-308.47107,112.61013999999999
1216.23083,-308.54742000000005,144.29724
1252.6488,-306.8544,178.88628
1288.4586199999999,-305.12314,216.12982000000002
1322.5048800000002,-302.15216000000004,255.20752000000002
1355.6759,-299.68604,295.84375
1387.0324699999999,-296.74042000000003,337.97964
1415.73352,-295.07126,380.00296000000003
1442.23901,-293.59232000000003,422.04375999999996
1466.81763,-292.13245,463.91525
1489.9937699999998,-291.02557,503.91299000000004
1511.2006800000001,-289.92331,542.32642
1532.03687,-288.80237,578.3079799999999
1551.5332,-287.04462,612.29651
1570.3201900000001,-285.2092,644.50134
1588.46094,-283.14557,676.56885
1604.51624,-280.72302,708.45593
1618.87085,-277.41544,740.75348
1631.44714,-273.79742000000005,773.66425
1641.65759,-270.87009,807.4942
1649.21777,-267.71506,841.56152
1654.9729,-264.64035,876.27716
1658.26331,-261.70592999999997,910.31061
1659.52393,-259.63473999999997,943.8233
1658.9187,-258.08493,976.1740699999999
1656.56104,-257.40176,1005.9589199999999
1653.8586400000002,-256.97055,1033.26025
1651.47351,-257.18314,1057.38562
1650.37244,-257.42789,1077.63013
1650.39209,-257.95788999999996,1094.43201
1651.03113,-258.79486,1108.6395300000001
1651.65479,-259.62622000000005,1119.92346
1651.6458699999998,-260.92261,1129.04602
1650.67151,-262.01682,1135.97449
1648.85815,-263.46518,1141.1063199999999
1646.27576,-264.71115,1144.07666
1642.7224099999999,-265.36947999999995,1144.92456
1638.29944,-266.13217000000003,1143.8682900000001
1632.96729,-267.0387,1139.90955
1628.13611,-268.17542000000003,1133.4082
1623.55518,-269.16602,1123.2976099999998
1622.0885,-270.54999,1109.23035
1624.50977,-272.46005,1090.77869
1629.22192,-275.63338999999996,1067.8656
1635.94678,-279.00375,1040.60779
1642.349,-283.71539,1009.3544300000001
1648.0673800000002,-288.91351000000003,975.4404300000001
1651.33105,-294.3255,938.07959
1652.07715,-300.10143999999997,898.37469
1650.9307900000001,-305.69809,856.22021
1646.9393300000002,-310.935,811.68292
1639.99194,-315.31667999999996,765.56195
1629.42554,-319.02814,717.7298
1615.1550300000001,-322.06453999999997,669.0654900000001
1597.23218,-324.57968,619.43042
1574.87646,-326.64432,569.62494
1549.3504599999999,-328.85419,520.1524
1519.95264,-331.97226,471.36929000000003
1486.7440199999999,-334.51492,422.83517
1450.0062300000002,-337.80905,375.70609
1410.21899,-342.95102,329.51517
1368.3311800000001,-347.84842000000003,285.32999
1324.19055,-353.67606,242.79889
1278.25964,-359.92175,203.64641
1231.5444300000001,-366.16083,168.09676000000002
1184.93201,-371.80392,136.94217
1138.06091,-377.09677,110.26898999999999
1092.64282,-381.27347000000003,87.89893000000001
1048.59045,-384.57562,68.63807
1006.14209,-387.40439,51.31203
965.5164800000001,-389.5145,35.4384
926.3571199999999,-391.18892999999997,21.15384
889.4415300000001,-393.07852,7.87294
854.40454,-396.23892,-5.32547
820.9483,-399.79797,-18.68021
788.5826400000001,-405.38174,-31.920579999999998
758.1644299999999,-411.1366,-45.530879999999996
734.64465,-415.3624,-41.60768
719.80823,-420.52520999999996,-36.1725
713.6791400000001,-426.42215,-31.97022
710.70831,-432.33005,-27.695729999999998
709.4237099999999,-433.77399,-26.417559999999998
709.3056,-433.21182000000005,-27.051540000000003
709.04108,-433.80328,-26.54748
708.54724,-434.1994,-25.83748
707.8967299999999,-434.9866,-24.96527
707.6992799999999,-435.64453,-24.76365
707.74005,-435.72488,-25.13506
708.2631200000001,-435.73148,-26.02504
708.77216,-435.71912000000003,-27.86898
709.85858,-434.68325999999996,-29.01916
710.53204,-434.6163,-30.50866
711.42352,-434.44710999999995,-31.1151
711.89301,-434.37167,-31.56805
712.45508,-434.34424,-32.08146
713.1319,-433.9379,-32.53954
714.55524,-434.27335,-33.75408
716.9195599999999,-435.0314,-36.03901
721.73218,-434.99377000000004,-37.95152
728.63104,-434.05524,-32.8319
736.0400400000001,-432.4408,-22.73534
743.41412,-430.13297,-13.190520000000001
751.3507099999999,-428.74268,-3.31625
759.44214,-427.64679,6.36529
767.34723,-425.78699000000006,16.22799
775.15295,-424.64459000000005,26.3972
782.11432,-422.93237,35.104079999999996
788.5400400000001,-421.37027,43.44866
793.82538,-420.12527,50.374340000000004
798.87634,-418.35251,56.467009999999995
803.02002,-416.13037,60.8461
805.31042,-413.23975,63.942209999999996
806.88855,-409.82473999999996,65.20236
807.10223,-405.4798,66.20314
805.75568,-401.20648,65.35146
802.9968299999999,-394.64749,63.81839
799.32318,-389.75891,61.308859999999996
794.46771,-384.26367,58.03447
788.21033,-378.99408,52.83626999999999
781.59485,-374.26129,46.66638
773.37823,-369.07056,38.84932
765.2824099999999,-364.68362,29.9629
756.08508,-360.58231,19.57675
746.51703,-358.47211,6.23546
737.4231599999999,-357.16042999999996,-9.50132
727.86115,-357.12402000000003,-27.22219
720.1279900000001,-357.18735,-31.561709999999998
719.8844,-357.65845,-31.324409999999997
720.95374,-357.82864,-32.10052
718.98511,-358.51437000000004,-30.41842
720.72992,-359.66895,-30.48821
719.67017,-359.41016,-31.818179999999998
719.63837,-359.14407,-30.95901
719.5750099999999,-359.39615,-30.61161
719.52008,-359.14948,-30.94513
719.55975,-359.05499,-31.29591
719.8168900000001,-358.90494,-31.64035
720.38843,-358.84885,-31.976670000000002
720.70294,-358.63257000000004,-32.13259
720.70294,-358.63257000000004,-32.13259
720.9292,-358.68579,-32.022009999999995
721.00323,-358.53397,-31.62225
722.16547,-358.75534,-31.193609999999996
726.1451400000001,-360.98489,-32.25005
732.07605,-362.71405,-33.111940000000004
739.4126,-367.26105,-30.433770000000003
747.84448,-372.88058,-23.19295
756.2871700000001,-379.63895,-15.23531
763.99463,-386.90704,-7.13818
770.58502,-395.82187000000005,0.91758
775.39703,-404.20035,8.60459
779.23517,-413.81023999999996,16.69474
780.86035,-423.40216,23.89741
781.10992,-433.56812,30.33016
779.9841299999999,-443.35507,35.756
776.9884,-453.91864000000004,38.80399
773.10101,-465.4234,39.58173
767.1558200000001,-475.3548,39.336220000000004
759.5769700000001,-485.17596,36.88255
750.47198,-494.20819000000006,33.25195
741.13104,-502.42760999999996,28.389879999999998
727.7525,-510.15994000000006,20.3727
716.71594,-515.68768,14.01295
702.39636,-520.93195,5.021809999999999
689.6109,-524.3855599999999,-1.8160599999999998
675.85016,-528.96667,-10.533619999999999
661.26099,-532.5718400000001,-19.181070000000002
647.68732,-536.78522,-27.040940000000003
635.10925,-541.0752,-35.91916
622.38306,-545.24292,-44.26559
614.99188,-547.43286,-37.63987
612.43799,-548.1778,-33.74592
610.9218099999999,-548.67432,-32.91304
610.54309,-548.83392,-32.42123
610.1308,-548.79932,-30.93323
609.6592400000001,-548.79517,-31.006759999999996
609.18744,-549.14728,-31.9235
609.16547,-549.1098,-31.99997
609.4115,-549.1184099999999,-32.40084
609.9436,-548.36292,-32.4269
609.98004,-548.4317599999999,-32.66053
610.20099,-548.24634,-32.98619
610.43439,-548.23645,-33.17743
610.6413,-548.19312,-33.32398
611.09656,-548.1297,-33.42661
611.6261599999999,-548.0206900000001,-33.82943
611.94983,-548.67273,-34.957240000000006
612.61865,-548.51208,-36.04987
614.61267,-548.20313,-38.35461
617.36127,-546.67462,-41.30938
621.77411,-544.9152799999999,-43.05867
631.8134200000001,-539.59497,-42.39515
645.46063,-532.29156,-35.27629
662.83209,-524.172,-28.816940000000002
683.59796,-515.57074,-21.61846
706.62109,-504.95847000000003,-14.57151
729.63525,-497.65475,-6.82868
753.60065,-490.74597,0.47481
776.57214,-484.02423,7.707660000000001
798.63782,-478.40494,13.461620000000002
818.96924,-472.12185999999997,17.09103
836.79877,-465.76013,16.25319
852.5147099999999,-457.67252,11.62823
865.42926,-448.14703,4.1885900000000005
875.56329,-436.79962,-4.2481599999999995
883.7665400000001,-425.05222000000003,-14.338560000000001
888.37146,-412.06766,-26.10644
889.80066,-407.29312000000004,-31.5607
891.77222,-407.36316,-34.91134
890.50812,-407.53342000000004,-32.45813
888.54028,-407.84503,-29.985459999999996
888.6655900000001,-408.21484,-29.76793
889.55249,-407.93982,-31.8431
890.26776,-407.36646,-33.17114
890.19653,-407.48787999999996,-33.07028
890.53131,-407.34976,-33.33741
890.9901699999999,-407.20111,-34.006240000000005
891.0861800000001,-407.37048,-33.99415
891.1229199999999,-407.23812999999996,-33.97337
891.2344400000001,-407.63046,-33.58235
891.59149,-408.54688,-33.12591
890.55481,-408.49026000000003,-31.878770000000003
890.73334,-409.17651,-30.89815
891.7951699999999,-411.00897000000003,-30.36365
892.0174599999999,-416.38931,-26.420370000000002
891.42657,-422.45239000000004,-20.74911
889.9500099999999,-428.01070999999996,-14.323189999999999
887.2556800000001,-433.32635,-6.816439999999999
883.5161099999999,-439.10828,0.80192
878.7462800000001,-444.56607,8.09418
872.33276,-450.92862,13.40584
865.5740400000001,-457.48610999999994,17.42201
858.13275,-463.3114,20.28503
848.87543,-470.62027,20.47521
838.7943700000001,-478.24762000000004,19.41271
829.18896,-487.08410999999995,17.45559
818.0697,-495.38302999999996,15.235370000000001
805.83838,-503.63129000000004,11.248280000000001
795.08405,-511.52075,7.723910000000001
782.35461,-519.4704,3.65522
769.36469,-525.17328,-1.06101
756.44128,-530.99225,-5.61313
742.12311,-537.5827,-11.69064
728.78247,-543.0573099999999,-19.08889
713.2345,-547.22235,-28.870340000000002
698.68475,-551.46881,-40.19043
687.13843,-553.85797,-35.32929
682.98383,-554.68018,-32.100559999999994
683.55963,-553.7688,-33.42883
682.94775,-553.71484,-33.03354
682.2490799999999,-554.02332,-32.110009999999996
681.91931,-554.02734,-31.012590000000003
681.56427,-554.03113,-30.9059
681.14557,-554.83606,-30.940890000000003
681.1272,-555.03558,-30.770229999999998
680.6827400000001,-555.3276400000001,-30.78844
680.61279,-555.2713,-31.0731
681.0957,-554.78363,-31.34328
681.45801,-554.91748,-32.13482
681.85321,-554.96613,-32.59194
682.44263,-554.96686,-33.203379999999996
682.72485,-554.73798,-33.50781
682.66516,-554.70331,-33.83175
683.04242,-554.7655,-34.099959999999996
683.5722,-554.9995700000001,-34.214079999999996
683.81519,-555.13562,-34.14288
684.2569,-555.11774,-34.218109999999996
685.06732,-555.25983,-35.02091
686.16357,-555.30859,-37.28494
688.50867,-554.79468,-39.18606
689.8194599999999,-556.41754,-42.261109999999995
692.4299900000001,-557.26666,-43.15579
696.8254400000001,-559.72784,-42.53199
702.74243,-562.8530900000001,-37.552659999999996
710.3446,-566.6980599999999,-31.722820000000002
718.67493,-570.7356,-25.83394
728.51904,-575.3642,-18.71708
738.2232700000001,-579.33435,-11.70509
748.42383,-583.80847,-4.47081
757.8797,-587.7851,1.75548
766.14728,-592.5188,7.74834
777.01978,-595.9749099999999,14.06586
784.41254,-599.51105,18.1666
792.47382,-602.79889,21.37108
798.56683,-605.66351,23.007270000000002
804.25977,-608.04364,23.45934
808.8582200000001,-609.4649,22.41082
812.83838,-609.5741,20.27052
815.7793,-609.82208,16.58091
819.75665,-609.0567599999999,12.15048
821.66864,-607.32056,5.2468
823.47729,-606.56592,-3.84824
824.51825,-606.18256,-15.347529999999999
824.09119,-606.16901,-30.32971
821.05328,-606.95276,-36.02465
821.2307099999999,-606.97156,-37.91222
821.30493,-607.75812,-36.49374
820.1055299999999,-605.98511,-30.79208
819.25464,-607.2981,-30.45068
819.66656,-606.1889,-31.39811
819.6387900000001,-607.62158,-32.50997
820.18518,-606.51025,-32.1649
819.24146,-607.69965,-34.11831
820.4185200000001,-606.75012,-34.23129
820.99207,-606.52209,-34.96012
820.94763,-607.12,-35.376459999999994
821.17761,-607.14996,-35.60633
821.24994,-607.0806299999999,-35.62327
821.19525,-607.1881099999999,-35.41619
820.60175,-608.23419,-34.98659
820.2753299999999,-610.20123,-33.75375
820.0905799999999,-612.67487,-32.6453
818.1424599999999,-617.15839,-32.3215
815.32507,-620.97577,-33.73791
811.54883,-622.31335,-30.37133
806.43787,-622.8454,-24.84666
799.73157,-620.99274,-19.54749
792.1926900000001,-617.4014900000001,-14.598410000000001
785.07257,-611.89105,-10.01259
776.62415,-605.11694,-6.813
767.09155,-597.32556,-3.97278
757.20386,-588.00928,-2.25449
746.62189,-578.13269,-1.30487
735.84961,-568.10474,-0.94416
723.6062,-557.66052,-2.85285
712.77325,-546.90002,-5.33079
700.3109099999999,-537.34802,-8.32938
687.78931,-526.3421599999999,-13.68559
675.38068,-516.1787099999999,-19.16036
663.40631,-506.5694,-24.867929999999998
651.85101,-496.85284,-31.460340000000002
641.2821,-487.16647,-38.22757
631.9970099999999,-480.29987,-34.906209999999994
629.19775,-478.1377,-31.6157
630.5069599999999,-476.16155999999995,-31.623540000000002
629.41608,-477.42838,-33.18108
629.08258,-477.20264000000003,-32.33722
628.51868,-476.74260999999996,-32.1078
627.93323,-476.46587999999997,-31.98951
627.5921,-476.52480999999995,-31.802529999999997
627.43164,-476.39550999999994,-31.53013
627.43164,-476.39550999999994,-31.53013
627.5365,-476.63809000000003,-32.25849
627.8875099999999,-476.68539000000004,-32.6009
627.86279,-476.85837000000004,-33.32752
628.3881200000001,-476.98828,-33.821909999999995
628.9964,-477.16115999999994,-34.32073
629.3606,-477.30037999999996,-34.701840000000004
629.57227,-477.65024000000005,-34.94518
629.66425,-477.78833,-34.97316
629.96643,-477.9697,-35.230940000000004
630.47632,-478.82097999999996,-35.73684
631.3825099999999,-479.59418,-35.98012
632.14264,-480.67889,-37.45833
634.56244,-480.86572,-36.79987
635.367,-484.05649000000005,-36.70687
637.06268,-486.09607,-35.35707
640.84106,-488.16312,-33.77158
647.66638,-491.8371,-26.589470000000002
654.5015900000001,-497.74532999999997,-19.69374
661.7452400000001,-505.48865,-14.565970000000002
668.61261,-515.763,-10.62444
678.20026,-526.31781,-6.06885
686.81439,-538.82397,-3.46445
695.9617900000001,-552.58417,-0.78035
703.94482,-568.01318,1.63057
713.21741,-582.52722,4.12509
719.4719200000001,-599.05621,5.11947
727.89685,-612.0712900000001,7.93098
732.97699,-626.87036,9.0268
737.56781,-640.5989400000001,8.400260000000001
742.6052900000001,-650.56915,7.99269
744.67242,-660.0280799999999,5.576890000000001
746.4632,-667.12634,0.8074
746.47595,-672.8335,-7.686030000000001
745.85028,-676.54089,-20.09052
743.47015,-678.71454,-36.13602
741.03375,-681.5057400000001,-33.980909999999994
743.18536,-682.24731,-37.7728
741.40747,-682.39661,-34.91718
739.23395,-682.71417,-32.1767
738.75049,-682.79114,-32.52778
739.33997,-683.20575,-33.7149
739.1947,-682.75391,-33.47007
739.09222,-682.81628,-33.6829
739.24109,-683.44373,-34.26905
739.3897099999999,-683.30524,-34.55254
739.56763,-683.3913,-34.71216
739.87445,-683.25018,-34.95942
740.04724,-683.62427,-35.31646
740.22339,-683.37665,-35.202009999999994
740.0033,-683.57123,-34.99327
739.8041400000001,-683.85382,-34.421659999999996
740.03278,-684.23767,-33.79951
738.21118,-686.54535,-33.184909999999995
737.14563,-689.56165,-33.42069
736.0826400000001,-691.42969,-35.274190000000004
733.98395,-691.42352,-36.79275
731.9223599999999,-688.073,-33.0784
732.26544,-680.58588,-27.503420000000002
731.6391,-671.2348599999999,-21.95692
728.9538,-660.44092,-16.97445
727.49237,-647.18378,-11.98485
723.0133099999999,-633.63416,-7.3897699999999995
718.42285,-619.0131200000001,-4.25506
711.6637,-605.8371,-2.16505
704.95587,-591.58685,-1.88795
697.32166,-578.48163,-3.23578
688.7800900000001,-565.81165,-4.7984
678.3783599999999,-553.5611,-9.504589999999999
668.5253299999999,-541.71881,-13.89949
658.63416,-530.7511599999999,-19.08471
647.4912099999999,-520.3568700000001,-25.30801
635.92993,-510.22339000000005,-31.2738
624.98926,-500.20404,-36.830999999999996
618.0308200000001,-493.91879000000006,-32.82591
615.04022,-493.17895999999996,-28.74675
615.18701,-494.40262,-29.75988
615.36493,-495.24133,-29.76715
613.04047,-496.20255,-31.37922
613.4564799999999,-496.25622999999996,-31.25811
614.32208,-495.61395,-28.95267
614.19385,-495.88629000000003,-29.75749
613.49219,-496.70148,-29.51602
612.92291,-496.96227999999996,-29.16058
612.85492,-496.99395999999996,-29.0711
613.05322,-497.19097999999997,-29.080709999999996
613.01935,-497.25659,-29.75675
613.18182,-497.22342000000003,-30.62345
614.10352,-497.21899,-31.42057
614.61993,-496.99689000000006,-31.94933
615.1906700000001,-496.86440999999996,-32.42575
615.68341,-496.73749000000004,-33.12389
615.1593,-497.2908,-33.68715
615.75067,-497.26712000000003,-34.1409
615.51239,-495.58075,-34.8532
617.97717,-497.40770999999995,-36.65578
618.349,-496.85715,-40.115429999999996
619.83429,-496.24805,-43.007529999999996
621.15607,-494.88375999999994,-46.59319
622.9007,-493.04895,-49.31825
627.32709,-488.78262,-50.19061
636.31805,-479.95282000000003,-46.96372
649.14856,-468.38415999999995,-39.068020000000004
664.06873,-454.88223,-31.28707
679.19073,-439.88333,-24.16067
694.42828,-426.37268,-17.92279
710.3795200000001,-413.98212,-12.40685
726.12305,-402.10553,-8.19993
741.8819599999999,-389.87021,-4.15724
757.58582,-378.06052,-0.55686
773.1839,-366.8667,2.90672
788.76007,-355.22116,5.38985
803.31165,-343.66821,7.9821100000000005
816.8512599999999,-331.74646,9.77534
828.9705799999999,-318.78732,11.73943
840.3629800000001,-307.57059,11.0732
850.1134,-295.04691,9.88481
857.7583599999999,-282.51288,6.30905
864.4445199999999,-270.33185,0.69368
870.19214,-258.1828,-6.90251
875.1738300000001,-246.18471,-15.90489
878.7533599999999,-234.18617000000003,-25.902739999999998
883.50891,-222.96625,-36.36565
885.43433,-215.83096,-40.77563
886.02942,-213.44157,-42.42367
885.36908,-216.15207,-37.10027
884.36011,-217.41262999999998,-33.859359999999995
884.19135,-217.33317999999997,-33.903240000000004
883.84344,-216.85181,-33.69307
884.5440699999999,-217.54742000000002,-34.19457
884.59869,-217.64139,-34.75475
884.5538300000001,-217.37059,-34.9774
884.4511699999999,-217.28221000000002,-35.19507
883.9880400000001,-216.56679,-35.10092
884.1001,-216.27684,-35.37381
884.43005,-216.75072000000003,-35.93867
884.5137900000001,-216.66008,-36.0169
884.5736699999999,-216.68798999999999,-36.07045
884.55334,-216.61015,-36.13966
884.4753400000001,-216.49211,-36.09452
883.8577300000001,-215.90839,-35.4843
884.7824099999999,-216.9308,-35.34114
885.31335,-217.23372,-33.465709999999994
886.7600699999999,-218.21312999999998,-33.50665
888.6325699999999,-219.61282000000003,-34.8482
889.0249,-220.42006,-35.769090000000006
888.77942,-222.43687000000003,-34.706790000000005
887.7200300000001,-224.0609,-31.328470000000003
885.8322099999999,-226.16045,-26.347309999999997
883.6234699999999,-227.76459,-20.85235
880.8358800000001,-229.78386,-14.19938
877.4516,-231.60242000000002,-7.68273
873.0825199999999,-233.28633,-1.48771
868.9267,-236.32941,3.7593199999999998
863.6492300000001,-239.15535,8.018989999999999
858.01764,-242.84534,10.8275
852.00165,-246.88066,11.4137
845.4608800000001,-251.37082999999998,11.102030000000001
838.44434,-256.13159,9.26431
830.3747599999999,-260.94363,6.26237
821.4818700000001,-265.87222,2.9594099999999997
812.02045,-270.87847999999997,-1.33802
801.8106700000001,-276.14867999999996,-6.6892
792.38409,-282.25729,-13.421520000000001
783.6057099999999,-289.11328,-22.63133
775.49493,-297.30716,-35.11065
769.42273,-303.67816,-33.025459999999995
769.0137900000001,-304.2742,-32.00277
768.59027,-303.16101000000003,-33.63766
768.76642,-303.68115,-32.7717
768.7205799999999,-304.03366,-32.8302
768.57648,-304.18149,-32.8134
767.80853,-304.08206,-33.029959999999996
768.12152,-304.37027,-32.381
768.2099599999999,-304.93619,-32.50421
768.0423,-304.93335,-32.254459999999995
768.2950400000001,-304.98251,-32.600629999999995
768.3717,-304.8107,-32.77163
768.53857,-304.53488,-33.112320000000004
768.7205799999999,-304.2912,-33.56279
768.94965,-304.00768999999997,-33.933009999999996
768.90393,-303.90347,-33.945040000000006
769.05322,-303.68298,-33.90532
768.76074,-303.58566,-34.23127
770.13098,-304.04886,-34.39046
771.05725,-303.38159,-34.812290000000004
771.92969,-302.73361,-35.78761
773.6743799999999,-301.78354,-37.39672
776.02405,-300.47968,-37.70818
779.23492,-298.93204,-36.68877
782.28528,-296.69571,-35.50672
786.9512900000001,-293.56073,-31.1371
792.14337,-288.97986000000003,-24.85884
797.37866,-283.52319,-19.186239999999998
803.6355599999999,-277.86679,-13.73495
810.2806400000001,-271.73514,-8.7345
817.1281700000001,-265.43771,-4.9571
824.84204,-258.92908,-1.79277
833.19513,-252.03296,0.36398
842.00317,-245.17776,2.3177
851.5455900000001,-238.15857000000003,2.91214
861.8425300000001,-231.05093,3.21296
871.5744,-223.88026000000002,3.39623
882.53577,-216.92408999999998,2.70036
892.5726900000001,-209.66003,2.2387
903.14136,-202.53212,1.7066599999999998
912.7542699999999,-195.35446000000002,1.12612
921.33917,-188.96442,-1.3374
928.7868699999999,-182.6414,-4.0004599999999995
935.3579699999999,-177.42802,-9.15971
941.30939,-173.20663000000002,-17.812
946.6242699999999,-170.20328,-29.40795
949.1818199999999,-168.77283,-34.96577
949.3634,-167.12874,-38.44041
948.44073,-168.95192,-34.98571
947.31384,-171.1861,-31.40267
947.6738300000001,-171.4147,-31.34048
947.48779,-170.7122,-32.864340000000006
947.36475,-170.88147,-32.78524
947.7462199999999,-170.55455,-33.18777
947.91479,-170.31007,-33.98287
948.2562300000001,-170.03418,-34.409290000000006
947.99408,-169.72151000000002,-35.17051
948.39441,-169.71033,-35.88817
948.38586,-169.59413,-36.23762
948.59161,-169.44975,-36.327909999999996
948.66431,-169.10539,-36.417429999999996
948.6873800000001,-169.0168,-36.40315
948.64459,-169.05921999999998,-36.32228
948.7048300000001,-169.14865,-36.11051
949.3621199999999,-169.23564,-36.06058
949.4653900000001,-168.94797,-36.86438
950.0590800000001,-168.42953,-37.4581
951.0002400000001,-168.25243999999998,-38.7005
951.2050800000001,-167.78415,-40.266220000000004
949.83777,-167.89998,-39.3882
945.4415300000001,-166.38863999999998,-34.28099
939.1424599999999,-165.1559,-29.11758
930.88745,-163.14256,-22.710720000000002
920.76324,-162.05104,-16.49936
909.6387900000001,-161.26985,-10.56625
898.7761800000001,-161.63577,-5.906969999999999
887.55475,-163.37401,-2.5253900000000002
875.3137800000001,-166.14661,-0.23954
864.55444,-169.6757,-0.18912
853.93109,-173.87637,-1.32069
844.22266,-178.71024,-3.6622
834.3453400000001,-184.03983,-6.75552
824.94006,-189.53926,-11.036589999999999
815.5006099999999,-194.63583,-15.92799
807.53827,-200.49957,-21.47191
799.55994,-206.60359,-28.438059999999997
792.3911099999999,-211.86472999999998,-33.10985
789.43988,-215.0392,-31.30224
789.6582599999999,-215.62807999999998,-30.16654
790.13385,-215.69400000000002,-30.125840000000004
790.21777,-216.80399,-28.45311
790.5647,-216.98247,-28.404220000000002
790.5545,-216.7478,-29.14361
790.78253,-216.88625,-29.646929999999998
790.6970200000001,-217.1595,-29.673059999999996
790.38489,-217.58758999999998,-29.285940000000004
790.4739999999999,-217.65355,-29.426190000000002
790.7907700000001,-217.59435,-30.13546
790.6403799999999,-217.10941,-30.827709999999996
790.45099,-216.62068,-31.88522
790.92761,-216.21002000000001,-32.39689
790.61938,-215.8672,-33.25322
790.53381,-215.81153999999998,-33.39751
790.7130099999999,-215.75697000000002,-33.44979
790.6449,-215.45934,-33.2053
790.79297,-215.49898,-33.15351
790.9003299999999,-215.25949,-32.97289
790.99567,-215.0228,-33.30117
791.26672,-214.72133,-33.52205
791.4956099999999,-214.43312000000003,-34.03004
791.62225,-213.71301,-35.10248
791.4762599999999,-213.14641,-36.41398
791.1741900000001,-212.71438999999998,-37.713229999999996
790.8294099999999,-212.5645,-38.78698
790.01233,-212.8678,-39.4187
789.0267299999999,-214.19135,-39.6812
788.2829,-214.99805,-39.985209999999995
788.17188,-215.79166,-39.238820000000004
788.82117,-215.04262999999997,-35.74805
790.08661,-212.58093,-31.990509999999997
791.62213,-208.60266000000001,-27.53558
794.79187,-203.19943,-23.44315
798.6723599999999,-196.04175,-20.51592
802.54095,-188.04085,-17.830470000000002
807.86157,-178.29362,-16.85088
812.8005400000001,-167.63103999999998,-15.67654
817.98676,-156.6281,-15.575270000000002
822.82922,-145.03676000000002,-15.49519
826.25854,-133.4621,-15.382010000000001
829.91125,-122.0221,-16.04006
832.19025,-111.52328,-18.15036
834.28894,-102.60229,-23.50858
836.11591,-94.26163000000001,-33.08513
836.83978,-89.15113000000001,-39.36395
835.81836,-88.21726,-41.23773
836.71387,-89.78233,-38.398540000000004
837.64551,-91.42194,-34.84689
837.81024,-91.51359000000001,-34.99645
836.82672,-91.20994,-34.774390000000004
837.15662,-91.53801,-34.54914
837.29633,-91.41745999999999,-34.568459999999995
836.9558099999999,-91.29751999999999,-34.80721
837.65875,-91.59554,-35.65697
837.32245,-91.4867,-35.91503
837.01666,-91.33599,-36.373000000000005
837.05225,-91.37668000000001,-36.80304
837.54541,-90.8574,-37.09381
837.31848,-90.92474,-37.107690000000005
837.26367,-90.84940999999999,-36.82768
837.20734,-90.6014,-36.27713
837.37433,-90.41453,-35.85714
837.8070700000001,-90.17423000000001,-35.58543
837.5899,-89.93956999999999,-35.66552
838.19562,-89.07641,-36.584740000000004
838.7337,-86.59215999999999,-37.60542
839.4744900000001,-83.71624,-37.56596
842.24554,-79.94263000000001,-36.210159999999995
845.8190900000001,-75.95159,-31.46777
850.06506,-71.25584,-24.7095
853.71844,-66.46588,-16.99409
858.01801,-62.60334,-7.984610000000001
860.89581,-60.37939,0.55357
864.57825,-59.090740000000004,8.42849
868.86597,-59.779819999999994,14.678889999999999
873.68536,-61.3366,18.51285
879.5285,-63.84061,19.64431
886.4056400000001,-67.14648000000001,18.636870000000002
893.09955,-71.00494,16.67138
900.8756099999999,-74.60181999999999,13.92389
908.6663800000001,-78.91068,11.312339999999999
915.5321,-82.82372,8.53416
923.1632699999999,-86.8394,5.9897599999999995
930.41315,-90.11314,3.199
937.40894,-93.39766,-0.14636
944.67572,-95.94242,-5.15509
954.5885599999999,-99.10165,-12.55893
964.9885300000001,-101.90442,-22.524079999999998
976.76361,-105.22913999999999,-34.23641
987.3380699999999,-108.57753000000001,-38.14451
990.2439,-108.99213999999999,-35.58133
990.62946,-109.21323000000001,-35.33149
991.62225,-110.49991000000001,-33.5569
992.07916,-110.96331,-32.88851
992.83521,-111.55009,-31.66777
993.07556,-112.28392,-30.365640000000003
993.58704,-113.28383000000001,-29.03312
993.9987199999999,-114.45823999999999,-27.59757
994.1593,-114.80758999999999,-26.116329999999998
994.53943,-115.23347,-26.389870000000002
994.18652,-114.74673,-26.90925
993.8336800000001,-114.23803999999998,-28.62766
993.50183,-113.07006000000001,-30.23702
993.7523800000001,-112.30663,-32.02256
993.07153,-111.45107,-33.892759999999996
992.35962,-110.91241000000001,-35.20749
991.1782800000001,-108.96911999999999,-37.73768
987.30829,-106.00446000000001,-42.95771
971.67261,-97.62281,-36.48073
947.263,-82.38113,-17.42116
923.8254400000001,-63.01322,-3.7276599999999998
901.82568,-38.10752,10.766060000000001
878.65717,-7.61044,28.57175
852.53021,26.548709999999996,48.20483
823.99158,63.23546999999999,70.11179
794.35114,100.53658,93.19048000000001
763.7515900000001,138.21571,118.25613
732.11584,175.58727,144.4147
699.7226,212.16696000000002,171.19804
666.8765900000001,247.87994,198.5092
633.01764,281.83975,227.28187999999997
598.6403799999999,313.31519,259.06522
563.84583,341.61877000000004,293.89694
528.06042,366.9523,330.48596000000003
492.75381,388.59796,369.15872
457.86163,407.21216,409.45526
424.47964,422.35180999999994,452.02969
393.2872,434.45709000000005,496.21204000000006
364.85754,444.96477999999996,540.83508
339.64954,454.37485,585.88745
318.30127000000005,462.79553,631.36328
300.21573,470.83466,676.62488
284.6264,477.52515,721.48676
271.13058,483.65488,765.3028
259.93222000000003,489.52835,807.17859
250.4586,495.22860999999995,846.90161
243.16338,500.85422,884.5363199999999
237.08803999999998,506.59698,920.26819
233.05919,511.73492000000005,953.32703
229.53482000000002,516.41248,985.1362300000001
227.30092000000002,518.81543,1015.2673300000001
225.35646,518.8692599999999,1044.0430900000001
223.53127,517.06128,1071.2533
221.33182999999997,513.99615,1096.35095
218.59158,509.85254000000003,1120.3029800000002
216.79346,504.94516,1142.51099
214.88957000000002,498.74481,1162.79297
212.98096,492.47198,1181.38562
211.97771,485.23514000000006,1197.6027800000002
211.01395,477.65862999999996,1211.50977
209.98713999999998,470.59198,1222.95154
209.40317,463.5574,1231.23877
209.38069,456.83092999999997,1236.76416
209.70946999999998,450.91122,1239.18042
209.69406,445.19049,1238.89294
208.70691000000002,440.41060999999996,1235.84851
207.13235,436.1492,1229.48621
203.44343999999998,432.73453,1220.4093
198.24229,430.18906,1208.50171
191.07227,428.14730999999995,1193.875
182.11436,427.03345,1176.67285
171.87535,426.25729,1156.30261
160.25172,426.46167,1133.69299
148.64799,427.34640999999993,1107.77979
136.83235,429.63232,1078.81689
126.25066000000001,432.586,1046.93921
116.97701,435.36157000000003,1011.8676800000001
110.32915,437.89722,973.80389
106.02568000000001,438.55692,933.66174
103.15603,438.09506,891.61865
102.22107,436.03765999999996,848.11908
103.04848,431.56592,803.58295
105.35526000000002,424.82678,758.58459
109.11318999999999,415.30953999999997,713.15063
115.05761000000001,403.28381,667.80396
122.60603,388.29984,622.66296
131.90027,370.61624,577.70636
142.92158999999998,350.46191,533.6308
155.28928,327.69363,490.58524000000006
170.17148,303.38007000000005,448.35364000000004
186.33388,276.70932,407.72372
204.26608000000002,248.35246,368.6438
224.52754,219.23112000000003,330.65811
245.90317000000002,189.35197,294.72902999999997
268.56964,158.46346,260.69943
293.61526000000003,127.5646,228.41488999999999
318.60388,96.86232,199.04831000000001
343.99672999999996,67.07127,171.89905
369.42905,38.04958,146.1702
394.00504,10.7252,123.29161
417.73117,-15.775170000000001,101.79058
440.47310999999996,-41.67901,82.2474
462.42404000000005,-66.69839,63.57792
483.37985,-92.441,44.577740000000006
504.17865,-117.41962,26.64655
524.30383,-142.85676999999998,9.47598
544.8021200000001,-168.1252,-8.47927
565.93335,-193.35663,-26.254459999999998
585.70099,-219.04521,-37.22185
602.37378,-240.10951,-34.762679999999996
610.5768400000001,-250.17555,-27.808190000000003
613.72638,-250.00734,-27.49002
615.5506,-250.35701,-25.05017
614.59369,-250.72643,-27.63188
615.3063400000001,-250.99565,-26.83574
615.88202,-251.58763,-25.737389999999998
616.26855,-251.82687,-24.96901
616.6236,-251.56906,-24.96265
616.80145,-251.69503999999998,-26.14351
616.13507,-251.15062999999998,-27.40499
615.64618,-250.94797999999997,-28.97495
615.60303,-250.49646,-29.926340000000003
614.99854,-250.39735,-29.93893
615.36377,-250.08978,-30.1546
614.94775,-249.73744,-28.94411
615.4185200000001,-250.11432000000002,-29.56953
615.30084,-249.88312000000002,-29.54567
615.30084,-249.88312000000002,-29.54567
615.09705,-249.56407000000002,-29.887790000000003
614.9363400000001,-249.56747000000001,-30.11415
615.15936,-249.4532,-30.828940000000003
614.6709,-249.38736,-30.7582
614.46771,-249.06505,-30.673679999999997
614.46545,-248.9771,-31.00695
614.29138,-248.61647000000002,-30.89017
614.19989,-248.33144,-30.66259
613.6553299999999,-247.89572,-30.38134
613.42487,-247.41207999999997,-30.501620000000003
612.80273,-247.34555,-30.49072
612.60693,-246.23116000000002,-31.1683
612.383,-244.7043,-32.14868
611.96234,-241.94347000000002,-33.10897
611.22437,-237.15166000000002,-31.4114
611.30817,-230.71481,-29.36603
611.3499099999999,-224.52725,-28.047459999999997
612.16638,-218.80007999999998,-26.848770000000002
614.6051,-214.48055,-23.6993
616.17175,-210.85306,-19.82463
616.0686599999999,-207.47243,-15.12195
615.4054,-204.77954,-10.041030000000001
613.62427,-201.84592,-5.52318
612.11713,-198.84375,-1.00644
609.77814,-195.66426,2.6007700000000002
606.47406,-190.68901,5.49245
602.41998,-185.21593000000001,7.45984
597.30487,-178.4381,9.15675
591.1994,-171.46094,9.75788
584.7475599999999,-164.00078,9.42053
576.64124,-156.83147,8.085939999999999
566.9315799999999,-150.29965,6.4214199999999995
557.7916299999999,-144.05832,1.90805
546.42548,-140.86217,-4.3764
534.47382,-139.57935,-14.56135
522.78906,-141.42146,-28.23945
514.0495,-143.42158999999998,-35.71038
510.70415999999994,-141.55632,-40.97609
511.66302,-141.9122,-38.82451
512.3042,-141.87874,-37.818090000000005
512.47009,-141.0343,-39.01144
512.6048599999999,-140.61998,-39.102709999999995
512.69025,-140.54709,-38.98871
513.07556,-140.54883999999998,-38.99819
513.57593,-140.96855,-38.265370000000004
514.0720200000001,-140.9751,-38.061209999999996
513.9762,-141.16806,-37.71468
514.11084,-140.74792,-37.961999999999996
513.83636,-140.90121000000002,-38.27749
513.66846,-140.58109,-39.0237
513.36798,-140.32137,-39.2718
513.20801,-140.1096,-39.51315
513.01758,-140.16946000000002,-39.93549
513.30518,-140.04431,-40.13742
513.0294200000001,-140.07281,-40.01037
512.9528799999999,-139.79942,-39.678020000000004
513.14551,-140.09837,-39.105740000000004
513.16986,-140.04797,-39.02551
513.40112,-140.27945,-38.72639
513.5575,-140.43628,-38.45917
513.9566,-140.75496,-37.98314
515.48285,-141.61238,-38.415820000000004
514.36725,-140.94141000000002,-36.918890000000005
514.90759,-140.84901000000002,-36.05202
515.18829,-140.38857,-35.7901
515.22974,-139.67609,-35.48594
515.24078,-138.83548000000002,-34.995740000000005
515.9399400000001,-136.70786,-34.45922
518.3756099999999,-131.16113,-32.73901
524.2442599999999,-119.96466000000001,-31.64508
534.42859,-105.09443,-29.36872
548.01819,-87.37868,-25.76744
565.62695,-69.0441,-21.52971
585.20392,-52.86779,-17.41239
606.45874,-39.27896,-14.02948
627.67548,-29.11875,-12.68
648.1347,-21.7991,-12.83747
667.3313,-16.97416,-15.44995
685.7806400000001,-14.65816,-20.90768
704.38953,-14.544089999999999,-29.3673
720.9726,-15.0317,-34.06807
725.38568,-16.080389999999998,-31.439770000000003
724.29407,-18.50805,-30.660529999999998
723.0656700000001,-20.49713,-30.07863
722.29529,-21.60814,-29.489240000000002
721.96228,-22.17363,-28.54175
722.07013,-23.03564,-28.086409999999997
723.38409,-22.86347,-29.0344
722.0376,-23.17297,-28.81953
721.8244,-23.22697,-29.2946
721.8034700000001,-23.22922,-29.54428
721.59003,-23.09587,-29.95085
721.45905,-22.98816,-30.264390000000002
721.62567,-22.59319,-30.477659999999997
721.24933,-22.25733,-30.759829999999997
721.94287,-22.02034,-31.594179999999998
721.99365,-21.74072,-31.65942
721.6153,-21.261589999999998,-31.14978
722.08325,-21.16191,-30.923090000000002
723.04462,-20.57955,-29.914590000000004
724.81195,-19.61261,-29.88968
728.64795,-17.43755,-30.87282
735.8172,-14.06639,-31.734070000000003
745.9544099999999,-10.81074,-26.39837
757.3999,-8.224680000000001,-17.47782
768.6073,-6.73353,-6.45484
779.78711,-7.095619999999999,3.7699199999999995
789.70605,-9.22374,12.7069
800.82019,-14.344529999999999,20.47741
809.74878,-20.26256,26.95741
817.5090299999999,-27.387209999999996,32.0797
823.03571,-35.66483,35.49223
827.66229,-44.84998,37.4587
830.4212,-54.21441,38.083059999999996
831.7026400000001,-63.631269999999994,37.32235
831.78387,-73.62275,36.09662
830.25366,-83.04639,33.769059999999996
827.27368,-91.65554,31.208790000000004
822.90546,-100.18961,28.4959
817.7593400000001,-107.43746000000002,26.588279999999997
811.19061,-115.02023,23.081429999999997
804.21503,-122.18595,19.26115
797.23248,-128.91512,14.20265
790.3801900000001,-135.98172,7.99867
783.74854,-143.45103,0.25923
776.81464,-149.70851000000002,-8.30969
769.8927,-157.32651,-19.65626
763.4978,-165.02858,-33.053340000000006
755.3244,-170.19611,-33.55742
752.75128,-171.127,-29.677640000000004
753.13641,-170.16551,-32.1268
752.83344,-171.64221,-29.246229999999997
752.28619,-172.06223,-28.43773
752.41925,-172.36369,-28.496129999999997
752.7780799999999,-172.1611,-29.19333
753.29883,-172.50171,-29.5683
753.72485,-172.44675,-30.37691
753.89008,-172.58893,-31.13392
753.68103,-172.36029,-31.837120000000002
753.7064799999999,-171.9135,-32.17481
753.96582,-171.5229,-32.57647
754.24127,-171.29791,-32.96753
754.29218,-170.85568,-33.0868
754.1842,-170.81749,-32.58106
754.5318,-171.46617,-32.01982
755.68213,-171.59778,-30.240509999999997
758.98743,-172.35291,-30.170759999999998
765.57166,-174.44743,-29.99949
772.1174900000001,-177.05391,-22.7594
779.37878,-180.2785,-12.07951
786.87231,-184.20515,-1.44456
792.88818,-189.7285,7.99608
798.57538,-195.79238999999998,16.34674
801.80475,-202.35107,23.14131
805.98663,-211.84853999999999,27.803359999999998
807.46777,-218.96965,33.292120000000004
808.1969,-227.29541,36.95284
807.83795,-235.37146,39.82362
807.46533,-244.28767000000002,41.448609999999995
805.87323,-253.44757,41.60949
803.65002,-263.19147000000004,40.32383
801.38361,-272.56833,38.273070000000004
799.41827,-282.39273,35.69833
796.97095,-291.29736,32.54544
794.40607,-300.30637,29.5439
791.62732,-308.24273999999997,26.68453
789.41718,-315.03073,24.22614
786.35614,-320.83081,21.29897
783.19092,-326.66656,17.82216
780.94647,-332.20302999999996,13.53404
777.7846099999999,-338.73672,7.020289999999999
774.34821,-345.63754,-1.55913
770.62445,-352.99896,-12.01263
765.21954,-360.76636,-24.67594
760.2124,-368.58237,-38.42929
757.12134,-372.03766,-29.86167
757.25824,-371.60736,-32.90065
756.72791,-371.74567,-31.1189
755.7265,-372.09576,-28.9644
755.22833,-372.25153,-28.76945
755.13202,-372.35495,-28.20373
754.13409,-372.6156,-26.635579999999997
753.77625,-372.90747000000005,-26.03145
753.20276,-373.20257999999995,-25.64463
753.55609,-373.09235,-26.06906
753.84564,-372.84839,-26.44745
754.5609099999999,-372.81323,-27.69057
755.17657,-372.97345,-28.734140000000004
755.85358,-373.03082,-29.37213
755.9691799999999,-373.06354,-29.506109999999996
756.0095200000001,-373.21698,-29.46852
756.04626,-373.33187999999996,-28.91095
756.37329,-373.90997000000004,-28.23136
755.55029,-373.85965,-26.9943
756.30627,-374.60556,-26.335140000000003
757.19037,-376.254,-25.14415
758.88342,-380.37506,-21.93969
760.75189,-388.01761,-16.3627
760.50171,-399.23825,-11.68731
758.2722200000001,-411.34341,-9.798739999999999
752.8435099999999,-425.04860999999994,-8.054089999999999
745.4894400000001,-435.98715,-6.65217
735.4397,-448.38640999999996,-5.2403699999999995
724.1792,-459.30510999999996,-4.07453
711.04462,-470.79514000000006,-3.9586900000000003
698.17206,-481.42053,-3.12117
683.6650400000001,-492.12366,-4.48625
670.1817599999999,-501.29987,-5.41685
655.65222,-510.2493,-8.53679
640.45801,-518.48877,-13.892870000000002
626.30835,-526.4657,-20.30697
610.39984,-533.45123,-29.51152
594.75421,-539.21582,-39.27472
580.45258,-544.2403,-45.37773
570.8525400000001,-548.789,-41.04384
564.51428,-550.88489,-39.88264
563.02576,-550.42633,-37.55996
561.3125,-551.03687,-36.1651
560.07874,-550.55084,-33.73189
559.41724,-551.31598,-32.32291
558.37494,-551.76007,-32.143390000000004
557.8007200000001,-551.80664,-31.78877
557.5324099999999,-552.04327,-32.14799
557.49811,-552.27478,-32.21416
557.43457,-551.73523,-31.74435
557.52075,-552.31152,-32.49392
557.6592400000001,-552.03552,-32.32513
558.00977,-551.57886,-32.19591
557.97687,-551.55518,-32.378859999999996
558.2902799999999,-551.38269,-33.06774
558.14075,-551.6904900000001,-34.075340000000004
558.72308,-551.8125,-34.63422
559.40216,-551.1652799999999,-34.2983
559.33362,-551.53888,-34.94838
560.96466,-550.44916,-35.80256
562.2923599999999,-550.00165,-37.72058
563.27563,-549.91553,-40.44632
565.3725,-548.64551,-43.3599
569.45251,-545.89496,-44.77185
576.65631,-540.85083,-45.4723
589.28363,-530.41815,-40.78097
603.80182,-518.18945,-34.743790000000004
620.2930299999999,-505.44046,-29.336920000000003
638.5611,-492.25714000000005,-23.38588
658.97919,-478.79962,-15.731810000000001
679.9216299999999,-466.86319000000003,-8.977910000000001
702.17834,-456.22263,-1.03609
722.40204,-444.16422,4.71908
742.9892,-433.83759000000003,10.22838
762.5935099999999,-423.85992000000005,15.220670000000002
782.24487,-414.60373,17.75725
800.26141,-405.84595,17.747320000000002
817.23645,-398.06284,14.9233
833.0676900000001,-390.0416,9.67367
847.32574,-381.64862,2.4100599999999996
860.0790400000001,-371.77731,-6.57195
870.2963300000001,-361.02518,-17.20465
878.4014900000001,-350.02628,-28.832459999999998
882.185,-345.92795,-33.14547
884.8289800000001,-346.49896,-36.97958
883.87891,-346.32578,-33.424279999999996
883.74969,-346.37979,-33.785959999999996
883.77655,-346.21146,-33.88805
883.4824800000001,-346.38818,-33.53568
883.1252400000001,-346.52283,-32.66787
882.78479,-346.4288,-32.46685
882.5424199999999,-347.07349,-31.88615
881.2877800000001,-347.14645,-32.71055
881.39398,-347.42224,-32.37754
881.74615,-346.56277,-30.951659999999997
881.17529,-346.98767000000004,-28.31093
880.70605,-347.60687,-23.66655
878.92029,-348.07007000000004,-18.85129
875.5152,-347.67357999999996,-13.29476
870.2556800000001,-348.38925,-6.25871
862.2529300000001,-352.12094,-1.62469
853.30347,-359.07223999999997,2.4308799999999997
842.88501,-369.35553,5.464230000000001
831.66492,-383.06335,7.34733
818.9844400000001,-400.88605,7.81208
805.41718,-421.65851,6.84638
789.9726,-444.4505,6.564
772.78918,-465.7868,6.18127
753.89172,-485.53555,4.7005300000000005
733.6383099999999,-503.28995,2.27583
713.44989,-519.11316,-2.8915900000000003
691.5993,-531.81036,-10.09803
669.26483,-543.75464,-22.8918
646.3331900000001,-554.0495,-38.34469
629.92297,-563.42749,-34.11189
624.3938,-566.5158700000001,-31.57442
624.9187599999999,-567.78223,-31.79056
623.89148,-567.4008200000001,-32.33555
623.58008,-567.72504,-31.4026
623.51752,-568.47241,-31.613979999999998
623.20575,-567.9859,-32.17
623.49945,-567.8299599999999,-32.798
623.9384200000001,-568.0502299999999,-33.316990000000004
624.15234,-568.06744,-33.52195
624.62714,-568.0792799999999,-33.89634
624.59564,-567.9653900000001,-34.18159
625.1059,-568.05701,-34.23145
625.2454799999999,-567.9657599999999,-34.46415
625.67407,-567.56677,-34.74604
626.07648,-567.4234,-35.23644
626.76288,-566.91516,-36.092690000000005
627.19849,-566.94208,-38.445
629.27765,-566.30103,-40.61453
631.04248,-564.35498,-42.57952
637.73157,-560.86774,-42.385490000000004
647.83331,-553.46637,-41.26511
660.8455799999999,-544.5029900000001,-34.31542
676.5882,-535.30377,-27.006220000000003
695.4384200000001,-524.4569700000001,-18.90374
714.2275400000001,-514.24072,-11.89524
733.4377400000001,-506.42044000000004,-4.652819999999999
753.5719,-495.94028,2.63009
772.88446,-486.7518,8.590580000000001
790.40302,-476.65646,11.87645
806.66156,-464.6871,11.68201
820.8120700000001,-451.04709,8.37845
832.07489,-435.14569000000006,2.31969
841.30151,-418.06189,-4.49646
848.13739,-400.55136,-13.612779999999999
853.24316,-383.76041000000004,-25.21486
855.5993,-375.19864,-32.730990000000006
860.20569,-373.06104,-36.1977
858.3104199999999,-373.5256,-32.9159
857.6854199999999,-374.27481,-31.3005
857.4462300000001,-374.06696,-31.966140000000003
857.75714,-374.02832,-32.255520000000004
858.10339,-374.01245,-32.62212
857.6351300000001,-373.83969,-33.171
857.87238,-374.49011,-33.71607
857.98114,-374.46136,-33.99967
858.1646699999999,-374.496,-34.54081
858.6398300000001,-374.55576,-34.76746
858.66205,-374.62262000000004,-34.66673
858.8010300000001,-374.74609,-33.97398
858.57336,-374.30014,-32.53937
858.33606,-375.22269,-31.14343
857.9494599999999,-376.40753,-28.52892
858.65405,-378.21457000000004,-26.05578
858.51453,-383.66699,-25.76221
856.61261,-392.12564,-22.17537
852.5772099999999,-400.79642,-17.97414
846.4679,-410.90622,-14.55442
837.9010599999999,-420.0076,-12.261239999999999
827.65369,-428.02646,-10.12538
815.74628,-435.98787999999996,-8.65267
802.07648,-443.34637000000004,-7.459160000000001
787.74536,-450.03345,-6.51845
772.40594,-456.99810999999994,-5.53072
756.2644,-464.47797,-5.24552
739.61475,-471.3486,-5.42345
722.36615,-478.35184000000004,-6.5324800000000005
704.94299,-487.03018,-9.27942
686.76923,-494.49347,-12.5535
668.3682299999999,-501.69437,-16.70958
649.25348,-510.04717999999997,-22.81353
629.46545,-519.2926,-31.14325
608.8774400000001,-529.4046599999999,-38.52502
590.34833,-537.9603900000001,-34.76125
579.36816,-543.13953,-31.93941
572.88721,-547.67023,-30.036820000000002
570.28333,-549.20508,-27.28061
570.90485,-549.73401,-29.78691
570.74542,-549.3419200000001,-29.71023
570.3281900000001,-549.72095,-29.550929999999997
570.53882,-549.64551,-30.455940000000002
570.4044200000001,-550.31805,-31.30658
571.41595,-551.08893,-31.9292
571.6082200000001,-550.76263,-32.139959999999995
571.81445,-550.7945599999999,-32.6649
572.0615799999999,-550.53058,-33.0029
571.35217,-550.38898,-33.61546
571.78265,-549.40155,-33.540820000000004
572.05786,-549.4856599999999,-33.735440000000004
572.4230299999999,-549.3045,-33.922990000000006
572.48077,-549.1737099999999,-34.092729999999996
573.22089,-549.44519,-34.298390000000005
574.08032,-549.6856700000001,-35.00761
575.0271,-549.81372,-36.54391
576.5792799999999,-549.64032,-38.628190000000004
577.87189,-550.49518,-41.975159999999995
578.8872700000001,-551.0155599999999,-44.74642
578.69415,-551.87598,-47.37154
578.88788,-553.71741,-49.33593
581.22339,-555.64893,-47.967240000000004
584.9693,-556.2454799999999,-44.51614
591.40839,-555.18066,-41.78244
601.12103,-552.30042,-37.99804
613.40521,-547.0744,-33.684020000000004
626.73926,-541.9299900000001,-30.372059999999998
644.24316,-534.17908,-25.916420000000002
661.15527,-525.2169200000001,-23.11675
680.59296,-514.19434,-20.46994
699.4356700000001,-503.76275999999996,-17.80986
719.39886,-493.49605999999994,-14.57474
739.79767,-482.17929000000004,-11.78401
760.45209,-469.98434000000003,-7.715389999999999
780.36224,-457.92459,-4.45875
800.18042,-445.57831,-1.2129
819.09381,-433.92110999999994,0.26164
838.7231400000001,-422.81644000000006,1.2422600000000001
857.31073,-411.66263,0.5514
875.91022,-400.6337,-3.02642
893.9287699999999,-389.99258,-9.431410000000001
911.58105,-379.89844,-18.08043
927.43616,-369.76361,-28.803990000000002
943.4340800000001,-358.19518999999997,-38.98495
953.4807099999999,-352.28055,-39.452659999999995
959.02545,-347.79453,-47.98
958.6890900000001,-348.93372,-45.58201
957.03595,-349.94568,-39.37032
956.3175,-350.07535,-37.73997
956.5695199999999,-350.21735,-38.96098
956.6809699999999,-350.24615,-39.18034
957.03595,-349.94568,-39.37032
956.81158,-348.98734,-39.94882
956.83014,-348.94165,-40.11493
957.0351,-348.91196,-40.58062
957.06805,-348.93698,-40.477990000000005
956.8737199999999,-348.8103,-40.50026
956.97424,-348.89923,-40.48308
956.84045,-348.97656,-40.173190000000005
956.6106,-348.918,-39.86674
956.4544099999999,-349.73499,-39.11108
956.1073,-349.81557999999995,-38.12851
955.4096699999999,-350.06879,-37.09265
954.85693,-351.36287999999996,-35.65607
953.7185099999999,-352.4144,-35.71075
950.52759,-354.36008,-37.09533
943.7705699999999,-357.22567999999995,-38.40743
934.9254800000001,-361.94073,-40.2154
924.3712199999999,-368.63593,-41.10052
912.4426900000001,-377.90955,-39.70414
900.25452,-388.67615,-37.86853
888.6084,-403.19901,-35.38228
877.16809,-418.44336,-32.8889
865.13397,-434.87435999999997,-31.189740000000004
854.53455,-453.01555999999994,-29.45342
843.6660800000001,-470.23059000000006,-28.106659999999998
832.87958,-488.22815,-28.0023
822.31262,-505.93994000000004,-27.98405
812.09509,-523.53204,-28.201659999999997
801.29926,-540.42603,-28.41392
789.96613,-556.26508,-29.08744
776.55957,-569.95905,-30.944259999999996
762.2857700000001,-582.07312,-33.920190000000005
745.25494,-593.92548,-38.188320000000004
728.01068,-602.20209,-43.37988
710.6098599999999,-612.20776,-45.27241
694.90247,-620.1630200000001,-44.56912
684.23926,-626.46722,-41.64549
676.59161,-634.00464,-39.70499
672.6557,-638.5509,-36.038109999999996
672.14532,-641.59943,-33.823029999999996
671.70245,-642.6616799999999,-34.155590000000004
671.98511,-643.31177,-33.88
672.09497,-644.1093099999999,-33.59596
671.6134599999999,-645.34863,-33.526920000000004
671.62323,-645.26624,-32.97368
671.33209,-645.66119,-32.83126
671.45551,-645.74158,-32.63691
671.58954,-645.87311,-32.25229
671.34448,-645.94104,-32.78982
671.24963,-645.76208,-33.06617
671.54865,-645.5656700000001,-33.8069
671.90356,-645.8378299999999,-34.60627
672.49945,-644.93494,-35.09922
672.9035,-644.60419,-35.451809999999995
673.27081,-644.43622,-36.06113
674.1021099999999,-644.1429400000001,-36.87577
674.84723,-643.47089,-39.25014
676.3924599999999,-642.1240799999999,-41.82828
678.17413,-641.40643,-44.55085
679.7146,-639.30487,-47.14557
680.99847,-637.71411,-50.10985
684.73407,-633.31329,-51.1508
692.4465299999999,-623.8877,-51.126490000000004
703.13391,-608.5564,-46.85014
715.8335,-589.36896,-39.72103
729.94867,-568.07263,-33.723690000000005
743.41223,-547.50104,-29.620620000000002
757.6922599999999,-527.62122,-26.144289999999998
772.49054,-508.42062000000004,-23.50139
788.57263,-489.60468,-21.65178
805.75671,-471.58057,-19.617420000000003
823.6929299999999,-454.00574000000006,-17.59834
842.13361,-437.51062,-15.59281
862.59106,-420.24771,-11.97403
882.71338,-404.53042999999997,-9.1743
902.7806400000001,-389.52747,-6.17887
922.9559300000001,-374.55276000000003,-2.49127
942.58521,-359.67667,1.95954
959.87366,-345.78195,4.75171
976.65259,-331.86401,6.62723
991.2737400000001,-317.76288,5.90971
1004.03351,-305.42242000000005,1.3804
1014.9857199999999,-292.61472000000003,-5.61567
1023.7381,-280.44025,-16.034689999999998
1030.98206,-268.1485,-28.2031
1036.2041,-261.76198999999997,-36.128640000000004
1040.21143,-258.97986000000003,-42.15599
1039.54089,-259.5343,-39.12451
1037.95044,-260.7587,-35.431259999999995
1037.97168,-261.00079,-35.39816
1037.9845,-261.15021,-35.32312
1037.96716,-261.255,-35.027440000000006
1038.02881,-261.07422,-35.38433
1038.0575,-260.96567000000005,-35.68466
1038.4747300000001,-261.49426,-36.49718
1038.5402800000002,-261.2666,-37.06836
1038.53833,-261.26709,-37.39503
1038.78589,-260.53305,-37.81315
1038.62122,-260.33316,-37.67496
1038.6073,-260.40656,-37.443940000000005
1038.59106,-261.2229,-36.78802
1037.91602,-260.6933,-35.53054
1037.97156,-262.01507999999995,-33.22481
1038.4353,-263.68451,-30.94013
1038.40125,-267.46701,-30.609479999999998
1037.97437,-271.80869,-25.01533
1036.76282,-277.73962,-18.85179
1035.31824,-284.6857,-12.85918
1032.84216,-293.76721000000003,-7.79482
1029.88782,-303.55371,-2.54281
1025.4032,-313.71835,2.26681
1020.4055800000001,-325.52725,7.848730000000001
1013.1483199999999,-336.20911,13.015239999999999
1004.4149199999999,-346.51181,17.43318
993.72815,-355.21033,20.148410000000002
981.8045,-363.69434,21.708070000000003
966.99042,-370.47086,19.805139999999998
949.63812,-375.46457000000004,15.8239
931.52124,-381.00177,7.2436300000000005
911.2697099999999,-387.2493,-5.29591
889.7863199999999,-394.36807000000005,-22.03921
867.87921,-399.78222999999997,-37.348729999999996
851.36224,-405.51172,-26.372390000000003
845.1959199999999,-408.90778,-28.35268
842.03296,-409.92764,-25.120929999999998
843.4888900000001,-409.65143,-29.25385
844.1890900000001,-409.96097000000003,-31.883570000000002
843.86096,-409.40015,-31.00583
843.40515,-409.25928,-30.554470000000002
844.4011199999999,-410.04755,-30.74298
844.6876199999999,-410.21502999999996,-30.894809999999996
844.3693800000001,-410.16931,-31.10694
843.83685,-409.52231,-31.04165
843.96405,-409.3634,-31.2711
844.1314699999999,-409.39075,-31.313640000000003
844.3049300000001,-409.38367,-31.31721
844.68494,-409.43707,-31.547140000000002
844.9566699999999,-409.93433,-32.58675
845.3616300000001,-408.9404,-32.97482
846.1787699999999,-408.63861,-33.517520000000005
847.40173,-407.99872,-34.72094
848.64734,-405.85526,-34.6818
850.4077800000001,-399.89124,-32.50959
852.43481,-391.57294,-28.67393
856.1058300000001,-382.23892,-23.15888
862.24591,-373.81942999999995,-17.90007
872.10065,-366.23688,-12.587819999999999
884.82916,-360.2782,-6.684880000000001
900.07111,-356.05492999999996,-0.80238
916.16425,-352.09116,3.2784800000000005
932.8240400000001,-350.37866,6.42328
949.49414,-348.51273,6.072690000000001
963.8444800000001,-345.47165,2.1354
975.8729199999999,-341.32333,-6.28841
985.6094400000001,-334.02597000000003,-17.121170000000003
992.53656,-326.33295,-30.01632
996.7888800000001,-322.97372,-38.287409999999994
999.70282,-321.64273,-40.5495
997.74182,-322.52328,-36.82121
996.8911699999999,-323.50299,-34.13642
996.9014900000001,-323.85553,-34.14532
996.73328,-324.02402,-34.07677
996.7439,-324.12421,-33.89748
996.8300800000001,-324.11368,-33.998979999999996
996.95282,-323.9014,-34.32607
996.90076,-324.41455,-35.94613
997.1649800000001,-324.50278,-36.21501
997.6387900000001,-324.32504,-36.31173
997.81415,-323.35492,-36.47697
997.76465,-323.34189,-36.36887
997.61542,-324.20583999999997,-36.4459
997.88629,-324.38693,-34.895990000000005
998.1106599999999,-326.02133,-33.134640000000005
998.7017800000001,-329.61887,-31.07501
999.2905900000001,-334.97742,-30.613870000000002
997.6859099999999,-341.75272,-28.3876
994.42712,-348.96265,-22.95111
989.74994,-356.18549,-16.79697
982.3544300000001,-363.59885,-11.877239999999999
974.36005,-370.15414,-6.285
964.6831099999999,-376.77657999999997,-1.50391
953.758,-383.53445,2.32729
941.8421599999999,-390.10126,5.54816
929.3173800000001,-397.39169,6.78607
915.50665,-404.11957,7.71338
901.34729,-412.45007000000004,7.00992
886.66455,-417.11871,5.94113
871.4704,-423.79974000000004,4.78311
855.38043,-428.36096,2.0120299999999998
839.2379199999999,-432.81310999999994,-0.06311
822.64227,-436.89102,-3.0800799999999997
806.4483,-439.43594,-6.71156
788.89307,-441.90112,-11.41628
772.09863,-443.80975,-16.67085
754.5441900000001,-444.4342,-23.48646
734.83289,-446.57077000000004,-32.10322
716.10815,-446.26828,-39.73144
701.56604,-447.01678,-35.01923
694.76733,-446.77297999999996,-32.04307
690.57025,-447.8154,-30.575190000000003
688.45453,-448.7775,-29.50338
688.63293,-448.89633,-30.4191
688.7139900000001,-448.28927999999996,-30.72
688.60565,-448.96222,-30.772240000000004
688.48267,-448.85305999999997,-30.70243
688.62018,-449.01364,-30.7735
688.74536,-448.99341,-30.9954
688.65631,-448.98267000000004,-31.632690000000004
688.7637900000001,-448.85379000000006,-32.38893
688.87872,-449.01027999999997,-32.927640000000004
689.38293,-448.80667,-33.52176
689.4630099999999,-448.83258,-33.69853
689.62872,-448.91714,-33.7741
689.27167,-449.77029000000005,-34.067370000000004
689.85681,-449.75705,-34.0066
689.49268,-449.60529,-34.4477
689.57935,-449.98587000000003,-33.969640000000005
689.1120599999999,-450.74002,-34.69833
689.24847,-450.901,-35.02298
689.43665,-450.37091,-35.49958
689.39819,-450.33205999999996,-35.45816
689.53613,-450.54309000000006,-35.75914
689.76782,-450.3681,-35.8143
689.7518299999999,-450.49649000000005,-35.94227
689.93317,-450.29485999999997,-36.023720000000004
690.2253400000001,-450.64999000000006,-36.06309
690.31317,-451.05715999999995,-36.3136
690.74152,-451.50073,-36.427009999999996
692.00385,-453.11947999999995,-37.0883
693.47339,-456.08038,-38.18502
694.87195,-459.90662000000003,-39.88386
693.5158700000001,-467.38892000000004,-42.1309
692.7381,-478.11346,-43.11657
688.90967,-491.43399000000005,-41.90878
684.6315900000001,-505.50729,-33.3686
681.19995,-516.52185,-22.63109
679.30695,-522.50293,-10.76022
678.56024,-523.68286,-0.2357
679.54932,-519.52209,7.84852
682.8353900000001,-510.99352999999996,13.480170000000001
688.05182,-497.88934000000006,17.35199
695.4165,-481.02840999999995,20.282770000000003
701.49573,-462.57187000000005,21.9272
708.50482,-442.67624000000006,22.91071
716.44574,-421.82355,23.072039999999998
722.30762,-401.97598,21.8483
729.07104,-381.81573,19.67002
735.7701400000001,-361.78148999999996,17.04578
741.80078,-341.85092000000003,13.064869999999999
747.99805,-321.21222,9.65659
753.1856700000001,-300.63602000000003,4.11201
757.8042,-279.73102,-2.77937
761.95435,-258.75973999999997,-12.442969999999999
765.2689799999999,-236.6562,-25.867279999999997
767.70007,-225.55303999999998,-33.14815
770.04523,-226.77965,-38.291309999999996
769.5354,-228.03914,-34.933820000000004
768.64642,-229.31644,-35.10172
769.44165,-229.29674,-36.046440000000004
769.18457,-229.88297999999998,-36.23681
769.15918,-229.5598,-35.921170000000004
768.6586900000001,-229.83971,-35.521029999999996
768.43958,-229.90704,-35.34335
768.4368900000001,-229.99706,-35.37055
768.21106,-230.72723,-35.786359999999995
768.48303,-230.88452,-36.734120000000004
767.68835,-230.7693,-37.83338
768.09772,-231.13172999999998,-38.24183
768.05005,-231.21542000000002,-38.35779
768.95172,-231.12742999999998,-38.06841
768.0957599999999,-231.17125,-38.77427
768.0957599999999,-231.17125,-38.77427
768.06714,-230.9677,-38.879540000000006
768.05597,-230.95678999999998,-38.81377
767.78333,-230.83186,-38.89326
767.90894,-230.76244,-38.61332
768.05438,-230.73177,-38.09578
769.28613,-230.10089,-37.0972
768.7052,-229.42561,-37.35333
768.55725,-229.75751,-36.91518
769.91742,-230.82712999999998,-35.37056
768.68799,-230.8685,-35.084
768.15558,-232.33562,-36.03472
769.6682099999999,-234.03746,-35.68504
769.74084,-233.96561,-35.83266
770.62915,-235.76212999999998,-33.79547
770.06299,-239.20126000000002,-31.291690000000003
771.57678,-244.20163,-28.12555
773.1192,-256.9469,-29.418940000000003
772.98767,-274.94617,-29.850929999999998
772.34729,-301.06777999999997,-30.228479999999998
772.41699,-330.61121,-27.821690000000004
771.13275,-359.25957999999997,-25.384970000000003
767.45935,-387.29605,-21.83811
763.57623,-413.30463,-17.284000000000002
759.98218,-436.00018,-14.632579999999999
755.25708,-455.60483,-14.948189999999999
750.8272099999999,-474.06546,-16.0946
744.71155,-492.53754000000004,-20.79663
739.27393,-508.02039,-30.08219
736.74994,-516.65027,-36.12189
736.98578,-516.9594099999999,-37.312979999999996
737.44073,-513.65527,-34.83214
735.82593,-510.55917,-32.3092
734.56647,-509.57059000000004,-31.15796
733.51508,-508.76971,-31.33408
733.9151,-508.20743,-30.70305
733.34235,-508.32280999999995,-31.00488
733.27679,-508.74231,-31.73503
734.4777799999999,-508.32745,-32.35348
735.05005,-508.44937000000004,-33.08907
734.9259599999999,-509.08942,-33.98879
734.92188,-509.83977999999996,-35.00227
735.09869,-510.53253,-35.8189
735.92377,-510.53647,-36.3373
737.16711,-509.9032,-36.9267
738.10461,-510.20081,-37.83067
739.2821700000001,-510.34512,-39.58574
739.16913,-511.37772,-41.444179999999996
741.5822099999999,-510.97208,-43.003029999999995
741.49286,-512.1510599999999,-44.465270000000004
743.11719,-512.28296,-45.78029
745.81317,-512.7171,-46.876290000000004
753.21277,-513.27051,-46.45763
763.80713,-511.77988,-40.64051
780.26166,-511.29889000000003,-31.191229999999997
795.96246,-510.39835,-22.68137
812.26489,-509.88477,-14.50356
828.26105,-508.95041,-7.879519999999999
842.12408,-510.39594000000005,-1.41601
854.6110800000001,-512.6861,1.29267
867.9209,-515.17432,4.45641
882.42572,-518.23615,7.18277
896.0896,-520.89783,8.03673
908.7114300000001,-523.83875,8.06728
920.33734,-528.06885,6.48591
934.6251199999999,-531.20532,6.09221
947.08832,-534.3353900000001,4.50621
959.47925,-537.59357,2.56542
972.53522,-539.2453,0.76432
985.1710800000001,-539.23663,-1.36371
999.20471,-538.36115,-2.04665
1010.78076,-535.93243,-5.16143
1024.2360800000001,-533.3064,-6.838260000000001
1035.479,-530.55853,-11.97846
1043.41479,-527.65887,-21.866529999999997
1051.63501,-526.12488,-34.35167
1055.67468,-524.85699,-40.403290000000005
1057.46802,-524.56635,-43.93288
1055.25134,-524.03296,-39.158640000000005
1052.99756,-524.06458,-35.63793
1052.78833,-524.16125,-36.0687
1053.3582800000001,-524.2135,-36.57343
1053.00793,-524.28094,-36.603320000000004
1053.23315,-524.30548,-36.6273
1055.19739,-524.52667,-35.38733
1055.16968,-524.0495,-35.31698
1055.00134,-524.00006,-35.44446
1055.24207,-523.7900400000001,-35.49511
1055.37781,-523.73401,-36.055659999999996
1055.6513699999998,-523.9846200000001,-36.28897
1054.11145,-524.4639900000001,-38.53073
1054.3925800000002,-524.39728,-38.94373
1054.5481,-524.27985,-38.91512
1054.4754599999999,-524.29852,-39.035309999999996
1054.58826,-524.54529,-38.34097
1054.61853,-524.46838,-37.86428
1056.04663,-523.74451,-35.94952
1056.1970199999998,-524.0144700000001,-35.81862
1056.52686,-524.57458,-36.26377
1055.51172,-525.56628,-39.14627
1056.17126,-526.6019299999999,-40.402429999999995
1057.5907,-527.72791,-41.40753
1058.9252900000001,-529.492,-40.61065
1059.94739,-530.92841,-35.860490000000006
1063.23669,-530.27576,-29.00484
1063.5805699999999,-530.81183,-22.40425
1066.33545,-528.26141,-14.34503
1066.61633,-527.58777,-7.446860000000001
1067.35071,-525.2856400000001,-0.9592200000000001
1068.42773,-522.29102,5.0266
1067.72876,-519.18781,8.69018
1066.94482,-515.6831099999999,10.93037
1065.88464,-511.77160999999995,11.12697
1063.82214,-508.16754000000003,9.14448
1060.86157,-504.01489000000004,3.63585
1057.29224,-500.90094000000005,-4.9679199999999994
1052.42932,-497.94867,-16.80858
1047.2446300000001,-494.76305999999994,-30.22105
1042.15332,-492.37597999999997,-34.31507
1042.0658,-492.69272,-32.83313
1043.47021,-493.78253,-34.70578
1041.1322,-493.99457,-33.230140000000006
1041.21521,-493.80817,-32.67126
1041.54285,-493.7532,-31.774179999999998
1041.13062,-492.97064000000006,-31.633159999999997
1040.49353,-493.53882000000004,-31.866670000000003
1040.41211,-493.52878,-31.733690000000003
1040.36658,-493.52572999999995,-31.75943
1040.4563,-493.51648,-31.81648
1040.52466,-493.39365,-32.14438
1040.6444099999999,-493.35272000000003,-32.553940000000004
1040.64978,-493.31699000000003,-33.130829999999996
1041.15271,-493.45654,-33.1322
1041.3241,-493.79846,-32.78432
1041.13,-493.62402000000003,-31.36407
1040.56116,-494.69034000000005,-30.35479
1039.60681,-496.57280999999995,-28.00123
1039.16931,-499.86554,-26.16451
1034.8501,-504.39423,-27.11781
1031.59106,-508.05322,-21.58709
1025.90173,-511.91812000000004,-15.54066
1018.5858199999999,-516.45135,-8.990039999999999
1010.3826300000001,-520.04584,-3.04981
1000.04437,-523.1190799999999,0.64262
989.12329,-525.67755,3.2897199999999995
975.8549800000001,-527.9895,5.14925
961.7279699999999,-529.84912,6.7053
944.9545300000001,-532.2157599999999,6.354430000000001
930.35876,-534.2417,7.06712
912.04535,-538.2022099999999,4.46465
895.5885599999999,-540.73474,3.4550300000000003
877.4382300000001,-544.83917,0.6858
859.60016,-548.17535,-1.79771
840.03448,-552.23077,-5.536169999999999
821.38007,-555.88446,-8.65015
804.0756200000001,-558.56714,-12.2754
785.5981400000001,-561.96857,-16.073220000000003
767.33069,-565.20239,-20.77829
748.82709,-568.61298,-27.35325
728.41516,-572.55463,-37.21767
708.66211,-575.9852900000001,-45.145590000000006
694.3278799999999,-578.80383,-40.957770000000004
685.17773,-580.35608,-37.65789
681.6145,-579.76801,-34.04329
680.63013,-579.80981,-33.488820000000004
680.46307,-579.83118,-33.39618
679.31232,-579.96143,-32.64459
679.09235,-580.4432400000001,-32.64752
679.01086,-580.63818,-32.475559999999994
678.92029,-580.78345,-32.68456
678.86798,-580.66968,-33.070370000000004
679.00171,-581.6026,-34.0673
679.02887,-581.36688,-34.3856
679.92474,-580.84094,-34.173840000000006
680.33191,-580.87671,-34.44003
680.3668200000001,-580.74274,-34.9838
681.06219,-580.50397,-35.595620000000004
681.5448,-580.61139,-35.85407
682.19708,-581.7124,-37.15866
681.91815,-580.0191,-37.65278
683.97742,-581.59412,-39.705090000000006
685.98022,-581.0285,-42.07719
686.5816,-581.3662099999999,-45.08852
688.61633,-580.86157,-47.47148
692.38373,-580.56165,-49.07067
698.16412,-580.2044099999999,-49.39662
709.6192599999999,-576.49689,-46.7471
724.3819,-570.73639,-40.58893
741.37262,-564.37042,-35.029109999999996
759.1861,-556.95483,-30.550690000000003
777.93848,-548.58228,-26.74775
797.21619,-540.1773099999999,-23.7438
816.15613,-533.10382,-20.98134
836.2171599999999,-523.90845,-18.94825
856.6806,-514.6607700000001,-16.44088
877.7669099999999,-504.48395,-13.38008
898.9577,-492.34497000000005,-10.35019
919.34375,-481.82492,-7.520630000000001
937.0764800000001,-469.68323,-6.60261
954.65021,-458.12670999999995,-6.8669
970.5051900000001,-447.54932,-11.07964
985.5324099999999,-437.2175,-17.23762
999.3226900000001,-426.60449000000006,-25.793870000000002
1010.65375,-419.07639,-32.443940000000005
1019.4702800000001,-416.26867999999996,-36.25638
1021.9397,-415.57025,-36.993809999999996
1019.56415,-415.56601,-33.01148
1018.7017199999999,-415.3317,-32.2545
1019.55029,-415.69467000000003,-33.04177
1020.67706,-415.7261,-33.60588
1020.7312,-415.47542999999996,-34.77923
1021.0087900000001,-415.7648,-35.23941
1020.2537199999999,-415.09702000000004,-35.813959999999994
1020.5617699999999,-414.80508,-36.44059
1020.612,-414.66861,-36.65464
1020.87457,-414.69473,-36.96614
1021.8140900000001,-414.89212000000003,-36.6017
1021.7797199999999,-414.64981,-36.61291
1021.67975,-414.54868,-36.4883
1021.84369,-415.2023,-36.399640000000005
1020.75323,-414.91864,-36.06778
1020.78516,-415.16522000000003,-34.87154
1020.1237800000001,-415.57895,-33.89605
1020.0704300000001,-415.81528,-32.68748
1020.1556400000001,-416.32867000000005,-32.34162
1019.68488,-417.17569,-33.6417
1018.38544,-420.12380999999993,-33.30135
1015.6535,-425.10860999999994,-32.071059999999996
1013.22827,-429.8064,-28.58033
1008.6112699999999,-435.53930999999994,-24.29365
1003.59473,-442.29321,-19.576620000000002
997.8288,-449.6402,-14.49797
990.91406,-456.85107,-9.952
983.44604,-464.69644000000005,-5.16402
975.24139,-473.51193,-1.72953
964.5603,-480.75442999999996,0.43088000000000004
952.49866,-488.33627,0.41247
940.69208,-495.63181,-0.7813100000000001
928.38361,-504.80841,-2.31372
913.59979,-514.1297,-7.149310000000001
902.30444,-522.69128,-9.49494
888.36285,-531.69031,-13.440439999999999
874.9566,-540.7902799999999,-17.32208
861.6170699999999,-548.8067599999999,-22.460720000000002
848.3736,-557.0708599999999,-27.530559999999998
835.08093,-564.62897,-33.85934
821.52625,-572.3063400000001,-40.353190000000005
809.90393,-577.0414400000001,-37.19815
805.64215,-579.1383099999999,-33.06065
804.2231400000001,-578.9447,-31.927979999999998
804.06799,-579.00537,-32.562
804.08771,-579.1001,-32.72498
803.0567599999999,-579.56372,-32.58594
803.33075,-579.15674,-31.463420000000003
802.58905,-579.38965,-31.15993
802.08112,-579.48132,-30.5728
801.54053,-579.47717,-30.052570000000003
801.5640900000001,-579.77722,-29.91295
801.32385,-579.46869,-29.962979999999998
801.83105,-579.6427,-30.699479999999998
802.21649,-579.39478,-31.49473
802.43512,-579.45032,-32.2529
803.18677,-579.68738,-32.97764
803.74402,-579.7876,-33.42306
804.04388,-579.74945,-33.64148
804.3606,-579.74622,-33.96565
804.20148,-580.7901,-34.31552
804.88416,-581.0728799999999,-34.50822
805.9397,-581.21228,-35.23908
807.15692,-582.0762900000001,-36.32767
807.51996,-580.2694700000001,-38.257290000000005
808.65375,-581.07336,-40.654379999999996
808.78235,-581.8797599999999,-42.36175
809.9777799999999,-582.19531,-43.573609999999995
814.25861,-580.74072,-43.17968
817.05762,-581.41089,-40.49563
822.32556,-580.5747700000001,-36.1848
829.12738,-578.38245,-31.35496
833.6968400000001,-577.39868,-27.00055
841.3140300000001,-574.31732,-21.99437
848.5399199999999,-572.07983,-16.10047
854.51135,-568.7030599999999,-12.65311
860.63733,-564.23004,-9.613380000000001
865.6663199999999,-560.3560200000001,-6.8597
870.4404900000001,-555.04846,-5.34659
874.10468,-549.98987,-5.78855
877.66046,-544.29987,-7.079560000000001
881.0675,-538.42145,-8.9536
884.04028,-532.46625,-12.02322
884.5310699999999,-526.91797,-18.39248
885.5695800000001,-521.55408,-25.47148
884.4639900000001,-516.5686599999999,-35.28117
883.49646,-514.10657,-34.57116
883.3458300000001,-514.3815900000001,-35.64804
883.5482199999999,-514.35449,-34.44935
883.3828699999999,-512.93341,-30.276090000000003
882.7733199999999,-512.88239,-29.98708
883.0233800000001,-513.16815,-30.873179999999998
881.4959699999999,-514.51801,-32.01498
880.52185,-514.3077400000001,-31.51645
880.31305,-514.18719,-31.30217
881.4005699999999,-513.38239,-29.99786
881.5001199999999,-513.2033700000001,-30.13897
881.8112800000001,-513.15454,-30.27804
881.8975199999999,-512.86987,-31.311429999999998
882.2039199999999,-512.71906,-32.09046
882.9168099999999,-512.78473,-32.52467
883.1489300000001,-512.74744,-32.814840000000004
883.56055,-512.99255,-32.89383
883.4754,-513.00531,-32.80549
883.38849,-512.9361,-32.54902
883.30109,-512.9881,-31.8385
881.7484699999999,-514.65015,-32.093270000000004
882.5712300000001,-514.41626,-30.52119
882.33911,-515.72729,-30.81077
883.2216199999999,-517.2121,-31.51332
883.04718,-519.6369599999999,-32.47955
881.6383099999999,-523.4032,-31.73133
881.90045,-527.89264,-28.254759999999997
879.7876,-532.43292,-24.172179999999997
878.19751,-537.18762,-18.90008
874.8870800000001,-542.33978,-14.0975
872.14209,-547.5161099999999,-8.35347
868.66022,-551.47461,-2.95465
863.4055199999999,-555.59796,0.9482200000000001
857.2910199999999,-559.96667,4.08662
851.4689300000001,-564.39435,7.16327
842.8176300000001,-565.9184,6.6116399999999995
832.79443,-572.74768,3.57639
825.43518,-574.7475,2.29935
815.9852900000001,-577.7330900000001,-1.05423
806.47278,-581.34906,-4.7218800000000005
795.42749,-584.7072099999999,-8.25105
785.69232,-587.61401,-11.970410000000001
775.8582200000001,-590.22089,-16.64501
765.23877,-592.30103,-22.55711
756.33466,-593.25812,-28.5851
746.36688,-593.1680299999999,-37.58582
737.30536,-591.84479,-35.47814
734.33093,-591.4939,-33.47858
734.84338,-591.2232700000001,-33.62385
734.26324,-590.98132,-32.69407
733.6918900000001,-590.74774,-32.120779999999996
733.44714,-590.7271099999999,-31.52641
732.66809,-591.21362,-31.60923
732.9928,-590.8106700000001,-31.839859999999998
732.99878,-590.95276,-31.98183
733.04211,-591.22479,-32.41323
733.04211,-591.22479,-32.41323
732.2764900000001,-591.49988,-32.74041
732.52228,-591.6021099999999,-33.084559999999996
733.39972,-591.3371599999999,-33.05384
733.53265,-591.3831799999999,-33.09645
733.6098599999999,-591.5459,-33.36803
733.6827400000001,-591.53198,-33.331509999999994
733.80792,-591.6192599999999,-33.18761
733.98145,-591.80792,-33.12477
733.8942900000001,-591.85199,-32.94145
733.49023,-592.50134,-32.97595
733.8894,-592.75,-32.89634
735.16235,-592.6021099999999,-33.12366
734.88776,-593.69092,-33.43353
735.47479,-593.9166299999999,-33.94593
735.65314,-594.78021,-33.43783
736.56085,-596.5095200000001,-32.73778
738.6319599999999,-598.24725,-32.00028
740.00946,-601.52917,-29.80348
741.7085,-605.7554299999999,-26.53261
742.36871,-610.50269,-23.78817
744.0604900000001,-614.6831099999999,-20.755879999999998
745.81873,-617.99847,-18.20407
747.46735,-620.19299,-17.29971
747.17047,-621.9685099999999,-18.19749
747.40521,-621.20709,-22.39188
746.03247,-619.9230299999999,-29.69732
745.64478,-618.29065,-31.06976
744.33948,-618.77081,-32.81581
745.6734,-619.1682099999999,-32.83338
744.1557,-618.78375,-30.91985
743.5083,-618.5412,-29.78805
743.2782599999999,-618.65179,-29.048990000000003
743.11407,-618.78955,-28.91265
742.47186,-618.29327,-27.77875
741.37878,-618.34644,-26.70692
740.4259,-618.51459,-24.881339999999998
740.1510000000001,-618.4988400000001,-24.27339
739.69617,-618.3804299999999,-23.36466
739.7735,-618.29474,-23.33834
739.97797,-618.4519,-23.97888
740.19464,-618.4434200000001,-24.47123
740.44916,-618.55066,-25.2748
740.93854,-618.73816,-26.14803
741.43719,-618.56146,-26.82119
741.74188,-618.65521,-27.227220000000003
742.1449,-619.01105,-27.588079999999998
741.9613,-619.88025,-28.070420000000002
742.15387,-619.91119,-28.387859999999996
742.13391,-619.8560200000001,-28.476909999999997
742.24823,-619.9028900000001,-28.629759999999997
742.4291400000001,-619.9646,-28.734690000000004
742.42615,-620.0459,-28.70965
742.50861,-620.0965,-28.78755
742.5111099999999,-620.2031900000001,-28.76356
742.57745,-620.18195,-28.810859999999998
742.65991,-620.10681,-28.94387
742.53296,-620.20251,-28.908379999999998
742.5740400000001,-620.2171,-28.59945
743.20587,-619.7241799999999,-28.51032
743.11798,-619.75812,-28.37622
742.88049,-619.32751,-27.943559999999998
742.08789,-619.82556,-27.261440000000004
741.59845,-619.65063,-26.49328
740.90558,-619.23785,-25.445429999999998
740.58368,-618.8779900000001,-23.8337
740.40833,-618.48395,-21.93275
739.60004,-618.14941,-20.06147
738.1297599999999,-618.4526400000001,-17.999470000000002
