X17,Y17,Z17
770.29388,109.94395,2.54561
770.078,110.2302,3.3683300000000003
769.62402,110.3224,3.45916
769.64465,110.01743,3.4070199999999997
769.55164,110.02501000000001,3.3293800000000005
769.6220099999999,110.27266000000002,3.36562
769.7168,109.83311,3.02983
769.5260599999999,109.95591,2.741
769.53406,109.96725,2.4563
769.57025,109.93861000000001,2.28098
769.4743,109.98125,2.3115900000000003
769.31219,110.01576999999999,2.20262
769.22845,109.90133,2.2504299999999997
769.2384,109.74273000000001,2.4795
769.22864,109.62704,2.64705
768.9592299999999,109.40342,2.91248
768.92487,109.45352,3.03795
768.7692900000001,109.46564,3.24247
768.7522,109.42641,3.19294
768.6433099999999,109.41861999999999,3.30944
768.50189,109.56266000000001,3.5226800000000003
768.59784,109.48843000000001,3.65918
768.6417799999999,109.3057,3.6323
768.57813,109.44368,3.74327
768.6899400000001,109.40696000000001,3.86405
768.63635,109.43738,3.9378800000000003
768.72089,109.46756,4.05419
768.56146,109.42969,3.99608
768.5169099999999,109.40961999999999,4.6041300000000005
768.47943,109.40296000000001,4.36455
768.52081,109.38951000000002,4.42431
768.57452,109.45885,4.52246
768.22528,109.34305,4.65615
768.49792,109.57636000000001,4.93637
768.21698,109.63206000000001,5.27715
768.15387,109.65515,5.35269
767.9455,109.5341,5.72428
767.92609,109.62347,5.58434
768.04901,109.35298,5.831180000000001
768.0253299999999,109.47932,5.89725
768.04095,109.36438999999999,5.99871
768.0686,109.36828999999999,6.15827
767.8077400000001,109.35922,6.2085300000000005
767.51544,109.40758999999998,6.19111
767.5794099999999,109.26369,6.48963
767.5794099999999,109.26369,6.48963
767.5794099999999,109.26369,6.48963
767.5794099999999,109.26369,6.48963
767.61395,109.20585,6.5404599999999995
767.5794099999999,109.26369,6.48963
767.40314,109.34185,6.42148
767.66235,109.14567,6.48305
767.65485,109.24943,6.41132
767.62781,109.20351000000001,6.43222
767.6217,109.31681,6.42777
767.66235,109.14567,6.48305
767.5794099999999,109.26369,6.48963
767.66235,109.14567,6.48305
767.67944,109.33726000000001,6.79432
767.59241,109.14793999999999,6.781160000000001
767.42859,109.33608999999998,7.0544199999999995
767.50067,109.45913999999999,7.264189999999999
767.55035,109.3065,7.12195
767.43353,109.24038,7.2839100000000006
767.44379,109.26472,7.24983
767.55035,109.3065,7.12195
767.50555,109.18105,7.1952
767.3941,109.41736000000002,7.3920699999999995
767.4583700000001,109.40601000000001,7.326039999999999
767.5613400000001,108.97235,6.9974300000000005
767.51166,109.12501999999999,7.1397
767.51422,109.19734,7.128310000000001
767.37097,108.94478000000001,7.63479
767.17206,109.16791,7.7187399999999995
767.19196,109.27721000000001,7.8448899999999995
767.1397099999999,109.20884,8.08526
767.10065,109.24741000000002,8.15375
767.23114,109.31008,8.21327
767.23114,109.31008,8.21327
767.02142,109.19536000000001,8.17602
767.12469,109.21235,8.118260000000001
767.18927,109.1321,8.041730000000001
767.1377,109.08775,8.09805
767.1377,109.08775,8.09805
767.2345,108.69771999999999,7.97404
767.16345,108.96478,8.21418
767.31403,109.00955,8.16615
767.05896,109.04131000000001,8.124889999999999
767.05896,109.04131000000001,8.124889999999999
767.30542,108.91672,8.1648
767.2611099999999,108.84012,8.30911
767.3355700000001,108.93865,8.426639999999999
767.3120700000001,108.95007,8.4573
767.08368,108.89578,8.69995
766.9630099999999,108.82943,8.65139
766.9630099999999,108.82943,8.65139
766.87549,108.85462,8.69931
766.99615,108.92097,8.747860000000001
766.99615,108.92097,8.747860000000001
766.9704,108.91046999999999,8.85703
766.99615,108.92097,8.747860000000001
767.08057,108.81245,8.90376
767.08368,108.89578,8.69995
767.02051,108.87866000000001,8.56978
767.06903,109.1426,8.20682
766.96442,109.12345,8.25239
767.20862,109.28665,7.82178
767.30005,109.22888999999999,7.39946
767.50806,109.25336999999999,7.18381
767.3618799999999,109.35445,6.8255
767.61395,109.20585,6.5404599999999995
767.7320599999999,109.22868000000001,6.26866
767.78467,109.55925,5.67901
768.07526,109.54700000000001,4.773280000000001
768.00391,109.22581000000001,3.9338
768.13672,109.38833999999999,3.17104
768.1560099999999,109.55373999999999,3.01076
768.13007,109.67692,2.89447
768.30267,109.70403999999999,2.73944
768.3606,109.62851,2.59226
768.43604,109.71177,2.39838
768.6875,109.64976999999999,2.3470299999999997
768.59406,109.55016,2.34652
768.80286,109.67724,2.19378
768.79395,109.62025,1.7774599999999998
768.8413099999999,109.81521000000001,2.03671
768.8765900000001,109.65486999999999,1.73655
768.74017,109.97555,1.54934
768.81781,109.94483999999999,1.54891
768.81781,109.94483999999999,1.54891
768.92993,109.97696,1.41511
768.92993,109.88297,1.42551
768.96625,110.04933999999999,1.3590799999999998
768.71344,109.9531,1.16365
768.73383,110.03603000000001,1.10578
768.85315,109.88986000000001,1.0256299999999998
768.89679,109.96873000000001,1.06129
768.8491799999999,110.30391999999999,0.70548
768.70618,110.20107,0.6758
768.30548,110.60693,-0.04365
768.53497,110.55027,-0.20126
768.83868,110.62592,-0.42052
769.19128,110.64813999999998,-0.8824299999999999
769.2453,110.75764,-1.08384
769.2293099999999,111.03577,-1.21163
769.40692,110.73643,-1.4288399999999999
769.56665,110.77458999999999,-1.49573
769.36633,111.08532,-1.87455
769.13446,111.12333999999998,-2.5365900000000003
769.27594,111.3557,-2.71132
769.62354,111.29482,-3.1294299999999997
769.74084,111.49055,-3.48593
769.88818,111.29852,-3.72995
769.88409,111.56777,-4.18567
770.15552,111.5783,-4.30352
770.29102,111.69411000000001,-4.82455
770.27417,112.05525,-5.41293
770.56805,112.05793,-5.9876
770.7683099999999,112.37364,-6.44935
771.0946,112.34891999999999,-6.82293
771.22375,112.56496000000001,-7.217639999999999
771.5087900000001,112.95158,-7.76702
771.80737,113.11679,-8.30633
771.92267,112.90496,-8.566469999999999
772.01886,112.94896999999999,-9.09361
771.9717400000001,112.93923999999998,-9.38752
771.91699,113.26338999999999,-10.26798
772.47906,113.47107,-10.40124
772.76306,113.46203999999999,-10.683539999999999
772.66174,113.67706000000001,-10.834810000000001
773.09717,113.56548000000001,-10.93213
772.87512,113.93716,-11.20554
773.08368,113.8157,-11.49122
772.8194,114.03786000000001,-11.61384
772.99188,113.96673999999999,-11.552769999999999
773.02728,113.72462,-11.71493
772.8194,114.03786000000001,-11.61384
772.69873,113.98163000000001,-11.68614
772.9741799999999,113.75808,-11.6431
772.6098,114.01597,-11.558860000000001
772.5871599999999,113.75591999999999,-11.59061
772.57007,114.09348,-11.77331
772.64197,113.9567,-11.842310000000001
772.61224,114.12491000000001,-11.97902
772.59583,114.09278,-11.66542
772.84778,114.00901,-12.18902
772.84778,114.00901,-12.18902
772.84778,114.00901,-12.18902
772.94843,114.00568,-12.25596
772.9472,113.96092,-12.591439999999999
772.99487,114.13346000000001,-12.82523
772.91589,114.07383,-13.172720000000002
773.13049,114.14211,-13.051730000000001
773.02094,114.05816999999999,-13.297329999999999
773.03693,114.26621000000002,-13.18095
773.31903,114.12025,-13.08513
773.31903,114.12025,-13.08513
773.2067900000001,114.02505,-13.13371
773.10175,114.04073000000001,-13.00911
773.31903,114.12025,-13.08513
773.2139900000001,114.13591000000001,-12.96054
773.31903,114.12025,-13.08513
773.31903,114.12025,-13.08513
773.2139900000001,114.13591000000001,-12.96054
773.27997,114.29893,-13.19439
773.31903,114.12025,-13.08513
773.31903,114.12025,-13.08513
773.2067900000001,114.02505,-13.13371
773.13049,114.14211,-13.051730000000001
773.10175,114.04073000000001,-13.00911
773.10175,114.04073000000001,-13.00911
773.07123,114.01641000000001,-12.907210000000001
773.02545,114.15777,-12.92713
773.10175,114.04073000000001,-13.00911
773.10175,114.04073000000001,-13.00911
773.18341,114.1116,-12.85864
773.10175,114.04073000000001,-13.00911
773.2067900000001,114.02505,-13.13371
773.1132200000001,114.14917,-13.262939999999999
773.06232,114.31723999999998,-13.37708
773.1192599999999,114.37098,-13.483460000000001
773.49115,114.33917,-13.291939999999999
773.3009599999999,114.43445,-13.541170000000001
773.38574,114.49551000000001,-13.444679999999998
773.38574,114.49551000000001,-13.444679999999998
773.4132099999999,114.57248,-13.511220000000002
773.5059200000001,114.68127,-13.65102
773.4718,114.51115,-13.60426
773.5059200000001,114.68127,-13.65102
773.5059200000001,114.68127,-13.65102
773.44727,114.74258,-13.557979999999999
773.44727,114.74258,-13.557979999999999
773.44727,114.74258,-13.557979999999999
773.44727,114.74258,-13.557979999999999
773.44727,114.74258,-13.557979999999999
773.3435099999999,114.78263999999999,-13.40945
773.30945,114.27571,-13.23424
773.0672599999999,114.49236,-13.07807
772.85938,114.47911,-12.80349
772.53503,114.46633,-12.12298
772.62311,114.47471999999999,-11.73248
772.12695,114.61026000000001,-11.29774
772.159,114.32652,-11.134319999999999
772.1025400000001,114.28563999999999,-10.734919999999999
771.98315,114.40603,-10.573319999999999
771.68372,114.31657,-10.46441
771.68372,114.31657,-10.46441
771.95215,114.24503,-10.67632
771.83301,114.28602,-11.1994
771.95789,114.33462,-11.45354
771.76184,114.53658999999999,-11.929730000000001
771.95032,114.52901000000001,-12.42728
772.14795,114.56956000000001,-12.575239999999999
771.98969,114.73093999999999,-12.548630000000001
771.8933099999999,114.71722,-12.61627
771.65265,114.68488,-12.5815
771.30579,114.64289,-12.841439999999999
771.60168,114.62251,-12.97374
771.71069,114.73308999999999,-13.45815
772.02869,114.79603999999999,-13.933639999999999
772.25983,114.72899,-14.18775
772.11383,115.04633000000001,-14.7945
772.55756,115.09707,-15.51162
772.95813,115.32437,-16.184160000000002
773.0499900000001,115.42648999999999,-16.52709
773.52777,115.35553,-16.83091
774.17889,115.82948,-17.82555
774.2394400000001,116.05753,-18.920579999999998
774.75128,116.35276,-19.39585
775.6693700000001,116.83079,-20.74596
775.96906,117.3959,-22.25893
776.73755,117.55677,-23.69722
777.71405,118.1274,-25.06599
778.44897,118.02813,-26.60932
780.09052,117.85808999999999,-27.94187
783.50867,119.74815,-27.001959999999997
790.49768,119.60484,-22.417170000000002
799.01917,118.52423,-18.49038
809.46313,116.96813999999999,-14.83174
821.72607,114.59086,-11.43361
835.54718,111.22533999999999,-8.109060000000001
851.1507,110.52654,-4.97538
866.8032199999999,107.42924,-0.81139
884.07556,106.33311,2.95466
899.0775800000001,104.56402,6.09976
913.1677199999999,103.15025,7.643110000000001
925.3997800000001,102.96667,5.67593
935.5667699999999,100.9284,1.74195
943.6007699999999,101.43098,-5.49372
950.1876199999999,100.75784,-13.377220000000001
954.8748800000001,100.61384,-21.85621
957.99866,98.45539000000001,-19.45239
958.43976,98.03674000000001,-20.49646
958.3833,98.05501,-18.119870000000002
957.35199,97.07851,-14.18106
956.07605,96.87919000000001,-12.62846
956.1279300000001,96.57538000000001,-13.03393
956.2302199999999,96.87312,-13.46827
956.2629400000001,96.6813,-13.23971
956.73334,96.63624,-13.80362
956.789,96.69075,-13.886829999999998
955.9050300000001,97.37125,-15.665629999999998
955.9050300000001,97.37125,-15.665629999999998
956.1229199999999,97.27839,-15.934120000000002
956.11115,97.26918,-16.1128
955.95642,97.30235,-15.814739999999999
956.6655900000001,97.28583,-14.865129999999999
956.3385599999999,97.10535,-13.849870000000001
955.9191300000001,96.71333,-13.155579999999999
956.04834,96.98778,-12.64976
955.9154699999999,97.35065,-12.24215
955.8298300000001,97.65576,-11.27931
954.94751,97.16339,-12.26477
952.1013199999999,94.23743,-11.93228
948.21881,89.89322,-8.26348
944.39801,82.5226,-2.18772
937.3259300000001,74.05959,2.24131
928.51965,66.40186,6.91507
918.2647099999999,59.33695,9.91488
906.41016,52.60318,11.98039
893.1981199999999,47.12529,12.30499
879.53021,42.7865,10.63464
864.65704,38.6976,6.01529
850.32355,36.6781,-0.8574700000000001
836.21136,35.95633,-8.85924
821.32532,35.505309999999994,-17.98762
808.8220200000001,34.71697,-21.74895
800.50769,34.59742,-19.54187
795.64484,34.46557,-17.21838
794.29828,35.40832,-15.58206
793.06854,34.57034,-13.41644
791.71649,34.29942,-12.70814
790.72668,33.73057,-11.88914
790.39233,33.68231,-11.620569999999999
790.18976,33.80523,-11.585989999999999
790.01141,33.74487,-11.4149
790.0869799999999,33.63995,-11.537180000000001
790.11591,33.604279999999996,-11.61699
790.11047,33.711729999999996,-11.60478
790.2412099999999,33.77639,-11.64987
790.255,33.948240000000006,-11.40366
790.5274,33.8642,-11.730210000000001
791.14771,34.28386,-12.5889
793.29346,35.76062,-14.478829999999999
795.4455,36.549479999999996,-17.97123
798.10535,37.374970000000005,-21.62828
803.37311,39.49796,-23.47421
815.66614,43.30952,-21.54944
834.89093,49.48807,-13.54836
858.9187,57.383,-4.63123
886.54932,66.77701,4.8214
913.8978300000001,77.31186,14.06209
940.6273800000001,87.75169,23.795460000000002
965.3475300000001,99.6008,31.889870000000002
986.4101,112.46873000000001,35.46262
1003.2611099999999,124.94174,30.13928
1017.3960000000001,135.05563,19.38523
1028.31689,141.48863,7.137739999999999
1037.16443,145.02066000000002,-4.773219999999999
1044.08508,143.02684,-15.01346
1043.7690400000001,141.80788,-13.574760000000001
1043.88855,142.83542,-15.54946
1042.3064,141.98404,-12.07925
1041.96399,141.85414,-11.43493
1042.83142,141.78473,-13.77464
1043.0991199999999,142.87724,-15.61689
1043.06592,142.81502,-15.6556
1043.16064,142.74922,-15.641639999999999
1043.46716,141.83758999999998,-15.039860000000001
1043.08276,142.03966,-15.5205
1043.0335699999998,142.10683999999998,-15.68184
1043.53967,142.44574,-15.672089999999999
1043.77686,142.40747,-15.727379999999998
1043.53967,142.44574,-15.672089999999999
1043.3053,142.91165,-15.82436
1042.65283,142.45505,-14.554260000000001
1042.5485800000001,142.16623,-13.17556
1042.2686800000001,143.48161000000002,-11.08567
1041.78442,142.63457,-9.47824
1041.40869,142.7469,-8.41308
1040.68945,142.97243999999998,-8.16514
1037.23181,146.49414,-6.1971300000000005
1029.93018,150.03557,-4.16519
1019.7061199999999,153.79375,0.11545
1006.71021,156.9037,5.45445
991.7344400000001,158.42336,11.162230000000001
974.1981199999999,159.33588999999998,16.16875
954.5482800000001,158.6568,19.3873
933.1655900000001,156.76636000000002,21.35884
910.40204,154.11432,21.52107
887.7343099999999,150.35388,20.90234
864.24542,145.23854,20.02981
841.15155,139.75502,18.404970000000002
819.04486,133.25021,17.16468
797.85352,124.9987,15.772329999999998
776.83392,115.96111,13.07583
756.68195,106.27095,7.90757
736.8893400000001,95.78392,0.45124
718.19196,84.89085,-9.29165
699.29822,72.944,-20.98057
684.3869,63.45171,-15.28946
676.3605299999999,58.999469999999995,-11.61623
673.15125,56.936330000000005,-9.48141
672.97565,55.253969999999995,-8.95782
672.7054400000001,54.9506,-8.67864
672.40967,54.77624,-7.300730000000001
671.7860099999999,54.21909,-6.50076
671.27502,53.748509999999996,-6.09449
671.42603,53.74485,-6.03274
671.2348,53.72984,-5.9107199999999995
671.28088,53.63195,-6.01685
671.4693599999999,53.66307,-6.53865
671.3996599999999,53.881890000000006,-6.78982
671.65088,53.811209999999996,-6.97628
671.83789,53.89355,-7.25846
671.91626,54.211780000000005,-7.49217
672.05792,54.4231,-7.61993
672.18878,54.4672,-8.32737
672.19012,54.633559999999996,-8.18095
672.18439,54.926930000000006,-8.47418
672.11359,55.449459999999995,-8.602889999999999
671.54187,56.4271,-8.45321
670.85577,57.175580000000004,-7.6675
668.75623,59.354530000000004,-6.928780000000001
664.55969,62.99381999999999,-5.48409
656.7153900000001,66.92156999999999,-4.6431
645.15369,70.4017,-4.16336
632.5776400000001,70.05223000000001,1.7918
619.60303,66.57445,9.18268
607.12573,59.801480000000005,14.58707
594.40417,49.722,17.66341
582.33405,36.90169,19.860670000000002
572.03076,22.49331,22.444110000000002
564.12885,5.90715,25.04772
557.19818,-11.90612,26.47386
552.97168,-31.23586,27.16455
550.46948,-51.11775,26.804409999999997
549.11261,-71.52401,26.06972
549.27252,-93.25376,24.24896
550.40643,-115.09506999999999,21.65305
551.2561,-136.93059,18.980620000000002
553.57275,-160.30919,14.59491
556.7934,-183.32416,10.154689999999999
558.92358,-205.88898999999998,5.61491
561.8720099999999,-228.85982,0.41518999999999995
564.7031900000001,-251.08606,-6.30235
567.38013,-273.88162,-14.19333
569.29584,-295.3851,-22.971610000000002
569.27991,-316.11945,-32.61725
570.3183,-335.76465,-44.001290000000004
569.5097,-348.86545,-40.60479
570.73712,-356.46982,-37.779740000000004
569.89417,-358.62897000000004,-33.135940000000005
568.91766,-359.76871,-31.00733
568.07031,-361.12476000000004,-28.58591
567.26593,-361.3566,-28.054170000000003
567.5058,-361.96951,-28.19145
567.57513,-362.09448,-28.1089
567.42102,-362.07547,-28.21207
567.12018,-362.25073,-28.537059999999997
567.32257,-362.19791000000004,-28.8095
567.20703,-362.19153,-29.52412
567.26563,-361.90628,-30.593429999999998
566.9678299999999,-361.46628,-31.44088
566.98022,-361.26166,-31.59777
567.20813,-361.17386,-31.7703
567.08203,-361.10696,-32.09067
567.08203,-361.10696,-32.09067
567.08331,-360.74753,-32.35796
567.1004,-360.83484,-32.417770000000004
567.23315,-360.96307,-32.53222
567.19727,-360.70285,-32.45258
567.41394,-360.66122,-32.566959999999995
567.5756200000001,-360.26767,-32.32938
567.73785,-359.88097999999997,-32.40755
568.04474,-359.75638,-33.15887
568.1731,-359.55179,-33.93565
567.9884,-359.10095,-34.52003
568.32965,-357.92966,-36.27919
567.5423,-356.03046,-38.09522
568.30695,-354.03152,-41.54375
567.59772,-350.93567,-44.3015
563.70862,-347.21932999999996,-46.975359999999995
556.74969,-340.76358,-45.80663
549.30402,-331.43384,-36.46314
543.9361,-322.85402999999997,-26.181079999999998
540.70313,-314.96597,-15.4985
540.8837900000001,-309.40442,-6.570760000000001
544.0889900000001,-304.55667,0.83591
551.24127,-301.04294,7.89496
559.20789,-297.13626,14.23954
569.17206,-293.49823,20.372139999999998
578.6225,-289.60217,26.119529999999997
588.46777,-286.56662,29.70675
598.48859,-283.1004,32.644459999999995
607.61816,-280.24282999999997,33.81831
617.42761,-277.35205,34.9112
627.2484099999999,-274.65125,35.44876
636.4904799999999,-272.26352,34.70755
645.5686,-270.24741,33.02809
654.41888,-268.83154,30.088620000000002
663.9306,-268.21227999999996,27.13843
673.95734,-268.71561,23.18064
684.4071700000001,-270.17413,18.19246
694.56732,-273.90512,11.744710000000001
706.35504,-278.13889,3.4264900000000003
717.4447,-284.5336,-6.218999999999999
729.66296,-291.60141,-17.03013
741.44763,-299.3732,-29.232870000000002
749.08691,-306.13547,-34.8427
751.63672,-309.08194,-36.52827
751.8570599999999,-310.30765,-34.68072
751.2072099999999,-311.21555,-32.58115
750.4309099999999,-312.73593,-29.439390000000003
750.4317,-312.0224,-31.06438
750.5445599999999,-311.3284,-31.62523
750.52563,-311.30759,-32.21206
750.51849,-311.40976,-31.811759999999996
750.15454,-311.69241,-31.79743
750.4433,-312.07513,-31.25597
749.8403900000001,-311.98779,-31.23228
750.19495,-311.70108,-31.887659999999997
750.2310200000001,-311.61947999999995,-32.07499
749.87549,-311.27524,-32.76344
749.84473,-311.29797,-32.89533
750.15973,-311.99242999999996,-33.4822
749.87549,-311.27524,-32.76344
749.84943,-311.32059,-32.7738
749.9884599999999,-311.38162,-32.63393
750.2310200000001,-311.61947999999995,-32.07499
749.93713,-311.72675,-31.678340000000002
749.6238400000001,-311.72467,-31.31877
749.62878,-311.79857999999996,-30.68635
749.87238,-312.36661000000004,-30.79707
749.8333700000001,-312.33234,-30.667540000000002
749.77539,-311.95694,-30.4576
749.62073,-311.79578,-31.100409999999997
749.09723,-310.6991,-31.760140000000003
748.7205799999999,-310.53848,-32.538000000000004
748.68341,-309.81525,-32.026509999999995
747.41333,-309.12152000000003,-30.334220000000002
743.79407,-307.62335,-27.202209999999997
736.6695599999999,-304.3179,-24.64016
725.94733,-300.66882000000004,-19.62508
713.74445,-295.95032000000003,-15.26929
699.1972,-291.22226,-10.02758
682.84497,-286.05249,-5.584280000000001
664.39551,-281.3143,-2.81304
643.00122,-276.19342,-1.3451899999999999
620.12769,-270.49426,0.75359
595.84717,-265.2753,2.46062
569.2179,-259.86133,4.12894
542.4028900000001,-256.46878,4.6442
514.58069,-254.61068999999998,2.3702799999999997
486.95819000000006,-254.77585,-2.76073
462.80869,-258.71088,-10.3202
440.41797,-263.54831,-18.78566
420.33185,-270.88501,-28.761540000000004
402.99042000000003,-278.50931,-36.12749
396.44144,-282.69858,-33.811690000000006
398.46674,-284.77786000000003,-32.54492
399.4371,-285.88916,-31.8228
399.9801,-286.89355,-30.75008
400.13336,-288.05328,-29.640290000000004
399.6348,-288.32455,-29.688609999999997
399.20157,-287.87201,-29.718490000000003
399.22815,-287.51672,-30.59194
399.46657999999996,-287.43259,-31.028109999999998
399.39935,-287.10373,-31.40666
399.4306,-286.78403,-31.6496
399.49078,-286.81583,-31.65333
399.61496,-286.8363,-31.64423
399.44205,-286.59827,-31.541159999999998
399.56241,-286.74487,-31.878529999999998
398.47253,-285.80399,-31.482540000000004
398.74127000000004,-285.24832000000004,-31.58663
398.72012,-284.97217,-32.95924
398.61682,-283.6004,-33.78372
398.77002000000005,-282.56653,-36.71185
398.18042,-279.95276,-39.06094
397.54984,-278.31737999999996,-41.30083
396.34402,-275.67828,-40.870329999999996
394.74213,-272.56705,-34.12161
393.49933,-269.17316,-26.65007
393.29187,-266.00998,-19.95485
393.50518999999997,-262.68542,-12.37973
393.59967,-259.58575,-6.38368
394.83139,-256.90515,-1.02312
396.45737,-253.97482000000002,3.4610199999999995
398.33398,-250.06692999999999,7.16811
401.27789,-246.52466,10.05663
403.94516,-242.04202,13.18709
407.3186,-237.91074,14.68945
410.13379,-234.10432000000003,15.33978
413.46536000000003,-230.89647999999997,14.3445
417.01184,-226.94226,13.56189
420.11932,-223.59273,11.93297
423.55935999999997,-221.08495,9.066089999999999
426.57336,-218.8074,5.77722
430.00928,-217.73831,1.10569
432.8569,-217.84001,-4.77073
435.00424000000004,-218.87581,-13.32729
436.41537,-221.24074,-23.68532
436.71935999999994,-224.80202000000003,-36.7043
435.81032999999996,-228.82707000000002,-33.33775
435.49844,-228.50307999999998,-34.20345
435.05804000000006,-229.21899,-32.87271
433.08243,-230.93916000000002,-28.824709999999996
433.16864000000004,-231.07411000000002,-29.578459999999996
433.03824000000003,-230.50226,-30.00412
433.09432999999996,-230.91648999999998,-29.78173
433.03397,-230.92621,-30.090429999999998
432.8183,-230.48439,-30.38131
433.0405,-230.67862000000002,-30.71265
432.79382000000004,-230.40971000000002,-30.73456
433.05408,-230.34737,-30.830820000000003
433.11417,-230.32098,-30.86344
432.88419000000005,-230.49985,-31.251279999999998
432.8757,-230.27053999999998,-31.28945
433.22107,-229.65829,-30.85643
433.2406,-229.32965,-30.95591
433.63842999999997,-229.04617000000002,-32.19168
434.02826,-228.16115,-33.31544
434.33032000000003,-227.25092999999998,-35.089040000000004
434.22733,-225.69444,-37.77135
434.59905999999995,-223.31957999999997,-40.64541
434.67374,-221.04709,-43.15169
434.66397,-217.61487000000002,-44.46952
437.25714000000005,-213.67103999999998,-40.6227
442.86096,-208.69098,-31.732509999999998
449.68112,-202.27675,-23.39224
458.47263,-196.25874,-15.2789
469.45792,-190.71034,-7.08875
481.96547999999996,-184.20819,0.8543299999999999
494.60123,-178.33884,7.516030000000001
507.4592,-172.14702,13.831420000000001
521.43701,-167.1898,19.18391
535.73199,-162.58491999999998,23.030160000000002
550.70782,-158.4649,26.31147
564.56677,-154.86972,28.30733
578.6433099999999,-151.07977,29.092709999999997
592.40363,-149.18576000000002,26.640459999999997
605.74585,-146.88815,22.02074
618.60461,-145.32153,14.977229999999999
629.55334,-143.70291,4.930280000000001
640.05249,-143.08884,-6.56263
649.23523,-142.69496,-19.738120000000002
657.83276,-142.23807,-33.74522
661.0804400000001,-143.48686,-35.39973
661.8349,-141.87046999999998,-38.25052
660.9476900000001,-143.30646000000002,-35.728190000000005
659.69623,-145.38126,-30.11849
659.55396,-145.55617,-30.110090000000003
660.0919200000001,-144.45116000000002,-31.205070000000003
660.00653,-144.62219,-31.125429999999998
659.82751,-144.95157,-30.93008
659.41272,-145.13661000000002,-30.34838
659.51489,-144.98596,-30.65679
659.87079,-144.7865,-31.12892
659.78235,-144.61543,-31.533859999999997
659.73083,-144.65607,-30.87407
659.3783599999999,-145.50616000000002,-30.4945
658.96173,-145.32828,-29.551609999999997
659.1192,-146.06181,-27.355359999999997
658.47498,-146.74748,-24.6751
658.8937400000001,-148.12825,-22.79354
659.50769,-153.33388,-20.91433
659.4619799999999,-160.95836,-16.3401
658.23291,-172.21393,-11.244819999999999
654.74615,-184.60464,-6.50609
648.4480599999999,-197.15826,-3.14175
638.1856700000001,-209.84084,-1.5615
626.09375,-221.74405,-1.0065
610.86658,-232.46286,-2.8616900000000003
594.21448,-242.12486,-5.6057
576.30084,-251.39188,-9.89608
557.8333700000001,-259.64316,-16.203770000000002
538.25916,-268.16013,-24.53931
519.3978900000001,-275.31519,-33.18388
500.8884,-283.67529,-42.0486
485.62075999999996,-291.72726,-39.32302
476.15149,-297.50847999999996,-38.09807
470.11877000000004,-301.78122,-37.161770000000004
465.82834,-303.98717999999997,-35.04234
463.14267,-303.60825,-32.81714
462.25644000000005,-303.12268,-32.99673
461.33700999999996,-303.76685,-32.13961
461.08173,-303.86505,-31.495390000000004
460.40942,-303.82922,-30.918979999999998
460.11703,-304.43604,-30.66021
459.53714,-304.75403,-30.0847
459.78754000000004,-304.68912,-30.126079999999998
459.93839,-304.50375,-30.13281
459.83182,-304.27701,-29.933390000000003
460.035,-304.63208,-29.9969
459.97232,-304.34,-30.09058
459.87027,-304.13876,-30.19513
459.76297,-304.44723999999997,-30.028000000000002
459.96652,-304.3999,-30.48948
460.05521,-304.32361000000003,-30.473240000000004
460.03958,-304.39679,-30.53262
460.20764,-303.60086,-30.685259999999996
460.5907,-303.47491,-31.33867
460.85486,-303.06421,-32.921240000000004
461.90759,-301.8952,-34.628609999999995
463.1413,-300.75357,-37.08683
464.32892000000004,-299.7735,-40.7792
465.2374,-298.02536000000003,-44.41837
467.82275,-297.25622999999996,-46.38596
472.19943,-292.48312000000004,-46.6123
479.7579,-283.62967000000003,-42.58587
488.20105,-273.61404,-35.52324
497.64319000000006,-261.87787000000003,-30.12653
506.48400999999996,-248.34517000000002,-25.60705
517.04114,-236.1761,-21.527279999999998
528.01453,-223.8658,-17.7364
540.78656,-212.55778999999998,-14.83666
554.18427,-202.07457,-11.48025
568.70447,-193.57813000000002,-8.76503
582.89636,-185.87714,-6.5250900000000005
598.17249,-181.43837,-6.2779300000000005
612.12305,-178.36143,-6.687869999999999
624.54633,-176.09898,-10.43572
636.12555,-175.43828,-16.36498
645.49762,-176.28136,-24.73252
652.6365400000001,-175.94833,-33.17484
653.63275,-175.76766999999998,-35.21487
653.26849,-176.13193,-32.40152
650.8349,-177.67659,-27.29717
650.00763,-178.06395,-25.315520000000003
650.31354,-177.79906,-27.11869
650.38062,-177.35022,-27.49645
651.1968400000001,-177.47743,-27.738640000000004
650.47656,-177.73384,-28.37104
650.38818,-177.85878,-28.499209999999998
650.8729900000001,-177.71258999999998,-29.56263
651.02991,-177.61313,-29.813440000000003
651.11572,-177.40129,-30.47375
651.64417,-177.25095,-31.22995
651.71515,-177.04916,-31.69483
652.05688,-177.12964,-30.83124
651.32208,-176.96414,-31.207929999999998
651.36975,-176.96346,-30.922890000000002
651.05688,-176.6478,-30.28065
651.48279,-176.24983,-29.94783
651.9372599999999,-176.03207,-30.294459999999997
651.43878,-175.49191000000002,-31.145970000000002
652.3471099999999,-174.21625,-33.0322
653.14978,-171.02478,-35.30188
652.86176,-165.87349,-36.26251
651.71478,-159.43884,-32.93212
649.4032,-152.7097,-24.69801
647.97137,-146.7184,-16.38975
646.15253,-140.40973,-7.5724
642.92676,-134.91385,-0.04808
639.3690799999999,-129.52458000000001,6.0525
636.68573,-124.81296,12.10246
633.2511599999999,-120.29791999999999,16.89767
630.32953,-115.95178,20.80322
627.7558,-111.91027,23.84103
626.1411099999999,-107.96732,26.85355
624.72028,-104.24798,28.14497
623.86877,-101.38620999999999,28.83581
623.43518,-98.70559,29.29233
622.97064,-96.89608,27.94683
622.77612,-95.28116999999999,26.248340000000002
622.7049599999999,-95.11418,22.56219
622.6680299999999,-96.39200000000001,16.521620000000002
622.263,-98.0988,7.9916
620.54669,-101.62876999999999,-2.79058
618.46014,-106.18796,-15.828489999999999
615.65448,-112.07088,-30.438509999999997
612.4663099999999,-116.65041000000001,-40.272290000000005
611.37225,-119.69353000000001,-34.15785
611.25568,-119.3251,-35.87634
610.16315,-119.89832,-31.56183
608.6936,-120.75347,-27.889909999999997
608.27039,-120.62677,-28.453879999999998
608.22498,-120.7037,-29.397370000000002
609.3656599999999,-120.32681000000001,-29.89805
608.54254,-120.53858000000001,-30.728240000000003
608.8419200000001,-120.23621999999999,-31.44315
609.11115,-119.98761999999999,-32.001670000000004
610.00653,-120.0017,-32.13021
609.70038,-120.06516,-32.92517
609.79413,-119.92307,-33.09602
609.62915,-119.90773999999999,-33.25011
609.81573,-120.11111000000001,-33.09041
609.38593,-120.28625,-33.49062
609.52747,-120.09816000000001,-33.47981
609.80621,-119.79553999999999,-33.55408
609.9862099999999,-119.54977,-33.93005
609.94659,-118.59913999999999,-34.39743
609.39325,-117.10548999999999,-35.35026
609.00031,-115.17941,-35.69675
607.90735,-112.96351999999999,-37.52715
607.4465299999999,-112.04092,-38.75249
607.9798599999999,-112.80592,-34.16858
608.83435,-116.04808,-27.054740000000002
610.9468400000001,-120.48422,-20.48753
612.901,-126.63656999999999,-12.40196
614.2694700000001,-133.92996000000002,-6.7508
615.99933,-143.12223999999998,-1.74888
616.85596,-153.22247,2.1463200000000002
618.34137,-164.91862,4.08916
618.6606400000001,-176.92768999999998,4.3707400000000005
618.0675,-190.14471,2.16705
616.91986,-203.04718,-2.3464400000000003
613.97083,-216.32338,-10.14134
610.13721,-229.30959,-20.05859
605.13867,-241.69876000000002,-31.56604
600.14001,-252.88297999999998,-39.285759999999996
596.98114,-257.35736,-32.69865
597.1615,-256.9035,-34.76471
597.13733,-257.07611,-34.273270000000004
596.75403,-257.8219,-33.4419
596.63245,-258.17419,-33.37941
596.20093,-258.48392,-33.20684
596.05994,-258.45807,-32.59942
596.6272,-258.78851000000003,-32.03954
596.65527,-258.83588,-31.35534
596.16425,-258.76507999999995,-32.03453
596.0672599999999,-258.54812999999996,-32.7243
597.0477900000001,-258.4502,-31.86763
597.05957,-258.29434,-31.899079999999998
596.66223,-258.34299,-32.74984
596.5654900000001,-257.95865,-32.8639
596.711,-257.75307999999995,-33.357459999999996
596.81354,-256.80057,-33.97153
597.3405799999999,-256.39322000000004,-35.56473
598.34326,-254.9478,-37.31364
599.48956,-253.35008,-40.25657
601.0268599999999,-251.55303999999998,-41.925509999999996
603.27563,-247.70352000000003,-41.8576
606.9898099999999,-244.18575,-40.85432
613.2022099999999,-237.20351000000002,-35.98907
622.1936,-228.06689,-27.061759999999996
630.25342,-218.69135,-18.56587
639.02625,-207.87685,-9.889330000000001
646.77869,-196.39099,-2.2819
654.2782599999999,-184.67389,4.79551
661.26367,-172.90633,11.56446
666.1178,-161.20808,17.72479
672.04126,-150.67773,22.27877
676.11847,-141.34935,25.79877
679.71881,-133.74473999999998,27.5924
683.6037,-128.67888,29.00757
686.10699,-124.92747,27.858340000000002
687.4581900000001,-123.50822,23.68577
689.0620700000001,-125.12629,18.62473
688.16211,-127.28831000000001,10.78585
686.8743900000001,-130.98972,1.09055
683.3089,-135.1613,-11.553930000000001
680.03925,-139.57959,-25.36585
676.22101,-141.99316000000002,-38.48697
673.32275,-140.4789,-32.98216
674.10236,-139.83986000000002,-35.68864
673.0982700000001,-140.44772,-32.32478
671.2293099999999,-141.02469,-30.416320000000002
671.42743,-140.83321,-31.021279999999997
671.57642,-140.9257,-31.59727
671.70343,-140.91765,-31.66781
672.00604,-140.8954,-31.951729999999998
671.9386,-140.71002,-31.85499
671.89642,-140.85811,-31.78414
671.98163,-140.76126000000002,-31.91933
672.44922,-141.045,-32.32589
672.54266,-141.14368000000002,-32.30553
672.35876,-140.59636,-32.314609999999995
672.56055,-141.05954,-32.5654
672.35876,-140.59636,-32.314609999999995
672.35089,-140.54535,-32.12793
672.41113,-140.52693,-32.2215
672.62634,-140.36279,-31.8347
672.50458,-139.72988999999998,-32.16315
672.59448,-139.29471999999998,-32.4732
672.34656,-137.26766999999998,-33.54374
672.96661,-134.48483000000002,-34.25671
672.12451,-129.65521,-35.37097
667.8781700000001,-124.25833,-32.45033
664.2934,-120.01733,-25.46731
660.8131099999999,-117.21712,-18.11853
656.50122,-116.06898999999999,-10.43965
650.00507,-115.96268,-4.65027
643.32532,-117.65215,-0.01548
636.50684,-121.20164,3.4211300000000002
628.375,-126.61437,5.6689099999999994
620.3704799999999,-132.53699,5.91183
612.14508,-139.82037,3.89465
602.9552,-147.9017,-0.0863
594.64355,-157.22326999999999,-5.88737
585.32013,-167.68031000000002,-12.7424
577.20862,-179.06723,-19.471220000000002
567.8706099999999,-190.94223,-27.99558
559.96906,-203.82457,-37.01585
552.49286,-215.55309,-34.18571
547.50226,-221.25821000000002,-31.107740000000003
545.9984099999999,-221.9447,-28.860970000000002
545.99377,-222.02074,-29.583790000000004
546.64844,-222.23061,-31.12702
546.29138,-222.63457999999997,-30.75017
546.38849,-222.7034,-30.7388
546.27771,-222.95905,-30.947459999999996
546.10614,-222.95665,-31.04492
546.19061,-223.44617999999997,-30.716720000000002
546.01385,-222.95134,-30.981409999999997
546.10614,-222.95665,-31.04492
546.36005,-222.9558,-31.39922
546.39435,-222.75089,-31.59255
546.39435,-222.75089,-31.59255
546.55511,-222.65964,-31.71105
546.08636,-222.39539,-31.635559999999998
546.3374,-222.45134,-31.748009999999997
546.34698,-222.12668,-31.12402
546.27185,-221.98535,-30.952740000000002
546.2479900000001,-221.50582999999997,-30.579829999999998
546.23999,-221.00661000000002,-30.88617
546.58868,-219.95958,-32.05573
546.19556,-217.46608999999998,-34.03372
546.94159,-214.99989,-35.30275
545.7926,-209.42665,-36.104659999999996
543.70227,-202.435,-35.741859999999996
537.05463,-191.18578,-37.5497
526.58905,-176.83373999999998,-36.62676
512.83209,-160.71002,-30.11109
497.93120999999996,-145.54926,-23.25504
481.41006,-131.85242,-13.84397
466.00156,-120.99505,-3.60015
449.95398,-113.08553,6.23839
434.91138,-107.5889,15.176060000000001
420.52515,-104.80726999999999,23.17529
408.8548,-105.24783000000001,28.729020000000002
399.30472000000003,-106.9024,30.974940000000004
391.86444,-109.68436000000001,30.5254
388.24408,-116.16226999999999,25.44762
385.31732,-122.49876,18.39754
384.35672,-130.87085,9.076189999999999
385.54984,-140.47429,-1.1845299999999999
388.23822,-151.2887,-11.395389999999999
391.71701,-162.96196,-22.71024
395.70319,-175.16534,-34.228790000000004
400.00241,-187.75137,-39.78624
401.00342,-194.42358000000002,-33.710679999999996
402.04152999999997,-195.79314,-31.1147
401.34131,-197.06646999999998,-29.25768
401.0889,-197.98291,-27.92666
400.702,-198.35486,-28.206879999999998
401.11655,-198.32762,-29.25095
401.1398,-197.72961,-30.26427
400.93579,-197.89406,-31.26697
400.9541,-197.50618,-31.25212
400.74002,-197.62677,-31.36764
400.80606,-197.65013000000002,-31.56849
401.15558,-197.73975,-31.83858
400.97699,-197.60631999999998,-32.35413
401.3461,-197.74573999999998,-33.19597
401.03098,-197.77702,-33.38808
400.72857999999997,-197.34485,-33.2501
401.30618,-196.14476000000002,-33.09956
401.0817,-195.91365,-33.13151
400.65082,-196.03395,-33.028529999999996
400.10152999999997,-195.50107,-33.04367
398.96274,-195.70799,-34.11707
395.88004,-195.46503,-34.8303
392.24371,-194.39822,-35.85852
387.45325,-194.94702,-38.52794
380.83673,-196.86728,-39.413090000000004
376.03317000000004,-199.59656,-32.99955
372.86337000000003,-203.00255,-25.08794
372.29733,-207.52155,-15.913789999999999
374.18908999999996,-213.09264,-8.080060000000001
377.8656,-219.18932,-1.4728
384.51434,-226.64757999999998,2.78629
392.20772999999997,-233.97862,5.03201
402.75586,-241.33354,4.89743
414.01202,-249.23152000000002,3.93765
426.48082999999997,-256.63687000000004,1.3778700000000002
439.96664000000004,-264.18509,-1.82349
455.00067,-272.63315,-6.1356
470.17087000000004,-280.83063,-10.6627
486.01775999999995,-289.18627999999995,-16.28605
502.6788,-298.15808,-21.73004
519.05853,-307.10913,-27.59791
535.74878,-316.7262,-35.512440000000005
549.96069,-326.14513999999997,-37.2755
558.69135,-333.02817000000005,-37.10518
561.22498,-335.52493,-33.418690000000005
560.78534,-335.90445,-32.81963
560.55548,-336.30441,-32.38728
560.07507,-337.03403,-32.28075
559.85718,-337.23126,-32.10074
559.67804,-337.84192,-31.83291
559.5365,-338.16635,-31.555770000000003
559.52917,-338.61887,-31.10861
559.75378,-338.90424,-30.4698
559.74731,-339.00076,-30.1854
559.65723,-339.09396,-30.167479999999998
559.6112099999999,-338.72507,-30.86175
559.47601,-338.45892000000003,-31.3035
559.67053,-338.41086,-31.52395
559.54248,-338.24542,-31.45637
559.65375,-337.94226000000003,-31.605529999999998
559.5932,-338.0094,-31.411559999999998
559.10284,-337.97064,-31.01523
558.75641,-337.45874,-31.426440000000003
557.9018599999999,-336.96648999999996,-31.664740000000002
557.2818599999999,-335.93091,-33.25591
556.06537,-335.02951,-34.683209999999995
554.25549,-333.60065,-35.938629999999996
551.2189900000001,-332.43915,-36.59887
547.47113,-330.09802,-35.53901
543.44531,-328.52367999999996,-34.94877
536.74402,-326.62531,-32.4495
527.03192,-324.11868,-26.72372
513.97021,-321.5748,-21.362920000000003
502.12836,-318.66463999999996,-17.27551
488.33173,-315.93982,-12.41253
474.90975999999995,-313.8035,-8.409989999999999
461.3465,-312.2879,-5.66732
447.67953,-310.85977,-2.52155
434.31219000000004,-309.33026,-0.70699
422.45635999999996,-308.56888,-0.19996
411.44556,-307.84351000000004,-0.5378
401.39038,-307.42922999999996,-1.9839799999999999
392.39746,-307.20609,-4.2721599999999995
384.89871,-307.27878,-8.0427
378.16116,-307.42285,-13.03635
372.81665,-308.31863,-20.413729999999997
368.54694,-310.51977999999997,-29.98896
365.03112999999996,-313.42102,-41.52234
365.51062,-315.02283,-37.453559999999996
365.75491,-314.83437999999995,-38.03928
365.72592000000003,-315.44707999999997,-35.90524
367.01648,-317.56714,-32.414809999999996
367.15262,-318.30075,-31.420140000000004
367.30579,-318.46841,-31.604740000000003
367.60965,-318.67526000000004,-31.772
367.69632,-318.73306,-31.952720000000003
367.48904,-318.681,-32.24252
367.30893,-318.47064,-32.81544
367.15758999999997,-318.36942,-32.94632
367.04257,-318.09058,-33.64535
366.91321,-317.96823,-33.86288
366.81451,-317.76471000000004,-34.08041
366.72147,-317.63077000000004,-34.4473
366.60483,-317.27808,-34.59405
366.63815,-317.28278,-34.63391
366.15652,-316.90717,-34.84536
366.03995,-316.76376,-35.19536
365.81104,-316.37915,-35.46017
365.46307,-316.22623,-36.32354
365.12811,-316.16556,-37.22948
364.1196,-315.95306,-38.41133
362.40466000000004,-315.58203,-39.84536
360.20807,-316.33609,-41.420770000000005
357.6517,-317.00504,-42.45536
355.72229,-317.91327,-42.188340000000004
354.34152,-316.76779,-36.715379999999996
355.43384,-314.66104,-28.65087
358.82492,-311.83755,-20.90714
365.40482000000003,-308.76465,-13.98559
374.24347,-304.67841,-8.51314
385.34512,-299.13309,-3.51157
399.39044,-294.37253,-0.7921199999999999
415.28033,-288.10269,0.61882
433.42447000000004,-282.21722,-0.01547
452.63095,-277.45633,-1.8288799999999998
473.76196,-272.48642,-6.315580000000001
495.53722999999997,-268.3804,-12.61748
516.91052,-265.68057000000005,-20.53013
539.27142,-263.43939,-29.7713
559.6990400000001,-261.72162000000003,-35.07542
573.14319,-261.28668,-33.57434
574.26477,-261.96771,-31.845979999999997
573.09784,-262.34326,-32.60683
573.7529900000001,-262.99789,-31.601979999999998
573.82465,-263.15637000000004,-31.573929999999997
573.77252,-263.30411000000004,-31.507690000000004
573.90027,-263.50088999999997,-30.911440000000002
574.3867799999999,-263.73361,-30.48964
574.46649,-264.2576,-30.125690000000002
574.96606,-264.62051,-29.21078
574.90057,-264.6907,-29.157040000000002
575.0292400000001,-264.54073999999997,-30.03985
574.14093,-264.13698999999997,-30.83267
573.6958599999999,-263.73605,-31.75763
573.3194,-263.49216,-32.49409
573.30151,-263.49796000000003,-33.06773
573.01202,-263.2825,-33.2667
573.04083,-263.16821,-33.37021
573.0011,-263.03857,-33.63092
572.77765,-262.60956,-34.00365
572.4465299999999,-262.32367,-34.06158
572.45618,-262.03702000000004,-34.07246
571.2204,-261.69138,-34.26905
570.87415,-261.52762,-35.22528
569.07605,-261.48578,-36.69662
566.4621,-261.7981,-38.63282
560.52167,-263.36182,-39.91359
551.78845,-267.17249,-40.168620000000004
542.5360099999999,-272.08301,-35.24585
532.62115,-277.67737,-28.52767
522.43579,-283.66544,-20.5654
515.6926900000001,-290.07394,-12.16584
510.88837,-296.36047,-4.76047
508.30312999999995,-300.84827,1.29395
508.94732999999997,-305.07898,4.46055
511.01453,-308.3739,5.7371099999999995
515.26782,-311.35275,5.05841
520.89252,-314.00588999999997,1.729
527.93127,-317.39352,-3.77484
535.7355299999999,-320.54584,-10.72684
544.3584,-324.67562999999996,-18.68285
554.10352,-328.95221000000004,-27.0428
565.5822099999999,-333.13833999999997,-36.38384
576.9993900000001,-336.77002000000005,-40.53859
585.36969,-339.39011,-37.56045
590.55109,-340.4379,-34.9253
593.17334,-341.60773,-32.09698
594.6904900000001,-342.55374,-29.78497
594.659,-343.09351000000004,-29.276690000000002
594.8974599999999,-343.38965,-28.67052
595.0838,-343.92496,-27.7215
595.1864,-344.1991,-27.89651
595.26349,-343.88867,-28.123520000000003
595.38544,-343.86142,-28.48269
595.37823,-344.47867,-29.41938
595.00494,-344.45825,-29.935140000000004
595.3493,-344.27612,-30.23947
594.88843,-344.27657999999997,-30.64505
594.63977,-344.19928,-31.16514
594.22021,-344.1785,-31.60068
594.0101900000001,-344.15192,-31.90922
593.97681,-343.95673,-31.966759999999997
594.20746,-343.93451,-32.41276
593.9516,-343.68005,-32.5156
593.43463,-343.47842,-32.607890000000005
592.57166,-343.58414,-33.33549
591.31079,-344.03235,-33.95599
590.07159,-344.8439,-35.28647
587.63916,-345.67285,-36.78125
584.58417,-347.66895,-38.83363
580.96564,-350.71866,-41.14796
575.5061599999999,-356.80728,-40.72769
568.5304,-362.35934,-32.61711
562.49036,-365.49362,-21.79525
557.1508200000001,-366.69208,-10.86426
553.625,-366.21948,-1.28033
551.22559,-363.22711,6.79553
549.94525,-358.15292,13.95892
549.91656,-351.26743,19.24954
550.59821,-341.90741,23.27946
550.8349599999999,-330.4826,26.95761
552.74463,-318.46173,29.06774
554.45294,-304.79599,29.94326
556.25702,-290.1553,30.87142
560.87103,-273.89984,30.61113
564.61591,-256.73602,30.41425
568.4386599999999,-238.46115,30.3646
574.28204,-219.31146,29.65107
580.30237,-199.11638,28.93417
588.09204,-179.4882,26.56692
595.21368,-161.45318999999998,23.47175
604.07465,-144.78609,18.46048
612.5072,-129.2475,11.573189999999999
622.56561,-115.60715,2.79493
632.6687599999999,-104.17797,-7.017689999999999
643.68115,-93.1864,-16.91386
652.56512,-86.63438000000001,-21.65819
660.0280799999999,-81.61364,-25.49403
661.92737,-82.5106,-23.04091
658.8894,-83.98804,-25.83919
658.21112,-84.0596,-27.446790000000004
657.45984,-83.08926,-30.1329
657.33429,-82.69684000000001,-30.940109999999997
657.72284,-82.85897,-31.24955
657.7262599999999,-82.67155,-31.43058
657.7103900000001,-82.59871,-32.21962
657.59186,-82.41681,-32.5129
657.50287,-82.40354,-32.751940000000005
657.3233,-82.65015,-33.20898
657.31122,-82.45851,-33.24451
657.26501,-82.49726,-33.32705
657.38782,-82.41959,-33.77715
657.03882,-82.48499,-33.708459999999995
657.2355299999999,-82.61783,-34.08647
657.02844,-82.62096,-34.21433
657.06799,-82.64253000000001,-34.34993
657.0615799999999,-82.70522,-34.34165
657.2937,-82.67609,-33.96119
656.38293,-82.69608000000001,-32.86757
656.82343,-82.61655999999999,-32.89376
656.68561,-82.70838,-32.45212
656.92487,-82.81576,-32.95629
655.66437,-83.2727,-34.0715
652.5505400000001,-84.97386,-34.83858
647.1142,-87.68684,-34.0143
639.73511,-94.20040999999999,-30.93007
634.5769,-104.41599000000001,-27.9486
631.52136,-116.20022,-23.24974
631.46075,-127.88913000000001,-19.36901
632.93048,-138.84001,-15.499329999999999
637.33752,-148.33778,-12.071110000000001
641.65778,-156.19156,-8.305539999999999
647.1416,-164.04568,-4.804790000000001
651.00769,-171.89258999999998,-1.9024599999999998
656.02057,-179.77776,0.72117
658.95734,-188.31531999999999,3.6323
661.24286,-196.77663,5.07459
663.39325,-205.39168999999998,5.831180000000001
663.99011,-213.30321,6.46796
663.52209,-221.31866000000002,6.00857
662.66437,-228.23257,4.87761
660.22021,-234.49222000000003,4.84995
658.3182400000001,-241.10663,2.76552
655.85303,-246.25226,1.06621
652.71277,-250.83066000000002,-1.1416600000000001
650.22144,-253.93478,-4.21316
647.83887,-256.91479,-7.556089999999999
645.7593400000001,-258.76126,-12.75801
644.89764,-259.27179,-21.15821
644.76123,-258.85184,-31.692320000000002
647.44171,-255.43778999999998,-34.03119
648.7241799999999,-254.12453,-32.94299
648.93103,-254.22162999999998,-32.06516
650.43671,-254.47598,-28.68423
650.95782,-254.43297,-28.9311
649.29626,-254.53687000000002,-30.59102
649.1944,-254.87286,-31.679270000000002
649.77521,-254.69388999999998,-33.2302
648.96869,-254.79072999999997,-33.21252
649.12323,-254.77962000000002,-33.3581
649.2121599999999,-254.75835,-33.479929999999996
648.93732,-254.78943999999998,-33.812740000000005
648.42578,-255.09305,-34.37103
647.9267,-255.28787000000003,-35.00033
647.91522,-255.17656000000002,-35.232620000000004
648.28967,-255.32703999999998,-36.51266
647.41272,-255.1837,-36.27548
648.28485,-255.51082999999997,-36.93878
648.60382,-255.72484,-37.44399
647.45032,-255.31682,-36.652440000000006
648.61737,-255.6082,-37.47586
647.43573,-255.26667999999998,-36.49827
648.3194,-255.37111000000002,-36.88224
647.41522,-255.03187999999997,-36.20142
648.09186,-255.44579,-36.6426
648.25641,-255.49341,-36.54501
648.05188,-255.68537999999998,-36.23814
648.14117,-256.11638999999997,-36.2026
648.10675,-256.31235,-36.12806
647.22815,-256.625,-36.08461
646.58844,-257.24088,-36.75375
645.5426,-258.97076,-38.04143
642.6094400000001,-261.28238,-38.89539
639.67151,-264.64795,-38.96601
636.73993,-269.82776,-38.66082
634.97955,-278.78256,-39.13474
634.8632200000001,-291.06872999999996,-38.81199
635.65204,-305.07437000000004,-34.2809
637.05786,-319.99667,-29.77641
640.15314,-333.38675,-24.8934
644.80585,-345.16837000000004,-19.832
650.88513,-354.87344,-15.076039999999999
658.57813,-362.8425,-12.33433
665.78516,-370.0993,-9.40855
674.64502,-376.2739,-9.39072
684.47705,-383.31094,-10.07742
694.2374900000001,-391.7915,-11.32672
705.1485,-401.87512000000004,-14.05466
717.44537,-413.29861,-18.55179
730.37103,-426.54357999999996,-23.82411
744.95233,-440.76430999999997,-31.245140000000003
759.36255,-452.56280999999996,-39.29067
771.24951,-462.09317000000004,-39.71618
777.82233,-466.62759000000005,-38.241479999999996
779.11847,-466.02603,-35.76477
779.9231599999999,-465.45313,-34.062090000000005
781.4583700000001,-464.33047,-32.84132
781.97797,-463.90515,-30.176070000000003
782.91516,-463.23059000000006,-29.414720000000003
783.81104,-462.74199999999996,-29.305120000000002
784.0752,-462.75275,-29.36396
783.9078400000001,-462.75858,-29.53073
783.3129299999999,-463.46307,-30.75447
782.4576400000001,-463.80753,-31.77818
782.00916,-463.93018,-33.73888
779.27716,-464.30742999999995,-36.565459999999995
776.67633,-464.93658,-42.10154
774.03845,-465.39325,-47.83356
768.60284,-465.37054000000006,-50.56801
755.30353,-464.3154,-49.97631
729.40387,-463.52448,-40.208690000000004
697.82159,-462.88705,-26.97185
660.60083,-464.88016,-12.8998
620.41254,-467.51538,2.6933599999999998
578.7041,-473.50055,17.18473
535.12012,-482.52213,33.04545
490.49935999999997,-494.75748,49.83126
444.21127,-510.44614,69.0834
396.1803,-528.82745,90.79156
347.12747,-549.39233,116.16346999999999
298.84781,-570.91986,144.00618
251.13689,-593.35583,175.17914
203.48355,-615.79492,209.09491
157.19773999999998,-637.8618799999999,245.38034
112.82226999999999,-659.47821,284.05066
69.42005999999999,-679.92102,325.06207
28.859440000000003,-699.48163,368.38712000000004
-9.61282,-717.87372,414.63135
-45.59648,-734.06183,463.46179000000006
-78.37586999999999,-747.9082599999999,515.79657
-106.76495,-759.81299,570.76202
-129.91376,-768.73871,627.6652799999999
-148.1286,-774.88312,686.0366799999999
-161.29045,-778.9940799999999,744.07416
-169.6875,-780.72412,799.94482
-175.04312,-780.7442599999999,852.98779
-176.99969,-779.97668,902.6591199999999
-176.88402,-778.948,948.50269
-174.38525,-778.03589,989.7778900000001
-170.46652,-777.49658,1026.64331
-164.43246000000002,-778.6442900000001,1058.24426
-158.69492,-781.56982,1085.30542
-154.10583,-786.16223,1107.51062
-151.01654,-792.3582200000001,1125.56995
-149.94843,-798.39417,1139.88379
-150.59146,-804.67377,1151.2074
-152.60835,-809.30066,1159.7872300000001
-156.00403,-811.9880400000001,1166.20337
-160.70157,-812.15851,1171.09473
-165.93628999999999,-810.00177,1174.90332
-170.85983000000002,-805.72974,1177.74158
-175.11493000000002,-799.16864,1179.1748
-177.22798,-790.69238,1179.1807900000001
-178.58681,-780.8779900000001,1177.1046099999999
-178.54863,-769.96008,1172.67639
-178.06131000000002,-758.6188400000001,1165.37854
-177.75252,-747.52026,1154.70874
-178.67498999999998,-736.9180299999999,1140.77917
-181.59531,-727.89355,1122.78235
-185.76009,-720.54749,1100.66785
-192.95838999999998,-714.29608,1074.8333699999998
-201.19856000000001,-709.3656,1044.81812
-210.78083999999998,-705.16455,1010.4514199999999
-220.58827000000002,-700.9519,972.48761
-230.02049,-696.31146,930.77209
-238.04328999999998,-691.35785,886.1859099999999
-244.03682999999998,-684.86761,838.0369900000001
-248.64213999999998,-676.77972,787.7348599999999
-250.63826,-666.4825400000001,735.06097
-249.39056000000002,-653.23779,681.64996
-243.29146,-637.1057099999999,627.36292
-233.61948999999998,-617.68945,574.70251
-219.49229,-595.22882,522.99988
-201.9595,-569.99377,473.845
-181.94357,-542.43445,426.02862999999996
-158.77901,-512.9193700000001,381.37549
-133.13235,-482.31784000000005,339.24602999999996
-104.83683,-450.78299000000004,300.14615
-73.89069,-418.8295,264.03131
-40.61891,-387.46765,230.77747999999997
-5.18735,-356.49234,199.53276
30.63911,-327.5061,171.30281000000002
69.73483,-299.33914,143.99271000000002
108.33689,-273.07122999999996,119.66696
147.5376,-248.02109,96.95973000000001
187.38488999999998,-225.05861000000002,75.96393
227.37825,-203.85542,56.50285
267.96117999999996,-184.53615,37.7246
307.95151,-167.46742,20.814339999999998
348.00452,-152.02551,4.488230000000001
387.17438,-138.55937,-10.56347
425.07415999999995,-127.0201,-24.91923
460.32678,-117.02814,-29.97192
487.6431,-109.89346,-29.643440000000002
500.50317,-106.40311000000001,-25.99373
498.00021,-108.97681000000001,-25.3163
497.28503,-110.03941,-27.709740000000004
496.7222,-109.26697,-29.839190000000002
496.3259,-109.63802,-31.16933
496.53833,-110.27573000000001,-30.2128
496.73830999999996,-110.15488,-29.99223
497.0849,-110.22663,-29.68048
496.84558,-110.0459,-29.76619
497.10507,-109.88819,-31.01943
496.34857,-109.71493999999998,-31.92132
496.33875,-109.4762,-32.370090000000005
496.26745999999997,-109.49038999999999,-32.56557
496.28622,-109.2331,-32.584790000000005
496.26305999999994,-109.39907,-32.65123
496.26745999999997,-109.49038999999999,-32.56557
496.18591,-109.54551000000001,-32.36835
496.18591,-109.54551000000001,-32.36835
496.33875,-109.4762,-32.370090000000005
496.466,-109.34916000000001,-32.27678
496.51834,-109.11198,-32.1949
496.76041,-108.85833999999998,-32.400090000000006
497.05987999999996,-107.88251000000001,-32.36957
498.41155999999995,-106.76955,-33.41362
500.74164,-105.06801999999999,-35.05487
502.95514000000003,-103.7197,-36.52107
506.85699000000005,-103.4871,-38.7026
509.03101,-103.24798,-39.625240000000005
511.20392000000004,-103.33317,-40.13273
512.44965,-104.07840999999999,-39.28003
513.1060200000001,-104.60701,-34.7073
513.29291,-104.86898000000001,-30.13127
512.03998,-105.93238000000001,-25.1678
510.41562000000005,-106.59183999999999,-20.231289999999998
508.35474000000005,-108.1137,-16.38932
505.88968,-109.87373000000001,-13.778870000000001
502.34277000000003,-112.03275,-12.51735
498.62225,-115.23293000000001,-14.17211
494.03055,-119.3744,-18.305320000000002
488.14232999999996,-124.19153999999999,-23.98209
482.60125999999997,-129.63586,-31.712040000000002
477.90527000000003,-135.49362,-40.722840000000005
477.51453,-138.84691999999998,-37.345729999999996
478.98398,-139.26276000000001,-36.38511
479.91610999999995,-140.01683,-35.260220000000004
479.75998,-141.01668999999998,-33.26321
480.50800000000004,-141.66585,-31.81778
480.72857999999997,-142.33121,-30.97955
481.47567999999995,-142.6162,-31.113329999999998
481.35309000000007,-142.98012,-30.76373
481.2471,-142.93356,-30.714290000000002
480.80664,-143.22304,-31.080090000000002
480.7305,-143.15355,-31.004720000000002
480.88345,-143.29613,-31.1192
480.79706,-143.6348,-31.078059999999997
481.00845,-143.64398,-31.052259999999997
481.22015,-143.61578,-31.11075
481.3447,-143.37135,-31.33655
481.306,-143.16859,-31.07378
481.11279,-143.10738,-31.165
481.33923,-143.1301,-31.03026
481.02921,-143.03766000000002,-30.64589
480.83929000000006,-142.75438,-30.40656
480.36752,-142.66016000000002,-30.406270000000003
480.18655,-142.41523999999998,-30.42581
480.09894,-142.18575,-30.92046
480.35489,-141.91412,-32.57505
480.07651,-141.32788,-33.57097
480.77234000000004,-140.61841,-35.54802
481.06689000000006,-140.38628,-35.701209999999996
481.39581,-140.56183000000001,-36.149440000000006
482.93448,-141.42683,-35.96865
484.82904,-143.91075,-30.333579999999998
486.02988,-145.7421,-25.76524
487.40402,-148.66692,-20.00467
488.21799000000004,-151.15829,-14.85017
489.00247,-154.65562,-10.02647
489.40157999999997,-157.6156,-6.13256
488.78732,-160.83921999999998,-2.66302
487.56464000000005,-164.41888,0.03395
485.52340999999996,-167.8943,1.74364
483.31747,-172.44077,2.0215
480.41803,-176.4156,1.57394
477.6713,-181.07994,-0.38039
473.49802,-185.82605,-3.66594
469.22302,-191.68033,-8.00428
463.86618,-197.74532,-14.52946
459.02844000000005,-203.61368000000002,-22.03305
452.32680999999997,-209.87052999999997,-31.70856
444.5654,-215.34761,-42.93121
441.63162,-221.91847,-38.78849
441.05823,-225.24004,-35.593509999999995
440.6088,-226.68044,-33.43128
440.05325,-227.77042000000003,-30.90447
439.64581,-228.93413999999999,-28.756359999999997
439.01785,-229.98946,-28.018290000000004
438.79169,-230.10551,-28.049709999999997
438.9165,-230.30772000000002,-28.37428
438.84817999999996,-230.51192999999998,-28.59191
438.73870999999997,-230.37793,-28.930979999999998
438.92416,-230.4211,-29.20634
438.81692999999996,-230.35467999999997,-29.31346
438.87277,-230.2365,-29.41862
438.7088,-230.28941,-29.789920000000002
438.95105,-229.91429,-30.3323
439.30634000000003,-229.65532000000002,-31.019370000000002
439.68484000000007,-229.19687000000002,-31.680290000000003
439.9758,-228.513,-32.23845
440.582,-228.2191,-32.87278
440.89084,-227.67816000000002,-34.35433
442.22409000000005,-226.98199,-35.45998
442.37024,-226.68672,-37.92787
443.48029,-225.79963999999998,-41.37727
445.03708,-224.38188,-44.350190000000005
447.50644000000005,-220.66161,-45.74819
453.0835,-212.91734,-45.71325
461.62310999999994,-201.45543,-41.46667
471.38339,-187.69763,-34.12791
481.39764,-173.65146000000001,-28.87732
493.40625,-159.01981999999998,-22.5001
506.79177999999996,-145.86185,-16.39619
522.11469,-133.77911,-10.65715
539.16455,-123.1558,-5.9859599999999995
556.3299,-113.82063000000001,-3.06272
574.32935,-106.3093,-2.57647
592.42657,-100.18249,-4.7341
610.3031,-95.58221,-10.302010000000001
629.53375,-92.98359,-16.77765
648.65344,-93.57166,-24.0308
667.92206,-95.18523,-32.09185
685.82776,-97.09833,-35.01287
694.72485,-95.38025999999999,-36.07848
695.96112,-93.18075999999999,-40.91272
694.22949,-93.49585,-36.74606
692.9017299999999,-95.0432,-31.941570000000002
692.12085,-95.07949,-30.5765
692.21021,-94.13226999999999,-31.23625
692.50604,-94.0174,-31.954340000000002
692.5210599999999,-93.67153,-32.20919
692.3761599999999,-94.85855,-32.73857
692.36731,-94.75845,-32.90508
692.18347,-94.95810999999999,-32.6354
692.09802,-94.80436999999999,-33.14982
692.1297,-94.33397,-33.52019
692.2842400000001,-94.1397,-33.887240000000006
692.466,-93.99592,-33.88169
692.3618799999999,-94.10323000000001,-33.9098
692.2348,-94.15328000000001,-33.768440000000005
691.90454,-94.23711,-33.3921
691.83734,-94.70356,-31.999209999999998
691.5131200000001,-94.85449,-30.331709999999998
691.02704,-94.14454,-28.850690000000004
690.46857,-94.1478,-27.24591
690.06958,-94.56611,-26.36715
689.73926,-95.57144,-24.767770000000002
688.56439,-97.51590999999999,-20.95588
683.8783,-99.38596,-15.89775
676.62451,-102.51786,-12.35408
666.77991,-106.90321000000002,-10.78651
654.2217400000001,-112.47768,-9.16258
641.06671,-120.4521,-7.56169
625.3793900000001,-128.49625,-8.23563
607.48047,-137.62288,-10.363610000000001
588.466,-146.99069,-13.09944
567.96112,-155.64723,-17.228620000000003
546.83142,-164.72691,-22.03536
524.61224,-173.17441000000002,-27.42548
502.4295,-181.33401,-33.18184
479.55319000000003,-189.30553,-39.820809999999994
458.35437,-197.24958999999998,-41.82085
439.78284,-203.76088000000001,-41.26078
425.79540999999995,-210.98331000000002,-40.44287
414.98151,-215.81689,-39.60962
406.7814,-219.37997000000001,-37.59035
401.84641,-220.48267,-33.874790000000004
401.17492999999996,-220.54117999999997,-32.891059999999996
400.5741,-220.95187,-32.11612
399.95099,-221.66939,-30.74829
399.75674,-222.12366,-30.552979999999998
399.6362,-222.31392000000002,-30.6588
399.6362,-222.31392000000002,-30.6588
399.43689,-222.13734,-30.71293
399.37573,-222.07592999999997,-31.141170000000002
399.16995,-221.93433,-31.3614
399.22677999999996,-222.08848999999998,-31.404970000000002
399.16995,-221.93433,-31.3614
399.37701,-221.7433,-31.175209999999996
399.43793,-221.35772999999998,-31.81209
400.41122,-220.81596000000002,-32.67812
400.97238,-220.2202,-33.39612
401.83853,-219.19556,-36.10047
403.82422,-219.1599,-40.05059
406.99728,-217.39571,-44.53243
413.77808,-211.99022999999997,-45.31187
427.73825,-202.12975,-39.55174
446.06265,-189.48042,-32.43379
465.87619000000007,-174.45352,-26.18078
487.74532999999997,-157.86816000000002,-19.84913
510.99062999999995,-140.20665,-13.826070000000001
534.52618,-123.66306000000002,-8.89502
558.09302,-108.37893999999999,-8.078710000000001
580.6994,-96.83755,-13.03364
605.20154,-87.8875,-21.638170000000002
631.8642,-81.52476999999999,-30.64927
652.90692,-77.67586999999999,-34.1752
659.6825,-73.46051999999999,-45.61611
659.0656700000001,-74.72588,-39.75087
658.10608,-75.25515,-38.468059999999994
658.86194,-75.22698000000001,-39.12815
657.99854,-75.25973,-38.43483
658.12244,-75.507,-38.54589
658.23901,-75.66355,-38.142540000000004
657.9830900000001,-75.72626,-37.70122
658.35046,-75.84836,-37.52961
657.88739,-75.82486,-37.50425
657.87714,-75.78535,-36.98039
657.82898,-75.97323,-36.48924
657.8606,-76.42708,-35.69983
657.66394,-76.7774,-34.69361
657.0863,-77.22843,-32.15747
656.63293,-77.60521,-29.0876
655.26385,-78.92489,-25.56156
654.5672,-81.38209,-22.7601
652.9212,-85.24393,-18.85356
647.81848,-89.57278000000001,-12.75659
640.09094,-95.3541,-7.977930000000001
630.02032,-103.05821,-2.65247
617.42993,-112.97169,2.43475
602.00598,-122.7225,4.45081
583.6664400000001,-133.79865,5.4972
562.37128,-144.63565,2.8759099999999997
539.8616900000001,-156.84418,-0.72539
515.43744,-169.73924,-6.62172
489.55237,-184.11082,-13.84416
462.31125,-199.86831999999998,-22.59233
434.92217999999997,-218.16478999999998,-32.31004
407.08975,-236.29738999999998,-42.38908
383.10791,-255.04993,-41.522690000000004
363.60222999999996,-271.41147,-41.26058
347.55255,-285.02737,-41.670390000000005
332.76205,-296.75616,-40.303509999999996
320.54537999999997,-305.8121,-37.01491
312.32159,-310.73413,-34.15405
310.05975,-309.86227,-32.05375
309.76175,-310.02524,-32.29115
309.65109,-311.15828999999997,-31.65437
309.78833,-311.16019,-31.315690000000004
309.85074,-311.32095,-31.36293
309.72388,-311.65402,-31.53521
309.28357,-311.42105,-31.520670000000003
309.20581,-311.4563,-31.877670000000002
309.29642,-311.56363,-32.025259999999996
308.80492999999996,-310.99133,-32.652029999999996
308.83191,-310.89993,-32.97603
309.04834,-310.81088,-32.82845
309.41772000000003,-310.22186,-32.88592
310.22485,-310.39795,-33.65211
310.55249,-310.56421,-34.0703
310.77982000000003,-310.05072,-34.611309999999996
311.03287,-309.16205,-34.95691
310.90988,-309.21862999999996,-36.28849
312.35666000000003,-308.29053,-37.81147
312.71188,-307.02386,-39.492540000000005
313.80643,-306.52963,-43.1369
315.07394,-304.72333,-45.58735
317.00452,-303.10294,-48.3724
322.94449,-299.04587000000004,-46.95316
334.45474,-291.84918,-41.229420000000005
348.27719,-283.66074,-34.0288
363.90472,-274.75345,-29.047240000000002
380.70300000000003,-265.12282999999996,-23.67454
398.17661,-255.28477,-18.78206
418.71405,-246.16756,-14.612829999999999
438.43094,-236.90413999999998,-10.83111
458.89584,-228.5901,-8.72998
479.1333,-221.13582000000002,-8.58508
497.82739000000004,-213.56392999999997,-11.95031
516.28662,-206.6358,-16.41871
534.01031,-201.01485,-22.978379999999998
551.49585,-194.93126999999998,-30.958070000000003
559.63513,-190.83702,-34.78897
561.14795,-188.93774,-40.57549
560.02661,-190.89343,-35.324490000000004
559.44635,-191.07698,-34.41605
559.58105,-190.99895,-35.87766
559.46771,-191.08542,-36.16584
559.46368,-191.07353,-36.54402
559.4751,-191.26873999999998,-36.57343
559.73816,-191.41245,-35.7917
559.7396200000001,-191.5612,-35.74057
559.63086,-191.45819,-35.967940000000006
559.74109,-191.40381000000002,-36.82728
560.17749,-191.46176,-37.20515
560.31232,-191.16451,-37.49222
560.46753,-191.11067,-37.45397
560.36554,-191.36823,-37.1545
560.10547,-191.4321,-36.90493
559.93756,-191.57873999999998,-35.90265
559.58722,-191.6832,-35.29802
559.9703400000001,-191.81441,-34.73987
560.09717,-192.25538999999998,-34.55355
560.69128,-193.11784,-34.73993
560.80487,-194.40013000000002,-36.3247
561.5380200000001,-195.59933,-38.03055
560.78058,-195.18286,-37.69658
558.8917799999999,-193.92786999999998,-36.791920000000005
555.72028,-191.8049,-30.15308
551.76013,-190.11105,-22.79492
547.69818,-187.70093,-14.3574
542.6456900000001,-186.18117,-5.981240000000001
536.69104,-185.42463999999998,2.06439
530.758,-185.14055,9.11149
523.6204799999999,-185.4344,15.3157
515.38977,-186.67322,18.82346
507.25964000000005,-187.56708999999998,21.27468
498.63159,-189.5639,22.81624
490.16461,-190.76405,23.30405
481.67346,-193.34949,23.13073
472.72873,-195.39908,22.41001
463.89127,-198.95363,20.977520000000002
454.07086,-203.30354,17.02768
443.5517,-208.93742,11.32117
432.10114000000004,-217.13245,2.82315
420.60101,-227.0945,-7.15267
408.24298,-239.2309,-19.938470000000002
396.00861000000003,-252.53745,-34.68179
381.86081,-266.98343,-50.71128
374.71157999999997,-275.60471,-45.10779
372.12833,-278.93149,-38.72591
370.4231,-280.2016,-36.62235
368.70554,-279.87689,-34.463190000000004
366.66385,-281.29272000000003,-33.475229999999996
366.19809,-280.32715,-32.78593
365.96561,-280.87703999999997,-32.44954
365.99527,-280.66055,-32.18012
365.86795,-280.47574,-32.16057
365.63776,-280.70377,-31.827720000000003
365.54245,-280.91052,-31.54123
365.25739,-281.38885,-31.19714
365.2962,-281.45142000000004,-31.32514
365.25742,-281.32227,-31.320999999999998
365.53253,-281.02417,-31.60697
365.65808,-280.80548,-32.014109999999995
365.69485,-280.6962,-32.05557
365.86157000000003,-280.57544,-32.20279
366.27353,-280.6774,-32.166740000000004
366.26477,-280.35715,-32.30077
366.45883,-279.79926,-32.7416
366.18729,-279.73267000000004,-32.97524
366.02777000000003,-279.38867,-32.912209999999995
366.50824,-279.15402,-34.895720000000004
367.41033999999996,-277.81592,-36.4879
367.8602,-276.88382,-38.07888
368.70181,-275.53519,-41.4431
369.46466000000004,-272.87677,-44.248020000000004
371.09906,-266.55157,-44.31617
375.39853,-255.93613,-42.16733
380.90347,-241.31967000000003,-35.53992
388.62805,-225.01196000000002,-29.838790000000003
398.24712999999997,-207.28641000000002,-23.50313
410.81192000000004,-189.54277,-16.70993
425.59995,-172.77922,-10.99507
442.73367,-157.55479,-5.89578
462.15417,-144.43625,-2.84033
483.62125,-134.12518,-2.43531
505.69872999999995,-127.42686,-5.3783
529.83075,-122.97221,-9.16083
556.40118,-122.4995,-12.83991
583.5752,-125.43146000000002,-17.0593
610.8706099999999,-130.84656999999999,-21.050520000000002
635.7757,-138.19824,-27.119020000000003
653.073,-141.9193,-29.83421
657.53864,-138.9973,-35.26788
657.24359,-137.56181,-35.144859999999994
655.70715,-138.73401,-30.10802
654.2490799999999,-138.56403999999998,-29.121990000000004
654.26996,-137.49146000000002,-31.482540000000004
654.88208,-137.14009,-33.70747
654.63763,-135.80321999999998,-34.78058
654.73279,-135.7574,-35.15777
654.22736,-135.82813000000002,-34.42125
654.32318,-135.90829,-34.509209999999996
654.39142,-136.9017,-34.43476
654.32318,-135.90829,-34.509209999999996
654.53912,-135.97614,-34.77877
654.5507200000001,-135.90105,-35.24709
655.07251,-135.82751000000002,-35.538579999999996
655.10388,-135.77088999999998,-35.594840000000005
655.07251,-135.82751000000002,-35.538579999999996
654.93256,-135.81743,-35.3767
654.55817,-135.89594,-34.72681
654.6879299999999,-137.03935,-34.12546
654.6048,-137.36678999999998,-33.80696
654.2430400000001,-136.62242,-32.94194
654.4845,-136.90726,-32.3472
654.45715,-137.27289,-31.43505
653.95551,-137.21568,-30.96215
653.51068,-136.88789,-30.55278
652.76868,-134.70265,-30.64732
652.49811,-133.44656,-30.50589
650.79474,-130.77864,-30.428720000000002
647.08893,-126.98685,-29.306109999999997
640.99719,-123.29935,-28.039040000000004
633.3425900000001,-120.62246999999999,-25.86382
624.81854,-119.98256,-22.98164
615.18854,-119.53778,-19.379089999999998
605.30365,-121.13833999999999,-16.975279999999998
594.57648,-123.95532,-15.235489999999999
583.42786,-128.22617,-14.346429999999998
572.87354,-133.79901,-15.201089999999999
561.3172,-139.4437,-16.482779999999998
549.69263,-146.36386000000002,-18.94077
537.9519,-153.05023,-22.73695
525.1718099999999,-159.80653,-26.9526
513.20984,-167.00565,-31.81496
501.26627,-174.7567,-38.64783
490.61969000000005,-182.30602,-36.0599
484.20712000000003,-188.66261,-35.01529
482.1301,-192.76379,-33.615990000000004
481.15646,-196.11038,-31.922520000000002
481.66547,-197.26639,-31.43279
481.47112999999996,-197.46486000000002,-31.65711
481.75708,-198.79023999999998,-31.12092
482.3606,-199.12436,-30.33142
481.85930999999994,-199.42105,-30.09308
482.27008,-199.37146,-30.02308
482.16367,-199.12105,-30.704279999999997
482.04547,-198.84143,-30.970709999999997
481.86227,-198.87296,-31.37762
481.64575,-198.57314,-31.345409999999998
482.31726,-198.61646000000002,-32.04486
482.26207999999997,-198.53778,-32.21347
482.16214,-198.22682,-32.147459999999995
481.98947000000004,-198.03609,-32.40401
482.07083,-197.77686,-32.73618
482.3266,-197.4859,-33.17122
481.90117999999995,-196.90353000000002,-33.440540000000006
481.7576,-196.11272,-34.0615
481.5983,-196.12419,-35.04935
480.32745,-195.20648,-35.9521
479.80634000000003,-194.05968000000001,-37.18485
477.16617,-191.74503,-37.894259999999996
476.03934000000004,-189.11566000000002,-40.440909999999995
473.97443,-185.1891,-41.39352
474.00864,-179.36172,-36.83785
477.30124000000006,-173.70012,-28.730759999999997
484.61005,-165.78297,-20.42476
495.44318,-159.42795,-14.16898
512.75983,-155.54117,-8.6252
530.90411,-148.93617,-3.6760300000000004
551.83673,-145.08441000000002,-1.51272
572.87628,-142.55431000000002,-5.01809
594.21344,-141.60797,-12.86373
616.88733,-142.18036999999998,-21.358829999999998
642.38287,-144.36758,-30.27882
661.7344400000001,-145.46042,-32.97653
671.42743,-143.33992,-35.79265
671.565,-142.4272,-39.451440000000005
669.8120700000001,-143.75073,-34.7466
668.9816900000001,-143.97773999999998,-33.56913
669.39325,-143.73717,-34.48684
669.2062400000001,-143.88515,-34.4053
668.91211,-144.09344,-34.19004
668.9422,-144.35457,-33.452009999999994
668.96887,-145.0177,-32.77357
669.15094,-145.88225,-31.6676
668.85547,-145.78972,-31.460659999999997
668.86353,-145.65215,-31.38308
667.66638,-144.89137,-31.046509999999998
668.23395,-145.7216,-31.26288
667.7121599999999,-145.45987,-30.651359999999997
667.43243,-145.25551000000002,-29.94903
667.24359,-145.66,-28.245820000000002
666.992,-147.05647,-25.31638
666.85651,-150.90576000000001,-19.35132
664.59595,-154.73802,-12.26923
659.4173599999999,-159.29671000000002,-7.31491
650.20087,-164.04213000000001,-4.22204
637.54974,-168.40395,-2.05613
621.6408700000001,-171.91815,-0.19311
603.4705799999999,-175.59161,-0.22479000000000002
581.29688,-179.56113,-2.74112
557.74988,-185.06123,-7.5677
531.6447099999999,-192.32488999999998,-14.946010000000001
505.37451,-202.10571000000002,-25.37171
477.97198,-213.05396000000002,-35.55962
453.20250999999996,-225.31607000000002,-36.99799
433.58795,-237.79827999999998,-37.2772
419.06335,-249.12814,-37.103970000000004
406.71365,-259.72687,-36.361999999999995
397.4986,-270.12753,-35.09831
392.53897,-276.18521,-31.2659
391.95905,-277.37009,-29.39651
391.76678,-277.43018,-29.32655
392.37219,-278.61957,-29.316370000000003
392.04974,-278.80356,-29.411690000000004
391.81097,-278.51937999999996,-29.403240000000004
391.69431000000003,-278.27905,-29.78592
391.56857,-278.17407000000003,-30.17385
391.42542000000003,-277.96796,-30.74125
391.55185,-278.33734,-31.24608
391.67126,-278.12259,-30.9194
391.73392,-278.09783999999996,-31.02498
391.68433,-278.16553,-30.98279
391.94922,-278.15341,-31.04505
391.95554,-278.01956,-31.119320000000002
392.05365,-277.80899,-31.34285
392.03787,-277.4881,-31.61133
391.42688,-277.01535,-31.84907
392.05972,-277.36078,-33.074709999999996
392.69067,-276.66772000000003,-33.96618
392.71982,-276.32239,-35.04609
393.27737,-276.24234,-36.94247
393.94037000000003,-274.07263,-38.52454
395.23944,-273.35067999999995,-41.25692
395.77267,-271.93414,-44.58559
396.99667,-270.65097000000003,-48.05673
398.06616,-269.13406000000003,-49.41111
404.34517999999997,-265.02991000000003,-48.857459999999996
416.32675,-258.03369,-43.01891
432.54105,-250.8152,-37.20919
449.25692999999995,-244.19284,-32.82778
468.42510999999996,-237.57286000000002,-29.60132
489.28405999999995,-231.0083,-26.40952
511.99078,-225.52007999999998,-23.49415
535.9442700000001,-221.19324,-20.3601
558.7605,-215.78801,-18.0215
580.86182,-212.30841,-16.38274
601.78613,-208.57549,-16.62813
620.42584,-204.82617,-20.13619
637.4679,-202.65962,-27.09935
650.57147,-201.9951,-34.30278
655.93219,-202.46455,-40.8936
654.9450099999999,-204.21634,-36.61508
653.06122,-206.0161,-30.516379999999998
652.48145,-206.34581,-28.392490000000002
652.42151,-207.98521000000002,-29.75915
652.3317900000001,-206.71878,-29.15379
651.57013,-206.70799,-28.92217
651.0105,-207.10742,-29.17094
651.0636,-207.07414,-29.112609999999997
651.0294200000001,-206.64934,-30.31444
651.90521,-206.47144,-30.57788
652.55853,-206.4247,-31.618779999999997
652.25787,-206.53745,-33.165890000000005
652.6543,-206.33878,-33.98561
652.57916,-205.96819,-35.07998
653.78552,-206.0575,-34.8968
654.94305,-206.51178000000002,-35.96199
656.66425,-205.7939,-37.78872
657.08215,-204.12135,-42.54525
658.6275,-203.23923,-47.10093
660.0047,-201.92363,-51.01305
660.82776,-200.64435,-50.97959
664.74554,-200.09042,-51.07864
678.90656,-196.51425,-46.12595
712.21289,-182.50752,-27.097820000000002
751.04584,-161.82451,-8.17098
791.51697,-136.93074,11.60361
830.93365,-108.67896,33.13231
870.8725599999999,-77.77454,56.01823
909.47375,-44.852579999999996,79.13958000000001
947.7487800000001,-11.503589999999999,104.69305
987.49908,21.7944,132.59123
1027.8360599999999,56.95523000000001,163.87868999999998
1068.81665,90.63628,198.93483999999998
1109.69751,124.00814,237.01141
1149.80493,154.76691,279.20139
1188.43323,185.69165,324.68417
1225.1226800000002,213.96147000000002,372.8877
1259.95398,239.85114,424.00012000000004
1291.16699,263.79825,478.16129000000006
1319.19897,284.61343,534.29877
1343.02124,302.69315,592.0971099999999
1362.17126,317.80508,650.69525
1376.7583,330.21127,708.92853
1386.50378,340.92636,765.58881
1392.62476,348.9845,819.573
1395.57788,355.97958,870.32782
1396.297,362.49917999999997,917.6995199999999
1394.63049,367.23004,961.06635
1391.0813,370.9035,1000.12146
1386.15552,374.04407000000003,1035.2487800000001
1379.1694300000001,376.00601,1065.91272
1371.5960699999998,378.01367,1091.76025
1364.60669,379.30597,1112.77185
1358.8624300000001,379.60332999999997,1129.4932900000001
1355.7622099999999,379.63635,1142.54504
1355.50659,378.66129,1151.77844
1358.74158,376.75681000000003,1158.37231
1364.7169199999998,373.87677,1162.9362800000001
1372.25098,369.4118,1164.8031
1380.33594,364.2811,1164.6934800000001
1388.4657,358.5137,1162.40515
1396.30286,351.62064,1157.99854
1402.16455,344.26859,1151.50696
1406.75891,337.41152999999997,1142.96472
1409.47754,330.73367,1131.76953
1410.9437300000002,325.24667,1118.26355
1410.6853,322.00021,1101.5991199999999
1410.51953,320.40936,1082.10339
1409.9823,321.27249,1059.38074
1410.13367,323.90634,1032.5252699999999
1411.60266,327.60348999999997,1002.56836
1413.35962,331.65259,968.5790400000001
1415.80945,335.71497,931.245
1417.89832,339.60611,890.6419099999999
1419.96436,342.32095,846.65521
1420.6923800000002,343.04861,800.02832
1420.52979,341.33377,751.1958
1418.10486,336.53979,700.11725
1412.83167,328.78625,647.9964
1404.44922,316.9679,595.90613
1392.73901,300.95474,544.58301
1377.54773,282.52206,494.90897
1359.19946,261.25372000000004,447.71065999999996
1338.9502,237.26881,402.76392000000004
1316.74109,211.42451,360.34963999999997
1293.2639199999999,184.45668,320.01395
1267.08984,156.36873,281.93814
1240.12195,127.86932,246.3058
1212.10339,98.63333,212.81302000000002
1182.21765,70.12527,181.07098
1151.39124,41.959590000000006,151.23688
1119.82947,13.74605,122.46758
1087.12219,-13.410079999999999,94.99242
1054.4226099999998,-40.33871,69.90391
1021.5916699999999,-66.6669,45.75267
987.55701,-92.72358,22.70586
954.8877,-117.76206,2.17288
923.0977800000001,-142.67653,-15.984910000000001
890.43121,-167.20523,-32.9468
861.71185,-190.27948,-47.150909999999996
837.23083,-206.81978,-43.48938
818.37,-220.72961,-39.27681
804.4068599999999,-227.18657000000002,-33.54372
796.20447,-227.35738999999998,-26.908409999999996
794.6138900000001,-227.35822000000002,-23.928060000000002
794.49792,-227.81052999999997,-24.301070000000003
795.2334599999999,-227.60564,-26.31164
795.47302,-227.38207999999997,-26.985120000000002
795.77979,-227.48595,-27.15076
795.27563,-227.39782999999997,-28.759420000000002
795.54333,-227.23552,-29.38133
795.68292,-227.39561,-29.656409999999997
795.8837900000001,-227.32181,-29.77065
795.9494599999999,-227.30677999999997,-30.1955
795.9581900000001,-227.30106,-30.302290000000003
795.95282,-227.32837999999998,-30.19482
796.03265,-227.21941,-30.025540000000003
795.99835,-227.35797000000002,-30.248759999999997
795.95892,-226.8817,-29.798820000000003
796.05804,-226.89958,-29.86855
795.95892,-226.8817,-29.798820000000003
795.89496,-226.71591,-29.65308
796.23199,-226.29845,-29.3606
796.16614,-225.41187000000002,-29.020809999999997
796.3505200000001,-225.2408,-29.21238
797.3385599999999,-224.28046,-30.7674
797.78931,-223.76082000000002,-31.74393
798.1564900000001,-223.48949,-33.87818
798.81934,-222.24548,-35.79319
799.38849,-220.64123999999998,-35.98199
800.12823,-219.31522999999999,-36.46135
800.3041400000001,-214.99697999999998,-38.3036
798.80261,-207.75835,-39.51631
797.7191799999999,-197.8943,-35.89954
796.0627400000001,-186.61006,-31.515940000000004
795.49652,-176.05565,-24.99871
793.5849599999999,-164.8813,-19.337979999999998
791.78436,-155.78613,-12.65707
789.97003,-147.89446999999998,-7.6451199999999995
788.01733,-140.71722,-4.11372
785.66498,-136.15572,-2.02864
783.89233,-132.45082,-2.61856
782.82867,-131.16092,-4.97371
781.72522,-130.51164,-10.1613
779.95758,-131.74528999999998,-18.33837
779.04517,-134.09514,-28.9295
777.26868,-136.49747,-40.419709999999995
774.66766,-137.31265,-35.525729999999996
774.7243,-136.67802,-35.97364
774.36432,-137.22505,-34.719570000000004
773.61194,-138.39952,-31.2823
772.86218,-138.93044,-30.470240000000004
772.96234,-138.81188999999998,-31.06285
772.68146,-138.98141,-31.50651
772.5119599999999,-138.84525,-31.718000000000004
772.2737400000001,-139.11292,-31.774379999999997
772.3228799999999,-139.17914,-31.860559999999996
772.32489,-138.87436,-32.01638
772.77716,-138.66383000000002,-32.60743
772.8772,-138.49507,-32.863240000000005
773.07672,-138.37479,-33.29739
773.15594,-138.35564,-33.47865
773.15594,-138.35564,-33.47865
773.17883,-138.28191,-33.43393
773.24487,-138.21097,-33.419959999999996
773.08466,-138.11485,-33.39759
773.26086,-137.98412,-33.2795
773.08875,-137.71716,-33.20369
772.74982,-137.38376,-33.15902
772.4363400000001,-136.35764,-32.785340000000005
771.53174,-135.6843,-32.6821
770.13049,-133.81001,-33.12474
767.3205,-131.40569,-34.503440000000005
762.26758,-127.8381,-35.54562
756.4252299999999,-125.35851000000001,-31.537609999999997
749.54083,-123.72855,-24.02165
743.43066,-125.45853000000001,-15.81146
736.37109,-130.42816000000002,-10.599739999999999
729.3049900000001,-136.99687,-7.2266
723.08282,-146.91613999999998,-5.98709
717.06573,-158.58678999999998,-4.84742
711.42804,-172.13188,-5.007630000000001
705.42169,-187.9194,-6.49338
699.96503,-203.78825,-8.87647
694.03949,-221.31737,-12.56529
688.2987099999999,-240.15594,-16.85096
682.20471,-258.81625,-21.13794
674.67993,-278.23352,-26.498379999999997
667.5484,-297.54764,-32.25087
658.7998,-315.92517000000004,-39.57713
650.18982,-332.89694,-39.38456
642.69208,-345.40112,-37.56322
637.97168,-352.55264,-34.38423
635.5708599999999,-353.4968,-30.688679999999998
635.21185,-354.07599,-29.19428
634.22107,-354.20837,-28.349829999999997
634.1091299999999,-354.56528,-27.95314
634.13965,-354.99084,-28.18298
634.1823099999999,-354.99518,-28.13652
634.33838,-355.14285,-28.329
634.19763,-355.18838999999997,-28.49796
634.52594,-355.1153,-28.958790000000004
634.50641,-355.37695,-29.247970000000002
634.2305299999999,-355.26257000000004,-28.89295
633.81982,-354.92548,-29.422909999999998
633.7464,-355.80304,-29.01009
633.74835,-355.09491,-28.7538
633.54651,-355.13223,-29.111590000000003
633.35919,-355.61362,-29.25745
633.95813,-354.6452,-28.83881
633.80481,-354.4223,-28.63472
634.51483,-354.14069,-28.836090000000002
634.79584,-353.591,-29.755979999999997
634.6712,-353.46587999999997,-31.59573
636.00427,-352.65398999999996,-33.31819
636.9331099999999,-351.95419,-35.98235
638.73865,-350.57297,-38.57286
639.47247,-349.2197,-42.11303
641.36963,-347.61273,-43.810990000000004
644.8764,-344.84409,-43.84689
651.9870599999999,-340.61346000000003,-43.1912
662.90857,-335.18683,-41.8926
676.22144,-327.12466,-38.11295
690.63458,-316.99554,-33.83267
706.04565,-306.0903,-30.434859999999997
722.0481599999999,-294.50955,-27.14015
738.05737,-282.79437,-23.72764
753.7217400000001,-271.08731,-20.21334
769.85724,-260.20074,-17.073179999999997
784.94818,-248.87209,-16.21046
798.1841400000001,-237.87978999999999,-18.134610000000002
810.1347,-226.56435,-22.085639999999998
820.56476,-215.02627999999999,-27.61931
827.84698,-207.83212,-30.43287
831.08429,-204.60962,-37.016259999999996
830.55896,-206.73914,-33.50822
828.95276,-208.25018,-29.293000000000003
828.16254,-208.49851999999998,-28.834159999999997
828.97217,-208.43732,-30.863840000000003
829.76477,-208.3425,-32.24635
829.63385,-208.31989,-32.71412
829.86224,-208.44917,-32.777
829.8317900000001,-208.09425,-33.39685
830.06384,-208.02671999999998,-33.856609999999996
830.07556,-207.87592,-33.92901
830.21735,-207.91019,-34.048320000000004
830.29547,-207.93549,-34.11908
830.29547,-207.93549,-34.11908
830.40253,-208.01082,-34.10105
830.64142,-207.8755,-33.38313
829.87946,-207.82425,-33.50378
829.76477,-208.3425,-32.24635
829.53656,-208.58338999999998,-31.85844
829.0057400000001,-208.01474,-31.23967
828.75555,-207.88036,-30.65359
828.6369,-208.01187,-29.66038
828.50549,-207.5872,-28.67732
828.25006,-207.28166000000002,-28.4669
826.6062,-205.80411999999998,-29.16998
823.97095,-204.80234,-28.08949
818.3855,-203.18317,-26.290509999999998
811.31848,-202.81882,-24.698970000000003
801.31647,-204.26924,-24.40126
789.86914,-207.31552,-24.950689999999998
777.86487,-211.58657999999997,-26.272940000000002
764.73682,-216.77765,-28.28095
749.9393299999999,-223.0804,-30.813000000000002
735.3562599999999,-229.09341,-33.06333
720.5366799999999,-235.35882999999998,-35.202459999999995
704.95013,-240.67091000000002,-36.75031
690.05164,-246.32175,-38.4861
675.0083,-251.27954,-39.88332
660.2926,-255.73577999999998,-39.8012
647.4605700000001,-260.14096,-39.39245
635.40027,-265.08871,-38.534209999999995
626.50421,-268.50992,-36.87725
619.82947,-271.0722,-34.74516
617.65955,-272.66226,-31.449640000000002
618.08069,-272.65201,-32.2263
617.89545,-272.45727999999997,-31.94735
617.41986,-272.77261,-31.61385
617.29877,-273.18045,-31.23494
616.85419,-273.07977,-31.5292
616.99432,-273.26794,-31.4736
616.7119799999999,-272.88434,-31.55961
616.78052,-272.81784,-31.55892
616.72717,-272.8642,-31.747020000000003
616.83087,-273.01715,-31.8764
616.81488,-272.84814,-32.14275
617.19171,-272.81345,-32.315220000000004
617.44153,-272.65305,-32.43383
617.16449,-272.9469,-32.89731
617.1508200000001,-272.48913999999996,-33.4414
617.45532,-272.21887000000004,-33.756890000000006
617.66351,-271.38248,-34.0186
617.92822,-272.14105,-34.31796
618.46552,-271.53412000000003,-34.9257
618.7876,-270.47927999999996,-36.24119
619.5672,-270.16672,-38.55337
620.25928,-269.02307,-40.86501
621.98065,-268.53922,-43.7244
622.711,-267.7594,-46.06818
623.94275,-266.58301,-47.23332
627.40167,-263.74405,-47.59998
634.07587,-260.21054,-46.89655
643.25153,-254.26225,-44.26312
655.0769,-247.12219,-39.15981
667.74261,-240.21903999999998,-34.53091
681.49786,-232.62755,-30.217440000000003
694.77911,-225.06609,-25.81043
709.30359,-219.44942000000003,-21.01209
723.47601,-213.7207,-18.30943
738.0365,-209.43958999999998,-15.711870000000001
753.0031700000001,-206.62171999999998,-13.25317
766.37103,-204.59389,-13.90816
779.9195599999999,-202.97658,-15.623920000000002
792.11847,-202.79238999999998,-20.80668
803.5260599999999,-202.39594,-27.66927
813.90991,-201.99808000000002,-34.968090000000004
817.9406700000001,-201.80071999999998,-37.498540000000006
818.4533700000001,-201.8705,-37.771640000000005
816.422,-202.35155,-31.76287
814.4762599999999,-203.09213,-28.16443
814.50385,-203.74417,-29.095990000000004
815.0258200000001,-203.10965,-30.632859999999997
815.11224,-203.14998,-30.72118
815.1763900000001,-202.69148,-31.04285
815.32465,-202.61816000000002,-31.31219
815.30548,-202.52415,-31.632209999999997
815.4823,-202.132,-32.3833
815.16986,-202.65278999999998,-33.36752
815.92981,-202.33951000000002,-33.12182
816.31958,-202.40721000000002,-33.41142
816.58331,-202.56248,-33.74501
816.39319,-202.28813,-33.82874
816.58331,-202.56248,-33.74501
816.62537,-202.46611000000001,-33.65509
816.6444700000001,-202.49135,-33.65337
816.53723,-202.40254,-33.53393
816.5473,-202.2916,-33.42374
816.36456,-201.89494,-33.21463
815.79309,-202.04503,-33.93278
816.15656,-201.66393,-34.19812
816.16132,-201.21425,-34.92122
816.9918200000001,-200.18274,-35.25626
816.99695,-197.81078,-37.12498
816.37726,-196.08823,-36.76019
816.26727,-195.4131,-30.772
815.2454799999999,-196.2529,-23.87621
812.9775400000001,-197.22699,-16.789939999999998
809.8833,-199.71243,-11.16549
805.8482700000001,-202.58441000000002,-5.68634
801.1343400000001,-206.15306,-1.40362
794.35046,-209.7468,1.22114
787.06763,-213.79027000000002,2.7060000000000004
779.3605299999999,-218.41405,3.2544
770.9494599999999,-223.11923,2.62551
763.88361,-227.76308999999998,2.54166
753.43823,-234.18364,-1.33938
744.21472,-238.82137999999998,-5.79593
734.01318,-244.14858999999998,-10.74688
724.62329,-250.33832999999998,-17.33794
712.7509200000001,-255.20262000000002,-26.07834
701.13068,-260.3927,-36.639759999999995
691.37598,-266.11865,-38.210390000000004
687.29883,-270.327,-33.64758
686.39905,-273.03436,-31.847170000000002
684.8507099999999,-273.15765,-30.704520000000002
684.36285,-273.42142,-30.54259
683.94965,-273.72348,-30.31411
684.0589,-273.79501,-30.433559999999996
684.44073,-273.83227999999997,-29.68263
683.8552900000001,-274.08282,-29.306590000000003
683.75568,-274.63812,-30.034470000000002
683.26819,-274.47112999999996,-30.10077
683.48737,-274.10873,-30.61015
683.57922,-274.14612,-30.746059999999996
683.91357,-274.10028,-30.92779
684.1839,-274.00311,-31.25615
683.9675900000001,-274.22713999999996,-31.55675
684.3194,-274.16211,-31.42295
683.63593,-273.81854,-32.30703
684.14813,-274.15958,-31.738359999999997
684.617,-273.93399,-31.68747
684.77917,-273.5462,-31.7804
684.74084,-273.51715,-31.70363
684.43787,-273.42984,-32.13791
684.6809099999999,-273.28452000000004,-32.27695
685.92358,-272.83319,-32.03304
685.72375,-272.43811,-33.464420000000004
686.0274,-271.80844,-34.35131
686.3375900000001,-271.25847999999996,-36.41155
687.17102,-270.76153999999997,-37.5549
687.91315,-270.69226000000003,-38.34254
688.12115,-269.71021,-38.98438
688.67035,-268.46222,-39.34148
689.62305,-266.82004,-39.35432
689.32703,-264.33884,-35.30213
690.4218099999999,-259.93497,-31.57335
692.91815,-256.91708,-26.79559
694.61542,-252.37148,-22.69519
696.0549900000001,-249.00242999999998,-18.4896
696.80243,-245.66202,-16.00742
698.5268599999999,-242.55200000000002,-14.295279999999998
699.96826,-240.6483,-12.6956
700.5360099999999,-239.70673,-13.587720000000001
700.21344,-239.6302,-16.74736
699.48267,-240.02463999999998,-21.81596
696.85693,-240.57599,-32.344229999999996
694.07489,-242.21516,-37.11092
691.9916400000001,-243.515,-34.36083
692.13898,-243.5493,-34.12383
691.51068,-243.64978,-32.04954
689.88788,-244.06502000000003,-30.08535
689.46753,-244.12892000000002,-30.03085
689.7253400000001,-244.55389,-30.082959999999996
689.49194,-244.45228999999998,-30.29652
689.2948,-244.55687000000003,-30.246409999999997
689.06647,-244.72621,-30.17735
689.3055400000001,-244.67192000000003,-30.245829999999998
689.05988,-244.62399,-30.41109
689.11261,-244.63782,-30.486890000000002
689.19836,-244.42914,-30.71306
689.1906700000001,-244.4149,-30.97905
689.33533,-244.3306,-31.155359999999998
689.66028,-244.27508999999998,-31.355790000000002
689.9837,-244.21748,-31.80841
690.44598,-243.88432000000003,-32.14159
689.91028,-244.3119,-32.990840000000006
690.62891,-243.77831,-33.74684
691.48364,-243.08567999999997,-33.38149
691.73737,-243.28561000000002,-34.11858
692.12323,-242.60005,-34.58463
693.1369,-242.00519,-35.372890000000005
692.8659700000001,-240.65649,-37.31831
694.98492,-238.93048,-37.2487
696.5925900000001,-235.82889,-37.60875
699.44061,-232.12828,-37.562290000000004
702.96161,-228.33123999999998,-35.32606
707.8262900000001,-223.76342999999997,-31.66235
712.815,-219.86821,-28.799059999999997
718.68896,-216.97422999999998,-25.11886
724.66547,-216.24712999999997,-22.66805
731.46777,-216.66071000000002,-20.4678
737.61279,-219.45789,-20.42895
743.08118,-223.67511000000002,-22.81796
747.85852,-228.442,-28.116120000000002
750.7275400000001,-232.37523,-32.8795
751.53796,-233.22295,-32.30945
751.15179,-232.13127000000003,-33.136959999999995
749.43921,-232.92941000000002,-29.50445
748.24139,-233.62291000000002,-26.97056
747.86945,-233.36592000000002,-25.8668
747.76953,-233.12013,-26.76395
747.48541,-233.13772999999998,-26.34954
746.91412,-233.35262000000003,-25.56042
746.6942700000001,-233.55551,-24.341920000000002
746.38098,-233.80497999999997,-22.9041
746.05133,-233.83676,-22.58333
746.1001,-233.85492999999997,-22.658910000000002
746.5903900000001,-233.7939,-23.23466
746.26392,-233.74451000000002,-24.50001
746.47516,-233.33951000000002,-25.325779999999998
746.66608,-233.25947999999997,-25.98786
747.43024,-233.35587999999998,-26.70128
747.7785,-233.1795,-26.982879999999998
747.8642,-233.01396,-27.15253
747.71271,-232.83057999999997,-27.177870000000002
747.8194,-233.0459,-27.35179
747.99072,-232.86333,-27.33056
748.03778,-232.88631,-27.409679999999998
748.01385,-233.09651000000002,-27.43242
748.01385,-233.09651000000002,-27.43242
747.99072,-232.86333,-27.33056
747.98645,-232.63917999999998,-27.20658
747.89551,-232.48521000000002,-27.28637
747.95007,-232.39117000000002,-27.23698
747.94379,-232.33973999999998,-27.16977
748.04413,-232.12902999999997,-27.16165
747.9576400000001,-232.16002999999998,-27.10173
747.7818599999999,-232.06400000000002,-27.05019
747.8702400000001,-231.83697999999998,-26.837590000000002
747.7666,-231.26242000000002,-26.69156
747.21021,-231.24809,-25.88737
746.94678,-230.32023999999998,-25.18554
746.55035,-230.03772999999998,-24.63466
745.44916,-229.41163999999998,-23.93261
745.49054,-229.09807,-21.62108
744.41748,-229.13027999999997,-20.315720000000002
743.52734,-228.85031,-19.17265
