X9,Y9,Z9
876.10205,-503.99429000000003,991.27356
873.14465,-498.52332,991.24896
872.30994,-495.42925999999994,991.47125
871.1618,-492.49411,990.8338
870.35376,-488.27774000000005,991.1080900000001
868.9967,-484.25967,990.53577
867.9022199999999,-480.08603,989.98035
867.18109,-476.30521,989.84369
865.99469,-471.73330999999996,989.3435099999999
865.3400300000001,-466.80161,988.8449699999999
864.0726900000001,-461.93285999999995,988.2179
863.21924,-456.80532999999997,987.8045
861.39349,-451.85684000000003,987.4411
860.42126,-446.80289000000005,987.09955
859.4415300000001,-441.58675999999997,987.5712900000001
858.36548,-436.16165,987.2882099999999
857.18835,-430.79416,987.15582
856.23407,-425.54614000000004,987.5296
854.35181,-420.18698,987.6420300000001
853.1203,-414.65689,988.02307
851.32422,-409.39896,988.9595300000001
850.04932,-404.72049,990.2085599999999
847.95245,-398.80664,991.22827
846.1873800000001,-393.97927999999996,993.09552
844.4191300000001,-389.29269,995.02948
842.47656,-385.40237,996.43927
840.7869900000001,-380.9389,998.6812699999999
837.8172,-376.82462000000004,1000.3317900000001
836.2601900000001,-373.7699,1002.3190900000001
834.76642,-370.98019,1004.8294699999999
832.29675,-367.31137,1006.8175699999999
830.20898,-364.93411000000003,1008.56696
827.86127,-361.89322000000004,1010.2131300000001
826.44244,-360.26886,1012.6859699999999
823.81458,-358.60452000000004,1014.7910199999999
821.71552,-356.69437,1016.3765900000001
819.63483,-355.8559,1018.2829
817.61102,-354.74106,1020.3539400000001
815.7878400000001,-353.42712,1022.46063
814.3761599999999,-353.28937,1023.8264800000001
811.94055,-353.37311,1024.9856
810.2923,-353.72324,1026.9724099999999
808.6311599999999,-354.33957000000004,1027.88562
806.7814900000001,-355.70977999999997,1029.2690400000001
805.26123,-356.99832000000004,1029.75781
802.9068,-358.14285,1030.72522
800.9522099999999,-359.7597,1031.26404
799.81458,-361.12415,1032.2572
797.8944700000001,-363.12369,1032.15271
795.65747,-365.04596000000004,1032.4657
794.56622,-367.30396,1033.1812699999998
792.77197,-369.55682,1033.59033
791.2803299999999,-372.68906,1033.6965300000002
790.13062,-374.75229,1034.03699
788.18597,-377.3421,1034.23669
787.30328,-379.86441,1034.8972199999998
785.81665,-382.71948,1035.1366
784.8413099999999,-385.2908,1035.80859
783.59302,-388.36208999999997,1036.43665
782.65253,-390.59589,1037.1838400000001
781.67487,-393.5751,1037.79968
780.95099,-396.58374,1038.7789300000002
779.62573,-399.00156,1039.04041
778.07318,-401.65686,1039.67395
777.7930299999999,-404.52628,1040.00732
776.58167,-407.33898999999997,1040.4491
776.1695599999999,-409.62347,1041.40454
775.0658599999999,-411.76459,1041.8031
774.70569,-413.82837,1041.9555699999999
773.8891,-416.13922,1042.5629900000001
773.4612400000001,-418.10812000000004,1043.23486
773.23016,-419.69888,1043.8538800000001
772.87305,-421.70462000000003,1044.14331
772.4050900000001,-423.08477999999997,1044.30798
772.71185,-424.44208,1044.74561
772.15515,-425.44434,1044.98206
773.75189,-427.30563,1045.4851099999998
772.7724599999999,-427.65216,1045.21423
772.45032,-428.32791,1045.1671099999999
773.04877,-429.36639,1045.13672
774.24762,-430.05304,1045.45581
773.7569,-429.87462999999997,1044.73169
773.92944,-429.82312,1044.80591
774.9469,-430.73575,1044.73535
775.625,-430.90942,1044.4923099999999
776.2424900000001,-430.68118,1043.83325
776.79425,-430.64966,1043.25281
777.43341,-430.23360999999994,1042.72449
778.0645099999999,-429.87143,1042.4668
779.6264,-429.15567000000004,1041.08301
780.46204,-428.82937999999996,1040.80286
782.00775,-427.38300000000004,1040.33875
783.2984,-426.48917,1039.77283
785.21411,-425.72012,1039.6123
786.38397,-423.53058,1038.77917
788.67413,-422.52855999999997,1038.36511
789.71545,-420.47559,1037.68347
791.76685,-418.14856000000003,1037.25098
793.57092,-416.43362,1036.39392
794.97687,-414.73511,1036.19751
797.2417,-412.10669,1035.93164
798.55365,-410.2504,1035.45129
800.39984,-407.5098,1034.97229
802.36761,-405.04785,1034.9675300000001
804.7902799999999,-401.95117,1035.03552
807.2431,-398.98248,1034.68188
808.92975,-395.85104,1034.71729
811.6218299999999,-392.84305,1034.67871
813.8840299999999,-390.29846000000003,1034.71265
815.87305,-386.83551,1034.76465
818.93732,-383.69973999999996,1034.75269
821.07556,-380.48708999999997,1035.2440199999999
823.18182,-377.72208,1035.14429
825.4442700000001,-374.73138,1035.13318
828.77478,-372.44391,1035.54004
830.2204,-369.08087,1035.23718
833.03571,-366.79141,1035.4937699999998
835.15918,-364.05731000000003,1035.5842300000002
837.39417,-361.8544,1036.02563
840.54126,-359.30676,1036.64917
841.9547699999999,-357.06165,1036.646
844.6248800000001,-355.41379,1037.46619
846.5136699999999,-353.2991,1037.85608
847.96985,-350.83243,1038.3923300000001
849.91205,-348.98737,1039.16443
852.0723300000001,-347.3298,1040.22522
854.24902,-345.82635,1041.34668
855.4881,-343.95078,1042.36646
856.6618,-342.81271,1043.4511699999998
858.1153,-341.7598,1044.61621
858.83875,-341.03891,1046.11096
859.61475,-339.96851000000004,1046.9387199999999
861.67218,-339.64886,1048.47925
862.52856,-339.42905,1049.54419
862.71411,-339.34601000000004,1050.62561
864.15802,-339.27875,1051.5194099999999
865.12537,-339.39731,1052.16931
865.6987300000001,-339.96335,1052.87329
866.28271,-340.38498,1052.65198
867.3942300000001,-340.87161000000003,1052.97815
867.9118699999999,-341.71578999999997,1052.67456
868.8726199999999,-342.48111,1052.78027
869.66949,-343.18908999999996,1052.6425800000002
869.93365,-343.97488,1052.41028
870.6882300000001,-344.83737,1052.76501
871.16437,-345.62045,1053.03137
871.64844,-347.29282,1053.18506
872.1123699999999,-348.26205,1053.90649
871.93066,-349.42862,1054.3101800000002
871.65619,-349.95651000000004,1054.6389199999999
871.1876199999999,-351.10629,1055.91333
871.28717,-352.03439,1056.64014
871.7768599999999,-353.24521,1058.0459
871.32843,-354.40072999999995,1059.5750699999999
870.9541,-355.2735,1061.72754
870.8380099999999,-356.17929,1063.51624
870.9636199999999,-357.71051,1066.11255
870.70154,-358.54458999999997,1067.92822
870.59204,-359.20337,1069.9895
869.8977699999999,-359.76144,1072.15979
870.0214199999999,-359.81973,1074.6069300000001
869.97406,-360.55972,1077.04712
869.0709800000001,-360.74088,1078.13647
869.08636,-361.11871,1079.97461
868.98151,-361.00485,1081.75171
868.6574699999999,-361.14367999999996,1082.95337
869.0006699999999,-361.08762,1084.19446
869.14905,-361.1756,1084.9884
869.39661,-361.18292,1086.3064
869.8154900000001,-361.36899,1087.11926
870.0210599999999,-361.30978,1087.38696
870.0210599999999,-361.30978,1087.38696
870.35645,-360.79614,1087.59949
871.62134,-361.66397,1088.26831
872.2365699999999,-361.50296000000003,1088.16907
872.34283,-361.67249,1087.64063
874.5036,-362.24948,1087.80469
874.61682,-361.79797,1086.80139
875.8657800000001,-361.60437,1085.89417
876.67291,-361.57114,1085.63135
876.85516,-361.67215,1085.51953
878.00671,-361.59119,1085.37402
878.7813699999999,-361.37616,1084.50464
880.03711,-361.52316,1084.54749
881.29205,-361.78674,1085.26611
881.9381099999999,-361.32776,1085.22437
883.11694,-361.15985,1085.67285
883.4892,-361.2561,1086.31909
884.3176900000001,-360.74335,1087.04663
884.9418300000001,-360.52524,1087.5658
885.7711800000001,-360.4801,1088.24829
886.54944,-360.41412,1088.72168
888.10461,-359.90881,1089.53638
888.6628400000001,-359.81451,1089.93689
889.2782,-359.69608,1090.2976099999998
890.2299800000001,-359.56342,1090.61096
891.05438,-359.31161000000003,1090.9057599999999
891.6845699999999,-358.83893,1091.03638
892.37946,-358.92199999999997,1090.77283
893.22131,-358.57059,1090.73657
893.93707,-358.43475,1090.29736
894.5173300000001,-358.22931,1089.67639
896.24774,-358.17117,1089.02539
897.2019,-357.69302000000005,1088.67773
897.8037699999999,-357.29404,1087.34778
898.86835,-357.22366,1086.64001
899.91443,-357.00549,1086.20496
900.1796300000001,-356.49078,1084.16064
901.13464,-356.24194,1083.23755
901.96234,-355.63226000000003,1082.28333
903.47961,-355.88167999999996,1081.86755
904.1419699999999,-355.46536000000003,1080.95178
905.06964,-355.0163,1080.37
906.02484,-354.33386,1080.36401
906.36688,-354.15783999999996,1080.16614
907.20935,-353.53247000000005,1080.5374800000002
907.4562400000001,-353.30255,1080.99866
908.0143400000001,-353.0643,1081.76831
908.9653900000001,-352.44711,1083.6709
909.3905599999999,-351.66092000000003,1084.51685
909.71552,-351.47949,1086.32495
910.18158,-350.97906,1087.3261699999998
910.67432,-350.45065,1089.71631
910.8748800000001,-349.89117000000005,1090.55322
911.47693,-349.13199,1092.31555
912.0064699999999,-348.17099,1093.4585
914.5235,-348.3302,1095.83215
912.84546,-346.9216,1095.91736
913.6763300000001,-345.75436,1096.328
914.2542699999999,-344.78668,1096.94495
914.9760699999999,-344.13306,1097.5444300000001
915.65631,-343.10553,1098.17407
915.93286,-342.31299,1097.77393
917.5701300000001,-341.51477,1098.09033
918.8109699999999,-341.01645,1097.70276
919.0944199999999,-339.79736,1096.51111
919.5900300000001,-339.13943,1095.4710699999998
920.20911,-338.73792000000003,1093.61646
921.36945,-338.60187,1092.11084
922.2429199999999,-338.03046,1089.79956
923.65216,-337.99138999999997,1087.26001
924.91119,-337.72687,1084.0118400000001
925.42926,-337.7291,1080.50037
926.7320599999999,-337.70264,1076.98486
927.3916,-337.84869,1073.3243400000001
927.9602699999999,-337.95636,1069.40234
929.7565300000001,-338.37607,1066.7832
930.03479,-338.45291000000003,1063.72083
930.49225,-338.9313,1061.43323
931.03479,-339.30551,1060.05383
931.17798,-340.04547,1059.7205800000002
930.9345099999999,-340.46262,1059.78406
930.3643800000001,-341.61782999999997,1060.57593
929.91315,-342.54578,1062.8009
929.1486199999999,-343.27051,1066.40247
928.8244599999999,-344.86258,1070.26953
926.58984,-345.36929,1074.32898
926.19476,-345.76093,1080.41565
924.89447,-345.59045,1086.8112800000001
923.58771,-346.35217,1093.40833
920.92151,-345.61258,1100.67236
919.96619,-345.44431000000003,1108.7097199999998
917.82489,-344.44919,1116.81445
915.8051800000001,-343.44597999999996,1125.7916300000002
914.47406,-342.36334,1134.94385
910.4518400000001,-342.69714,1140.24561
912.39319,-340.17786,1153.8690199999999
910.19574,-338.54138,1162.83044
908.8004199999999,-337.19088999999997,1171.90771
907.07031,-335.81195,1180.28369
906.84766,-335.32846,1188.64014
905.20203,-334.47369,1196.5023199999998
904.4196800000001,-333.17208999999997,1203.38477
903.41901,-332.5285,1209.91687
902.5087300000001,-331.85065,1215.10474
901.64221,-331.00057999999996,1219.88843
900.7061199999999,-330.00167999999996,1223.0728800000002
900.31146,-329.85537999999997,1226.68896
899.87781,-328.86273,1228.43176
898.9657599999999,-328.32996,1229.48145
899.03766,-327.97668,1229.69434
898.5709800000001,-327.16345,1229.02551
898.01721,-326.56262000000004,1227.0946
898.98322,-325.82541000000003,1225.13391
899.2982199999999,-325.34598,1221.4762
899.99677,-324.85352,1217.58374
900.7172199999999,-324.22635,1212.78442
901.27319,-323.43712999999997,1207.30945
902.1969,-322.75137,1200.96167
903.52136,-322.39694,1193.80847
904.46478,-321.79816,1186.75269
906.1157199999999,-321.05151,1178.5101300000001
906.89441,-321.14175,1169.82007
908.27167,-320.31777999999997,1161.35889
909.5114699999999,-319.93643,1153.00073
910.9993300000001,-320.25894,1145.0606699999998
912.2072800000001,-320.49921,1137.5606699999998
912.7932099999999,-320.84369,1131.43298
913.56573,-320.87823,1126.26343
913.7576300000001,-321.09027000000003,1122.07544
914.8261699999999,-321.97684,1118.8844
916.43005,-322.76575,1117.42163
917.19421,-322.7724,1117.47351
918.54651,-323.74097,1119.33765
919.3371599999999,-323.68225,1122.96887
918.7153900000001,-323.35471,1126.97668
918.5191699999999,-322.54663,1133.20471
917.9530599999999,-322.03491,1139.72034
916.2356599999999,-321.37692000000004,1146.57251
915.93835,-320.9162,1154.40271
915.1308,-320.6925,1162.00269
913.10278,-320.36066,1169.90198
911.54449,-320.51782000000003,1176.58679
909.96832,-321.25891,1182.95911
907.39038,-322.17618,1188.4762
903.0875199999999,-323.19391,1190.94043
901.98151,-325.26721000000003,1194.42932
899.08734,-326.59262,1195.82031
897.2031900000001,-328.03241,1196.28857
894.0224,-328.78296,1194.91687
890.90625,-329.24796000000003,1192.6997099999999
888.6016199999999,-330.38638,1188.5955800000002
886.4558099999999,-331.09637000000004,1184.3468
884.01001,-332.28476,1178.50269
880.8652300000001,-332.98965,1172.00427
878.3906900000001,-334.42136,1165.67517
875.4361,-335.42661,1158.74939
871.64679,-337.15033,1151.4129599999999
869.4038699999999,-339.40698,1144.9613
866.4694800000001,-341.21587999999997,1139.29468
863.4849199999999,-343.12503,1134.34985
860.69012,-344.92596000000003,1130.31348
857.27588,-346.82684,1127.14526
854.80304,-349.15271,1125.41736
852.42218,-351.6214,1124.41699
851.31256,-353.82944,1123.8726800000002
850.06067,-355.89255,1124.07861
849.88397,-357.36694,1124.52148
849.53125,-357.71167,1126.00098
850.47375,-357.73224,1127.75732
851.8485099999999,-356.84918,1130.22461
854.3864699999999,-356.62642999999997,1133.2164300000002
855.2763699999999,-354.89801,1136.3064
857.4893199999999,-353.75052,1139.66541
860.0744599999999,-352.3544,1143.08179
861.64166,-350.24102999999997,1145.6440400000001
863.76465,-348.68878,1148.5499300000001
865.5618900000001,-347.04272000000003,1150.19336
866.96704,-345.60022000000004,1151.24121
868.5659199999999,-343.39362,1151.03784
869.87805,-341.62487999999996,1150.11145
871.77734,-339.96222,1147.9281
873.0596300000001,-337.35791,1144.91956
875.7271099999999,-335.24817,1141.50513
877.62195,-332.22241,1137.70496
880.69794,-330.0112,1133.99976
882.2688,-326.89001,1129.13086
884.89716,-324.8244,1124.6856699999998
887.55573,-322.36069,1121.10901
889.72955,-320.35162,1116.64819
891.95416,-318.22266,1112.4624
894.23108,-315.83862,1108.17542
896.4517800000001,-314.41497999999996,1104.49023
898.80438,-312.81842,1101.1086400000002
901.40527,-311.62451,1098.82251
903.3175699999999,-310.71359,1096.4342
905.6098599999999,-309.7276,1095.24146
907.33838,-309.24953999999997,1094.44641
908.9538,-308.31961,1094.45947
910.57281,-307.88174,1096.40515
912.9808300000001,-307.00235,1099.3370400000001
914.7619,-305.85004,1103.92419
916.03033,-305.01346,1109.3930699999999
917.93756,-304.29819,1116.50574
919.7879,-303.56601,1124.5761699999998
920.3123800000001,-302.2984,1133.797
920.83429,-301.21655,1143.6423300000001
920.3475300000001,-299.48016,1154.2446300000001
920.1179199999999,-298.0307,1164.8064
918.93829,-296.6806,1175.52661
917.9898099999999,-295.49051000000003,1186.23975
,,
916.4644199999999,-294.31433,1204.89478
917.07697,-295.69128,1213.31799
915.48596,-295.36951,1218.99854
913.51215,-295.31912,1223.30676
912.64728,-295.64374,1226.9613
911.5798300000001,-296.17621,1229.073
909.4652699999999,-296.1347,1229.86853
908.19159,-296.20657,1229.06604
906.66034,-295.93042,1226.91187
906.2401699999999,-295.95038,1223.85779
903.8960000000001,-294.69727,1219.14929
903.82849,-294.58777000000003,1214.22351
903.25995,-294.71898999999996,1208.2451199999998
902.05615,-293.77734,1200.97559
902.2204,-293.73357999999996,1193.2708699999998
901.3772,-293.19183,1184.87805
900.31842,-292.5679,1174.84619
900.3862300000001,-292.19588999999996,1164.85254
900.9779699999999,-291.47055,1153.95227
901.27539,-291.21426,1142.23413
901.3989300000001,-291.04544,1130.59058
902.16614,-291.06768999999997,1119.50317
902.63306,-290.48098999999996,1108.5815400000001
903.30646,-290.71414,1098.06421
905.5048800000001,-290.80469,1088.17102
906.9422599999999,-291.26254,1079.87573
907.83325,-291.58227999999997,1071.72571
910.35455,-292.1098,1066.6467300000002
912.4196800000001,-291.91528,1062.1701699999999
913.3233,-291.54257,1059.59131
915.5368699999999,-291.3533,1059.60095
916.83783,-291.04776,1060.84644
918.0704300000001,-290.36023,1064.34216
918.69214,-289.21439,1069.3618199999999
918.96277,-287.58617999999996,1076.14282
918.2465800000001,-286.7005,1084.50378
918.0590800000001,-284.79642,1094.04431
918.17444,-284.16479,1105.24072
917.37769,-282.98587000000003,1117.7616
916.7949199999999,-282.29935,1130.42554
915.5192300000001,-281.36533,1143.53528
914.3367900000001,-280.77477999999996,1156.6870099999999
912.8521699999999,-280.75597999999997,1169.4229699999999
911.08783,-280.97665,1181.90723
909.73511,-280.98566,1192.81628
907.61047,-281.91522000000003,1203.02368
906.2373,-283.32211,1212.66956
903.60962,-284.73537999999996,1220.0476099999998
901.12,-286.7861,1226.78284
898.93835,-288.71646,1231.84106
896.60425,-290.60706,1236.23938
894.00916,-293.03503,1238.86633
891.1792,-294.61554,1240.63416
888.1824300000001,-296.94217000000003,1241.10254
886.45972,-299.62665,1240.79419
882.70245,-300.83185,1239.13574
881.0424800000001,-303.20786,1237.59094
879.3559,-305.40219,1234.56177
877.06964,-307.00156,1230.5048800000002
874.74231,-308.56604,1225.67944
872.27216,-310.48138,1219.7440199999999
869.8906900000001,-311.6171,1213.18494
867.2606199999999,-312.84503,1205.43359
865.61774,-314.08752000000004,1197.39709
863.3693199999999,-315.33267,1188.56555
860.43475,-316.30005,1179.4152800000002
857.45337,-317.41721,1168.7548800000002
855.7252800000001,-318.53082,1158.22034
852.46204,-318.94495,1146.47437
849.6148699999999,-319.59512,1134.40723
848.1252400000001,-320.19205,1121.86365
844.9077800000001,-320.37122,1107.72327
843.7412699999999,-321.01651,1093.7277800000002
841.28296,-321.65726,1078.62207
839.8322099999999,-322.63833999999997,1063.93005
838.6444700000001,-323.43787000000003,1049.8319099999999
837.21893,-324.39679,1036.3595
836.11469,-325.17651,1024.88318
835.46844,-326.6886,1015.9703400000001
834.41278,-328.37268,1010.03839
833.1202400000001,-330.35046,1007.42853
831.68121,-333.53146,1008.67206
831.14575,-337.70963,1013.98425
830.1700400000001,-342.22632000000004,1023.09509
828.83789,-346.96603,1035.66187
828.34796,-352.34119,1050.85229
827.18146,-357.18127000000004,1067.79297
826.14484,-362.93832000000003,1086.3042
824.97015,-368.34076,1106.3610800000001
822.98065,-373.34995,1126.17993
821.3680400000001,-379.09244,1146.30359
820.48425,-384.13552999999996,1166.54041
818.57422,-388.48801000000003,1185.87695
817.18695,-392.36902000000003,1205.12122
817.073,-396.64603,1223.54724
816.85272,-400.58493,1241.12207
815.72156,-403.90695,1257.93665
816.3256200000001,-406.88538,1273.6231699999998
815.9243799999999,-409.94629,1288.25391
815.80035,-413.04315,1302.20032
815.4881,-415.10306,1315.02246
815.68115,-417.67783,1326.30469
815.09882,-419.36514,1336.6444099999999
815.09583,-420.73642,1346.79333
815.17358,-421.93262000000004,1354.94482
814.41309,-422.93497,1360.8161599999999
813.5862400000001,-423.1066,1367.49316
813.40167,-423.51635999999996,1372.0815400000001
813.09326,-423.58087,1375.5144
814.1159700000001,-423.95642000000004,1379.2463400000001
812.3183,-423.14362,1379.41064
812.4078400000001,-422.80194000000006,1380.33826
812.2431,-422.29596,1379.85889
811.69177,-421.96837999999997,1378.52612
810.87109,-421.30057,1376.59875
810.5020099999999,-420.84839000000005,1373.78369
809.98834,-420.53171,1370.08948
808.34247,-419.7627,1365.5180699999999
807.94196,-419.73040999999995,1360.41333
807.78955,-420.13477,1354.72559
807.1723,-420.4389,1347.24036
806.58075,-420.56323,1339.24316
805.64886,-421.05304,1330.65332
804.88245,-421.77585,1321.24658
804.75378,-422.66718,1311.24487
804.0567,-423.68683,1300.15588
803.41052,-424.58423,1289.37634
802.83459,-425.845,1277.73596
802.7643400000001,-426.69696,1266.13696
801.61255,-427.63922,1253.31006
801.12219,-429.13547,1240.65295
800.01459,-430.33859,1226.81165
800.87872,-432.01108,1214.0576199999998
800.27679,-432.86664,1201.25146
799.76123,-433.34094000000005,1188.31628
799.58105,-434.0936,1176.6897
799.09882,-434.93643,1165.59241
798.59985,-435.39980999999995,1156.20532
797.3894,-436.05954,1148.93774
796.09607,-436.16247999999996,1142.68481
794.09973,-437.04907000000003,1139.16406
790.94281,-437.26044,1137.09058
789.19891,-438.33542,1137.84583
785.9044200000001,-438.53055,1139.55835
782.70172,-439.05725,1143.54919
779.8858,-438.48215,1149.4126
776.47559,-438.44656,1156.6958
772.82874,-438.50622999999996,1165.20093
769.55817,-437.53101,1174.81519
764.70911,-436.75702,1184.00964
761.50354,-436.56757000000005,1194.85901
758.66766,-435.99835,1204.9856
756.06018,-435.65491,1215.16455
752.5849,-434.76892000000004,1224.32727
749.94891,-434.9014,1233.79456
748.27405,-434.41531,1241.98083
746.79346,-434.27322000000004,1249.28674
745.72559,-434.1076,1256.05945
744.28534,-434.31143,1261.2377900000001
743.71204,-434.43619,1265.61426
743.28528,-434.44693,1269.13135
742.40027,-434.70444000000003,1271.52881
741.55145,-434.15787,1272.42908
740.88141,-434.05980999999997,1272.9249300000001
740.96271,-433.98532,1272.30444
740.49115,-433.67447000000004,1270.3442400000001
739.5473,-432.60321,1267.34131
739.02954,-431.59494000000007,1263.1461199999999
739.02295,-430.49362,1258.7446300000001
738.66187,-429.22528,1252.5416300000002
738.8252,-427.8945,1245.34302
739.63922,-426.39133,1237.3375199999998
739.9458,-425.34615999999994,1227.7476800000002
740.75,-423.81417999999996,1217.6398900000002
741.38037,-422.0433,1206.4578900000001
742.2298599999999,-420.62097,1194.86792
743.21021,-419.42535,1182.41895
743.99835,-418.0043,1170.3667
745.18365,-416.49841000000004,1157.89929
747.02936,-415.13525,1145.8659699999998
749.07251,-414.26016,1134.6711400000002
751.51801,-412.12523999999996,1124.40637
754.84241,-411.26083,1115.2135
757.21045,-409.28018,1108.37476
758.7191799999999,-407.33936,1103.45447
760.80847,-404.46143,1101.65186
764.11096,-401.13482999999997,1104.56689
763.59857,-398.44442999999995,1107.50269
763.61938,-395.01563,1114.8101800000002
762.90747,-392.31772,1123.7601300000001
761.81464,-389.63345,1134.66235
759.85724,-387.70367000000005,1146.1398900000002
758.61609,-385.59189,1158.91736
756.63763,-383.62537000000003,1171.91956
754.9866900000001,-382.36136,1184.47522
753.50513,-381.12045,1197.69556
751.47937,-381.27066,1209.73157
750.2103900000001,-381.24335,1221.401
748.6863400000001,-381.68781,1231.83386
746.7962,-382.08026,1240.3573
745.48059,-382.54514,1247.78442
744.8761,-383.40646,1253.5481
743.7388900000001,-384.96893,1258.7019
742.78131,-386.04537999999997,1261.7913800000001
741.72833,-386.83636,1263.58545
740.99396,-387.25616,1264.5166
740.57953,-387.58133,1264.40564
740.05585,-388.38531,1263.43018
739.70618,-388.89513999999997,1261.69958
739.63843,-388.98325,1259.11768
739.7179,-388.80283,1255.94873
739.8172,-389.07104,1252.19446
740.12921,-388.56149,1247.10303
740.0268599999999,-388.3389,1241.51514
739.8194,-387.92188,1234.38379
739.67828,-388.0751,1227.60583
740.05542,-387.76602,1220.08826
740.38202,-387.46545,1211.82593
740.5531599999999,-387.38541000000004,1203.66541
740.53766,-387.57025,1195.27319
741.0844099999999,-387.82855,1187.50818
742.60291,-388.67028999999997,1180.23035
743.67151,-389.25937000000005,1173.48767
745.13068,-389.94597999999996,1167.1671099999999
747.42084,-391.68112,1161.95154
748.51917,-392.7749,1157.41541
750.0849,-395.23947000000004,1153.09631
751.71204,-397.8168,1150.17932
752.57166,-400.84406,1147.45264
754.38776,-404.06763,1145.52991
755.14868,-407.51791000000003,1144.58582
755.19,-410.12282999999996,1144.95911
754.57892,-412.66213999999997,1145.71655
754.04718,-414.71729,1147.89893
753.95508,-416.81453999999997,1152.5094
751.65314,-418.18338,1157.0701900000001
749.84326,-419.42151,1163.17163
747.94525,-420.80008,1169.55774
745.22968,-421.60895,1176.34082
742.6868900000001,-423.01434000000006,1183.05249
740.1875,-424.02008,1190.01782
737.98303,-425.91275,1197.01245
735.3304400000001,-427.21667,1203.6908
733.34845,-428.86237,1209.78809
731.0806299999999,-431.30002,1215.36255
728.90485,-433.9043,1219.6124300000001
727.02277,-436.76352,1223.4326199999998
725.6991,-439.18796,1225.83533
723.67987,-441.84997999999996,1227.26599
722.3256200000001,-444.80465999999996,1228.30701
721.4082,-447.79202000000004,1228.76331
720.2832599999999,-449.67922999999996,1228.47656
719.62872,-451.92297,1227.15796
718.37354,-453.77572999999995,1225.42053
717.8901400000001,-454.96755999999993,1223.11377
717.11609,-456.41475999999994,1220.2639199999999
716.9207200000001,-457.26892000000004,1216.51819
716.86084,-458.15353,1212.42554
717.31201,-459.57788,1208.05591
717.56055,-460.23013,1202.8803699999999
717.40912,-460.2435,1197.23901
719.1684,-461.15634000000006,1191.42505
719.49109,-461.24252,1185.1657699999998
719.89911,-461.21439000000004,1179.297
721.0045200000001,-461.50845,1173.54468
722.74335,-461.40662000000003,1167.73621
724.10632,-461.84692,1162.52856
725.8389900000001,-461.92830999999995,1157.1311
728.04041,-462.5733,1152.30042
730.47479,-463.26947,1147.88647
732.00415,-464.34475999999995,1143.4729
733.5246,-465.40744000000007,1139.76379
735.70331,-466.87253,1136.65515
738.25073,-468.2334,1133.85718
740.23615,-469.79602,1132.34277
741.96417,-470.63879000000003,1131.23767
744.24731,-472.0744,1132.11987
745.13928,-472.7056,1133.4538599999998
746.91675,-473.64474,1136.57727
747.42993,-474.20975,1140.5048800000002
746.83911,-474.54635999999994,1144.3761
747.01642,-475.53439000000003,1149.25989
747.04071,-476.91272000000004,1154.0686
746.07275,-478.01764000000003,1158.1937300000002
745.15912,-479.90274000000005,1162.45825
744.6167,-481.62201,1166.83459
743.15314,-483.99982,1169.86536
742.34723,-486.78299000000004,1173.26172
740.88507,-490.66568,1175.17773
740.13733,-494.22897,1176.68787
739.44373,-497.8718,1177.50269
737.4384200000001,-501.80338,1176.5155
736.16364,-505.24242999999996,1175.5999800000002
735.13342,-508.86829000000006,1174.31165
734.37842,-511.48459,1171.82581
732.5189799999999,-514.10565,1168.5791
731.06714,-516.39001,1164.54724
729.8443,-518.10498,1160.24597
729.5668900000001,-520.11633,1155.23462
728.72357,-521.80005,1149.71423
728.43396,-524.02722,1144.54919
727.4035,-525.28571,1138.6543
726.82397,-526.3681,1133.46594
725.89441,-527.25378,1128.67542
725.11877,-528.37073,1124.2264400000001
725.40863,-529.69006,1121.40662
724.58917,-530.14197,1119.19043
724.7398099999999,-530.84869,1118.24414
725.76801,-532.27039,1118.68408
725.9176,-532.60596,1120.06677
726.8756099999999,-533.5426,1122.04272
727.54291,-533.70032,1125.23083
727.91785,-534.1889,1129.81238
728.32318,-533.6007099999999,1134.31409
728.71405,-533.30511,1139.73352
729.01764,-532.54901,1146.49365
728.98578,-531.67126,1153.17859
727.89423,-529.8646200000001,1160.10901
727.69177,-528.84052,1167.85132
727.01782,-527.17023,1175.65784
726.93732,-525.9746700000001,1183.00391
725.63477,-524.74274,1190.29431
724.78534,-523.8021200000001,1196.93726
725.30359,-522.8122599999999,1202.78235
724.7269299999999,-521.97162,1207.12463
724.51007,-520.98718,1210.47876
724.87622,-520.91339,1212.63293
725.2454799999999,-520.5954,1212.776
724.89972,-519.88617,1211.31409
725.53027,-519.06232,1208.2949199999998
725.95685,-518.20813,1203.57397
726.81885,-517.92719,1197.67908
726.9693599999999,-516.7918099999999,1190.1862800000001
727.74152,-515.29071,1181.77661
728.39685,-514.82513,1172.68958
728.9603900000001,-513.50586,1162.1001
729.4906,-512.41711,1150.2133800000001
729.93958,-511.1781,1137.7750199999998
730.87329,-510.2757,1124.72595
731.5244799999999,-509.95193,1110.61328
732.65613,-509.76044,1095.90833
733.58453,-510.30017000000004,1080.67749
734.54865,-510.86533,1064.0929
736.0396099999999,-512.18384,1047.69482
735.6571700000001,-513.27124,1030.3273900000002
737.1778,-514.92963,1013.40662
737.9506200000001,-516.89453,996.40125
738.82422,-518.49347,980.0592
739.47235,-521.54248,965.2724
739.9379299999999,-524.88928,951.17065
740.48767,-528.909,937.76678
740.66772,-534.54395,924.6319
741.7018400000001,-541.14044,914.10907
741.04047,-548.99176,903.37885
740.79895,-559.00726,895.04626
739.17407,-569.60272,888.6890300000001
737.4068599999999,-581.76953,885.50464
735.09381,-594.89996,885.1778
732.0752,-609.2403,887.83105
729.83649,-624.4086900000001,893.3502800000001
725.59009,-640.53027,901.30994
721.24103,-656.35449,911.9149800000001
717.27905,-673.44397,924.72052
712.56934,-690.40948,938.5853900000001
708.25214,-707.16278,954.51721
704.15771,-723.8461900000001,970.9014900000001
700.8716400000001,-740.79425,988.22961
697.9844400000001,-757.94403,1004.66119
695.25702,-774.73578,1021.94061
693.36694,-792.1947,1039.25854
691.82465,-809.45374,1056.47839
689.1488,-826.86023,1074.0481
687.0874,-843.27759,1091.25146
685.84955,-859.78046,1108.58508
684.91553,-874.7647099999999,1125.48157
682.42377,-890.6129199999999,1142.92395
681.2287,-905.6387900000001,1160.7821
680.11517,-920.2865,1177.8319099999999
678.2362099999999,-934.4035,1195.6862800000001
676.31921,-947.6986099999999,1213.56567
674.61285,-960.52081,1231.1309800000001
672.6850599999999,-972.6436800000001,1249.2562300000002
671.3049900000001,-983.06244,1266.52429
670.33185,-992.89673,1283.71948
668.7239999999999,-1001.8905599999999,1300.60876
667.0434,-1009.68896,1317.8648699999999
665.4255400000001,-1017.1365400000001,1334.0815400000001
665.0143400000001,-1022.2466400000001,1350.3559599999999
663.82733,-1026.72302,1365.95044
663.19647,-1030.58972,1381.07727
661.99786,-1032.89282,1395.8606
661.86096,-1033.91565,1410.37073
660.52057,-1034.59753,1423.61267
660.2008099999999,-1034.19263,1436.43823
660.43463,-1032.97205,1448.4325
660.02405,-1031.10474,1458.8446
660.54242,-1028.3659699999998,1468.57495
661.63623,-1025.4370099999999,1476.43896
661.59326,-1022.39032,1482.42334
663.8145099999999,-1019.70642,1485.89099
664.94299,-1017.88965,1487.49963
667.27155,-1016.4580699999999,1486.71777
669.16895,-1016.8012699999999,1483.66614
670.09686,-1017.47266,1478.76306
672.07159,-1018.6035800000001,1472.1187699999998
673.36511,-1020.69855,1463.43054
674.9195599999999,-1022.70746,1453.32532
675.61377,-1024.32556,1441.80688
676.9538,-1025.8455800000002,1428.5925300000001
676.74078,-1026.61951,1413.6792
676.69714,-1026.72876,1397.4675300000001
676.57056,-1024.6567400000001,1379.45093
676.2128299999999,-1021.80719,1360.76978
674.85352,-1017.25409,1340.2763699999998
673.1043099999999,-1011.43744,1319.6951900000001
671.00793,-1003.38721,1297.90723
668.91223,-994.73962,1276.55701
666.07526,-983.69342,1253.7224099999999
662.76721,-972.2888199999999,1231.44995
658.8682299999999,-959.30261,1208.94482
654.27411,-945.4105800000001,1185.80457
649.883,-930.29901,1163.4542199999999
645.73236,-914.30804,1140.4724099999999
639.7984,-898.32422,1117.2291300000002
634.40991,-881.08636,1094.23657
629.22345,-862.6221300000001,1071.4682599999999
623.38049,-843.9354199999999,1048.46216
618.04047,-824.26257,1027.10437
612.00708,-805.4257200000001,1006.00555
607.00537,-785.82178,986.2089800000001
601.24689,-766.9168099999999,967.9341400000001
596.20056,-748.1991,951.22821
591.34094,-729.5907,934.97241
585.36719,-712.31952,919.6735800000001
581.3182400000001,-696.2271099999999,906.57349
575.17517,-680.9379299999999,894.1137699999999
569.85315,-668.3236099999999,884.0546300000001
565.20416,-658.16046,875.6062
560.59552,-651.34912,870.84521
557.11951,-647.76135,869.42609
553.57959,-648.70123,871.1225
550.32831,-652.82196,875.3936800000001
547.12549,-660.63983,882.15448
543.52496,-671.54608,892.2806400000001
540.42651,-683.6831099999999,904.55945
536.96948,-698.258,918.7940699999999
532.08685,-712.89044,934.94202
527.99298,-728.83173,952.1248800000001
523.74261,-745.81232,970.54797
521.55225,-763.06488,989.16565
517.8063400000001,-780.70142,1008.4262699999999
516.79047,-798.98047,1027.65967
514.69476,-817.1032700000001,1046.90491
513.2004400000001,-836.28412,1066.96179
512.45789,-853.8956300000001,1085.9362800000001
512.03436,-872.1989699999999,1105.0576199999998
512.62347,-889.9169300000001,1124.90356
512.76703,-906.8823199999999,1144.33618
513.3469200000001,-922.89551,1164.68665
513.83466,-937.55249,1184.70313
515.2442,-951.66614,1205.13232
516.3924599999999,-964.57153,1225.06116
517.4030799999999,-976.02228,1244.9917
518.7702,-986.82568,1264.86975
520.14868,-996.30475,1284.39319
521.1311,-1004.85144,1302.9788800000001
523.0237400000001,-1011.8067599999999,1321.68103
524.51404,-1018.13385,1339.3927
525.9894400000001,-1023.19751,1356.42249
529.20905,-1027.38013,1372.68115
532.37994,-1030.2782,1388.5726300000001
534.98584,-1032.7277800000002,1403.37927
537.68262,-1034.17188,1417.755
541.5129400000001,-1034.7023900000002,1430.3137199999999
545.16785,-1034.26062,1442.5238
548.99811,-1033.1038800000001,1453.81653
552.6842,-1030.94324,1463.67822
556.79913,-1028.93494,1472.56677
561.56403,-1025.42395,1481.099
565.8774400000001,-1022.3418,1487.1458699999998
569.55963,-1019.4155900000001,1492.10547
573.64502,-1016.4114400000001,1495.01599
578.36328,-1014.38239,1496.14014
581.5921599999999,-1013.8010300000001,1494.2247300000001
585.42126,-1014.1301900000001,1490.22095
588.24402,-1015.7456099999999,1483.8798800000002
591.48895,-1017.6701699999999,1475.81799
594.22479,-1020.2208300000001,1466.0167199999999
596.9903,-1022.62463,1455.27625
599.45984,-1024.6502699999999,1442.15649
600.36279,-1026.31995,1427.92505
602.70587,-1027.1604,1412.85901
603.54785,-1027.15564,1395.70801
604.12286,-1025.34705,1377.53589
604.64575,-1022.38391,1357.86438
604.93408,-1017.6763300000001,1337.21521
603.71136,-1011.20099,1315.5101300000001
603.35223,-1003.5914300000001,1293.2332800000001
602.59857,-993.52533,1269.7663599999998
601.31854,-982.57343,1246.43433
600.86902,-969.73553,1222.72656
599.37109,-956.1174300000001,1198.26245
598.3515,-940.66864,1174.5018300000002
597.02441,-924.5968,1150.28784
596.01685,-907.0247800000001,1126.8057900000001
594.39252,-888.21545,1103.64453
593.24078,-868.8936199999999,1081.0914300000002
592.40497,-849.01172,1059.17444
591.10504,-828.84802,1038.15906
590.1986099999999,-808.0932,1017.4418300000001
590.06805,-787.26202,997.48969
590.10815,-766.02936,978.1776699999999
590.4696700000001,-744.71008,958.92523
591.68872,-723.42743,941.0116
593.01093,-701.03516,922.7488400000001
595.6130400000001,-679.63495,905.8538199999999
598.83734,-658.52216,890.3612099999999
602.61792,-638.65094,876.0568800000001
608.43878,-619.54675,863.5034199999999
614.23718,-602.63684,852.6741300000001
621.323,-588.14795,843.25391
629.0928299999999,-576.13123,836.18011
637.31183,-568.6546,831.45709
646.40076,-565.71564,828.91632
656.5819700000001,-566.73328,827.9776
667.76727,-568.97919,830.20447
680.53839,-572.09973,834.8443
694.3327,-576.01135,841.4169300000001
708.88483,-581.2074,850.3338
723.935,-587.09668,862.0662199999999
739.50165,-593.26843,874.3208
754.8421,-600.75403,887.7697099999999
770.87604,-608.44305,902.4873699999999
787.54218,-616.90936,918.1362300000001
803.64459,-625.23712,935.30481
821.18066,-634.19733,952.58429
838.64844,-642.51404,970.5377199999999
854.4259599999999,-650.83038,988.01593
871.66809,-658.96027,1006.60535
889.7211900000001,-666.31171,1025.36951
907.28766,-672.49329,1043.39526
924.31604,-678.79083,1061.95227
941.57697,-684.15021,1080.1368400000001
959.4540400000001,-688.7569,1098.8618199999999
977.0487099999999,-693.20538,1117.34595
994.15668,-696.46448,1135.81763
1010.0105599999999,-699.61414,1154.1574699999999
1025.90417,-701.52899,1172.68835
1041.66467,-703.4381099999999,1190.88794
1056.97485,-704.2679400000001,1209.1449
1070.77258,-703.67603,1226.9854699999999
1083.6461199999999,-703.06042,1244.65881
1096.5769,-701.92328,1262.34949
1108.79297,-699.60712,1279.35645
1120.0888699999998,-696.06268,1295.828
1130.82556,-692.7647099999999,1312.14087
1139.63049,-687.85461,1327.30957
1149.02014,-682.21649,1342.73865
1157.30054,-676.31848,1357.39343
1164.37903,-669.20422,1371.03967
1171.18347,-661.75757,1384.40649
1176.5354,-653.6814,1396.5343
1181.25269,-645.28851,1408.30994
1185.07141,-637.0174,1419.11353
1187.0675,-628.57642,1428.82678
1189.2092300000002,-619.75409,1438.21704
1190.40356,-612.2511,1445.39026
1192.49243,-603.07599,1452.3631599999999
1192.57214,-595.56525,1456.98486
1193.67053,-587.55823,1460.95752
1196.7562300000002,-580.3631,1462.66614
1197.82666,-574.00446,1462.43555
1200.68713,-568.42865,1460.22339
1203.89771,-563.39185,1455.55261
1208.09656,-559.31775,1450.35437
1211.8137199999999,-556.1771200000001,1442.19592
1215.72607,-552.4486099999999,1432.61938
1219.3618199999999,-550.13586,1421.67944
1221.6245099999999,-546.69434,1409.08215
1224.172,-544.63293,1395.79285
1225.25378,-542.11914,1380.88318
1225.70801,-539.27271,1365.14551
1223.9613,-536.09961,1348.28113
1221.3429,-533.0855700000001,1330.92041
1216.6389199999999,-529.57574,1312.8925800000002
1210.6262199999999,-526.13544,1294.70959
1203.2993199999999,-522.38745,1276.06897
1195.67151,-517.7943700000001,1256.7745400000001
1185.07312,-514.5719,1237.84338
1173.9379900000001,-510.03857,1217.98218
1161.09546,-505.90252999999996,1197.7789300000002
1147.74915,-501.43377999999996,1177.91772
1131.36841,-498.36792,1157.42407
1114.82031,-493.96536,1137.04248
1098.40906,-489.60443,1117.07422
1080.7738,-484.91765999999996,1097.75305
1062.30725,-480.24161,1078.59375
1044.58398,-475.20761,1060.1825
1026.5661599999999,-470.04360999999994,1042.25159
1008.1311599999999,-465.1066,1025.42603
990.0481,-459.2645,1008.6586900000001
971.4753400000001,-453.93442000000005,991.8195199999999
952.85004,-447.84036,975.57104
936.3687699999999,-442.37924000000004,960.95068
919.40759,-436.04535,946.52734
902.68713,-429.13985999999994,932.8549199999999
888.83234,-422.09891,920.0084199999999
876.24506,-415.18951,907.79889
865.4631300000001,-410.36731000000003,896.84924
858.38544,-403.1499,886.7153900000001
854.9086300000001,-399.18341000000004,878.6489300000001
857.1791400000001,-396.59167,872.68109
862.62549,-395.39133,869.0894199999999
871.4539800000001,-393.83477999999997,867.8162199999999
881.4724699999999,-393.33646,869.42896
895.0296,-392.19516,874.19965
909.35547,-392.18723,880.77844
924.4674699999999,-393.43439,889.21411
940.17285,-394.69812,900.10675
956.21277,-395.73233,913.62421
973.18555,-397.80994,929.18616
989.37463,-401.50745,945.86639
1005.9010599999999,-404.02567,963.72693
1021.3887300000001,-405.72266,982.35468
1038.98022,-408.21054,1001.1926300000001
1055.4963400000001,-409.8454,1020.4426900000001
1071.9801,-411.30087000000003,1039.33533
1088.6991,-412.60236000000003,1058.13464
1106.15796,-413.23654,1077.21362
1122.8606,-413.56653,1095.9321300000001
1138.87842,-414.46967,1114.4500699999999
1154.60754,-414.1044,1132.85938
1169.89099,-414.34647,1151.0534699999998
1184.44409,-414.24985,1169.59119
1198.93042,-414.11203,1187.64978
1211.59534,-412.03857,1206.0250199999998
1223.78882,-410.70746,1223.48657
1234.00977,-409.92944,1240.83923
1244.59473,-408.7294,1258.2023900000002
1253.71191,-407.81198,1275.80176
1261.83264,-406.0239,1292.12817
1269.12488,-403.58374,1308.30408
1275.76721,-402.62637,1324.1574699999999
1282.03809,-400.73294,1338.5883800000001
1287.34375,-397.89041000000003,1353.3062699999998
1291.31311,-395.17426,1366.25989
1294.83374,-392.09174,1379.18774
1297.28418,-388.57027999999997,1390.94324
1299.2417,-384.72122,1402.34949
1300.2428,-380.67413,1413.07031
1300.82959,-376.77295,1422.8479
1300.1187699999998,-372.79166000000004,1432.23035
1298.81689,-367.54285,1439.16504
1297.91187,-363.73177999999996,1446.32751
1295.89282,-359.11987,1451.75989
1294.1886,-354.37973,1456.05676
1292.44727,-349.82043,1458.82959
1291.51306,-345.55731000000003,1460.37146
1291.01172,-340.48856,1459.93433
1291.54419,-335.95471000000003,1457.12769
1292.91077,-331.45135,1453.45825
1295.0300300000001,-326.68286,1447.8512
1297.43347,-322.21271,1441.05127
1299.97083,-317.77017,1432.6978800000002
1302.08911,-313.9249,1423.40833
1304.3112800000001,-309.65332,1413.16516
1305.3972199999998,-305.23657000000003,1401.49438
1306.16895,-300.94403,1388.84045
1306.01514,-296.51883,1375.23474
1304.6268300000002,-293.11179,1361.32629
1302.22205,-289.40576,1345.81116
1299.14075,-286.76178,1329.8009
1293.86426,-283.02844,1313.19543
1286.4650900000001,-280.00162,1294.77954
1278.87097,-276.92694,1277.49707
1270.4321300000001,-273.99973,1260.5018300000002
1259.5949699999999,-271.38141,1241.62805
1248.29187,-268.84326,1223.30933
1236.37756,-267.37198,1204.8192099999999
1223.39771,-265.41832999999997,1187.12097
1209.7305900000001,-264.05795,1168.92944
1195.05286,-262.5683,1151.28625
1180.31458,-261.444,1133.91748
1165.08313,-260.40561,1116.43457
1150.15564,-259.72504,1099.25342
1134.47156,-258.90414,1082.17603
1119.2887,-258.73654,1064.71082
1103.86206,-258.19522,1047.71472
1088.1254900000001,-257.49979,1030.97485
1072.6351300000001,-256.30893,1015.4011800000001
1057.39526,-254.52501,1000.1110199999999
1042.6173099999999,-253.25005,986.17444
1027.67236,-250.60201,972.92065
1012.7164300000001,-247.36218,960.81635
998.85205,-244.96898,949.83209
984.85559,-241.58035,939.72229
972.1226199999999,-238.15237000000002,931.05994
959.46161,-234.71263,923.7988300000001
947.61151,-231.67081000000002,918.2713
936.69171,-228.0777,914.7424900000001
926.3919699999999,-223.3231,913.4382300000001
916.3172,-219.38002000000003,914.6343400000001
907.67566,-214.93285,917.99646
899.27209,-210.25922000000003,924.0476699999999
892.28174,-205.42456,932.1474
885.5654300000001,-201.56491,942.35565
879.8430199999999,-196.87099999999998,954.0999800000001
875.78387,-192.67763,967.0289300000001
871.3250099999999,-188.71017,981.1735800000001
868.72772,-184.85771,995.80652
867.44305,-182.01703999999998,1010.1406300000001
866.04578,-177.79558,1024.62183
864.66254,-174.15421,1038.1947
864.14526,-171.98408999999998,1051.22375
864.3524199999999,-168.50018,1063.3419199999998
864.40442,-166.29023999999998,1074.50159
865.4124099999999,-163.91156,1084.6958
865.0609699999999,-160.54034,1093.94727
865.6812699999999,-158.57635,1102.20825
865.3624900000001,-155.78423999999998,1110.526
866.11401,-154.18874,1116.35266
866.1424,-150.33545,1122.14124
865.8045,-147.54936,1126.43359
866.4879199999999,-145.63347,1129.3220199999998
866.2039800000001,-143.04417,1131.17151
866.8299,-139.99323,1132.02808
866.99677,-136.74055,1132.01892
867.3571199999999,-134.7973,1131.19958
867.10193,-132.68141,1129.27246
866.0939900000001,-129.40849,1126.89148
866.6261599999999,-127.8815,1123.17004
865.39392,-124.73928000000001,1118.70996
865.01959,-122.03455,1113.97095
864.0391800000001,-119.3333,1108.1485599999999
862.8864699999999,-115.57953,1101.85181
862.22284,-111.64876000000001,1095.11633
861.35779,-107.69193999999999,1088.3143300000002
860.0538300000001,-103.39301,1081.22485
859.51447,-99.07919,1074.4187
858.5555400000001,-95.38609,1068.2324199999998
856.6967199999999,-90.51026999999999,1062.6771199999998
855.47815,-86.38025999999999,1057.3958699999998
854.0867300000001,-82.32162,1053.36914
852.18158,-78.07768,1050.16211
850.59961,-74.90930999999999,1048.62415
848.6157800000001,-70.22641999999999,1048.39063
846.54022,-67.92756,1050.1104699999999
843.82104,-64.47209000000001,1053.89636
841.74103,-63.14345,1059.46765
839.2321800000001,-61.463640000000005,1066.33557
836.8114,-60.41899,1074.63025
834.79382,-58.89745,1084.47876
832.93225,-59.79345,1094.79468
830.33508,-59.357780000000005,1106.72437
828.38837,-60.08145,1118.9279800000002
826.41595,-60.09921,1130.68896
825.59088,-59.975880000000004,1142.15234
824.2277799999999,-60.4416,1153.09534
823.89148,-59.72974,1162.93823
823.5740400000001,-60.00315,1172.49866
822.85785,-59.4354,1180.51953
823.47565,-59.24091,1187.92542
823.00531,-58.40112,1194.40552
822.79895,-58.13358,1199.62415
822.08527,-57.40091999999999,1203.8101800000002
822.45166,-56.89742,1206.2601300000001
821.95294,-55.85881,1208.35205
821.73395,-55.65577,1208.61621
821.72638,-55.21886,1207.7985800000001
820.34021,-54.184430000000006,1206.3247099999999
819.88617,-53.56089,1203.3917199999999
819.34845,-52.6733,1198.84204
817.62158,-51.42556,1194.31653
816.92126,-50.47422,1188.6472199999998
816.2706900000001,-49.242059999999995,1181.82861
814.53949,-47.407709999999994,1174.6934800000001
812.39502,-45.26335,1167.44019
811.38416,-44.44206,1158.3184800000001
810.44287,-43.61121,1149.30322
809.18268,-43.28304,1139.30371
807.26031,-41.78076,1128.49854
804.2310200000001,-39.333040000000004,1117.81653
802.26349,-37.93833,1105.83301
800.10223,-37.163540000000005,1093.0211199999999
798.0967400000001,-35.05749,1080.39392
795.25403,-33.822379999999995,1067.43286
792.73291,-32.87778,1053.55261
790.79529,-31.5803,1040.05847
788.01501,-30.63591,1026.78564
785.7056299999999,-29.506429999999998,1014.5852699999999
781.9345099999999,-27.3726,1003.38165
778.50067,-25.24941,993.7656900000001
776.06836,-23.46026,986.16925
773.7493900000001,-21.41765,980.51898
771.3559,-19.85485,978.73236
769.33569,-18.76868,979.5477300000001
768.75403,-18.43245,983.9288300000001
768.5826400000001,-18.09528,991.7004400000001
769.5740400000001,-18.031679999999998,1002.5858800000001
770.9129,-18.54861,1015.7688
772.65454,-18.37668,1030.36987
774.6684,-18.04494,1047.7866199999999
778.48517,-18.6836,1065.49451
782.7153900000001,-19.56922,1084.36365
786.49023,-20.57302,1102.2631800000001
790.58191,-21.10226,1121.31726
795.08295,-21.54844,1140.66687
799.38293,-22.39861,1159.16345
803.2334599999999,-24.25745,1176.4039300000002
806.20575,-25.114079999999998,1193.97021
808.9043,-25.66677,1211.30688
811.81018,-26.85247,1227.6106
813.66193,-27.56155,1243.01917
815.5849599999999,-28.05201,1258.17957
817.07526,-28.75736,1272.1427
818.51819,-30.09572,1285.01685
819.07642,-31.15445,1296.6599099999999
819.8489400000001,-32.41579,1307.4668
821.07623,-34.006479999999996,1316.9824199999998
821.5463900000001,-34.55984,1325.21631
822.3573,-37.26017,1332.28564
823.51215,-38.0747,1338.08069
824.13037,-39.220890000000004,1343.41333
823.76392,-40.672059999999995,1346.849
823.7063,-42.40832,1349.09766
824.3294099999999,-43.37334,1350.0811800000001
823.76715,-45.12291,1349.60962
822.78278,-46.35432,1348.12341
821.5151400000001,-47.91344,1345.1666300000002
821.11932,-50.16785,1340.88232
819.7289999999999,-50.96471,1336.08179
818.38281,-53.5164,1329.6688199999999
816.09589,-55.563790000000004,1322.48474
814.47961,-57.07368,1314.82446
812.4458,-58.42429,1306.02209
810.53223,-59.470490000000005,1296.54187
808.73987,-60.908280000000005,1286.0509
806.17896,-62.39592,1274.68298
804.2957200000001,-63.42159,1263.35852
802.20984,-64.48118000000001,1250.85791
799.52112,-65.26139,1238.1375699999999
797.47992,-65.91733,1224.94617
794.6166400000001,-66.50211999999999,1212.08228
792.51849,-67.88996,1198.79529
789.2916299999999,-69.0268,1185.82495
786.0913099999999,-70.03461,1173.45105
783.4118,-71.03721999999999,1161.60022
780.15314,-72.63139,1149.66101
776.35156,-73.00814,1139.31287
772.78735,-74.07581,1129.5534699999998
769.8136,-75.4109,1120.8645
766.24377,-75.39697,1114.8219
764.66522,-76.64182,1110.328
762.23883,-77.02311,1107.81897
759.90485,-78.65871,1107.3143300000002
759.0194700000001,-79.9711,1109.7437699999998
758.43488,-81.71168,1114.1814
758.5374099999999,-82.08603000000001,1120.01709
758.65625,-82.8257,1128.71985
758.64734,-84.15704000000001,1136.56042
758.73511,-84.23756,1146.8468
759.80597,-85.43499,1157.5637199999999
760.4762,-85.39959,1168.8905
760.50018,-84.95692,1180.64819
760.8363,-84.6377,1192.41431
760.8793900000001,-85.23581,1203.1951900000001
761.25421,-85.02561,1214.47266
760.94403,-85.17697,1224.81885
760.50488,-85.65858,1234.18616
759.9118,-85.5485,1243.2097199999998
758.20605,-84.29868,1251.85156
755.6615,-83.78118,1259.23486
753.93524,-83.24083,1265.52026
751.7927900000001,-81.87199,1270.78528
748.6884200000001,-80.67611,1274.4256599999999
746.38306,-80.10754,1277.27319
743.73547,-78.90685,1278.80994
740.64355,-77.93785,1279.5448
736.3425900000001,-76.11218000000001,1279.44958
733.95099,-74.74126,1277.76526
730.21222,-74.0434,1274.91833
725.8706099999999,-73.2589,1270.87854
723.7058099999999,-73.22604,1265.97449
718.42981,-72.06527,1259.953
715.71564,-71.90746,1252.50867
710.88141,-70.87518,1244.75391
706.75647,-70.04968000000001,1235.1680900000001
702.11261,-69.62186,1225.05994
697.52319,-68.39421,1214.23999
692.66364,-66.95509,1202.3103
688.56665,-66.85136,1189.83862
683.0321700000001,-64.78088000000001,1176.9139400000001
677.87573,-64.05298,1163.6239
674.57373,-63.34554,1149.7205800000002
669.27692,-61.279819999999994,1136.34851
664.14899,-58.808640000000004,1122.4940199999999
659.11316,-56.46193,1108.6189
653.6637599999999,-53.71119,1094.74268
647.93542,-51.054120000000005,1081.80908
641.5835,-48.72893,1068.8215300000002
632.93085,-45.25977,1057.3319099999999
625.40216,-43.903009999999995,1046.89429
616.05688,-43.10132,1040.48047
605.80908,-40.637209999999996,1036.3252
597.1593,-40.25023,1034.7138699999998
587.05206,-39.33778,1035.7605
577.78265,-38.055859999999996,1039.45886
570.7207,-37.81355,1044.7326699999999
563.29401,-37.7519,1051.01819
554.4780900000001,-35.68007,1060.8273900000002
548.36407,-36.52512,1069.95764
541.10767,-36.186479999999996,1081.7374300000001
536.44727,-37.03131,1094.86536
531.78046,-38.18452,1108.8075
527.22363,-39.072359999999996,1124.2750199999998
524.17828,-40.324009999999994,1139.297
522.84229,-41.56998,1154.01843
520.48523,-41.51997,1169.74854
519.63098,-43.454229999999995,1183.44202
520.02545,-44.20005,1196.9271199999998
520.12878,-44.1152,1209.52319
519.95898,-43.04554,1221.56702
520.2133200000001,-41.45847,1232.69275
521.49969,-40.84265,1242.50781
522.8175,-40.10857,1251.6997099999999
524.83661,-38.16144,1259.9506800000001
527.0308200000001,-35.57201,1267.98938
530.98315,-32.39751,1274.77661
534.0378400000001,-30.237709999999996,1280.1355
538.3316,-26.80961,1284.58643
542.67633,-23.4115,1288.25464
546.93079,-20.301170000000003,1290.1309800000001
551.0129400000001,-16.97459,1291.23376
555.02496,-13.24165,1291.35205
558.99109,-8.865039999999999,1290.2981
562.8901400000001,-5.23999,1288.57312
566.6817,-0.78903,1285.92651
570.9341400000001,3.15437,1282.63293
574.07281,7.63696,1278.75256
579.55695,10.86841,1273.75525
583.78748,15.06833,1267.96729
587.84253,19.17006,1262.12073
592.5097,22.63955,1255.06506
597.10449,26.30593,1247.2618400000001
602.05853,29.435809999999996,1238.64966
605.71246,32.986290000000004,1229.51233
609.0736099999999,36.96255,1219.66602
613.2481700000001,39.94641,1208.8889199999999
616.64264,43.68448,1198.5023199999998
621.06708,46.72872,1187.33911
623.7430400000001,49.398559999999996,1176.51465
626.5907,52.16854,1165.95593
630.36584,54.62616,1155.98645
634.47064,56.36946999999999,1145.96655
637.27588,58.45352,1137.5942400000001
639.92975,60.42058000000001,1130.32166
642.30646,61.99187,1123.60962
645.27209,63.29721,1117.50476
646.80762,65.64329000000001,1113.88672
648.38788,65.7792,1111.2843
649.68622,65.51892,1110.84436
651.4848,65.18539,1112.75708
652.11279,63.30214,1116.47009
652.52625,61.748509999999996,1121.90015
653.19794,60.431259999999995,1128.2368199999999
654.17804,58.105940000000004,1135.85498
654.4107700000001,56.62132,1144.32947
654.75189,54.736219999999996,1152.80798
655.8644400000001,52.87894,1161.19214
656.9986,50.2331,1168.9099099999999
657.53693,48.843999999999994,1177.70532
657.9068599999999,47.0872,1185.4129599999999
658.0943,46.40152,1192.79297
659.9314,44.3702,1198.94641
659.34448,43.80814,1205.3313
659.8127400000001,42.9433,1210.92761
660.02972,41.87389,1215.86121
660.49078,40.33318,1219.3147
660.84973,39.4736,1222.1557599999999
661.52643,38.50516,1223.89868
661.45343,36.37924,1224.06763
662.44141,35.13663,1223.3042
663.7830799999999,32.85709,1220.9578900000001
663.8256200000001,31.39916,1218.5343
664.66278,29.42985,1213.7677
665.25665,27.6709,1209.42859
666.2932099999999,25.35463,1202.90405
667.4619799999999,23.64271,1196.1582
668.0647,22.57093,1188.38257
669.7502400000001,20.1584,1179.07556
671.19312,18.56677,1169.88184
672.4092400000001,17.07535,1159.7921099999999
673.29449,15.753879999999999,1149.18115
675.31506,13.878379999999998,1138.0131800000001
677.25586,12.5773,1126.41052
679.21729,11.17286,1114.95032
681.89465,9.17442,1103.9231
684.73468,8.12735,1094.09302
687.5658,6.62562,1085.08081
691.05695,5.79787,1077.55408
693.5437599999999,4.51305,1072.5203900000001
696.5953400000001,3.0728400000000002,1068.92053
698.6225,1.50804,1069.40271
700.92053,0.93796,1070.65796
703.5271,-0.5061399999999999,1074.30127
705.47064,-3.4439800000000003,1080.09644
707.69183,-6.37314,1087.84375
709.8861099999999,-9.0271,1096.8388699999998
711.84393,-12.69327,1106.62292
713.41656,-16.22612,1118.2763699999998
715.66156,-20.227,1130.32324
718.12585,-23.635089999999998,1142.18652
720.80042,-28.044190000000004,1153.93347
722.49658,-31.195690000000003,1166.2590300000002
725.57367,-34.92882,1178.1237800000001
729.21411,-39.77615,1188.07092
731.23877,-44.0879,1198.57581
734.5371700000001,-48.38778,1207.19263
736.0943599999999,-52.65178,1214.44568
737.90753,-57.986000000000004,1220.64771
739.93787,-61.91216,1226.5792199999999
741.67407,-67.28820999999999,1230.66101
742.97687,-70.62445,1234.63318
743.8266,-75.52558,1237.47632
744.60852,-80.20329,1239.02673
746.6007099999999,-85.36128000000001,1239.54785
747.06335,-89.55939000000001,1239.1217
748.5604900000001,-94.60474,1237.86255
748.8226900000001,-99.95945,1235.16736
750.29272,-104.61547,1231.48828
750.55762,-109.12053,1227.55322
750.59515,-113.70818,1221.9625199999998
751.58478,-119.1068,1215.55566
751.57855,-124.37013,1208.30054
752.0592,-128.69342,1200.5620099999999
752.45038,-133.93388000000002,1192.24963
752.0917400000001,-138.24431,1184.00964
752.7951,-143.11664,1175.25757
753.78333,-148.08711,1166.94812
754.4845,-152.58795,1158.69226
755.72406,-157.42735,1150.44556
757.35358,-162.20023,1142.75439
759.08038,-166.78988999999999,1135.79224
762.112,-172.08406000000002,1129.5108599999999
763.9975,-176.72931,1124.24304
766.22845,-182.3286,1120.96472
767.63959,-186.90836000000002,1118.53528
769.50671,-191.53265,1118.22205
770.78052,-196.76195,1119.51001
770.5047,-201.14011000000002,1121.29358
770.13684,-206.07793999999998,1125.46082
771.3262900000001,-210.81847000000002,1131.0673800000002
769.82245,-214.48819,1137.22864
769.93958,-219.894,1145.4563
768.52985,-224.05457,1154.0488300000002
767.60608,-229.74882999999997,1163.13281
765.44727,-234.43327000000002,1171.84668
764.13385,-239.2729,1181.03333
761.7382200000001,-243.24004,1189.58716
761.10736,-248.62859,1198.4386
759.4444,-253.45795,1206.36743
757.7937,-257.7309,1212.97278
756.81995,-263.12219,1219.93347
755.37146,-267.30969,1224.80371
754.12573,-271.7446,1229.55444
753.07416,-277.01031,1233.1123
752.14099,-281.91766,1235.81592
750.57037,-285.91516,1237.3845199999998
749.27814,-290.93329,1238.66382
748.06482,-294.87036,1238.3396
746.43048,-299.37613,1237.81592
743.96173,-303.64001,1236.4057599999999
742.44208,-307.99435,1234.55786
740.44263,-311.87921,1231.44385
739.1333599999999,-315.55576,1227.6262199999999
737.81042,-319.06912,1222.78125
735.5271,-323.28552,1217.05444
734.93872,-327.63495,1210.71191
733.85718,-331.22885,1203.3595
732.59082,-335.98386,1195.23279
731.5210000000001,-339.7587,1186.54749
731.08282,-344.03369,1177.26746
729.21277,-348.28622,1167.11841
728.6853,-352.76184,1156.78918
727.86224,-357.54303,1146.53113
728.46729,-361.92107999999996,1136.2985800000001
728.21307,-365.98837000000003,1125.89087
728.63165,-369.8179,1116.3220199999998
728.3906900000001,-374.11884,1107.08582
729.96497,-378.23618,1098.61072
730.5274,-382.2482,1090.57666
732.5242900000001,-386.83499,1084.8324
734.18616,-389.66672,1079.97559
735.6403799999999,-393.50943,1076.62708
737.80511,-396.24487,1076.1159699999998
739.24292,-398.7934,1076.75977
740.67786,-400.44732999999997,1079.4836400000002
742.07141,-401.47934,1084.39075
743.16479,-403.05877999999996,1091.39648
743.87573,-403.2684,1099.30493
744.91748,-403.8793,1109.2717300000002
744.67365,-404.43759,1119.9923099999999
744.3765900000001,-404.75995,1131.2097199999998
743.34863,-405.09256,1142.28699
743.3761,-405.33898999999997,1154.14648
742.00208,-405.38797,1165.10352
741.07294,-405.77038999999996,1175.90454
740.14709,-405.76831,1186.25439
739.46326,-405.90942,1195.27161
738.9107700000001,-406.62277,1203.26196
737.17267,-407.13562,1210.53198
736.32587,-407.79681,1215.75159
734.7511599999999,-407.85776,1219.6928699999999
733.81238,-407.97995,1222.69983
732.39124,-407.85147,1224.2866199999999
731.78259,-407.47156,1224.84802
730.28986,-406.39984,1224.42126
729.4231,-406.11707,1222.6936
728.07867,-404.97857999999997,1220.22681
727.79987,-404.39392000000004,1216.49121
727.3118900000001,-403.87067,1212.77283
726.59607,-402.71347000000003,1207.2063
726.21826,-401.05505,1201.28442
724.9327400000001,-400.42267000000004,1193.70764
725.1134,-399.20822000000004,1185.84692
725.45575,-398.53589,1177.3220199999998
725.30322,-397.76462000000004,1166.9895
725.37854,-397.61407,1157.27734
725.60083,-396.90466000000004,1147.34949
725.5061599999999,-396.96578999999997,1136.7921099999999
725.5280799999999,-397.15735,1127.8972199999998
725.7083700000001,-397.58145,1118.9209
725.9884,-398.76477,1111.11523
726.21063,-399.91391,1104.53381
727.3228799999999,-402.13647000000003,1099.30896
727.10547,-403.93692000000004,1096.0802
728.54724,-406.33597000000003,1094.06213
728.40729,-408.52759,1094.06567
728.4500099999999,-410.69128,1095.26782
728.23541,-412.18532999999996,1098.68469
729.09863,-413.66235,1103.80005
727.77679,-415.11926,1109.73071
727.8077400000001,-416.32018999999997,1117.0606699999998
725.99036,-417.8541,1124.90454
724.65656,-418.47821,1133.34802
723.06696,-419.39441,1141.6273199999998
722.0217299999999,-420.71950999999996,1150.22876
721.19482,-421.75659,1158.58411
719.91638,-423.2518,1165.12073
718.09863,-425.31530999999995,1171.60242
717.5024400000001,-427.11602999999997,1176.625
716.16455,-430.00046,1180.3455800000002
714.24371,-432.2066,1182.32813
712.72498,-434.64893,1183.41138
711.66058,-437.10944000000006,1183.67505
709.55823,-439.77005,1182.19556
707.97937,-441.69907,1180.43091
705.47833,-444.08389000000005,1176.57813
703.70917,-446.01535,1171.9909699999998
702.04175,-448.39157,1167.11646
700.00134,-450.44513,1160.7319300000001
698.26758,-452.6799,1154.02881
696.43402,-454.91544000000005,1146.16968
694.3312400000001,-457.90826,1138.18018
692.64734,-461.05136,1129.7603800000002
690.87238,-464.06189000000006,1121.01953
690.0401,-467.2948,1112.849
688.72168,-470.69030999999995,1105.25879
687.30457,-473.89105,1098.74719
686.06403,-477.53384000000005,1092.5343
684.16425,-480.2514,1087.06458
682.78223,-483.35751,1082.64771
681.83185,-486.39957000000004,1079.35449
681.10138,-489.91745,1077.7849099999999
680.0022,-492.836,1077.07446
678.94318,-495.41916,1077.24292
678.84137,-497.02533,1079.37512
678.54468,-498.28677000000005,1081.771
677.6433099999999,-498.69604000000004,1086.12256
678.31519,-498.58917,1091.20178
678.58289,-496.9249,1097.05945
678.68103,-495.52365,1104.35437
679.1168200000001,-493.00833,1111.6997099999999
679.38843,-490.4303,1119.4851099999998
679.69818,-487.69684000000007,1127.11755
681.29535,-485.75226,1134.854
681.67761,-483.94363,1141.64221
682.01025,-481.3187,1146.96545
682.95392,-479.59576,1151.526
683.52271,-477.44449000000003,1154.69226
684.32043,-475.60092000000003,1156.39868
684.64758,-473.11044000000004,1156.4271199999998
685.47028,-470.82684000000006,1155.4465300000002
686.97791,-468.42395,1153.1707800000001
687.86829,-465.36703,1149.5426
688.63312,-461.7049,1144.9375
690.2316900000001,-458.73978,1139.89832
691.5300900000001,-455.87050999999997,1133.8641400000001
693.89355,-453.02954000000005,1127.7241199999999
696.0955799999999,-450.3782,1121.98157
698.1452,-448.37335,1116.1908
701.96252,-445.97687,1111.34668
704.05652,-444.06473,1107.2069099999999
705.65076,-442.87949000000003,1103.70898
708.1451400000001,-441.85830999999996,1101.60425
711.06152,-440.75307999999995,1101.1014400000001
713.17029,-439.92467999999997,1101.43726
715.73456,-438.62384000000003,1102.69055
716.88171,-436.71344000000005,1105.37903
719.71045,-435.18649000000005,1110.1707800000001
722.1142,-433.78769000000005,1115.76428
723.58563,-431.75748,1122.59473
726.30365,-430.46902,1130.12598
727.49847,-429.04265999999996,1138.46838
729.01343,-428.34105999999997,1147.03259
730.2113,-428.24057,1154.88489
730.12878,-428.12247,1162.1599099999999
730.38483,-428.61645999999996,1169.3021199999998
730.40222,-429.92654000000005,1175.2391400000001
728.63361,-431.21326,1179.56909
728.12537,-433.75240999999994,1182.75208
727.62738,-436.98187,1185.27271
726.79773,-439.77744,1186.17993
725.6944599999999,-443.3125,1186.17578
723.8254400000001,-446.51565999999997,1184.94861
721.8380099999999,-449.18692000000004,1182.4437300000002
719.77142,-452.45145,1178.80554
717.47906,-455.13876,1174.07727
715.27667,-457.20795,1168.60999
713.04413,-460.47852,1162.60522
709.83435,-463.64603,1155.0813
707.87207,-466.10855,1147.2872300000001
705.09729,-468.90576,1139.1014400000001
702.73193,-472.10437,1130.3573
701.2121599999999,-475.88562,1121.82849
699.0792799999999,-479.20502,1113.11951
696.51733,-482.51312,1104.81335
695.43927,-486.51865,1097.91309
695.0179400000001,-490.25922,1091.80933
694.6411099999999,-493.51898,1087.0304
693.16119,-497.16705,1082.58545
693.48682,-500.5788,1079.73291
693.10358,-503.48015999999996,1077.53162
693.1695599999999,-506.01489000000004,1077.3243400000001
693.88055,-508.59219,1078.7800300000001
693.94263,-509.67114000000004,1081.09351
693.586,-510.16922,1085.33716
693.87579,-510.28049000000004,1091.12463
694.15253,-510.09137000000004,1098.0163599999998
694.40399,-509.29874,1106.83875
693.05762,-507.74010999999996,1115.34436
692.59802,-506.32767,1124.68896
692.2153900000001,-504.85739,1133.85657
691.83484,-502.42972000000003,1143.4635
690.71826,-500.37631,1152.63635
690.52667,-498.16638,1161.92468
689.94257,-496.72287,1169.82654
689.45636,-495.49384000000003,1177.20752
689.21527,-494.75667999999996,1183.45544
689.6375099999999,-493.80099,1188.94336
689.44598,-493.10367,1192.37903
688.7467,-492.16003,1194.93848
688.97186,-491.65310999999997,1195.13135
689.1510000000001,-490.65988,1195.35229
688.79205,-489.24810999999994,1193.5661599999999
688.9801,-487.96307,1190.81323
689.5379,-486.54352,1187.09802
690.58545,-484.8642,1181.7467
691.3089,-483.50943,1175.14075
692.3380099999999,-481.85155999999995,1167.82935
695.02216,-481.06509000000005,1160.25378
696.1442900000001,-479.92139000000003,1151.2301
698.38361,-478.68380999999994,1142.1893300000002
700.51044,-477.51565999999997,1133.24719
702.12762,-475.88678,1125.15552
704.01978,-474.70682,1117.6106
706.91479,-473.65714,1111.10608
708.81244,-471.73755,1105.97937
711.89032,-470.7323,1102.5564
713.2829,-469.54962,1099.68018
717.05865,-468.44608,1099.30811
720.58234,-467.07224,1099.94592
722.77716,-465.74215999999996,1102.38086
725.38007,-463.51428,1106.4303
728.81537,-461.75455,1113.08167
730.63959,-459.05862,1121.85449
733.20142,-455.74677,1132.1951900000001
735.10455,-452.70758,1144.3486300000002
736.0356400000001,-448.93079000000006,1157.69397
738.55469,-445.75269000000003,1172.41675
740.58789,-441.84164000000004,1187.8042
742.3147,-437.53253,1203.85107
744.4554400000001,-433.37512000000004,1220.17517
746.80597,-428.8302,1236.26196
749.13361,-424.06207,1252.39331
752.9669200000001,-419.21701,1268.04272
756.86163,-414.77966000000004,1283.5531
761.07513,-410.07632,1298.1580800000002
766.19208,-404.84415,1312.3949
771.24982,-398.83884,1324.97559
776.6934200000001,-392.73073999999997,1337.15979
783.1112099999999,-385.27405,1347.7504900000001
789.85608,-376.97845,1358.1063199999999
796.82172,-367.75133999999997,1367.7446300000001
804.5567599999999,-357.60654,1376.56396
812.62366,-346.17999,1385.06042
820.43732,-334.27579,1393.22729
828.6868900000001,-321.63846,1400.6666300000002
837.42487,-308.32562,1407.92126
846.0324699999999,-294.7764,1415.151
856.04974,-281.01653999999996,1422.2048300000001
865.30615,-266.31847999999997,1428.74255
875.0618900000001,-252.22757000000001,1434.9682599999999
885.6094400000001,-237.65175,1441.15735
895.97839,-222.32021,1446.64734
906.13361,-206.9903,1450.78345
916.4503199999999,-192.39703,1454.35376
927.34656,-178.44316,1456.9796099999999
937.5051900000001,-166.08213999999998,1458.6928699999999
946.21045,-153.84903,1458.7548800000002
953.9825400000001,-144.55432,1458.13501
960.6688199999999,-136.89117,1455.6937300000002
966.23016,-131.53061,1452.4836400000002
970.47418,-128.20895,1448.3985599999999
972.1776699999999,-126.7842,1442.96558
973.20886,-128.69109,1437.11096
971.3676800000001,-132.59846000000002,1429.5023199999998
967.8237300000001,-139.05838,1421.08728
962.00916,-147.20082,1411.05872
955.29657,-156.61047,1400.0612800000001
946.5944800000001,-167.13182,1388.0307599999999
937.11224,-179.08511000000001,1375.3158
926.7628800000001,-192.80228,1362.12903
915.2274800000001,-207.16696000000002,1349.22375
902.60675,-222.99518999999998,1336.27002
889.8212300000001,-239.34952,1324.34485
877.4295,-256.84601000000004,1313.7976099999998
864.1823699999999,-273.86438,1304.33643
851.52411,-290.03342000000004,1295.67419
840.08191,-306.7236,1288.4906
826.92175,-320.78021,1281.5252699999999
816.43164,-335.26184,1276.69446
806.80377,-347.60892,1273.92896
798.50189,-358.87857,1272.4856
791.6075400000001,-368.99826,1272.35901
786.1621700000001,-376.55457,1274.43665
782.23285,-381.90469,1277.2478
780.53125,-384.66241,1281.46179
779.77332,-384.08505,1287.06006
780.77887,-381.39063,1293.38855
785.2981599999999,-376.67691,1300.4638699999998
791.7103900000001,-369.13824,1308.0188
800.60168,-359.81847999999997,1315.9157699999998
811.99597,-348.97681,1324.71179
824.99091,-335.54495,1333.61658
839.6936599999999,-320.06479,1342.88306
856.0048199999999,-303.05829,1353.33875
873.21985,-284.31408999999996,1363.2603800000002
890.93695,-263.87631,1373.55933
910.2540300000001,-243.21783,1383.91357
928.8103,-222.33289,1393.1525900000001
947.95428,-200.84338,1402.2041
965.46106,-179.50946000000002,1409.93286
983.3399,-159.46301,1417.3088400000001
1000.18359,-140.27643,1424.1032699999998
1015.09833,-123.73048,1430.09351
1027.93408,-109.45038999999998,1436.00024
1040.21716,-99.14171999999999,1440.02478
1046.9851099999998,-89.70706,1441.88135
1051.7074,-83.89551999999999,1442.8197
1055.44092,-82.11310999999999,1444.15918
1054.43054,-81.43375,1445.26416
1053.18274,-83.70576,1444.89966
1047.17163,-87.48213,1443.81958
1040.41956,-92.91703000000001,1441.4025900000001
1032.62476,-99.22776,1437.26794
1024.62781,-106.64168000000001,1432.349
1015.8712199999999,-114.87045,1425.37695
1006.1419099999999,-123.66774,1416.83765
997.8692,-131.94911000000002,1408.00354
989.32275,-140.9202,1398.35889
980.7324800000001,-149.34668,1387.97351
973.9594099999999,-158.35495,1377.40015
966.9445800000001,-167.27327,1366.41357
960.94836,-176.33913,1355.4248
955.53851,-184.54185,1345.37097
950.6701699999999,-192.00978,1334.7440199999999
946.16595,-199.90708999999998,1325.53064
940.6012,-206.5683,1315.3731699999998
936.55713,-213.6608,1306.87585
932.5675,-219.26257,1298.02539
928.0101300000001,-225.84219,1288.9834
924.0600599999999,-230.76526,1280.19775
920.22461,-237.02367,1270.88293
916.3295300000001,-242.35287000000002,1261.70996
913.2882099999999,-248.03529,1252.42627
909.9147300000001,-254.17292999999998,1243.13354
907.0795300000001,-260.79184,1234.17859
904.7066,-267.65356,1226.11841
901.0665300000001,-274.90424,1218.21143
896.3222,-280.86028999999996,1209.4259
892.21735,-288.23386,1201.87024
887.52728,-295.37857,1194.80554
882.99316,-301.65622,1188.07581
878.56396,-307.95767,1180.8388699999998
874.5246,-314.3829,1174.01245
871.1646099999999,-319.34525,1167.25793
867.7710000000001,-324.95898,1160.6550300000001
866.1723,-330.69057999999995,1154.0842300000002
863.5084199999999,-335.02719,1147.70532
862.26813,-339.97028,1141.44873
860.48035,-343.95453,1134.96863
860.2836900000001,-347.45572000000004,1128.88281
858.93384,-350.74773999999996,1122.8370400000001
858.3925199999999,-353.74634,1117.59277
857.47925,-357.13409,1112.11633
857.5213,-359.32846,1107.9845
856.9956699999999,-362.04865,1103.77271
856.1355,-363.73892,1099.74963
857.2991300000001,-365.73599,1097.36853
857.91516,-367.6181,1095.79712
858.87006,-368.62262000000004,1094.9207800000001
858.70099,-369.02002000000005,1095.39514
859.69562,-368.96445,1097.7843
859.50464,-368.45273,1101.2677
860.07275,-367.66251,1106.66553
860.1674199999999,-366.04677999999996,1113.25256
859.8175,-364.6351,1120.75452
859.16541,-363.44427,1127.97156
857.40131,-362.06689,1135.58997
857.13745,-361.56107000000003,1143.22791
855.6611300000001,-360.52988,1150.61389
854.1441699999999,-360.04572,1156.91003
852.52533,-359.15857,1163.6803
850.7969400000001,-359.46423,1169.7199699999999
849.44287,-358.95724,1175.0457800000001
847.11914,-359.37656,1179.63293
845.8031599999999,-359.69632,1183.646
845.70715,-360.59972999999997,1187.50269
845.1199300000001,-360.58383,1190.58301
844.7587300000001,-360.99844,1192.82556
844.42261,-360.60193,1193.81665
845.0542,-360.20975,1194.14636
845.47418,-359.74011,1194.0343
846.1386699999999,-359.37289,1193.1427
847.0242900000001,-357.40137000000004,1191.1189
848.3924,-356.62109,1188.10974
849.1015,-355.13422,1184.7324199999998
850.82599,-353.67416000000003,1181.1131599999999
852.71558,-351.45651000000004,1176.8745099999999
853.97729,-349.61234,1172.5127
855.6541699999999,-347.68068999999997,1168.9256599999999
857.4201,-346.21286000000003,1165.27991
859.57965,-344.341,1162.81604
860.94794,-342.94833,1160.85266
862.2686199999999,-341.74481000000003,1159.56323
864.08014,-340.87772,1159.19727
865.97046,-340.19705,1159.89795
866.75189,-339.52951,1161.823
866.9730199999999,-337.86947999999995,1163.2948
865.9920699999999,-337.17157000000003,1166.04724
866.49182,-335.80609,1169.83179
865.28223,-334.60852,1173.50317
864.7136800000001,-334.04675,1179.14734
862.33136,-333.08588,1183.9679
860.8851300000001,-331.74203,1188.94324
859.03394,-331.58907999999997,1193.29395
856.9816300000001,-331.55199999999996,1196.99536
854.6248199999999,-331.95313,1200.11658
853.1798699999999,-332.87964,1202.5506599999999
851.87866,-333.71982,1203.42603
850.84009,-335.22888,1203.91565
849.13531,-337.49933,1201.8930699999999
848.23596,-339.44131,1198.9307900000001
846.5701300000001,-341.37256,1194.58899
845.7352900000001,-343.28571,1190.17542
844.11694,-345.56866,1184.3173800000002
842.14728,-347.66617,1177.48572
840.57281,-349.22067000000004,1170.55054
838.9942599999999,-351.15192,1162.6417199999999
837.6781599999999,-352.99442,1154.03955
836.46063,-355.16241,1144.8021199999998
835.67743,-356.60162,1135.40845
835.35028,-359.15616,1125.21936
834.79608,-361.67944,1115.17102
834.99982,-364.31838999999997,1105.4013699999998
833.69312,-367.4075,1095.7937
833.9594099999999,-370.94016,1086.9315199999999
833.89417,-374.48868,1079.51587
832.1944,-377.87125,1072.44104
832.03583,-381.92343,1067.0907
832.16602,-386.58096,1063.8103
831.69623,-391.08905,1062.68042
832.06915,-396.13354,1063.3226300000001
830.17609,-400.798,1065.5750699999999
828.5407700000001,-404.77588,1069.97375
827.15198,-410.47485,1076.24414
825.21014,-415.45068,1084.1440400000001
822.39197,-420.28189000000003,1093.22192
819.31238,-424.73944000000006,1103.0824
815.90814,-429.00153,1114.26746
813.0754400000001,-433.20529000000005,1126.2113
809.94781,-437.24429000000003,1137.67725
806.64856,-440.85425,1149.3101800000002
803.56482,-444.23251,1160.74219
800.55847,-447.82462000000004,1171.47766
797.51483,-450.76685,1180.95398
795.24707,-454.39645,1189.83923
792.67407,-457.5705,1197.48865
790.17493,-460.884,1203.9207800000001
788.07141,-463.97052,1209.17139
786.26318,-467.34424,1213.20044
784.42432,-470.2403,1215.7694099999999
782.22504,-473.06964000000005,1216.93909
779.81232,-476.07349000000005,1216.9613
777.97241,-478.50046,1216.25879
776.6275,-481.52572999999995,1214.87646
774.49628,-483.16458,1212.0708
772.6112099999999,-485.65259000000003,1208.65198
771.42627,-488.15063,1204.37781
768.98224,-489.47073,1199.2722199999998
767.54266,-491.01282000000003,1192.88379
765.70026,-493.15152,1185.41443
764.35907,-495.19138,1177.5048800000002
763.0103799999999,-496.83092999999997,1168.02148
761.9486099999999,-499.42413,1157.56396
761.08252,-501.78122,1146.59985
759.59344,-504.78310999999997,1134.72803
758.4420200000001,-508.08414000000005,1122.53198
757.4731400000001,-512.01593,1110.5033
756.37488,-516.28259,1098.90417
754.6713900000001,-520.4060099999999,1088.4497099999999
754.3292799999999,-525.1868900000001,1078.64355
754.01526,-529.49713,1071.33972
751.57922,-534.26355,1063.41187
751.5244799999999,-539.54614,1059.3687699999998
750.9605700000001,-544.67993,1056.71533
751.24829,-550.01062,1056.98438
750.31921,-555.42737,1059.58032
749.18018,-560.63037,1064.2926
748.68427,-566.8761,1071.6298800000002
746.76263,-572.46484,1080.15796
745.2442599999999,-579.53949,1090.26282
744.33704,-585.12152,1100.62805
743.0838,-591.51489,1112.3995400000001
741.89288,-597.12,1123.54773
741.5282,-602.03723,1135.6051
741.0824,-607.56177,1148.1616199999999
741.0197099999999,-611.44434,1160.39771
740.8037099999999,-615.17407,1173.39746
741.80469,-618.5670200000001,1185.3690199999999
740.7655599999999,-621.23047,1197.94641
740.90118,-623.2738,1209.26233
,,
739.8362400000001,-627.09625,1229.8551
740.89203,-629.48578,1239.72681
739.5700099999999,-630.37628,1247.8786599999999
741.40344,-632.7454799999999,1256.6254900000001
741.08429,-634.26208,1262.57104
738.50867,-634.15771,1268.36035
739.48883,-635.40094,1274.38928
736.20502,-634.48907,1277.71899
734.80206,-634.64532,1281.06897
733.52362,-634.36359,1283.45764
729.68848,-632.7377299999999,1284.0932599999999
729.56256,-632.3122599999999,1284.68201
727.48785,-631.25684,1283.82385
726.52637,-630.55878,1282.29285
724.5434,-629.0014,1279.927
723.37781,-627.31738,1275.80383
721.15405,-625.79529,1271.17651
720.19574,-623.85455,1266.20715
718.47858,-621.60565,1259.8298300000001
716.87994,-619.2325400000001,1253.54956
715.49573,-617.3519299999999,1246.78577
714.9892,-615.29797,1239.00806
712.68036,-612.23993,1230.89429
711.60162,-610.2218,1223.5252699999999
709.86517,-608.159,1214.58264
708.66211,-606.70886,1205.802
708.56787,-605.95398,1196.6344
706.7438400000001,-603.72009,1186.6951900000001
705.75378,-601.98145,1176.30957
704.62372,-600.7948,1165.6485599999999
704.07056,-599.4508099999999,1154.86389
703.8725599999999,-597.88446,1143.6771199999998
703.85162,-596.28772,1132.8866
704.75531,-595.4128400000001,1122.57043
705.52423,-594.74567,1112.54224
706.5250900000001,-594.26868,1102.7677
707.69208,-594.03864,1093.92004
709.7323,-594.74878,1086.33936
712.2167400000001,-594.44415,1079.7368199999999
715.51636,-593.96985,1074.5459
718.62726,-591.9848,1070.90918
722.29358,-590.26013,1069.28906
726.39325,-587.37903,1069.6738300000002
730.73114,-584.8728,1072.57275
735.88855,-581.7547599999999,1077.25928
739.84613,-578.49536,1083.80933
743.83777,-575.4315799999999,1091.41602
748.75305,-572.86469,1100.49219
752.81415,-570.03003,1110.62842
757.06854,-567.06665,1121.0932599999999
761.08362,-564.25354,1131.34888
764.71417,-561.36108,1141.8563199999999
768.36578,-558.46271,1152.19128
772.2076400000001,-556.83508,1162.4747300000001
776.2416400000001,-555.16785,1171.78772
778.0387599999999,-552.31854,1179.49658
780.9422,-550.15198,1186.71411
783.06976,-548.70844,1193.18359
784.87482,-546.3494900000001,1198.02368
789.1814,-545.39764,1202.6440400000001
791.45074,-544.2382200000001,1205.4987800000001
795.07141,-543.5365,1208.33557
797.18018,-542.67578,1209.7097199999998
800.84906,-541.8952,1210.56982
802.24396,-540.98627,1209.56055
805.32056,-540.62756,1208.73376
807.78156,-540.03198,1206.65149
808.22644,-538.36542,1202.23706
809.86334,-536.9769299999999,1197.53333
812.47687,-536.41748,1191.89319
815.77618,-535.8247700000001,1185.40466
817.50995,-534.36035,1177.25818
821.5376,-533.91864,1168.69983
823.4512900000001,-532.3079799999999,1158.71521
825.9241900000001,-531.0967400000001,1149.01233
828.4771099999999,-529.68085,1138.96057
831.53052,-528.8172599999999,1128.6532
834.87488,-527.5369900000001,1118.24316
838.2758200000001,-526.69537,1108.53345
840.5310099999999,-525.02563,1099.32422
841.8897099999999,-523.00763,1090.51819
844.02795,-521.61584,1083.55786
848.39044,-520.80841,1079.2548800000002
850.66846,-519.08398,1075.2205800000002
853.3264800000001,-517.82593,1074.36584
855.18304,-515.56665,1074.5175800000002
857.6842,-513.69434,1076.8809800000001
860.4829699999999,-512.67969,1081.66675
862.66626,-510.866,1088.57837
864.0712900000001,-510.05624000000006,1095.88647
863.82104,-508.11694000000006,1104.8377699999999
865.57159,-507.45218,1115.42212
866.6525300000001,-506.77617999999995,1126.2981
866.27124,-506.00085,1137.55371
865.2309,-505.02518,1148.24683
866.2072800000001,-505.93274,1159.5648199999998
867.6247599999999,-506.79575,1170.3833
866.50494,-506.24271,1179.18945
868.31293,-507.26232999999996,1188.5769
868.6270099999999,-507.55852999999996,1196.6187699999998
869.27075,-508.06055,1203.87122
869.63055,-507.93295,1209.74426
872.11115,-509.24039000000005,1215.5523699999999
,,
874.99615,-510.38446,1223.76721
875.57056,-510.39800999999994,1226.01843
876.6441,-510.97083,1227.12537
879.61371,-511.33923,1228.4664300000002
880.6745599999999,-511.37042,1228.30115
882.7874099999999,-511.13669000000004,1227.24475
885.4821199999999,-511.4288,1225.36572
888.16223,-511.86312999999996,1222.50342
890.19141,-511.24548,1218.56665
893.01849,-510.92975,1213.57776
896.1049800000001,-510.90619000000004,1208.4442099999999
899.40308,-510.74982,1201.9819300000001
903.24414,-510.77025999999995,1195.45776
906.3761599999999,-509.69965,1187.3604699999999
908.7869300000001,-509.14055999999994,1179.59436
913.34741,-508.81595,1171.00317
917.73615,-508.33063,1163.08521
920.6228,-507.04953,1153.99072
923.3815900000001,-506.38635,1144.62903
926.5527300000001,-505.37692000000004,1136.40869
929.84692,-504.94739000000004,1127.8773199999998
934.15546,-504.87793,1121.14624
937.2882699999999,-504.95926,1114.54846
939.5568800000001,-505.2851,1108.9788800000001
942.2459699999999,-505.64980999999995,1104.08679
943.7877199999999,-505.32782000000003,1100.2249800000002
946.06055,-505.45044,1098.4981699999998
948.7520800000001,-505.15018,1099.14026
949.76245,-504.62405,1100.0101300000001
949.88324,-503.95325,1102.27905
950.57556,-503.80719000000005,1106.60303
951.64105,-502.63095,1112.13574
951.36365,-501.70495999999997,1118.68762
949.0126300000001,-499.85077,1125.81396
948.66974,-499.07928,1134.25024
947.00195,-497.67346,1142.67249
946.1151699999999,-497.07485999999994,1151.82458
943.51318,-496.25394000000006,1160.72925
942.7373,-496.23514000000006,1169.1095
940.73322,-495.95709000000005,1177.3375199999998
938.40125,-496.20145,1184.7467
936.2996199999999,-496.71762,1191.5127
933.13635,-497.04117,1197.07996
931.56531,-497.98467999999997,1202.4315199999999
928.74805,-499.36118,1206.78149
926.2952300000001,-500.57430999999997,1209.5548099999999
923.9522699999999,-502.00780999999995,1212.0317400000001
922.1485,-503.3938,1212.72278
920.0750699999999,-505.46700999999996,1213.1272
917.77325,-506.30524,1212.11621
916.0336900000001,-508.22017999999997,1210.65161
914.52039,-509.9462,1207.95801
911.22046,-510.87854000000004,1204.1539300000002
909.14539,-512.34161,1199.56506
907.6624099999999,-513.99603,1194.61072
906.57196,-515.62756,1188.3347199999998
904.7338900000001,-517.0346099999999,1181.53455
902.8757300000001,-518.552,1173.64478
901.53931,-520.30927,1165.47815
900.0058,-521.68512,1156.74573
897.9663699999999,-523.55609,1147.55896
896.2611699999999,-524.97272,1138.22986
894.6546599999999,-527.1795,1129.5946
892.9774800000001,-529.15955,1120.9442099999999
890.7493900000001,-531.35138,1113.5557900000001
890.4082,-534.33997,1106.9963400000001
888.7887599999999,-536.71924,1101.71289
887.42609,-539.21954,1097.78369
886.42438,-542.04242,1095.08545
885.1627800000001,-543.94006,1093.86646
883.7157,-545.68646,1094.40833
882.52399,-547.67578,1096.68481
881.61194,-548.10449,1100.6759
880.66711,-549.1492900000001,1105.67932
879.68152,-549.53638,1112.28418
878.73895,-549.82251,1120.04846
877.79352,-549.56183,1128.68103
876.7675800000001,-550.0814799999999,1138.8659699999998
876.65088,-549.60785,1148.53394
874.09558,-549.06873,1157.4351800000002
873.4248699999999,-549.01343,1166.9447
873.1026,-549.74103,1176.22998
872.5073199999999,-549.29108,1184.77283
871.55078,-549.1344,1192.6417199999999
871.3380099999999,-548.74353,1199.85303
871.3269,-548.7334,1205.98499
870.33978,-547.3371599999999,1210.69849
870.0758699999999,-546.7467,1214.84448
870.27576,-545.47852,1217.36951
869.51538,-544.03735,1218.96802
869.66296,-542.66998,1219.9469
871.7202800000001,-541.95636,1220.35156
871.9248,-540.09222,1219.08179
871.41266,-537.79791,1216.5531
872.3204300000001,-535.70117,1213.54675
873.19147,-533.06372,1210.57141
874.3887900000001,-530.91687,1205.47986
875.9843099999999,-528.32233,1200.81934
876.3264800000001,-525.15002,1194.16101
877.80896,-522.89197,1187.73108
878.6002800000001,-519.6095,1180.09595
880.2132,-516.70392,1172.0847199999998
881.44647,-513.97516,1163.17822
883.19928,-511.21634000000006,1153.9393300000002
883.43756,-508.79830999999996,1143.80676
886.29041,-507.08797999999996,1134.9085699999998
887.27948,-505.21671,1125.30322
888.48181,-504.22327,1116.8062699999998
,,
890.67657,-503.07422,1102.24756
890.7326699999999,-502.94897000000003,1096.20435
892.86273,-502.9993,1092.67688
891.88806,-502.68475,1089.41516
893.8610199999999,-503.21227999999996,1088.4718
894.06781,-503.1958,1088.4397
894.3584599999999,-503.66553,1090.11755
896.07916,-504.0451,1093.53259
895.53955,-504.00742,1098.2368199999999
895.4445199999999,-503.73456,1103.84802
894.9024699999999,-503.9913,1111.24854
894.61505,-504.31708,1118.86719
894.2912,-503.80432,1127.24194
892.9278,-503.14612,1135.28296
891.8996599999999,-502.83300999999994,1143.5252699999999
891.32019,-502.88430999999997,1150.75256
889.50037,-503.39902,1157.77734
888.65302,-503.53945999999996,1163.66785
887.8786,-503.99023,1169.25916
886.55164,-505.69128,1173.755
885.17969,-506.78585999999996,1177.3064
884.04486,-508.04462,1179.64343
882.7381,-509.35602,1180.46167
881.65845,-510.90594000000004,1180.91431
880.6773699999999,-512.87695,1180.34717
879.9788199999999,-513.96271,1179.01709
878.9512300000001,-514.85022,1176.29956
878.40851,-516.34778,1172.72681
877.21912,-517.71924,1168.18469
876.60919,-518.78485,1163.14758
876.1560099999999,-519.70416,1157.25427
875.73474,-520.6231700000001,1150.1626
874.6229900000001,-521.7412099999999,1142.83875
873.8671300000001,-523.11102,1134.74548
873.23547,-524.20978,1126.23901
872.47552,-525.65125,1116.86475
871.93805,-527.10559,1107.81726
871.4729,-528.95789,1098.1032699999998
870.9104,-530.28845,1089.3347199999998
869.80109,-531.8654799999999,1080.48853
869.25031,-534.40814,1073.66821
869.12823,-536.3811,1067.48108
868.75385,-538.7069700000001,1062.65723
868.6813400000001,-540.83508,1059.79236
868.0575,-542.98193,1058.2636699999998
867.3562,-544.96161,1058.74622
866.3311800000001,-546.9130200000001,1060.29089
865.61731,-548.7373,1064.4273699999999
864.26361,-550.14075,1069.43188
863.1873800000001,-551.64233,1075.47937
861.6709599999999,-553.16571,1083.15833
860.0554800000001,-553.60016,1092.14734
857.70825,-554.27301,1101.87085
856.91846,-554.33075,1112.50781
854.9135699999999,-554.7481700000001,1123.71899
854.11096,-555.0883200000001,1134.8101800000002
852.79199,-554.97522,1145.8468
850.96783,-555.50635,1156.50989
850.2330900000001,-555.74542,1166.50098
849.42975,-556.46912,1176.02686
848.10968,-556.82556,1184.31604
846.5459,-557.04388,1190.67969
845.86908,-558.05829,1196.4669199999998
844.1344,-557.97632,1200.5860599999999
844.7761199999999,-558.7854,1204.50037
844.9921300000001,-559.4429299999999,1206.9823
844.14465,-559.04797,1207.52124
844.32886,-559.0351,1207.47046
843.7968800000001,-558.3306299999999,1206.51709
844.12415,-557.56757,1204.47302
844.6886,-557.00354,1201.87256
846.4177199999999,-556.2058099999999,1198.5815400000001
847.55481,-555.4071700000001,1194.44446
850.1782199999999,-554.97113,1189.9578900000001
851.26355,-553.8740799999999,1184.72253
853.2634300000001,-552.75763,1178.12573
854.01904,-551.14526,1171.78479
,,
858.5786699999999,-548.20386,1155.38916
861.29651,-547.36615,1147.32141
863.0687300000001,-546.0885599999999,1139.36389
864.35864,-544.10187,1130.30994
866.77545,-543.49762,1122.16492
869.22485,-542.6684,1114.6398900000002
871.42444,-541.96484,1107.85718
873.49225,-541.77441,1101.5379599999999
874.7249099999999,-541.31989,1096.43713
877.4575800000001,-542.05029,1093.2354699999999
878.8040800000001,-542.35162,1091.29724
880.0681800000001,-542.67743,1090.54468
881.49609,-543.70508,1092.17505
881.29071,-544.11584,1094.43494
881.0352800000001,-544.19208,1097.98584
881.53339,-545.68317,1104.21875
881.9558099999999,-546.5849,1111.69043
880.60199,-546.8192700000001,1119.33972
877.31024,-546.4981700000001,1127.49438
876.28442,-547.44885,1137.8497300000001
874.27411,-547.83917,1147.64514
873.8663300000001,-548.70807,1158.27771
870.4711900000001,-548.53625,1168.50879
867.3300199999999,-548.37079,1178.18286
866.3883099999999,-549.77698,1188.09131
861.9317,-549.74091,1196.3595
860.16296,-551.14136,1205.06665
857.08911,-551.91357,1212.4116199999999
854.0648199999999,-553.31183,1217.99939
850.9353,-554.11334,1223.55774
848.99579,-556.3013900000001,1227.6508800000001
844.6863400000001,-557.20526,1230.17285
841.7045300000001,-558.26422,1231.79102
840.3018800000001,-560.74103,1232.77905
837.4281,-561.89227,1231.98291
834.66119,-563.02472,1229.85364
832.6606400000001,-564.49994,1227.7979699999999
829.81256,-565.4390900000001,1223.8812300000002
827.45667,-566.7143599999999,1219.59937
824.99036,-567.7063,1214.17773
822.6893299999999,-568.83112,1208.20374
,,
,,
,,
,,
812.2133200000001,-574.33008,1169.7625699999999
812.4317,-574.0896,1160.1231699999998
810.51624,-575.44482,1149.82544
809.4054,-576.26001,1139.88977
806.2355299999999,-576.38818,1129.1807900000001
805.27692,-577.21698,1119.7518300000002
804.03662,-578.11707,1110.82751
802.28729,-578.815,1102.40784
802.2601900000001,-580.41687,1096.36523
801.2033700000001,-581.64026,1090.27417
799.70746,-582.6965299999999,1085.61633
798.0250900000001,-583.86285,1081.61682
798.64832,-585.62415,1079.92236
798.3489400000001,-586.8206799999999,1079.5294199999998
797.09601,-586.9892,1079.5576199999998
796.797,-587.11975,1081.53906
796.52362,-587.37427,1084.32715
795.51007,-586.76965,1088.48145
794.89349,-585.8869,1092.85254
794.62555,-585.3630400000001,1098.15491
794.10968,-584.58868,1104.76099
793.26984,-583.63312,1110.98254
792.74695,-583.04199,1117.76855
791.95538,-581.86353,1125.14148
790.98761,-581.20398,1132.9356699999998
790.84888,-580.7403,1141.73438
789.11761,-580.08948,1150.43604
787.9209599999999,-579.12274,1159.28296
786.56561,-578.67291,1166.5715300000002
784.99933,-578.36377,1174.43958
783.8197,-578.3739,1181.59595
782.01758,-578.16492,1188.30103
779.7575099999999,-577.8541299999999,1193.6864
779.21118,-577.71667,1199.13318
777.87811,-578.13245,1203.01892
776.6032700000001,-578.23383,1206.1322
775.86877,-578.5708,1207.5379599999999
774.7293099999999,-578.6962900000001,1208.53564
773.89148,-578.92285,1208.1934800000001
772.93372,-579.17334,1207.00085
772.0921,-579.24774,1205.4000199999998
771.5020099999999,-579.6293900000001,1202.30969
770.87445,-580.1813400000001,1199.06506
770.44098,-580.63153,1194.81824
770.25745,-581.2749,1190.6082800000001
769.77997,-581.6027799999999,1185.10425
769.84033,-582.8974,1179.4379900000001
769.40338,-583.39941,1172.91797
770.17151,-584.59143,1166.4896199999998
769.26074,-585.2697099999999,1159.12524
768.8537,-586.45013,1152.39075
769.67529,-588.90387,1146.3446
768.17358,-590.33228,1139.32581
768.47937,-592.78479,1134.01611
766.50214,-594.6073,1128.55493
765.85022,-596.76318,1124.5612800000001
766.1091299999999,-599.23419,1121.70996
765.1001,-601.26129,1119.50134
764.81061,-602.8811599999999,1119.1637
765.86774,-604.4588,1120.07678
764.74518,-605.17267,1121.90491
763.69275,-605.13165,1124.27441
763.01031,-605.3919099999999,1127.3881800000001
762.9056400000001,-605.3103,1131.08484
762.24176,-604.60901,1135.50403
762.82208,-603.9798,1140.72278
762.96381,-603.67218,1145.8773199999998
763.30359,-602.69281,1150.13293
762.16547,-601.69818,1155.25818
762.53979,-601.05939,1160.6055900000001
761.52423,-600.48193,1165.8817099999999
760.85791,-600.14764,1171.31213
759.68829,-599.83563,1176.34705
759.52472,-600.34601,1181.71411
758.6594200000001,-600.13666,1186.23584
756.77795,-600.41974,1189.35852
755.60242,-600.60565,1192.6825
,,
754.1032700000001,-602.02887,1196.4163800000001
754.16437,-602.73059,1197.4585
752.68427,-603.0174599999999,1197.26599
751.02557,-603.13446,1195.96619
751.3807400000001,-603.59009,1194.68689
750.34143,-603.8208599999999,1191.88928
749.81213,-604.5766,1188.44055
748.6727900000001,-604.54047,1184.01074
748.19287,-605.26343,1179.1887199999999
,,
747.6265900000001,-606.5670200000001,1167.5661599999999
748.12927,-607.6408700000001,1161.97717
747.9209599999999,-608.6994599999999,1155.2110599999999
748.22308,-609.44824,1148.29272
747.9504400000001,-610.29913,1140.95776
749.34515,-611.57166,1134.69397
749.79297,-612.5144700000001,1127.57446
752.14221,-614.30829,1122.5800800000002
752.62244,-615.2179,1116.31799
755.00958,-616.57013,1111.3687699999998
757.67969,-617.95074,1106.89282
760.31085,-620.1510599999999,1103.44641
762.97388,-621.7006200000001,1099.84546
765.79913,-624.40399,1096.2824699999999
766.35901,-625.95618,1092.78223
769.07666,-628.3548599999999,1089.46875
771.6387900000001,-631.3718299999999,1086.71936
774.7189900000001,-635.16992,1083.77429
775.97675,-638.43103,1080.43335
776.74695,-642.28485,1077.29724
778.04474,-646.79297,1074.05176
780.2153900000001,-651.97723,1072.06042
782.00922,-657.29645,1069.32458
781.96484,-662.3795200000001,1066.4207800000001
783.55475,-669.0047599999999,1063.82788
784.11902,-674.3698099999999,1060.53369
785.29388,-681.11365,1057.58984
785.98279,-687.81714,1054.44531
787.5786099999999,-694.40894,1051.15918
788.42889,-700.9554400000001,1047.06458
788.6353799999999,-707.74805,1042.7961400000002
788.78198,-714.54449,1037.46741
789.55157,-721.55365,1032.39319
789.3911099999999,-729.0649400000001,1027.2907699999998
789.46552,-736.39075,1021.11469
789.29071,-743.64911,1014.84192
789.20575,-751.7041,1009.04285
788.1518599999999,-759.36584,1002.58563
787.8017,-767.35059,996.3309300000001
