X8,Y8,Z8
659.64899,436.49487,1068.15942
659.3302,438.24158,1066.83801
658.19733,439.5408,1066.10217
657.3740799999999,440.39404,1064.81604
658.09369,440.70462000000003,1063.58875
656.7559200000001,441.42032,1062.48792
656.8145099999999,441.8793,1060.75525
655.71796,442.52512,1059.57214
655.23608,443.04312000000004,1057.70251
653.85516,443.68369,1056.2921099999999
652.6507,444.06879000000004,1054.73254
651.4497700000001,444.64690999999993,1053.07251
650.3266,444.59432999999996,1051.4891400000001
649.0712900000001,444.9201,1049.54456
648.04669,445.1709,1047.2218
646.13446,445.15353,1045.34937
644.89838,445.33935999999994,1043.30774
643.18555,445.67233,1040.80774
641.37335,445.96802,1038.62
639.17206,445.65378,1035.92578
637.70435,445.84875,1033.42883
635.7554299999999,445.55704000000003,1031.0011
633.7452400000001,445.81198,1028.26123
631.77655,445.5517,1025.68616
629.84009,445.28740999999997,1023.2088
627.87811,444.71268,1020.4227900000001
625.44214,444.40274000000005,1017.3073699999999
622.98633,444.10568,1014.62219
620.6890900000001,443.64342999999997,1011.9581300000001
619.09875,442.59872,1008.9249900000001
617.04138,441.95209000000006,1006.2448099999999
615.32947,441.42642,1003.42865
613.51544,440.37717000000004,1000.9106400000001
611.87036,439.4368,998.31744
609.77612,438.75702,995.79291
607.9044200000001,437.90372,993.65735
606.46997,437.01955999999996,990.9824199999999
604.93597,435.96115,988.91815
603.67084,434.94077000000004,986.7534800000001
602.10059,433.7981,984.49994
600.3256200000001,433.12420999999995,982.38184
598.65997,432.26151,980.3159800000001
596.8382,431.68457,978.37036
595.0274,431.2504,976.5037199999999
593.54944,430.62369,974.03345
591.21411,430.23427999999996,972.85815
590.19403,428.98145,970.4739999999999
588.38239,428.1629,968.90363
585.9168099999999,427.95947,967.11267
584.38135,427.47292999999996,965.43835
582.49005,426.95792,963.9736300000001
580.83313,426.35177999999996,962.48499
578.9054,425.98787999999996,961.3894
577.92963,425.31165,960.1731
576.72607,424.91115999999994,959.12238
574.7719099999999,424.45914000000005,958.5192300000001
573.3596200000001,423.75519,957.6641199999999
572.46313,423.50943,956.8386199999999
570.66949,422.70831,956.63452
569.3689,422.53442,956.31964
567.8772,421.76297,955.90027
567.50629,421.55695,955.45886
566.2178299999999,420.90814000000006,955.06024
565.46088,420.56490999999994,955.0752
565.00757,419.60177999999996,954.4191300000001
564.32959,419.04373,954.3173800000001
563.65088,418.45575,953.9622199999999
562.7302900000001,418.3277,953.81073
561.9693,417.99643,953.83136
561.20013,417.65137000000004,953.97125
560.82642,417.52972,954.00458
560.51886,417.22852,953.8928199999999
559.57239,416.51867999999996,953.9132699999999
559.18256,416.50208,954.20844
558.93182,416.12417999999997,954.4824199999999
558.91754,415.96555,954.58685
558.50897,415.63794,955.06573
558.9291400000001,415.07187000000005,955.4915199999999
559.03931,414.51599,955.86145
559.30469,414.12908999999996,956.09875
560.18518,413.55208999999996,956.6362300000001
559.9646,413.45575,957.3721300000001
560.57135,412.69284,958.1051
561.0258200000001,411.94277999999997,958.71411
561.76013,411.17972000000003,959.31976
562.69318,410.31588999999997,960.04889
563.41394,409.50635,960.5672
563.9859,408.73825,961.11505
565.26849,407.67691,961.70251
566.97015,406.63518999999997,962.40845
568.1673,405.43619,963.39044
569.6969,404.35693,964.22839
571.414,403.0119,965.1025400000001
573.51276,401.47314,965.6755400000001
575.95715,399.75687,966.06287
578.53491,397.88962000000004,967.12286
581.38269,395.7803,968.2736199999999
583.96771,393.89496,969.35461
587.31335,391.63812,969.6981199999999
590.24786,389.07394,971.31708
593.24316,387.23607999999996,972.44348
596.58563,385.41022000000004,973.6474
600.05994,382.92828,975.0672
604.11713,380.25659,976.25189
607.7293099999999,377.8237,977.8112199999999
612.37897,374.54337000000004,978.35547
615.9035,371.67731000000003,979.88916
620.0369900000001,368.92651,981.20435
623.81348,365.91272000000004,982.61597
628.4058200000001,362.76416,983.82025
632.73358,359.42529,985.36188
637.15045,355.965,987.1976300000001
640.91467,352.80884,988.3430800000001
645.20892,349.33133,989.6827400000001
649.9469,345.19037000000003,991.3985
654.38922,342.37143,992.69275
658.9079,337.74896,994.13635
663.06714,333.90851000000004,995.6414800000001
667.6510000000001,330.52997,996.84827
671.70685,326.39447,998.50275
676.18005,321.55435,1000.0751300000001
680.46655,318.11877000000004,1001.2122800000001
684.82245,312.92325,1003.31616
688.29388,308.70993,1005.08966
692.29242,304.31796,1007.19525
696.86108,299.63547,1008.72919
700.50238,295.37134,1010.7412099999999
704.4180299999999,290.42303,1012.8231199999999
708.1911,286.03821,1014.27264
711.69598,281.21072000000004,1016.3539999999999
715.28705,275.85669,1018.0790400000001
719.27057,271.66815,1020.01819
722.86627,267.09711,1021.8900800000001
726.61292,263.07004,1023.3219
729.99042,258.25702,1024.94592
733.02075,254.05704,1026.58228
736.84009,249.76767,1028.63525
739.7916299999999,245.62622000000002,1029.95313
743.66089,241.14705,1031.4978
747.02411,238.19936,1032.65222
750.51544,234.19588,1034.05737
753.57526,230.51837,1035.09082
757.38818,227.18515,1036.2533
760.63239,223.15974,1037.01514
763.70947,220.23895,1039.05725
768.0006099999999,216.9603,1039.97717
770.80206,213.25525,1040.90527
773.7251,209.72539,1042.75659
777.3089,206.51928999999998,1044.01306
780.05511,203.03415,1045.2523199999998
783.0604900000001,200.08562,1046.7038599999998
786.48163,196.70723999999998,1048.1423300000001
788.5242900000001,193.84601999999998,1049.80176
791.1944599999999,190.74602,1050.4542199999999
794.64288,187.27548000000002,1051.85474
796.7344400000001,184.38342,1053.3474099999999
799.73877,181.5706,1054.51025
802.21552,178.80417,1055.7440199999999
804.71027,175.92827,1057.59241
807.42206,173.19609,1058.3803699999999
809.40546,169.94331,1060.10974
812.64667,167.16457,1061.72876
814.69879,164.34734,1063.32861
817.61511,162.01195,1064.4122300000001
819.75146,158.79004,1066.33643
822.15161,156.35478,1068.2439
825.04016,153.73395,1070.03442
827.41467,151.15436,1071.50684
829.87732,148.81778,1073.2879599999999
832.35583,146.77667,1074.1502699999999
834.6795,144.7382,1075.44531
836.88837,143.28388999999999,1076.45764
840.17621,141.36066,1077.93713
842.90405,139.68011,1078.55505
845.1795,138.03239,1079.39392
847.5665300000001,136.59313999999998,1079.83228
849.96844,135.36693,1080.43433
853.26904,133.75929,1080.8053
855.4426300000001,132.20842,1081.43274
858.03094,131.16298999999998,1081.81702
859.99902,130.25208,1081.6449
862.86188,128.23766,1082.2038599999998
864.75415,127.54171000000001,1082.33997
866.6660800000001,126.78641,1082.89771
869.01465,125.3552,1083.4248
871.2778900000001,124.18835,1083.98596
872.49365,122.87064,1084.38623
874.60901,121.73163999999998,1085.3034699999998
875.44141,120.92211999999999,1086.71887
877.0011599999999,119.49663999999999,1087.49304
878.3031599999999,118.19171999999999,1088.4946300000001
879.1533199999999,117.20832,1089.4578900000001
880.10553,115.91086999999999,1090.41626
881.10272,114.25392,1091.62354
881.9898099999999,113.16986000000001,1092.70569
882.2067900000001,112.11585,1093.27429
882.81641,111.34666000000001,1094.08533
883.90375,109.87543000000001,1094.93884
884.7514,108.71283999999999,1095.62695
884.7914400000001,108.4654,1095.97449
885.6859699999999,107.75578,1096.41821
886.0454699999999,106.79869,1096.56909
886.6709599999999,106.15943999999999,1096.34802
887.08655,105.27171000000001,1096.0675
887.1151699999999,105.17773000000001,1095.56946
887.86426,104.57155,1095.32971
887.62189,104.26778,1094.7603800000002
887.43152,103.91705,1094.2603800000002
887.24908,103.78359,1093.03601
887.3217199999999,103.64209,1092.04089
887.8577300000001,102.9325,1090.8895300000001
887.5188,102.99701,1090.03406
887.7597699999999,102.77894,1088.87976
887.57935,102.93997,1087.56653
887.39307,102.47544,1087.1286599999999
887.07275,102.0814,1086.38672
886.9386599999999,101.54533,1085.9165
886.53027,101.28647,1085.62048
885.7428,100.71746999999999,1085.5101300000001
885.19385,99.95866,1085.5896
884.9979199999999,99.271,1085.76147
884.38458,98.66885,1086.1196300000001
883.96069,98.11855,1086.56543
883.2749,97.77928,1087.4201699999999
882.6958599999999,97.16421,1088.08533
882.53674,96.88794,1088.92249
881.85687,96.7541,1089.83044
881.58099,96.8542,1090.15186
881.4813800000001,96.60322,1090.61426
881.4173,96.48737,1090.63293
881.4173,96.48737,1090.63293
881.41229,96.72166,1090.37585
881.58099,96.8542,1090.15186
881.89001,96.43394,1089.69666
882.30853,96.33768,1089.09167
882.7600699999999,96.60941,1088.15271
882.71619,97.1198,1086.96887
883.6411699999999,97.26304,1085.93616
884.54016,97.91356,1083.9836400000002
885.3472300000001,98.14709,1082.31567
886.1320199999999,99.58301999999999,1079.448
887.0645099999999,100.5997,1076.85547
887.74585,101.50858000000001,1073.75635
889.435,102.49394000000001,1070.38806
890.66162,103.22623,1066.28528
891.71869,104.08402,1062.1898199999998
892.81024,105.0041,1058.21948
893.6234699999999,105.42715,1054.75208
895.8302,105.73803999999998,1051.70459
896.83075,105.82392,1049.32544
897.94116,105.83516000000002,1047.83484
899.2592800000001,105.64832,1047.35193
900.28296,105.31367,1048.22681
900.64661,105.36446000000001,1049.57849
901.3241,104.83797,1051.96606
901.3019400000001,104.24889,1055.0974099999999
901.7940699999999,103.00005,1058.92407
901.96484,101.80192,1063.80603
901.70062,100.59291,1068.57166
902.0921,99.17969000000001,1074.5389400000001
901.9177900000001,97.34544,1080.71179
902.87195,95.19870999999999,1087.9497099999999
903.3855,92.94518000000001,1095.27319
903.0247199999999,90.33636,1103.4823
903.2462800000001,88.59711999999999,1112.0407699999998
904.31995,85.47163,1121.88318
905.04303,83.09773,1131.76831
906.0006099999999,80.87935999999999,1142.30176
906.89459,79.00177,1152.46936
908.05859,76.47061,1163.12183
909.56915,74.71255,1173.6969
910.7692300000001,73.14931,1183.95129
913.20428,71.10133,1193.84241
914.3922699999999,70.04451,1203.06445
916.65546,68.69595,1212.11169
918.55725,66.99191,1219.6237800000001
920.67114,65.84261,1226.7605
922.74255,65.78012,1232.57251
924.78583,64.96800999999999,1238.00696
927.4887699999999,64.94975,1242.17993
930.58063,65.0422,1245.17627
933.40619,64.78017,1247.29651
936.27032,65.19673,1248.93835
938.16406,66.57878000000001,1249.69202
942.83557,66.18661,1248.76843
945.23895,67.44476999999999,1247.63318
949.43646,68.2721,1245.599
952.6149300000001,69.15963,1243.01123
956.53125,69.70602,1239.32166
960.07855,71.29263,1235.07544
963.68744,73.05059,1230.55249
966.92334,74.01025,1225.40686
970.4826699999999,75.67164,1219.29285
973.9511699999999,77.32133,1212.77966
976.2153900000001,79.39931,1206.31799
979.2080699999999,81.37462,1199.2467
981.9667400000001,83.314,1193.1062
983.5705,85.53574,1187.34045
984.34961,86.68921999999999,1182.46472
984.38947,87.61926,1178.06262
983.8915400000001,88.18948,1174.27209
983.70325,87.67039,1170.69458
983.1325699999999,86.65503000000001,1167.3201900000001
982.1627199999999,85.38462,1164.8031
981.7398099999999,82.91528000000001,1161.9211400000002
980.94519,80.49113,1160.04248
979.4183300000001,77.21304,1158.22998
978.2800900000001,73.93046,1157.59375
977.65411,68.83248,1157.06226
976.3042,63.8623,1157.5606699999998
975.81787,58.33291,1157.33215
973.93927,53.327769999999994,1158.64661
973.7819199999999,47.473890000000004,1159.54407
971.60181,42.32942,1160.24158
970.69427,37.51427,1160.8551
969.2343099999999,32.00736,1161.3499800000002
968.4359099999999,27.745040000000003,1161.1624800000002
968.1391,23.5569,1161.10498
967.8616300000001,20.18742,1160.56592
968.59418,16.27439,1159.78809
969.0881300000001,14.260689999999999,1158.31897
969.3037099999999,12.6014,1157.31824
971.3539400000001,10.52485,1155.22327
972.5260599999999,8.8688,1152.73438
974.2453,7.3234699999999995,1150.3446
975.87195,6.2538,1147.61255
978.30249,5.904669999999999,1144.0888699999998
980.1425199999999,5.786490000000001,1140.76062
982.33325,5.81918,1137.5883800000001
984.87665,5.75464,1134.40894
987.72412,6.4671,1131.30371
990.3477800000001,7.18008,1129.5271
992.99261,8.71032,1127.8916
994.9865699999999,9.853110000000001,1127.74023
997.32574,11.30664,1128.01135
999.3712199999999,12.03638,1128.44006
1001.72552,13.30125,1129.5991199999999
1003.9436599999999,13.57615,1131.35938
1005.1776699999999,13.709929999999998,1133.573
1008.0277699999999,13.2694,1136.4657
1009.55304,12.67944,1139.34094
1011.08429,12.384139999999999,1142.97119
1012.96289,11.92568,1147.1449
1014.29254,11.04456,1151.27283
1015.0971099999999,10.27075,1155.4054
1014.39081,9.13175,1159.61694
1013.86365,8.446860000000001,1163.26526
1013.8149400000001,7.87263,1166.52051
1012.4512900000001,7.424510000000001,1170.17578
1011.3013300000001,7.54547,1172.6055900000001
1010.2487199999999,7.790260000000001,1174.6652800000002
1008.2244300000001,8.2305,1175.83716
1006.24457,8.10896,1176.70325
1003.6356199999999,8.8116,1176.12427
1001.2923,8.79734,1175.18726
999.51245,8.66804,1173.1395300000001
996.4680199999999,9.17872,1170.19324
994.26599,8.754380000000001,1166.1196300000001
991.74951,9.977960000000001,1161.7916300000002
989.17621,10.283669999999999,1156.94043
986.7999900000001,11.664480000000001,1151.7020300000001
984.6593,12.88192,1146.25085
981.80029,14.23732,1141.00635
979.07147,15.20836,1136.03064
975.81256,17.951539999999998,1131.65637
972.40155,19.85944,1127.52075
969.29901,21.88724,1123.94556
965.8644400000001,24.2431,1121.06274
961.7851,26.531540000000003,1119.81079
958.73145,28.6052,1118.5105
954.7523800000001,30.0433,1118.95959
950.81604,31.646379999999997,1120.51819
946.4440900000001,32.72663,1124.24146
941.6710199999999,33.67688,1129.13342
937.17206,34.351290000000006,1134.75061
931.5694,35.19182,1142.60437
926.06,35.95525,1151.67786
921.5676300000001,35.27525,1160.823
916.6074800000001,34.94943,1170.8641400000001
910.8031599999999,34.89635,1180.99072
904.72235,34.4667,1190.88306
917.0014,-294.7403,1195.76123
893.3877,34.22263,1208.7548800000002
887.7507300000001,34.40473,1216.19543
882.54724,34.748090000000005,1223.0018300000002
877.06927,34.7909,1228.0307599999999
872.48322,35.08593,1231.55798
867.39178,35.51036,1234.1875
862.9241300000001,35.88303,1235.44861
857.7218,36.39728,1235.646
854.01855,36.53497,1234.8103
850.42151,36.89675,1232.60889
847.0658599999999,36.759240000000005,1229.27625
843.78375,36.65248,1225.17859
840.8543099999999,36.74125,1219.67065
837.77795,36.88283,1213.38855
835.03772,37.14436,1206.28772
832.63708,37.341,1198.22083
830.57922,37.2827,1188.75354
827.38647,37.57376,1178.94446
825.3244599999999,38.2537,1167.87915
823.18964,38.25275,1156.578
819.88574,39.13067,1143.82214
817.5967400000001,39.70864,1130.31274
815.16901,40.40323,1115.82898
811.91986,41.35776,1102.2666
808.95435,41.050709999999995,1087.5883800000001
806.47681,40.08587,1075.7758800000001
805.25555,38.3219,1064.00806
800.64252,43.54072,1058.02869
797.9818700000001,43.60474,1051.6381800000001
794.92853,43.415279999999996,1047.30457
792.45758,42.67722,1046.08972
788.97833,42.43593,1047.09778
786.02094,41.64915,1050.91003
782.70776,38.56415,1056.0330800000002
779.4613,36.27205,1063.13428
776.02802,33.19831,1071.81262
771.93225,29.45972,1081.97729
768.375,26.1629,1093.6086400000002
764.80756,22.003989999999998,1105.771
761.92206,18.34652,1118.4025900000001
758.39252,13.84711,1131.80054
753.69135,10.34656,1145.04529
750.16669,6.58245,1158.26624
745.90814,2.67977,1170.84851
742.02032,0.14907,1183.57947
737.36951,-2.9761599999999997,1195.23169
732.81122,-5.76521,1205.51074
728.18469,-8.68212,1215.23145
724.10834,-12.1464,1223.4940199999999
719.52258,-14.71359,1231.1781
714.69043,-17.22843,1237.68994
710.39526,-19.99384,1242.81238
706.37878,-22.92156,1247.11719
701.15802,-25.14909,1250.4791300000002
697.33551,-28.18076,1252.2196
692.66113,-30.44095,1253.40198
688.08405,-32.92185,1253.32373
683.50232,-35.14691,1252.06628
679.39417,-38.2691,1250.0614
675.3186599999999,-41.43858,1246.2673300000001
670.88855,-44.0528,1241.66931
666.2871700000001,-46.8852,1235.87915
662.9287099999999,-50.968090000000004,1228.53821
657.7746599999999,-53.60386999999999,1221.0636
654.1897,-57.82662,1211.39734
648.25928,-60.68919,1201.93445
644.03235,-64.43406,1190.625
639.0794099999999,-68.22301,1179.16956
633.76135,-71.46009000000001,1166.58728
628.4681400000001,-74.5161,1153.23938
623.18152,-77.48383000000001,1139.40967
616.6355,-79.06075,1124.17615
610.69574,-81.41991999999999,1108.81519
604.30273,-82.69516999999999,1092.7373
596.90881,-82.3139,1076.49316
589.13354,-81.87833,1060.1665
582.89996,-81.71379,1043.80017
576.00323,-80.69611,1029.68762
568.91986,-79.06278,1018.1726699999999
562.51355,-76.30275999999999,1009.41528
555.276,-73.31644,1005.8891
548.71106,-70.21117,1006.0972300000001
541.86023,-67.46014,1010.42401
534.23407,-63.93787,1017.3289800000001
527.49054,-61.0962,1027.51855
521.82642,-59.316269999999996,1038.1405
516.9480599999999,-56.93193,1051.65247
512.28259,-54.77567,1066.60095
507.97073,-52.81015,1083.54626
504.9502,-50.74655,1101.33252
501.31543,-48.872409999999995,1120.10193
499.70612,-48.06899,1138.20947
498.36484,-47.10452,1156.84705
496.93134000000003,-45.63821,1175.22815
495.15646,-43.95068,1194.28809
495.18933,-43.52167,1211.87537
495.90057,-42.99582,1228.32788
496.35373,-42.75238,1244.73877
498.43323,-43.0347,1258.35645
500.19858,-42.79696,1272.47949
501.56350999999995,-43.01256,1285.73621
503.60709,-44.05715,1297.4978
505.07343,-44.65054,1308.58728
507.0946,-45.64235,1317.96802
509.64374000000004,-47.309059999999995,1326.3186
511.3024,-47.98999,1334.06958
512.67719,-49.53265,1340.28394
515.38135,-51.1826,1344.59204
516.54828,-52.911609999999996,1348.6074199999998
518.7536,-55.288140000000006,1351.14221
520.28979,-57.59007,1352.42004
522.2142299999999,-60.70435,1352.42969
523.97296,-63.37843,1351.45032
525.82056,-66.28469,1349.64417
527.29584,-69.33173000000001,1346.46667
528.73779,-72.56577,1342.40308
530.60364,-74.86244,1337.24744
532.07831,-77.65935999999999,1331.7050800000002
533.2105700000001,-80.21819,1324.39819
535.17224,-83.20611,1316.50037
535.96521,-85.39202,1307.65637
538.06555,-88.50169,1297.62463
538.9129,-90.86452,1286.75562
539.6452,-93.75480999999999,1275.13708
540.51202,-96.94926,1263.01624
541.56659,-99.56222,1250.0629900000001
542.27985,-102.25373,1236.89148
542.42474,-104.09184,1223.44446
542.96393,-105.75863000000001,1209.34204
542.89075,-107.62333999999998,1195.2861300000002
543.83966,-109.24148000000001,1180.06506
543.30426,-110.91949,1165.005
543.41901,-112.85667,1149.84778
542.5484,-113.91717,1134.9749800000002
542.20068,-116.21045,1120.8034699999998
541.40588,-117.41557,1107.99719
540.94775,-118.31241999999999,1096.1038800000001
540.21777,-118.8535,1087.3419199999998
538.79706,-120.01221000000001,1080.11633
538.24432,-120.83478000000001,1075.05017
537.07782,-121.77931000000001,1071.89697
534.75977,-122.72726000000002,1071.49622
533.4776,-123.11091,1072.5743400000001
532.37946,-124.4323,1076.3360599999999
530.9906,-125.32243000000001,1081.04102
529.71887,-126.96896000000001,1088.18494
528.43848,-128.37431,1097.21741
526.88757,-129.85226,1107.53015
524.8605299999999,-131.64944,1118.7804
523.0213,-133.69713000000002,1130.7926
521.28619,-135.55431000000002,1142.979
518.99335,-138.07538,1155.51306
516.56799,-139.79224,1167.9796099999999
514.16638,-141.46471,1179.54504
511.39572000000004,-142.39223,1190.97168
509.19030999999995,-144.0713,1200.6701699999999
506.78314000000006,-145.31679,1209.68506
504.45914000000005,-146.06766000000002,1217.22192
501.26602,-147.46802,1223.5379599999999
499.61203,-147.96014,1228.39343
497.93990999999994,-149.3842,1231.7711199999999
494.96127,-149.80428,1234.5444300000001
493.31729,-151.4437,1235.46704
491.17795,-151.52351000000002,1235.91675
489.64777000000004,-153.09108,1234.99609
488.14157,-154.30992,1232.86572
487.19318,-155.44021999999998,1229.61475
486.56937,-157.50656,1224.98291
486.42572,-159.60495,1219.32043
485.8082,-161.24985,1212.2262
485.29129000000006,-163.61438,1204.06995
485.06185999999997,-165.10376000000002,1194.9351800000002
485.18985,-167.09923,1184.78979
484.43179000000003,-168.81933999999998,1173.51477
483.74139,-170.62561000000002,1161.32751
483.66787999999997,-172.56848,1148.44751
482.55219000000005,-174.44273,1135.4139400000001
481.7254,-176.63943,1121.7553699999999
481.02011,-178.94173,1108.26831
479.70162999999997,-180.13828999999998,1095.86694
478.12674000000004,-180.92783,1084.33545
477.46829,-181.63982,1073.4025900000001
476.27205999999995,-182.54349,1064.40161
475.93698,-183.10031,1057.38062
475.86400999999995,-183.06853,1052.7618400000001
476.27603,-183.19582,1051.005
477.64148,-183.63585,1052.38159
479.79846,-183.77403,1057.0131800000001
480.91278,-183.30948,1064.9519
483.24990999999994,-183.28607,1076.3532699999998
484.73703,-183.0145,1089.80249
486.99957,-182.04253,1105.37524
488.03864000000004,-181.97978,1121.45776
489.79459,-181.81316,1137.96326
490.98193,-181.44821000000002,1154.80273
491.57703,-180.87323,1171.24646
491.28005999999993,-179.84547,1187.53943
491.03415,-179.70442,1202.5416300000002
491.31152000000003,-179.68315,1215.82361
491.31073,-179.33621000000002,1227.97632
491.09512,-179.87769,1238.34021
490.60214,-179.83196999999998,1246.82092
490.55643,-178.9873,1254.63477
491.13779000000005,-178.82005,1259.90625
490.88202,-178.5137,1264.0819099999999
491.7236,-177.88213000000002,1266.56799
491.83865,-177.73439,1267.85266
492.47754000000003,-176.65173000000001,1268.31946
492.73495,-176.10126,1266.82654
492.49997,-175.92776,1265.1936
493.50217000000004,-175.29994,1262.33459
493.78528,-174.28592,1258.56531
494.6138,-173.79817,1252.91833
494.69347999999997,-173.90027,1246.75989
495.99365,-172.86386000000002,1240.12439
495.9707,-172.12381000000002,1232.62122
496.82538,-172.10538,1223.41858
497.3428,-171.09544,1214.81885
497.67117,-170.19894,1205.41797
497.6474,-169.64786999999998,1195.77808
498.03711,-168.70135,1186.77014
497.85312000000005,-167.50095,1177.62769
497.19754000000006,-166.16823,1168.8328900000001
496.63611,-164.66055,1160.58667
496.42855999999995,-162.81268,1152.8659699999998
496.18509000000006,-160.97023000000002,1146.22168
495.38300000000004,-158.51443,1140.06897
494.76669000000004,-156.66248000000002,1135.0813
494.59711,-154.59471000000002,1130.09631
495.17386,-152.65245,1126.19055
495.16240999999997,-151.08316000000002,1123.86646
496.40814000000006,-149.12527,1122.49207
498.3847,-148.05482,1122.20276
499.97295999999994,-146.44005,1124.18225
502.93591,-146.00006000000002,1127.19043
505.61017000000004,-145.13128999999998,1132.22266
507.91953,-144.31861999999998,1138.04248
511.00089,-144.65691,1144.63306
513.40631,-145.20998,1151.87964
516.81042,-145.27338,1160.052
519.50775,-146.34373,1167.22803
522.94379,-147.96101000000002,1174.37585
525.25793,-148.77655,1181.76355
528.07355,-150.19511,1188.30835
529.62695,-151.15007,1194.79297
531.12396,-152.72808999999998,1200.3065199999999
533.30176,-154.11781000000002,1205.01343
535.15417,-155.74913,1209.01855
537.00977,-156.75558,1212.97681
538.43616,-158.64703,1215.72314
539.21741,-159.675,1218.36206
540.9234,-161.49411,1219.9777800000002
542.49719,-163.16138999999998,1221.125
543.26855,-165.57816,1221.12305
544.3431400000001,-166.76606999999998,1220.75879
545.89526,-168.50673999999998,1219.06677
546.92938,-170.26851000000002,1216.45764
547.92157,-172.05382,1213.37256
548.93604,-173.09361,1208.59827
549.63123,-174.25328000000002,1203.45898
550.96704,-175.60007,1196.98999
550.2663,-176.29941000000002,1190.5379599999999
550.86035,-176.2518,1183.41785
551.17767,-176.95174,1176.1309800000001
551.71027,-177.83025,1168.5612800000001
552.17822,-178.19415,1160.6970199999998
551.9124099999999,-178.3663,1153.07056
551.84503,-178.10385,1145.5293
551.08966,-177.2249,1137.93445
550.06628,-176.42241,1130.95496
550.4870599999999,-175.16374,1123.6965300000002
549.6225599999999,-174.20373999999998,1118.04175
549.67993,-172.87526,1112.67505
548.9540400000001,-171.13138,1108.53821
549.526,-170.16365,1105.5148900000002
550.40302,-169.43941999999998,1103.27747
552.28955,-169.71974,1101.95728
554.29089,-169.86921999999998,1102.15149
557.31683,-170.44,1103.3363
560.33844,-170.88586,1106.32605
563.18225,-171.93797,1110.5324699999999
566.88098,-173.31177,1115.95703
570.51245,-174.25894,1121.26428
574.34052,-175.80507,1127.76465
577.8183,-177.30663,1134.43286
581.39862,-178.50896,1141.01355
585.23718,-179.91199,1148.04053
587.78271,-180.76724,1154.95911
591.1474599999999,-181.60786000000002,1161.15076
593.52936,-181.96407,1166.74854
596.00238,-182.24544,1171.3631599999999
598.76044,-182.49623,1175.73303
600.6843299999999,-182.40081999999998,1178.5802
603.16052,-182.16708,1180.53943
605.14276,-181.50958,1182.50928
608.28839,-180.52708,1182.93188
609.974,-180.03436000000002,1182.61218
612.6214,-179.72501,1181.71704
614.5414400000001,-178.81998000000002,1180.12207
617.67261,-177.91893000000002,1177.82373
618.9287099999999,-176.85179,1175.54785
621.36658,-176.17999,1171.8407
622.8208,-174.91238,1167.91382
624.98834,-174.01175,1163.4235800000001
626.4975,-173.46703,1158.453
627.60699,-171.54308,1153.52368
628.6687599999999,-171.12206,1148.56543
629.68317,-169.65900000000002,1144.80798
630.42792,-168.88692,1141.65979
630.03418,-168.15941999999998,1139.70154
630.1932400000001,-167.65607,1138.72742
630.72955,-167.60724,1139.48499
630.97528,-167.70168,1141.4909699999998
631.6234099999999,-168.17743000000002,1144.4856
631.43225,-169.27844,1148.2794199999998
632.3308099999999,-169.77837,1153.03137
632.75165,-171.44333999999998,1159.0791
632.96722,-173.69815,1166.21301
633.02771,-174.97319,1173.7282699999998
633.46381,-176.98448,1181.45496
633.9554400000001,-179.59555,1189.76978
634.24139,-182.23428,1196.92944
634.0105,-184.02834,1204.0217300000002
632.85388,-186.04196000000002,1209.69312
632.95135,-188.31212,1214.3233599999999
632.72003,-190.44853,1217.77344
632.18713,-191.48533999999998,1219.5708
631.3335,-192.70163,1220.06189
631.12244,-193.36377,1218.80408
630.242,-194.42601000000002,1216.15186
629.77905,-194.3535,1212.32678
629.24945,-194.82825,1206.80396
628.24738,-195.55966,1199.896
627.46338,-195.74149,1192.00452
626.52002,-195.76567,1182.57068
625.39703,-196.49426,1171.80225
624.21594,-196.42868,1160.3446
622.0267299999999,-196.0663,1148.06458
620.68817,-197.26146,1133.74292
619.0625,-197.18456,1118.83411
616.54584,-197.46715,1103.52881
614.34198,-196.9929,1087.13428
611.68695,-196.63934,1070.01538
608.59979,-195.68021000000002,1052.0875199999998
605.61047,-194.31541,1034.04431
602.57654,-192.55069,1015.5441900000001
599.40228,-190.33058,997.1781599999999
596.40662,-188.11921999999998,979.5137900000001
593.95807,-185.64473999999998,963.29395
591.53845,-183.08395,948.7565300000001
589.75232,-180.1353,936.43298
587.74402,-177.58553,925.1983
584.6592400000001,-173.08599999999998,915.6149300000001
581.71869,-168.02711000000002,907.6908
577.82953,-162.01186,901.82056
573.74847,-154.78101999999998,898.5319800000001
570.0808099999999,-147.6738,897.19794
565.8731700000001,-139.23384,897.7661699999999
562.37909,-130.94107,900.80713
558.29889,-121.40536999999999,905.98224
555.22687,-111.51703,913.01166
552.96185,-101.08247,921.83783
550.05286,-88.89175,932.0432099999999
549.18677,-77.1767,943.65344
547.64117,-63.920719999999996,956.90845
547.17041,-49.8461,970.3013900000001
547.18256,-36.542429999999996,984.6355
547.00366,-21.54175,999.6039999999999
546.65729,-5.99636,1014.08521
546.55585,9.483130000000001,1028.8762199999999
546.70251,25.81192,1043.32104
547.69244,41.46666,1058.5167199999999
548.4213900000001,58.311119999999995,1073.9705800000002
549.11603,75.39263000000001,1089.96582
550.82855,91.44785,1106.73218
552.00708,107.63277,1123.54663
553.08002,124.27498,1141.1286599999999
554.60321,139.27743999999998,1158.78406
555.71527,153.90649,1176.34619
556.1499,167.85443,1193.7168
556.52283,181.57028,1210.9256599999999
557.1394700000001,194.0062,1228.2182599999999
557.39508,206.17067,1245.43372
557.57642,217.54326,1262.24219
556.7040400000001,228.49993999999998,1279.57458
556.6947,238.26404,1296.83728
556.30334,247.21344,1314.0448
555.7674599999999,254.51023999999998,1331.1779800000002
555.62262,261.57742,1347.92627
555.22382,267.18737999999996,1364.2417
554.68097,271.52551,1380.05322
554.28375,274.43689,1394.76428
552.81287,277.00256,1408.97559
551.90497,277.74323,1422.79224
550.54138,277.69113,1435.35168
549.22577,276.58432,1446.81909
548.2229,274.98587000000003,1457.24133
546.05902,272.48416000000003,1466.39868
544.9978,270.15497,1474.42676
544.21582,267.75681000000003,1479.87939
543.6713900000001,265.66537,1482.77148
541.65662,265.54822,1483.28137
540.03925,266.11664,1480.80823
539.1408700000001,267.96558,1476.16479
537.4873,270.40607,1469.38318
536.68329,272.50424,1460.69312
535.8041400000001,274.89014,1449.96936
535.0133099999999,276.34528,1437.2409699999998
534.5762900000001,277.45386,1423.1838400000001
534.1301900000001,277.08688,1407.34229
533.79285,275.64932000000005,1389.76172
533.28894,272.7374,1371.41174
532.4074099999999,268.43552,1351.37842
531.69489,262.58437999999995,1330.38196
529.7973,255.29065,1308.84705
528.5129400000001,246.35927999999998,1286.40881
526.90619,235.92377000000002,1263.5847199999998
524.87238,224.16006000000002,1240.29907
523.63586,210.64525,1216.6934800000001
520.77728,196.54843,1192.92126
519.8618799999999,180.72797,1169.15552
518.2334,164.00714,1145.49121
515.4979900000001,147.29245,1122.27136
513.43884,128.68864,1098.48108
510.51755,109.72516999999999,1075.50293
508.49774,90.23528,1052.46973
506.13815,69.95779,1029.9379900000001
503.94266,49.60437,1008.4611199999999
501.89365,27.652820000000002,987.1832300000001
500.14273,6.21419,966.8894
498.63358,-14.06246,948.6760300000001
498.09204000000005,-34.62764,930.77307
496.99799,-54.74581,915.0811800000001
496.31357,-74.0627,899.2738
496.6312,-90.6654,885.5214800000001
497.13555999999994,-105.73682,873.2713
497.40146,-118.56889,862.37054
498.43454,-127.37353,854.2125199999999
499.79211,-133.76674,848.67145
500.71407999999997,-135.74466,848.02936
502.07693,-135.16273,850.2062400000001
503.87457,-130.83307,855.1904300000001
505.28560999999996,-123.92358,863.1734
506.71939000000003,-113.79101999999999,873.40155
508.43197999999995,-100.72513000000001,886.323
509.19385,-86.58908000000001,901.37817
509.56557999999995,-70.27405999999999,917.96613
510.67807,-52.829069999999994,936.2216800000001
511.51147000000003,-34.453959999999995,955.15631
511.7041,-14.80352,975.49323
513.26428,5.5484599999999995,996.71729
512.76666,25.92441,1018.25165
513.43829,47.12252,1040.1574699999999
515.63464,67.49371,1062.76147
516.17627,88.53697,1085.97974
518.21027,107.85995,1108.54834
519.3855599999999,127.62872,1131.92896
519.63837,146.83417,1156.04236
521.00037,163.54963999999998,1178.94141
521.86798,179.65221,1202.0374800000002
522.6229900000001,195.10896,1225.72705
523.81787,209.31393,1248.33984
524.59265,221.97974,1271.4668
526.1322,233.61832,1293.4754599999999
526.5523099999999,244.56726,1315.49548
528.08453,253.8324,1336.6076699999999
528.11163,262.9975,1357.41333
528.50525,270.21552,1377.30957
528.70642,276.23615,1396.81323
528.49091,280.71039,1415.91479
528.5700099999999,283.83221000000003,1434.45337
528.5255099999999,285.8493,1452.18481
528.31458,286.25034,1469.08813
528.49719,285.3616,1484.93286
528.0697,283.06375,1499.59167
528.37006,279.59824,1512.9646
528.54095,275.06427,1524.8875699999999
528.51141,270.09842000000003,1535.83276
528.4018599999999,264.77367999999996,1545.12927
528.5675,259.26523,1552.9978
528.53113,254.01053,1559.36218
528.89502,249.76639,1563.21741
528.93683,247.37126,1565.0335699999998
528.9263900000001,246.53707999999997,1564.6190199999999
528.16522,247.95685,1562.31177
527.85895,250.49802000000003,1557.8256800000001
526.83008,254.30183,1551.60229
526.88135,258.59311,1543.68884
525.97943,263.4072,1534.10352
525.55109,267.46036000000004,1522.57654
524.63422,271.47342000000003,1509.42334
523.41675,274.28897,1494.12793
521.55762,276.06808,1477.35181
519.62842,276.31345,1458.8499800000002
516.7691,275.13086,1438.98755
512.82538,272.56273999999996,1418.1187699999998
508.83435,267.51974,1395.54333
503.5423,261.36716,1372.56592
498.41967999999997,253.4796,1349.06396
492.78885,244.60141000000002,1324.77393
487.13527999999997,233.52602000000002,1300.07446
480.90369000000004,222.0211,1275.00171
474.04779,209.65953000000002,1249.95886
468.25854000000004,195.50708,1223.7065400000001
461.42303,180.79074,1197.7930900000001
455.92123,164.09900000000002,1172.19666
448.90117999999995,146.36761,1146.12
441.7594,127.73172,1120.13501
435.95169000000004,108.10797,1094.28235
428.12399000000005,87.69829,1069.5773900000002
421.97490999999997,65.70571,1045.38611
415.71402,42.388870000000004,1022.00049
408.78351000000004,18.17827,998.84796
402.39355,-5.93895,977.53571
397.37667999999996,-30.01626,957.0687300000001
392.54907000000003,-54.17867,937.49225
387.42114,-77.47099,920.3187300000001
384.39044,-100.54126,903.9318199999999
381.16156,-122.23037,888.8513199999999
378.19022,-143.13841000000002,875.32489
375.24242999999996,-162.0144,865.03674
373.12286,-180.15141,855.6406900000001
370.15515,-195.12286,849.67804
365.17435,-208.50285,847.61786
360.15866,-218.1257,848.4789400000001
353.28955,-223.35454,853.1386699999999
346.35175,-224.95337,859.81635
337.53345,-223.49122999999997,869.23401
328.14133,-219.72156,881.2572
316.94772,-214.53402999999997,895.47192
305.14005,-208.46025,911.27734
291.06799,-201.43465,928.91364
277.11197000000004,-195.04419,946.6393400000001
261.07315,-188.63741000000002,965.72833
245.6178,-182.15526,985.1615
229.50212000000002,-174.98019,1004.7501199999999
212.8222,-167.76587,1024.67505
196.83563,-160.09836,1045.3645
180.64154,-152.49275,1065.9375
164.50063,-144.30632,1087.45703
147.60861,-136.56535,1109.02747
131.59447,-129.24008,1130.99268
116.24633,-122.87963,1152.24268
101.14622,-117.02985,1174.2384
86.68073000000001,-110.83693999999998,1195.46619
72.98764,-105.94346000000002,1216.90039
59.92909,-100.63068,1238.14697
46.992490000000004,-96.47176999999999,1259.02246
36.409240000000004,-93.27149,1279.90039
26.11299,-90.51997,1300.0883800000001
15.79909,-88.18351,1320.96936
8.146360000000001,-86.89741,1339.95313
0.8186899999999999,-85.79921999999999,1358.89819
-5.90264,-85.79409,1377.72327
-11.6948,-85.96106999999999,1395.95056
-17.063579999999998,-86.05853,1413.63501
-20.43767,-88.35081,1430.29199
-22.821379999999998,-89.93616,1446.24036
-24.64099,-92.43506,1461.58081
-25.0841,-95.72207,1476.05127
-24.64035,-99.51924,1489.50989
-23.48847,-103.84335,1502.18164
-21.9508,-108.60378,1513.5562699999998
-19.049979999999998,-113.93046000000001,1523.50378
-15.845310000000001,-119.4032,1532.59839
-11.403310000000001,-124.77363999999999,1540.42249
-7.10037,-130.18724,1546.93579
-2.33478,-135.54124,1552.05469
1.55446,-140.11911,1555.17053
3.98803,-144.14851000000002,1556.62341
4.621,-148.17989,1555.63281
3.41551,-151.72505,1553.16003
0.33833,-154.40617,1548.38
-4.19104,-156.92141999999998,1541.76404
-9.61099,-158.2009,1533.39294
-15.55657,-159.76426999999998,1522.83899
-21.60466,-160.82439,1510.51514
-27.377090000000003,-162.35074,1495.95776
-31.86259,-164.19052,1479.7561
-35.39649,-166.24966,1461.4165
-37.2945,-169.03479,1441.69666
-37.445029999999996,-172.63945,1420.71851
-36.24386,-177.18953,1398.78369
-33.49836,-182.59877,1375.78235
-28.412940000000003,-188.76027,1351.6449
-22.45091,-195.96503,1327.75659
-15.19258,-203.06166000000002,1303.57324
-6.2869,-210.33334,1279.22742
4.71603,-219.05766,1255.14905
16.742929999999998,-227.41859,1231.1046099999999
30.19769,-236.657,1207.04102
45.15805,-245.99966,1183.57996
61.243869999999994,-255.82358,1159.98694
79.07793000000001,-265.73357999999996,1136.90332
97.09855999999999,-276.36139,1114.02246
116.59526000000001,-287.24695,1091.7949199999998
137.746,-297.58737,1069.67419
158.06628,-308.13342,1048.30359
179.30473,-318.21643,1027.88208
201.0332,-328.55062999999996,1008.0523699999999
222.26054,-338.75023999999996,988.7453
244.55504,-347.39432,970.5839800000001
265.9765,-355.35831,953.43884
286.89185,-363.01721000000003,937.3692
304.88306,-369.55731000000003,922.40656
324.57227,-377.01205,907.5889300000001
341.24149,-383.03491,894.47144
355.08954,-388.76959,881.87555
367.19626,-393.63268999999997,870.07971
376.58313,-397.8414,859.55438
384.5105,-402.56424,850.9603900000001
389.14825,-405.91226,844.72327
389.66229,-409.48724,840.8421
386.3541,-410.57892000000004,840.5166
380.38031,-411.24008,842.13855
371.80179,-411.53912,846.8715800000001
361.35318,-411.10175,854.03729
349.13461,-410.28488,862.9132099999999
336.00934,-410.12784,875.10327
321.51636,-409.65979,888.8399
305.94943,-410.23581,904.8969699999999
289.41162,-409.9801,922.4078400000001
272.4386,-409.82367,941.0944800000001
256.01758,-409.85617,960.2238800000001
238.10706000000002,-409.06403,980.41895
220.73116000000002,-409.09552,1001.04938
203.27205,-407.84921,1021.7863199999999
184.90544,-406.27896,1043.2618400000001
166.69799999999998,-404.81427,1064.30176
148.67438,-402.70099,1085.54822
131.31163,-400.69012000000004,1107.15234
114.02003,-397.99146,1128.9315199999999
98.18423,-395.98407000000003,1150.73401
82.18304,-392.60413,1172.89282
68.35547,-390.34595,1194.29956
54.53605,-387.7496,1216.38391
41.92131,-385.65295,1237.92163
30.574820000000003,-383.40656,1259.5692099999999
19.88198,-380.45419,1280.46521
10.959539999999999,-377.81619,1301.25964
2.54359,-374.98752,1321.8192099999999
-4.6399,-372.20935,1341.84595
-10.92418,-369.85657000000003,1361.0023199999998
-16.20516,-367.22455,1379.84094
-20.51746,-364.89694,1397.99036
-23.47895,-362.42017000000004,1415.4165
-25.295070000000003,-360.33945,1431.63391
-25.83193,-358.72479,1447.2835699999998
-25.5025,-356.84381,1461.91699
-23.97295,-355.21344,1475.83521
-21.37724,-353.41162,1488.58301
-17.82242,-351.69907,1500.40771
-13.288229999999999,-349.89569,1511.3762199999999
-8.49875,-347.74219,1520.97485
-2.2734,-346.11517000000003,1529.4194300000001
3.6375300000000004,-343.90002000000004,1536.8065199999999
9.00037,-342.12631,1541.25842
13.64449,-339.62973,1544.2518300000002
16.671879999999998,-337.12531,1544.6680900000001
17.63635,-334.3996,1543.50098
17.4417,-330.94885,1540.41541
16.35986,-328.27121,1535.56409
13.917689999999999,-324.5853,1529.67688
11.03368,-320.42294,1522.18958
8.00101,-316.23073999999997,1513.23047
5.879659999999999,-312.33648999999997,1502.8429
4.31056,-308.1499,1491.38647
3.3174699999999997,-304.00296000000003,1478.36255
3.61469,-300.08029,1464.14087
4.88563,-296.45444,1448.83875
8.40548,-293.86304,1431.9995099999999
13.315179999999998,-291.82452,1414.25305
18.72511,-290.36682,1395.74988
26.82896,-290.10553,1376.24597
35.36942,-289.74313,1356.52686
44.912690000000005,-290.24585,1336.29871
55.525659999999995,-291.11435,1316.0036599999999
67.19202,-292.72339,1295.5238
79.6496,-294.78189,1274.52234
93.21461,-296.77872,1253.70569
107.52336000000001,-299.37448,1231.80688
122.65928000000001,-302.12302,1210.88599
137.99403,-305.0621,1189.96143
153.91431,-307.98499,1169.0018300000002
170.13326,-310.94595,1147.83044
187.41306,-314.63678,1126.49695
204.192,-317.64517,1105.4209
221.55157000000003,-320.8764,1083.95166
240.30057000000002,-324.56662,1062.6550300000001
257.53128,-327.87192000000005,1042.06091
275.90878,-331.0672,1021.69379
293.42287999999996,-334.02042,1002.91583
311.24298,-335.96738,984.0477900000001
328.49075,-338.38461,967.43854
345.46652,-339.95462000000003,951.58246
362.54666000000003,-340.62387,937.8266
378.59555,-342.09061,924.5867300000001
393.38309,-341.61053,914.74048
407.4498,-342.90936,905.6264
421.41998,-344.31921,898.80804
433.35324,-344.79467999999997,894.5116
445.25299,-345.48328,891.09454
456.07404,-346.25629,890.7749
465.11649000000006,-347.18436,891.28717
473.6702,-347.74252,895.48767
480.05377000000004,-347.52869,901.4032599999999
486.15179000000006,-346.84937,908.5332599999999
490.56710999999996,-345.94302000000005,917.16443
493.43542,-344.34653,928.6839
495.86526,-341.88669,940.2637300000001
497.70993,-339.88873,952.90234
498.99512000000004,-337.49054,965.62103
499.95847000000003,-335.21218999999996,978.85907
500.69012000000004,-332.68066,991.50946
500.65689000000003,-330.05199999999996,1004.02856
500.63885,-328.2106,1015.8502800000001
500.72860999999995,-326.71722,1026.68542
500.29474000000005,-325.0701,1036.97266
499.91695999999996,-323.93155,1046.1427
498.72472999999997,-323.03082,1054.61584
498.65945,-322.49606,1062.74731
497.28262,-321.52689,1069.75781
497.20721,-320.37054,1075.5177
496.7757,-319.52533,1080.7254599999999
496.51761,-318.54227000000003,1085.90662
496.35727,-317.78787,1090.17688
496.79807,-318.21555,1093.0190400000001
497.44640999999996,-318.58667,1094.97925
498.09634000000005,-319.03857,1095.505
498.99429000000003,-319.98245,1095.81421
500.84517999999997,-321.72393999999997,1094.41357
502.40230999999994,-322.35294,1091.94385
503.65396,-322.69296,1089.5289300000002
505.78,-323.9682,1085.7866199999999
507.32718,-325.40512,1081.53113
509.16232,-327.27407999999997,1076.05945
511.43505999999996,-328.4559,1070.4423800000002
512.36731,-329.63239,1064.53296
513.52301,-330.86826,1057.51526
514.52716,-332.53418,1051.88525
515.58917,-334.51794,1045.53528
516.83521,-336.04037,1040.41406
517.4820599999999,-336.67908,1036.28333
519.8286099999999,-337.64706,1032.00586
521.28265,-338.36472000000003,1029.2711199999999
522.87152,-339.1391,1027.46985
524.12421,-338.72067000000004,1026.52576
524.8240400000001,-337.97205,1027.92773
526.5658,-337.03192,1030.79224
527.7182,-335.32101,1036.55103
529.11212,-332.9668,1044.47034
531.79834,-331.38287,1052.80835
533.65076,-327.82842999999997,1064.25708
535.75128,-323.47659,1076.8233599999999
539.30444,-319.91916000000003,1089.30725
541.17426,-315.54602,1103.56189
544.30408,-311.87399,1117.32861
546.34882,-307.64972,1131.4754599999999
548.48505,-304.11197000000004,1144.58533
550.31787,-300.8244,1157.75989
551.8756099999999,-298.36102,1169.66052
553.46313,-295.48013,1181.20679
555.12,-294.03192,1191.02869
556.18683,-292.63525,1199.42175
557.80188,-291.1633,1206.91028
558.54486,-289.79962,1213.11719
559.25494,-289.18341000000004,1217.79626
561.44507,-289.20673,1220.64783
562.3616900000001,-288.97235,1221.51746
564.1906700000001,-289.17438,1220.78857
566.23077,-290.17355,1218.65112
568.58508,-291.49622,1214.479
570.1052900000001,-292.72037,1209.68738
572.37445,-294.34949,1203.35718
575.3526,-296.28656,1195.60376
577.6451400000001,-298.10135,1187.87646
583.20532,-302.88482999999997,1177.05261
585.13818,-305.31113,1166.19739
587.63184,-308.17419,1155.20227
592.60339,-312.55014,1141.63318
597.1270099999999,-316.84738,1127.38965
601.5783700000001,-321.74179,1112.31506
606.00958,-326.2757,1096.44104
609.68005,-331.71744,1080.43823
615.11554,-338.58797999999996,1062.33533
619.36084,-345.79456,1045.15771
623.33636,-353.07376,1027.12341
626.2452400000001,-360.2352,1009.9816300000001
629.83002,-367.97226,993.2946800000001
635.08026,-376.52106000000003,976.50989
635.98724,-382.08344,963.02728
637.61316,-387.94277999999997,951.5383300000001
639.7800900000001,-393.87908999999996,941.27234
639.95325,-399.17163,934.3494300000001
640.86719,-403.31167999999997,929.9639300000001
639.9462900000001,-407.54602,929.58295
638.18439,-410.60666000000003,932.5391800000001
637.1132200000001,-412.18607000000003,938.99603
632.61719,-412.59207000000004,949.3621800000001
629.1843299999999,-412.49982,961.6008300000001
624.0296,-412.30624,975.9913300000001
619.06317,-410.86374,992.0708599999999
613.4462900000001,-409.45996,1009.36548
608.16675,-407.83243,1027.68335
602.28912,-405.78146,1047.12878
596.73584,-403.75616,1067.0
591.1120599999999,-400.27676,1087.33508
,,
580.93579,-394.16687,1128.69434
575.97522,-389.68829,1149.26074
571.91254,-385.68289,1170.16345
567.48047,-381.20837,1190.60925
564.98199,-377.17992999999996,1210.7120400000001
561.4054,-373.45108,1230.54541
560.1743799999999,-370.44858,1249.93811
558.04932,-367.83133,1267.8256800000001
557.5127,-365.57626,1284.4574
556.69415,-364.17374,1300.03101
557.60291,-363.73717999999997,1313.5968
558.21765,-363.53302,1325.43689
558.53271,-363.9957,1334.62476
558.30829,-364.18698,1342.58972
559.0871,-365.608,1346.73474
559.7987099999999,-366.48389,1348.92517
561.1514900000001,-365.97137000000004,1348.77856
561.56024,-366.33591,1346.92834
560.29785,-365.27966000000004,1343.66101
561.31305,-364.76715,1338.51233
560.1676,-363.83405,1332.02002
560.96411,-362.87271,1323.93689
561.63525,-362.1785,1314.37512
561.64557,-361.35397,1303.89526
562.89465,-361.63705,1292.4032
563.4978,-361.21677,1280.5144
565.85004,-361.96066,1267.0127
566.24579,-361.74695,1253.69885
568.8496700000001,-363.18073,1238.79187
569.3781700000001,-363.67093,1224.47717
571.13647,-363.90088,1208.44141
573.73175,-365.75397000000004,1191.45447
577.80402,-367.25772,1174.63306
580.29211,-367.76959,1158.49548
584.14142,-369.52765,1142.60876
587.26532,-370.83716,1128.33325
590.9669200000001,-373.5896,1114.87903
594.1317700000001,-376.74844,1102.60876
596.72156,-379.74884,1091.84717
599.47406,-383.20724,1080.95947
602.78125,-386.16284,1071.28125
604.88391,-389.88608,1062.30103
607.28345,-393.12143,1054.73315
609.4931,-395.81143,1048.50818
610.08911,-397.30048,1044.72815
611.7653799999999,-401.30029,1042.20215
611.30603,-402.69597999999996,1042.5968
611.95123,-406.00754,1046.02026
611.92761,-408.91922,1050.5999800000002
611.34778,-411.97815,1058.15942
610.3698099999999,-413.79767000000004,1067.96875
610.78156,-416.436,1078.50549
610.03479,-418.98467999999997,1090.6368400000001
609.08905,-420.32129000000003,1103.15588
608.9092400000001,-421.08385999999996,1116.29529
608.7522,-423.44183,1129.83325
607.87823,-424.43289000000004,1144.00867
607.51404,-425.38333,1158.30273
607.3421599999999,-426.92965999999996,1172.1340300000002
606.91614,-428.30154000000005,1186.4824199999998
606.2133200000001,-429.08179,1199.83215
605.41754,-430.56795999999997,1213.34644
605.17035,-432.07178,1225.04688
604.42975,-433.22479000000004,1236.6842
605.41791,-435.98553,1246.47937
604.7179,-436.875,1255.7319300000001
605.2181400000001,-438.07434000000006,1262.48071
605.47144,-439.46480999999994,1268.05103
605.6842,-439.38680999999997,1272.05737
606.46484,-439.7641,1274.04089
607.43109,-440.00347999999997,1274.41772
608.14001,-439.04944000000006,1273.92871
608.84625,-438.3208,1271.27197
608.7395,-437.45648,1268.0011
609.0955799999999,-436.67334000000005,1262.7949199999998
609.61255,-435.62143,1256.02808
609.0459,-433.91718,1248.73499
609.13702,-432.42282,1239.5304
608.3145099999999,-430.8963,1229.83716
607.89136,-429.05785999999995,1218.04053
608.146,-426.87222,1205.69458
608.98676,-424.57437000000004,1191.29175
610.04742,-420.98392,1176.0451699999999
609.49622,-419.71429000000006,1160.67932
611.59235,-415.26193,1141.65076
609.2800900000001,-414.57806,1124.0167199999999
610.30255,-411.7951,1105.6245099999999
609.81384,-409.50449,1085.42871
609.4810200000001,-407.47992,1065.6554
608.48383,-404.47873,1047.3313
607.9696,-402.42868,1029.29041
605.68579,-399.27203,1013.5474199999999
603.9436599999999,-396.90732,999.46265
601.8252,-394.47888,988.5682400000001
598.40198,-391.6156,980.20215
594.48096,-389.08621,975.5894800000001
589.81958,-386.52292,975.4511699999999
586.49835,-384.73044,978.9743699999999
583.5459599999999,-383.83737,986.30286
580.77588,-382.93912,997.9472699999999
579.18048,-384.01959,1011.0374800000001
578.61774,-385.45862,1026.2138699999998
579.2912,-388.80215,1042.31091
579.92725,-392.0098,1059.60486
581.25226,-396.16055,1077.52673
582.4003299999999,-399.59792999999996,1094.11511
586.5153799999999,-402.58377,1111.70825
590.2617799999999,-406.06125,1128.3243400000001
595.02997,-408.71591,1145.81152
598.44147,-412.2623,1161.86975
602.9707,-414.5257,1177.93091
606.48358,-417.27185,1194.36694
609.52057,-418.26846,1209.72083
612.12128,-419.14346,1224.3250699999999
613.90997,-419.30823,1237.58862
615.1198099999999,-419.24661000000003,1250.0805699999999
615.7099,-418.40767999999997,1261.40381
616.61328,-417.8692,1271.89185
616.94922,-416.65112,1280.99475
614.9820599999999,-414.83917,1289.0105
614.86096,-413.16823999999997,1296.63965
612.7699,-411.0921,1303.26819
611.7163099999999,-409.80388999999997,1309.11609
609.13123,-407.20679,1313.70276
606.1480700000001,-404.9856,1318.65649
604.30865,-402.70645,1322.0332
602.37738,-400.09555,1325.1268300000002
599.98175,-397.6358,1327.29846
597.49719,-394.38794,1328.63806
593.85461,-391.95691,1329.31445
590.5595099999999,-389.14224,1328.20361
586.73523,-386.45166,1326.21802
582.25085,-384.40783999999996,1324.26196
578.40271,-382.24478,1320.99121
575.0201400000001,-379.9198,1316.66309
571.315,-376.72891,1311.70435
568.49542,-374.58078,1305.4624
564.55237,-370.87967000000003,1299.1095
561.06531,-368.54202000000004,1292.01465
561.36145,-364.06305,1283.40845
555.74115,-362.66794,1276.5658
555.89581,-358.47501,1267.23035
549.76727,-356.90121,1258.62537
547.3939799999999,-353.95407,1249.16931
543.15045,-349.8002,1239.91907
539.05243,-345.55276000000003,1230.86646
537.37347,-342.56696,1221.41956
534.4862099999999,-339.47549,1213.39624
530.74573,-335.69772,1206.5860599999999
528.3183,-331.80838,1201.14832
526.0896,-328.54684,1196.86304
524.02496,-325.017,1194.25977
522.16827,-321.40753,1193.5194099999999
520.4508099999999,-318.06885,1194.20166
519.6447099999999,-313.6221,1195.74548
517.80444,-310.0174,1198.80359
517.53754,-306.39377,1202.51892
518.53851,-302.74237,1207.52417
517.06525,-298.79352,1213.0448
516.27972,-295.42917,1219.38928
515.72845,-292.66937,1226.00378
515.95905,-290.76364,1232.87585
514.28259,-287.9801,1241.18311
513.3172599999999,-286.56023999999996,1249.44604
512.02271,-285.8205,1257.47302
509.18465999999995,-284.25381,1265.57861
507.48760999999996,-283.83344,1272.9502
504.93265,-282.89867999999996,1279.98938
502.44597999999996,-282.40424,1286.16064
500.80484,-281.79193,1290.79895
497.93115,-280.0452,1294.19128
495.17279,-278.69372999999996,1296.3940400000001
492.02499000000006,-277.88071,1296.8894
489.89569000000006,-276.43576,1295.7133800000001
485.50647000000004,-274.39432,1294.31775
483.97775,-274.06485,1290.23828
481.19028,-272.30688,1285.1261
,,
474.09835999999996,-268.73325,1272.6965300000002
472.13498,-266.9472,1264.41772
467.29125999999997,-264.4082,1255.94202
465.92847,-263.26385,1245.46631
463.04967999999997,-259.89963,1234.70361
460.58054000000004,-257.24744,1222.48694
457.24796,-253.8723,1210.01575
454.10900999999996,-250.10342000000003,1196.37256
450.22754000000003,-246.57577999999998,1181.92761
446.17175,-242.72137,1166.51953
442.15762,-237.94067,1151.91479
438.55481,-233.12509,1137.02808
435.80005,-227.8701,1123.37183
431.51328,-221.89007999999998,1112.60498
427.88277999999997,-214.72026,1103.98047
423.9538,-207.52518,1097.8940400000001
420.22659000000004,-200.10515,1095.44751
416.10181,-192.05336,1095.1947
412.19955,-183.51637,1097.7169199999998
408.07523,-176.01547,1102.21228
406.42862,-168.99832,1107.98035
405.00142999999997,-162.35851,1116.32373
402.79617,-156.10943999999998,1125.99207
400.46735,-150.91888,1136.703
399.1608,-146.12509,1148.22449
399.00815,-142.38166999999999,1160.25317
395.40808,-137.48511000000002,1173.2247300000001
396.17511,-135.42029,1184.64868
395.26044,-132.35437,1195.9692400000001
394.69864,-130.47223,1207.09167
393.97211,-128.82962,1216.62671
394.23691,-126.75668999999999,1225.81592
394.07581,-125.27807,1233.7437699999998
393.30713,-123.90596000000001,1240.81409
393.11037999999996,-122.89125,1246.29724
393.50421,-121.67399999999999,1250.85071
394.69687000000005,-120.95853000000001,1253.56604
394.87119,-119.79529,1255.73145
396.18079,-119.62208999999999,1255.9819300000001
396.50067,-118.62353999999999,1255.51331
397.44324,-117.69252,1254.698
398.91901,-117.34768999999999,1251.83826
400.04672,-116.35177,1248.12158
400.81519,-115.21038,1244.05896
401.80371,-113.68751999999999,1239.01514
403.10101000000003,-112.93055,1232.59644
404.89371,-111.72058,1225.14709
406.09067000000005,-110.31273,1217.37195
407.70996,-108.9621,1208.10913
409.97241,-107.32941000000001,1198.33447
411.53754,-106.73338999999999,1187.29846
413.93677,-105.09987,1176.35059
414.98013,-103.63563,1164.41138
417.2298,-101.90606,1151.04651
418.61789,-100.20058,1138.95056
420.29547,-98.58305,1126.05151
422.01180999999997,-96.36753,1114.72229
424.12863,-94.56052,1103.85583
426.31420999999995,-91.98889,1094.9379900000001
427.90649,-89.56846999999999,1088.1059599999999
430.56960999999995,-86.40779,1082.49707
433.49664,-83.41672,1078.93176
436.11040999999994,-80.16681,1077.71118
440.59372,-77.25098,1078.80127
443.46252000000004,-74.18012,1082.25354
446.81912,-71.57674,1088.0919199999998
450.88372999999996,-69.47435,1095.78064
454.76398,-67.00336999999999,1105.5798300000001
457.39807,-64.99155999999999,1116.93445
462.08633,-63.6077,1129.99243
466.09213,-63.19905,1142.52075
468.17874000000006,-61.700680000000006,1156.94958
472.30072,-61.79108000000001,1170.36804
475.01932,-61.86809,1183.8288599999998
478.28702000000004,-62.214940000000006,1196.8728
480.2142,-62.54274,1208.82031
482.7912,-63.442640000000004,1220.59351
484.57852,-64.2644,1230.0811800000001
486.73425,-65.04178,1238.72705
487.79812999999996,-65.71911,1246.13904
489.78342000000004,-67.19436,1251.58948
491.3215,-67.87534000000001,1256.3538800000001
492.71502999999996,-69.00945,1259.05872
495.07407,-70.6888,1260.37488
496.70727999999997,-71.46424,1261.1084
498.62747,-73.55839,1259.8895300000001
500.28185999999994,-74.97159,1257.53528
502.51627,-76.80356,1254.28552
504.38165,-78.3468,1249.86523
506.60860999999994,-79.79472,1244.63293
508.74237,-81.98465,1237.58923
511.11365,-83.27394,1230.27722
513.1992799999999,-85.04971,1221.43994
516.1062,-86.67709,1211.85303
518.3106700000001,-88.32629,1201.34595
520.78967,-89.9835,1190.3840300000002
523.46796,-91.64742,1178.05908
526.22412,-93.97115,1165.5354
528.69135,-95.89758,1153.08447
531.27985,-97.67519,1140.35913
534.21985,-99.48943,1128.51196
536.9691799999999,-100.98905,1116.80371
538.90887,-101.22352,1105.2451199999998
541.79382,-102.11994,1095.37073
544.72998,-102.54788,1086.5678699999999
547.1309200000001,-102.63904000000001,1078.63257
550.47455,-102.99577,1072.15369
552.91345,-102.83418,1067.41321
556.7275400000001,-103.77496,1063.92834
560.48761,-104.38792,1062.85486
564.32166,-104.75556999999999,1063.92322
568.72241,-105.63305,1066.86609
573.07452,-107.04891,1071.56409
576.67242,-108.79472,1079.32227
580.61615,-110.05721000000001,1088.66626
583.68152,-111.14399999999999,1099.16309
586.72131,-112.74936000000001,1111.18689
588.77893,-113.7902,1123.9387199999999
591.16968,-114.82363000000001,1137.19092
593.31036,-116.11326000000001,1150.27649
594.27411,-116.31582,1163.24475
596.05621,-117.04847,1175.23669
596.9635599999999,-117.85226999999999,1186.61438
597.18652,-117.6398,1196.9411599999999
597.85663,-117.5841,1205.58252
597.81073,-117.54552,1212.69385
597.97308,-117.27821999999999,1218.5516400000001
598.23376,-116.85606999999999,1222.7192400000001
598.55084,-116.34265,1225.2874800000002
598.09985,-115.65857,1227.0194099999999
598.13416,-115.57909,1226.95264
597.95575,-115.45476000000001,1225.26599
597.86511,-115.57847,1222.99219
597.55109,-115.91221999999999,1219.1499
596.95068,-116.40437,1214.46313
597.73077,-117.48398,1208.50024
597.3319700000001,-117.44675,1201.84216
596.51343,-117.84956000000001,1193.81409
596.5575,-118.08418999999999,1185.16772
595.6734,-117.54986000000001,1175.16553
595.18213,-117.61406000000001,1164.6467300000002
593.81372,-116.96718999999999,1153.76929
592.8656599999999,-116.87907,1142.44153
592.75885,-116.96706999999999,1130.1554
590.94116,-116.7001,1118.94751
589.36182,-116.6797,1108.45166
587.61993,-116.29739,1098.78394
585.39319,-116.03055,1090.2381599999999
583.8093299999999,-115.90999,1083.01135
582.11737,-115.47288999999999,1078.2332800000001
581.03571,-115.04977,1074.6073
579.59546,-114.97291000000001,1072.34644
577.92511,-114.78284,1071.73523
576.4663099999999,-114.25953999999999,1073.52124
575.3215299999999,-114.14026000000001,1076.4115
574.78558,-114.16373999999999,1081.66443
575.0794099999999,-114.97612,1087.8147
574.78632,-114.98668,1096.0764199999999
574.79517,-115.52306000000002,1105.12842
575.57239,-116.28367,1115.31885
576.36108,-117.24316,1125.72791
576.04016,-118.04956999999999,1136.10974
576.13995,-117.77298,1146.16687
576.6411099999999,-118.19707,1155.40686
576.5011599999999,-117.31908999999999,1163.5728800000002
576.32983,-117.77677,1170.37
575.6411099999999,-116.97272,1175.79895
575.56714,-116.20361000000001,1179.67615
575.909,-115.79656999999999,1182.05383
575.9798599999999,-115.63492,1183.08228
576.59839,-115.5641,1182.80676
577.68701,-115.15733999999999,1181.39697
578.34045,-115.04816000000001,1179.3573
579.0502299999999,-114.94469,1176.33655
580.45239,-114.68095,1172.24316
581.22021,-114.79356000000001,1167.44226
582.46942,-114.60094,1161.74707
583.96155,-114.6338,1155.00012
584.9848599999999,-115.77823000000001,1146.95959
586.10516,-114.41936000000001,1138.43481
588.0177,-115.68623999999998,1128.91833
590.13708,-115.69192,1118.6159699999998
591.3551,-115.84958999999999,1108.5372300000001
592.3967299999999,-116.62178,1098.36377
593.62482,-116.61205,1089.42004
595.02454,-116.76236999999999,1080.98352
596.31683,-116.52901000000001,1074.28857
597.72144,-117.04253,1068.68652
599.4201,-117.85861000000001,1063.82068
601.3136,-117.68366999999999,1061.23718
604.4549599999999,-119.42626000000001,1059.13574
605.4508099999999,-120.69193999999999,1059.3429
608.20435,-121.69357,1060.7309599999999
610.96466,-123.49302,1064.00842
613.33435,-125.94623999999999,1068.4209
614.46515,-127.22343000000001,1074.9314
616.4000900000001,-128.91151000000002,1082.5629900000001
617.62531,-130.71465,1090.7699
617.9679,-131.24791000000002,1099.85083
618.67224,-132.19257,1108.72607
619.42975,-132.96563999999998,1117.12207
619.42773,-132.67558,1125.0012199999999
618.8525400000001,-132.94124,1131.9054
617.92981,-133.03383,1137.3573
615.84613,-132.50751,1141.42004
613.42963,-131.99023,1144.03101
610.66522,-131.49007,1144.44629
607.5794099999999,-130.85278,1143.55054
604.08069,-130.13194,1141.41919
600.36084,-129.7851,1137.80225
596.53857,-128.83127,1133.27319
593.59595,-128.32596999999998,1127.8798800000002
588.64777,-127.20322,1121.90784
585.60382,-127.8419,1114.7644
580.45313,-127.01563999999999,1109.79871
575.0523099999999,-126.7313,1103.59827
570.38544,-126.80875,1098.43335
565.41315,-127.30403000000001,1094.04065
560.17047,-127.68245,1090.2423099999999
554.48297,-127.42732,1086.74109
549.4032,-128.85263,1084.05249
545.24731,-130.20441,1083.0263699999998
541.19879,-131.36012,1082.4669199999998
537.52167,-133.06361,1083.4805900000001
534.94244,-134.22971,1086.40112
532.96985,-136.10175,1090.20715
530.67603,-136.90634,1095.4157699999998
529.34424,-137.60853999999998,1101.13745
528.2601900000001,-140.35506,1107.06348
527.7923,-141.47234,1113.68457
527.21143,-143.03893,1119.22974
527.1668099999999,-144.63025,1124.66467
526.65479,-145.36295,1129.8582800000001
525.85022,-146.25728999999998,1134.0715300000002
525.73883,-147.22098,1136.9895
526.4635599999999,-148.61917,1138.7976099999998
526.9775400000001,-149.3271,1139.7157
527.15894,-150.03568,1139.87195
527.85651,-150.45366,1139.36865
528.44934,-150.95818,1138.61792
529.4655799999999,-150.70354,1136.89478
530.7896099999999,-151.19958,1134.47607
532.45959,-150.60445,1131.54688
534.0423599999999,-150.38873,1128.01379
536.43573,-150.52635,1124.26709
538.72406,-150.85895,1119.37122
541.28845,-150.31122,1113.92273
544.64838,-150.02663,1107.59692
547.20575,-149.47812,1100.93738
549.50787,-148.14661999999998,1093.4298099999999
551.97003,-146.98488,1086.05103
555.4782700000001,-146.09611999999998,1077.95227
557.35797,-144.20383999999999,1070.92749
559.93018,-142.28894,1065.12964
561.90155,-140.79373,1060.17786
564.96838,-139.18195,1056.46045
568.09369,-137.8405,1053.55554
570.06744,-136.16411000000002,1053.20642
573.97601,-135.14731,1053.61255
576.83185,-133.54633,1056.08459
580.30066,-133.14777,1059.22583
583.43988,-132.51854,1064.5592
586.84229,-133.05247,1071.78125
590.00671,-132.35568,1080.06165
592.82623,-132.78455,1089.19556
594.93359,-133.61632,1099.3988
596.97168,-134.77039,1109.01001
598.6568,-135.29037,1118.77063
599.7980299999999,-136.472,1128.6657699999998
600.1542400000001,-138.23344,1137.92871
600.56128,-139.32027,1146.92627
600.80865,-140.60148999999998,1155.271
601.64185,-141.36563,1162.56287
602.04358,-142.47296,1168.6826199999998
601.33362,-143.22096000000002,1173.76172
601.49207,-143.99965,1177.8913599999998
601.33105,-144.48273999999998,1180.75146
601.77698,-144.9561,1181.94775
601.6879299999999,-144.78169,1182.8158
602.0487099999999,-145.88048999999998,1181.82227
602.7927900000001,-144.77252,1180.28601
603.2168,-144.8145,1177.27625
604.15369,-144.24167,1173.95154
604.98401,-143.3192,1169.2959
605.81696,-141.62842,1164.12061
606.45959,-139.81139,1158.5330800000002
608.10016,-137.59296,1151.46875
608.84821,-135.0495,1145.5603
609.87933,-132.07822,1138.51685
610.60565,-128.21873,1132.0974099999999
612.30481,-124.28658999999999,1127.05591
613.72424,-118.98111000000002,1122.68555
615.28046,-114.17706000000001,1119.14832
617.19592,-107.86036999999999,1117.25476
618.92517,-101.05018000000001,1116.88293
620.93127,-94.73122,1117.39697
622.69879,-87.84988,1119.7127699999999
624.25427,-81.32427,1124.00354
626.64972,-76.02404,1129.2138699999998
627.09662,-70.47225999999999,1136.3696300000001
629.42517,-64.83748,1143.7993199999999
630.36993,-60.45874,1152.85132
631.4218099999999,-56.362669999999994,1162.76282
631.94623,-51.91018,1174.38416
632.6684,-48.59483,1185.82849
632.5459599999999,-45.11853,1198.55823
632.98499,-43.1606,1210.92249
633.05908,-41.93629,1223.88257
632.1778,-40.7348,1237.21118
631.13342,-40.75478,1250.71521
628.88422,-40.53863,1264.05396
626.95947,-41.16864,1277.44299
624.23657,-42.66531,1290.18018
620.92657,-44.566320000000005,1301.67175
616.74036,-47.25942,1312.32104
612.4227900000001,-50.09695,1321.09802
607.5491900000001,-53.94375,1328.44434
601.2124,-58.18863,1334.92822
595.57538,-63.98124,1339.27136
588.54333,-69.18839,1342.11121
582.03711,-75.54527,1344.1368400000001
574.07751,-81.69466,1344.5282
567.38562,-88.89143,1343.44177
559.185,-95.33579,1341.4749800000002
551.37915,-102.34182,1338.8219
543.8833,-109.14593,1334.7998
536.74695,-116.75313999999999,1330.0366199999999
530.00177,-124.56688,1324.58716
522.99036,-132.31831,1318.69067
516.74902,-140.36766,1312.53784
510.93729,-148.49976,1305.46216
505.72974000000005,-156.54282,1298.03918
501.33092999999997,-164.02432,1290.92761
497.63464000000005,-171.99872,1283.29529
493.81631,-178.68771,1276.19165
490.92602999999997,-184.17059,1269.08325
487.97687,-188.49222,1262.67371
486.36150999999995,-192.33921999999998,1255.9478800000002
485.15905999999995,-194.24155,1249.73975
484.62955,-194.79034,1243.93738
486.1825,-193.38647,1238.83496
489.63928,-190.98886000000002,1233.21814
493.84146,-186.46857,1228.65649
500.20264000000003,-180.34877,1225.40735
508.48303,-173.94031999999999,1223.12122
518.5957599999999,-165.80408,1222.5387
529.1195700000001,-156.31355,1224.01709
542.07959,-145.43278999999998,1226.9751
555.4066799999999,-133.51949,1232.07581
571.0769,-120.76003999999999,1238.8646199999998
588.1084,-107.06738999999999,1247.68738
605.57172,-92.1771,1258.15552
624.76465,-77.46452,1269.26001
645.5592,-62.581469999999996,1281.6141400000001
668.1657700000001,-47.04316,1294.31653
690.6716299999999,-32.06187,1307.6925
713.59161,-16.530479999999997,1321.96179
735.55481,-2.10891,1336.24561
754.9071,11.13071,1351.56274
773.06708,21.06736,1365.81909
787.64734,29.170540000000003,1378.5863
800.31012,35.67172,1388.31604
809.77277,39.023,1394.7006800000001
814.99432,39.58435,1398.1574699999999
816.8268400000001,36.51059,1399.64709
815.72803,31.153509999999997,1399.70398
812.54199,22.80177,1398.13293
806.4769299999999,13.40011,1394.28601
796.57526,2.40299,1388.58826
787.4588,-9.91783,1380.75659
776.17749,-22.71954,1370.8298300000001
764.16901,-36.42759,1360.27466
752.03613,-48.90762,1348.85791
737.38239,-61.83225,1336.43018
724.1229900000001,-73.64961,1324.23303
709.83411,-85.14815,1312.03137
694.90576,-95.38578000000001,1300.47595
681.61542,-104.93311000000001,1289.3569300000001
668.60236,-113.51942,1278.88489
656.54761,-121.84855,1268.50171
645.61292,-129.0191,1258.99719
634.8441799999999,-135.23729,1250.22998
624.52081,-140.00185,1241.55615
615.65448,-143.26385,1234.0673800000002
607.9155900000001,-145.06367,1226.86609
600.16669,-145.90671,1220.04468
593.12433,-144.73293999999999,1214.89929
586.04053,-142.34724,1209.43811
581.3283700000001,-140.1189,1204.10022
575.48712,-136.12784,1199.78235
570.4429299999999,-131.2193,1195.70264
567.15887,-125.87915,1191.65039
564.77948,-120.64676000000001,1188.07056
564.40021,-115.93546,1184.8866
564.0127,-111.49855,1182.63428
565.52179,-106.9649,1180.53015
567.33228,-103.21921,1179.4362800000001
568.73608,-100.13223,1179.06592
571.27179,-96.10864000000001,1179.3623
573.14526,-94.06306,1180.49365
574.6153,-91.98597,1182.23755
575.771,-90.40489000000001,1184.72278
576.41431,-89.52322,1189.26697
576.49762,-89.42097,1194.30127
576.1159700000001,-89.51899,1200.521
575.88354,-90.47462,1206.9946300000001
575.40216,-91.42188,1213.20374
574.9093,-92.74068,1219.30774
574.65796,-93.99869,1224.48877
574.08551,-95.44388000000001,1229.86694
573.32111,-96.70123000000001,1234.27283
572.80585,-98.36435,1237.68237
573.04407,-100.49358000000001,1240.4754599999999
572.4044200000001,-102.37673000000001,1243.13525
571.64276,-103.53282,1244.89807
571.4390900000001,-105.40947,1246.73853
571.59808,-106.9469,1247.39063
571.37512,-108.37758999999998,1247.5304
570.90485,-110.28905,1247.3418
571.57587,-111.36306,1245.72803
571.22339,-112.70353,1243.60645
571.7957200000001,-113.78691,1240.64624
572.12634,-115.0072,1236.0661599999999
572.4572099999999,-115.66502,1231.01123
573.58582,-116.05366000000001,1224.62585
573.85242,-115.91808999999999,1217.30249
574.19208,-115.79597,1209.51404
574.50562,-114.29353,1201.2854
574.47235,-113.63706,1192.02161
574.6261,-112.22842,1182.87292
574.46722,-110.67056000000001,1173.74695
574.31104,-108.94977,1165.4657
573.26031,-106.61273999999999,1157.80493
573.24762,-105.15866000000001,1151.09888
573.6557,-103.03486,1145.23425
573.3756099999999,-100.36001999999999,1140.62085
573.9818700000001,-98.11535,1137.20398
575.20007,-96.02734,1135.38342
576.73096,-94.395,1135.28625
579.02911,-93.47478000000001,1136.38525
581.0819700000001,-92.94068,1139.63977
583.0697,-92.47681,1144.09705
585.5356400000001,-92.64758,1149.14575
587.94196,-93.87608,1154.77441
589.1532599999999,-93.57935,1161.87122
590.2951,-94.34340999999999,1169.12256
590.6677900000001,-94.1396,1176.71265
591.23083,-94.3316,1184.23938
591.2069700000001,-93.59413,1190.89355
591.54156,-93.71072,1196.53235
591.25323,-93.78089,1201.47119
590.53967,-92.89378,1205.1571
590.1743799999999,-93.02003,1207.68823
588.38049,-92.14171999999999,1209.1309800000001
586.60956,-91.88821,1209.6417199999999
585.96594,-92.17907,1208.55359
583.64001,-92.23611,1207.23792
582.02838,-92.01064000000001,1204.63049
580.55396,-92.51029,1201.6554
578.9397,-92.93799999999999,1197.86426
577.55939,-93.78358,1194.4199199999998
574.63239,-93.90173,1190.2467
572.42828,-94.68533000000001,1185.86694
570.5268599999999,-95.58444,1181.0282
567.78674,-96.63224,1176.5907
565.82465,-97.97836,1171.34729
562.93121,-99.48294,1166.56042
559.9187599999999,-100.36777,1162.00208
557.30188,-101.14634000000001,1157.88708
554.11102,-102.22327,1154.2138699999998
551.91931,-103.55761,1151.10718
549.46826,-104.17099,1148.8745099999999
547.50391,-104.72433000000001,1148.32727
547.29761,-105.62726,1148.06262
546.86401,-106.04051000000001,1148.46045
546.86932,-106.37813999999999,1149.53516
547.92529,-106.82845,1150.71021
548.95667,-107.2311,1151.93811
550.78693,-107.50365,1152.88416
553.41986,-107.78428999999998,1154.31946
555.63354,-108.0136,1155.09448
557.9505,-108.1827,1156.06055
560.50262,-108.07882,1157.5747099999999
562.3869,-108.4486,1159.60498
564.6997700000001,-108.72736,1161.84937
565.95105,-109.10931000000001,1164.14661
566.87225,-109.79633000000001,1166.52283
568.07867,-110.2224,1168.42932
568.5882,-111.17815,1170.18958
569.18665,-111.83668,1170.83948
569.42273,-112.50358,1170.7086199999999
569.66266,-113.33997,1169.12463
570.08185,-114.00996,1166.83997
570.22638,-114.20232,1163.85938
570.23682,-114.78466,1159.74438
570.18738,-114.71522,1156.14868
570.9729,-115.45761999999999,1151.25269
570.71429,-115.62081,1146.8407
570.67603,-115.8505,1142.7948
570.37421,-115.57773999999999,1138.39941
570.56439,-115.67022,1133.86169
571.1815799999999,-115.88118999999999,1129.58301
571.43353,-114.89941999999999,1125.16199
572.38208,-114.85728999999999,1120.2645300000001
573.5111099999999,-113.81047,1116.14783
575.1015,-112.98966999999999,1112.67896
576.98199,-111.71423,1110.72583
580.16931,-111.27248999999999,1110.06421
582.8425900000001,-110.57146000000002,1111.88416
586.15344,-110.4242,1115.43823
588.95111,-110.22157,1121.79688
592.23511,-110.47488,1128.89844
596.37073,-110.87579,1137.38916
600.2641,-111.49776999999999,1147.31213
602.74591,-112.01376,1158.05396
607.2816799999999,-114.0275,1168.64319
609.96466,-115.51586999999999,1179.95166
613.4798599999999,-116.98978000000001,1191.10876
616.94244,-118.50421000000001,1201.28088
619.17432,-119.65268999999999,1211.71057
623.16962,-121.77599,1220.2074
625.82074,-123.64043000000001,1228.27026
628.9932299999999,-125.46725,1235.39343
632.60992,-127.9476,1241.23108
635.81445,-130.1321,1245.6978800000002
639.16888,-133.19043,1249.5217300000002
642.70068,-135.48904,1251.5094
646.10547,-138.58687,1252.58179
650.5217299999999,-141.97107,1251.83569
654.63458,-145.80716,1249.84314
658.90179,-149.78278,1246.3917199999999
663.46613,-153.65211000000002,1241.39709
668.19135,-158.26469,1234.9801
672.4754,-161.85298,1227.10547
677.61847,-166.50999,1218.14905
682.89063,-172.01523999999998,1207.20288
687.8034700000001,-176.66284,1196.04126
692.88818,-181.44128,1183.7074
698.31641,-186.64807,1170.43274
703.01318,-192.18146000000002,1156.59949
708.00671,-197.44429,1142.36475
712.5094,-202.71767,1127.36023
716.95294,-208.51396,1111.49292
722.203,-213.36392,1094.5018300000002
726.60303,-218.63487,1076.76697
731.4184,-223.56686000000002,1059.03125
736.0985099999999,-228.731,1041.38196
739.27478,-233.11354,1025.30835
743.2569,-237.4317,1011.7639800000001
746.70111,-240.08693,1002.3585199999999
751.36633,-243.65755,996.6981800000001
753.57813,-247.0528,995.2132
755.1297,-248.3774,997.71204
758.34021,-249.61818,1003.33649
759.04858,-250.40907,1011.19342
760.26697,-250.95882999999998,1021.6256099999999
760.8053,-251.22665,1034.0863
761.17023,-251.06015,1048.00525
760.67548,-250.00102,1063.02686
760.99023,-249.69713,1079.35486
761.4502,-247.13433999999998,1095.89417
759.83228,-245.48807999999997,1112.18066
758.75781,-244.35057,1127.91357
757.10114,-242.90807,1143.19849
756.08813,-241.54984,1158.4116199999999
755.19012,-240.14428999999998,1172.2536599999999
755.20276,-238.8454,1186.04016
754.57849,-237.51985,1198.95166
755.1472200000001,-236.3309,1210.83984
756.61743,-235.03512999999998,1222.36853
758.1051,-233.68045,1232.8374
759.6076,-232.27016,1242.41235
761.96338,-231.20596,1251.10938
765.31989,-229.99483999999998,1259.2644
767.98767,-228.48658999999998,1266.95337
771.065,-227.08209,1273.6887199999999
774.91571,-225.907,1280.02295
778.2647099999999,-224.47931,1285.97607
781.40802,-223.49509,1291.23767
785.55493,-222.12867999999997,1295.2048300000001
788.46118,-221.60428,1298.8125
792.58386,-220.36673,1301.02014
795.76617,-219.73369,1302.6041300000002
799.3244,-219.38945,1303.02954
803.2395,-218.60725,1302.91431
806.2312,-218.27106,1302.19531
809.47577,-218.19817999999998,1301.12354
812.14209,-217.48573,1299.5548099999999
814.61285,-217.5025,1297.84753
816.6685200000001,-216.78432,1295.50549
818.6406900000001,-217.36896000000002,1292.8219
820.22699,-217.01762000000002,1289.46875
822.0799599999999,-216.82372,1284.9898699999999
822.9707,-216.59157000000002,1279.7083699999998
824.3369799999999,-216.01585,1273.79639
824.89636,-215.41967999999997,1266.99719
825.28357,-215.00465,1259.48047
825.82007,-214.15977,1252.41724
826.21649,-213.07722,1244.96057
826.11945,-211.15613,1237.7254599999999
826.15967,-209.85547000000003,1230.6652800000002
825.6261,-208.20868000000002,1223.54358
824.53906,-206.30325,1216.5957
823.2803299999999,-204.02261000000001,1209.56165
822.18359,-201.70265,1202.88245
820.8075,-199.36862,1196.84216
820.30988,-198.01053000000002,1191.27063
819.172,-195.66696000000002,1186.75098
818.1178,-194.03308,1182.51697
817.31219,-192.20683,1179.97021
816.138,-190.70927,1178.35803
814.86475,-189.55301,1177.94092
813.21234,-188.42549,1178.64026
811.91913,-187.12912,1180.3573
810.51599,-185.66826,1182.84985
809.17023,-184.32745,1186.68274
807.3439900000001,-182.98518,1190.2313199999999
806.30219,-181.57025,1195.01147
804.8441799999999,-180.40991,1199.65161
803.51276,-179.79866,1204.49536
801.5267299999999,-179.68053999999998,1209.6228
799.69678,-179.36133,1214.72839
798.66754,-179.07941,1219.60193
797.78497,-179.27649,1224.64563
797.3612099999999,-179.26509,1229.32495
797.06781,-179.17661999999999,1233.5199
795.6098,-178.07404,1237.87305
796.03363,-177.95088,1241.0136699999998
796.2052,-177.77757,1243.07629
796.06848,-177.35943999999998,1244.68542
796.8960000000001,-177.14345,1245.09314
796.9418900000001,-176.53714,1244.73865
797.38635,-176.55309,1242.65527
798.29138,-176.5784,1239.94897
799.62311,-176.53627,1235.99487
800.47284,-176.13736,1231.21765
801.31299,-175.40962,1225.51575
802.9255400000001,-175.49983,1218.89075
804.57751,-174.66664,1211.8840300000002
806.13513,-174.69154,1204.3419199999998
807.4577,-174.15558000000001,1195.57874
809.01526,-173.53525,1186.9281
810.45599,-173.06432,1177.0918
812.11707,-172.25572,1167.00867
813.91986,-171.8118,1156.1735800000001
815.76385,-170.25308,1144.7251
817.0799599999999,-168.85152,1133.14526
818.6929299999999,-166.83418,1121.4563
820.83295,-165.10196000000002,1110.4370099999999
821.7239999999999,-163.23378,1100.9782699999998
823.43372,-161.73848,1092.6430699999999
825.06653,-160.43948,1086.25378
826.49493,-159.54938,1081.38147
827.75958,-159.28734,1079.1936
829.3145099999999,-158.68171999999998,1078.69495
829.41864,-158.1427,1079.46838
830.10333,-157.91867,1082.3101800000002
830.54498,-158.20433,1085.96069
830.3176900000001,-158.256,1091.02649
830.31458,-158.80038000000002,1096.03992
830.2644,-159.76987,1102.3315400000001
830.09137,-160.84467,1109.20093
830.60382,-161.56607,1116.52295
830.9014900000001,-163.08362,1124.15649
830.57666,-164.29657,1132.66199
830.9386599999999,-164.58026,1141.21265
831.4816900000001,-165.18091,1149.27673
832.0119,-165.30127,1157.6014400000001
832.41583,-165.54707,1165.24268
832.73401,-165.3956,1172.85962
832.94385,-165.34886,1179.66785
833.06152,-165.26556000000002,1185.34155
833.3576,-165.34888999999998,1190.37158
834.0892299999999,-165.13228,1194.62671
833.9678299999999,-165.18326000000002,1197.61304
834.33453,-165.30342,1199.9791300000002
834.66785,-164.90717,1200.87122
835.1705900000001,-165.46129,1201.6978800000002
835.80127,-165.26546000000002,1201.46423
835.67609,-165.48909,1200.4834
836.51093,-165.62804,1198.38855
836.93335,-166.51196000000002,1195.47607
837.66296,-167.07355,1191.6983599999999
837.88135,-168.15546,1186.4578900000001
837.85083,-168.96463,1180.43188
838.1557,-170.14938,1173.4696
838.8720099999999,-171.31821000000002,1165.52661
839.1274400000001,-172.62384,1157.0752
838.66296,-174.14127,1147.98706
838.85083,-174.63558999999998,1138.41589
837.89166,-175.66173999999998,1129.33582
838.00305,-176.26448,1120.0300300000001
836.7724599999999,-177.02931,1111.10889
836.88525,-177.63727,1103.0148900000002
836.10297,-178.05923,1095.8988
835.04797,-178.53262,1089.2511
834.4057,-178.51462,1083.7771
833.00293,-178.40364,1079.67542
831.04285,-178.38518,1075.91064
829.99609,-178.5107,1074.0542
828.1677900000001,-179.0034,1073.40149
827.43512,-179.09351999999998,1074.31653
825.14935,-179.75905,1076.56494
823.2121599999999,-180.04587,1080.44739
820.90155,-179.99373,1085.92688
819.41003,-180.95815,1092.16003
816.66754,-181.45084,1099.74011
814.41895,-181.7191,1108.58899
813.67938,-181.97236999999998,1117.32849
811.73108,-181.83458000000002,1127.07239
810.53632,-182.47435,1136.7437699999998
808.30975,-182.05969,1146.37537
807.10181,-181.86316000000002,1155.9836400000002
804.79138,-181.29341000000002,1164.68311
803.33636,-180.43761,1172.20667
802.4874900000001,-180.11841,1179.11865
800.99005,-179.50873,1185.03711
799.21344,-178.61768999999998,1190.07629
798.24438,-178.34106,1193.96667
796.66425,-177.58345,1197.1217
795.88849,-177.0936,1199.69824
793.83282,-176.17145,1200.82788
793.36353,-176.50413999999998,1201.6773699999999
792.38568,-175.32416,1201.17676
790.8428299999999,-175.47943,1200.03198
789.86108,-175.7271,1197.75793
789.18665,-175.44833,1194.19263
788.69849,-176.05583000000001,1189.82678
787.89648,-176.10988,1183.99744
786.5606700000001,-177.44011,1177.08228
786.4345099999999,-178.45161000000002,1169.48792
786.96027,-179.17067,1161.1923800000002
785.8695700000001,-180.60361,1152.5062300000002
785.73676,-181.0947,1142.7324199999998
784.83649,-181.73531,1133.67786
785.2445700000001,-182.87138000000002,1124.33142
784.84302,-183.31621,1115.54126
784.82556,-183.44255,1107.57581
784.03467,-184.0681,1100.17004
783.85272,-184.30205,1093.68689
783.91882,-184.85753,1088.63062
783.77386,-184.65945,1084.74707
783.4356700000001,-185.25945,1082.21936
783.5708599999999,-185.6915,1081.2334
783.22064,-186.5556,1081.9491
783.2955900000001,-187.05833,1084.63184
784.63446,-188.41638,1088.16541
784.88892,-188.93983,1093.71228
785.29425,-189.99239,1100.70264
786.11829,-190.59566999999998,1108.24792
786.70728,-190.95796,1116.60901
786.987,-191.535,1125.7625699999999
787.14801,-191.6487,1135.4397
788.8596200000001,-192.13974,1144.49963
789.16357,-192.44455,1153.50574
789.48041,-192.42683,1162.24365
789.8775,-191.65645,1170.1743199999999
790.2619,-191.4684,1177.34106
790.79401,-191.68169,1183.2432900000001
790.85852,-191.18448999999998,1188.4610599999999
791.06439,-190.55043,1192.90845
790.99744,-189.67741,1195.73181
791.00146,-189.24873,1198.47986
790.8494900000001,-188.91071000000002,1200.2377900000001
790.55182,-188.5258,1200.74475
790.43958,-188.46039,1200.51294
790.06232,-188.29295,1199.4122300000001
789.66278,-187.89795,1197.07397
788.79218,-187.26633999999999,1193.94067
788.4787,-186.99986,1189.63416
788.04443,-187.32227,1184.15601
787.85992,-187.65442,1177.70166
786.9787,-187.79907,1170.00354
786.54346,-188.06456,1161.82458
786.69263,-188.71416000000002,1152.24866
786.0434,-188.99399,1142.7313199999999
785.75323,-189.37819,1133.20752
784.32123,-189.90874,1123.69507
783.3974,-189.34268,1115.1815199999999
781.95966,-189.18379,1106.29456
781.11499,-189.09901000000002,1098.14075
779.45953,-189.01535,1091.74182
778.02661,-188.12495,1085.3313
776.5804400000001,-187.15356,1080.39453
775.34485,-187.1123,1076.1461199999999
773.2348599999999,-186.95111,1073.62878
772.28143,-186.93413,1072.31311
769.7374900000001,-187.29146,1072.32214
768.75433,-187.89643999999998,1073.7451199999998
767.1759599999999,-188.57536000000002,1076.37671
765.21594,-188.64105,1080.63342
764.72498,-188.91341,1085.6928699999999
762.61798,-188.68504,1092.21326
762.0356400000001,-189.06145,1098.948
761.77252,-188.76295,1105.8898900000002
761.44543,-189.31861999999998,1112.64734
760.45215,-189.26466000000002,1119.50549
759.49512,-189.29695,1126.28345
759.75897,-189.18452,1132.07117
759.32312,-189.03777,1137.15515
759.4746700000001,-189.10701,1141.23083
759.41418,-189.00856000000002,1144.5548099999999
759.20618,-189.19701,1146.86438
759.1546599999999,-189.21873,1148.4342
759.19641,-189.08521000000002,1148.93506
759.57495,-189.26334,1148.76563
759.95294,-189.22673,1147.86157
760.2710599999999,-189.11518999999998,1146.25586
761.2901,-189.26793,1143.94275
761.7934,-188.88400000000001,1141.32593
762.93213,-188.80848999999998,1137.65222
763.7896099999999,-188.73619,1133.00989
765.16858,-188.82417,1128.00781
765.63562,-189.20549,1121.94775
767.36676,-189.96935,1114.62024
768.3703,-189.87485,1107.83667
769.44354,-189.84763999999998,1100.1084
770.58429,-190.0713,1091.8812300000002
771.90131,-189.5842,1083.2373
773.1297599999999,-189.40245,1075.4836400000002
774.04199,-189.24657,1067.0733599999999
775.16907,-188.84253999999999,1060.48108
776.48999,-187.97111999999998,1055.19324
777.88989,-187.72417,1050.62573
778.98633,-186.82185,1048.01514
781.72498,-186.25963000000002,1046.37488
782.41949,-186.31153999999998,1046.6273199999998
784.11255,-185.4456,1048.2807599999999
785.9818700000001,-185.99986,1050.6104699999999
788.57196,-186.02878,1054.77661
789.44098,-186.64452,1060.7384
790.95728,-187.24069,1067.88745
793.25018,-188.53993,1076.80005
794.99896,-189.13884,1087.1063199999999
796.4544099999999,-190.05798000000001,1098.4511699999998
797.48541,-190.70186,1110.79199
798.87775,-191.62018999999998,1123.58032
799.56378,-192.85963,1136.7312
800.40277,-193.34998000000002,1149.60217
801.33362,-194.34175,1161.40894
801.62823,-194.36348,1172.95605
802.0493799999999,-194.49434,1183.51611
802.47925,-195.44403,1192.57605
802.72107,-195.56062,1200.96313
802.49103,-195.97151000000002,1207.73499
802.35455,-196.85846999999998,1213.2667199999999
802.50305,-197.39435,1217.6997099999999
803.07568,-197.29539,1220.84619
803.24493,-197.85948,1222.36072
802.82556,-198.24069,1223.37903
802.93481,-198.23473,1223.16541
802.86401,-198.8717,1221.3961199999999
803.25311,-199.47182,1218.7548800000002
802.87073,-199.60376000000002,1215.24316
803.06372,-200.31968999999998,1210.34399
803.573,-200.7933,1204.7124
803.1051,-201.80083,1197.88184
802.69525,-202.34631000000002,1190.7536599999999
803.4107700000001,-203.33846,1181.53198
803.37665,-204.19156999999998,1172.51587
803.29828,-204.82761000000002,1162.1101099999998
802.89844,-205.56088,1151.40454
802.68066,-205.56644,1140.79639
802.24609,-205.70266999999998,1129.65515
802.49268,-206.26091,1118.37878
801.87567,-206.06908,1108.47461
801.02521,-206.91875,1099.1344
800.29346,-206.74588,1090.92407
800.14172,-206.50781,1084.328
799.9046599999999,-206.74338999999998,1079.9877900000001
798.75031,-205.86749,1075.94031
797.90698,-205.62996,1074.3148199999998
797.46265,-205.86192,1074.1853
796.4981700000001,-206.25842,1075.18042
795.3808,-205.85168000000002,1078.13647
794.5127,-206.00902,1082.5534699999998
793.4625900000001,-207.11858999999998,1088.3305699999999
793.09943,-208.12039,1095.36536
792.40918,-208.78072,1103.71301
791.70166,-209.31438,1113.15112
791.28973,-210.22742999999997,1122.9375
790.92432,-211.19885,1132.54248
790.84161,-211.61038,1142.7999300000001
790.68341,-212.29663,1153.0011
790.59644,-213.26207000000002,1162.8717
790.6781599999999,-213.7803,1171.83923
790.45392,-213.84167000000002,1180.06958
790.63721,-214.08487999999997,1188.04663
790.65491,-214.82629,1194.7937
790.9327400000001,-214.64522999999997,1200.53979
790.49933,-215.10953999999998,1205.32385
791.07111,-215.03543,1208.96362
790.95233,-215.3231,1211.49255
791.4855299999999,-215.48514,1213.4538599999998
791.78888,-216.07742000000002,1214.16956
792.25006,-216.38405,1213.88306
791.88898,-216.48928999999998,1212.74963
791.96466,-216.56952,1210.8219
792.95758,-217.70076,1207.64282
793.63397,-218.06094,1203.3112800000001
793.96484,-218.32019,1198.51843
794.4325,-218.61972000000003,1192.74561
794.8551,-218.56776000000002,1186.34167
795.35901,-219.57787000000002,1179.25659
796.1668099999999,-219.42947,1171.02856
796.3192700000001,-220.13904,1162.25891
796.62891,-220.29077,1152.8446
796.57062,-220.27219,1143.30225
797.1610099999999,-220.20027000000002,1133.8112800000001
797.1084,-220.41147,1123.78101
797.18982,-220.01814,1114.77515
796.9657599999999,-219.69867000000002,1106.48181
796.80029,-219.28512999999998,1098.3701199999998
796.21924,-218.56464,1091.97119
795.3855599999999,-218.27675,1086.86694
794.64532,-217.70293999999998,1082.57715
793.19843,-217.31067000000002,1079.69189
792.5294200000001,-217.39407000000003,1077.6423300000001
791.99036,-218.07027000000002,1077.47229
791.24609,-218.89057999999997,1078.39551
790.4754,-220.11362000000003,1080.8178699999999
789.7031900000001,-221.39583,1084.50549
788.8942900000001,-222.28139,1089.90527
788.37036,-223.55666000000002,1096.20337
788.91205,-224.68939,1102.86157
788.29517,-226.04453999999998,1110.34399
788.1145,-227.69945,1118.3875699999999
788.30847,-229.38733,1125.9548300000001
788.56641,-231.16617000000002,1133.29919
787.91272,-232.52482999999998,1140.71362
787.2830799999999,-233.91064,1148.82874
787.53088,-234.71292000000003,1155.33032
786.66016,-236.02837999999997,1161.9248
787.39459,-237.32558999999998,1167.90308
786.8109099999999,-237.92893999999998,1173.67395
787.15369,-238.52927000000003,1179.02283
787.41626,-238.7316,1183.77869
787.8055400000001,-238.86767999999998,1187.8042
787.2067900000001,-239.14111,1191.3347199999998
787.56573,-238.97136,1194.01538
787.60077,-239.34525,1195.40295
787.59485,-238.79183999999998,1196.84277
786.69952,-239.18762,1197.2282699999998
786.1875,-239.16455,1197.10803
785.64026,-238.83452999999997,1195.98486
785.2803299999999,-238.86891,1194.06689
784.5812400000001,-238.99643999999998,1191.02026
784.6116900000001,-238.64244,1187.6086400000002
784.7063,-238.41547000000003,1182.88562
784.47186,-238.03900000000002,1177.72253
784.0718400000001,-238.31727999999998,1172.1141400000001
782.76599,-238.34735,1166.32227
782.2366900000001,-237.70461,1159.65625
781.78687,-237.80327000000003,1152.30139
781.06085,-237.61401,1145.9923099999999
780.0045200000001,-237.70432000000002,1139.6231699999998
779.13531,-237.64784,1133.25867
778.02899,-237.44345,1127.4881599999999
777.1932400000001,-237.10442,1121.9325
776.13574,-236.83899,1117.60571
775.44031,-236.78784,1113.7406
773.54907,-237.61003,1111.79956
773.0093400000001,-238.32698,1110.4370099999999
772.2146,-239.09192000000002,1110.7312
771.05377,-240.84807,1112.3840300000002
770.26324,-242.2023,1115.422
770.30304,-243.63318999999998,1119.54395
769.45465,-244.62127999999998,1124.7384
769.97015,-246.55827000000002,1130.1074199999998
769.74774,-248.22238,1135.62244
769.28296,-249.81512,1141.59265
768.62781,-251.46715,1148.01624
768.62695,-253.73131,1153.6074199999998
768.5708,-255.30675,1159.80103
767.8951400000001,-257.11633,1165.62354
767.84125,-258.94836000000004,1171.47522
766.6990400000001,-260.05789,1177.49829
765.99023,-260.74438,1182.92615
765.5067700000001,-262.14087,1187.87024
765.10101,-262.41623,1192.62561
764.24103,-262.71344,1196.71289
763.0675,-262.80109,1200.3569300000001
762.54083,-261.6683,1203.38879
761.60168,-261.46682999999996,1205.54114
760.6131,-260.8692,1206.83386
758.96521,-260.52954,1207.24109
758.31976,-260.52621,1206.94165
756.90936,-259.56656,1205.75879
756.17133,-259.04874,1203.0788599999998
756.29614,-258.85873,1199.66431
755.98419,-258.10895,1195.3877
755.74994,-257.43088,1190.14819
756.17902,-256.73801000000003,1184.1326900000001
756.4884599999999,-255.81082,1177.56384
756.55469,-254.5701,1170.1870099999999
757.84253,-253.76414,1162.2567099999999
758.21252,-252.51233,1154.6106
759.5249,-251.92151,1146.8913599999998
760.34247,-251.3394,1139.34619
761.22961,-250.58189,1132.43298
761.77112,-250.12668,1125.66174
763.38458,-249.5752,1118.82776
764.84344,-248.4861,1111.91382
766.22198,-247.99828,1104.83582
768.19031,-246.73705,1097.30176
770.0103799999999,-245.67967000000002,1090.3264199999999
771.59906,-243.83395,1082.96619
772.99652,-241.75111,1076.73645
773.84106,-239.47574,1070.94263
773.94574,-236.38332999999997,1066.59839
773.4071700000001,-232.85802,1063.24341
773.0161099999999,-228.35571000000002,1060.6671099999999
772.95447,-223.97136,1059.2487800000001
771.25378,-217.89125,1058.06909
769.97021,-210.78287000000003,1057.2409699999998
768.95874,-204.42476000000002,1056.52368
767.5943,-196.65738000000002,1056.28381
765.9094200000001,-189.26512,1055.00293
764.24396,-180.55017,1054.22681
761.93915,-171.70692,1053.49561
759.94263,-163.17619,1051.84851
757.51868,-154.07703999999998,1050.05493
754.80975,-144.4642,1047.8923300000001
752.25549,-135.49448999999998,1045.18958
749.77893,-125.83691,1041.9500699999999
747.03986,-116.9313,1038.0238
743.90887,-106.90131000000001,1033.80737
741.4549599999999,-98.34722,1029.09766
737.99347,-88.56706,1023.85791
733.7380400000001,-79.46548,1018.3870199999999
730.7139900000001,-70.00095,1012.8698099999999
