X7,Y7,Z7
753.51935,-402.68405,1207.6438
749.87598,-399.28091,1208.44434
748.3056,-397.36514,1208.77856
747.02344,-395.65085,1208.85925
745.7656900000001,-393.608,1209.07104
744.14758,-391.67627000000005,1209.3610800000001
743.04309,-389.6579,1209.41931
741.76263,-387.76385,1209.5813
740.42877,-385.23145,1209.9736300000002
739.5296,-382.93997,1210.1862800000001
737.9014900000001,-380.00552000000005,1210.57751
736.39923,-377.98834,1210.67688
735.2135599999999,-375.42719,1211.05896
733.61865,-372.9202,1211.44446
732.13843,-370.54626,1211.70105
730.70966,-368.17142,1212.1897
728.70978,-365.69379,1212.5661599999999
726.6134,-363.0545,1213.30322
724.54926,-360.75802999999996,1213.86609
722.60565,-358.39337,1214.47864
720.14264,-356.41916000000003,1215.62805
717.2616,-354.40512,1216.33728
715.00049,-352.13437000000005,1217.4563
711.99713,-350.20801,1218.33923
709.4343299999999,-348.27951,1219.64124
705.95331,-346.63358,1220.91309
702.8041400000001,-344.88596,1222.2603800000002
701.04218,-343.05829,1223.54175
697.1731,-342.16217,1225.5116
694.76526,-340.95662999999996,1227.22729
692.3158,-340.00854,1228.8687699999998
690.14893,-338.14569,1230.03296
688.43188,-337.24234,1231.72998
684.75909,-337.30154,1233.89929
682.08228,-336.39703,1235.32629
680.2868,-336.01102000000003,1236.98376
680.60522,-334.57883,1237.85999
677.96289,-334.32874,1239.24829
675.74445,-333.62778,1240.68201
673.94098,-333.37503,1242.3311800000001
671.3557099999999,-333.06653,1243.5118400000001
668.2394400000001,-332.73566,1244.83167
666.922,-332.42865,1246.07751
665.38757,-331.9538,1246.99841
663.8418,-331.13855,1247.99487
663.33466,-330.06628,1249.08032
661.47284,-330.27518,1250.04663
659.0314900000001,-328.88302999999996,1251.0900900000001
657.81903,-328.29794,1251.9362800000001
657.16223,-328.19943,1252.89771
655.91766,-327.83292,1253.90564
655.25824,-327.67065,1254.53027
654.55719,-327.31018,1255.3737800000001
654.42535,-327.20004,1256.23877
653.7330900000001,-327.11981000000003,1257.08826
653.37134,-326.97412,1257.70215
653.18317,-326.80795,1258.40833
653.06812,-326.96875,1258.95129
652.39917,-326.88464,1259.67578
652.21088,-326.79724,1260.30774
652.2215,-326.97348,1260.83655
652.36639,-327.22235,1261.38074
652.03571,-327.65952000000004,1261.76685
651.74231,-327.62991,1262.06116
651.48401,-328.20746,1262.69958
650.9749099999999,-328.64893,1262.91174
650.69214,-328.79733,1262.97461
650.19897,-329.06268,1263.3425300000001
650.09595,-329.74304,1263.21863
649.6530799999999,-330.20984,1263.5720199999998
649.2930299999999,-330.69077000000004,1263.76245
648.88147,-331.50681000000003,1263.771
648.6351900000001,-332.28384,1264.12354
648.66229,-332.58231,1264.08398
648.4562400000001,-333.41278,1263.93359
648.22644,-333.7565,1264.0059800000001
648.07587,-334.25824,1263.90759
648.21808,-335.00607,1263.8582800000001
648.04175,-335.71585,1263.68738
648.08954,-336.61105,1263.75208
648.43475,-337.14264,1263.48767
648.4798,-338.15833,1263.2417
648.36261,-338.79291,1263.03589
648.27179,-339.31696,1262.72705
648.26605,-340.15356,1262.03052
648.42468,-340.78021,1261.51624
648.45801,-341.86182,1260.90723
648.66998,-342.66409,1260.27429
648.88745,-343.60687,1259.43237
648.57245,-344.36041,1258.58325
648.6668099999999,-345.18689,1257.92786
648.71777,-346.08121,1256.78882
648.62921,-347.35873,1255.93945
648.66547,-348.36206,1255.04065
648.84015,-349.5769,1253.97949
648.88959,-350.46671000000003,1252.91626
648.76221,-351.61606,1252.16199
649.38922,-353.27167000000003,1250.95227
649.64594,-354.34564,1250.13208
649.93542,-355.58121,1249.47766
650.51422,-356.99088,1248.53503
651.18103,-358.84451,1247.8305699999999
651.1610099999999,-359.86053,1247.0374800000002
651.91296,-361.49854,1246.40894
652.70593,-363.19073,1245.5553
653.3877,-364.87097,1244.63049
654.51941,-366.4964,1243.84814
654.6182299999999,-368.31485,1242.84729
656.2468299999999,-370.31433,1242.00891
657.21844,-372.13492,1240.95032
658.77893,-374.57559,1240.05798
660.49158,-376.61478,1238.9279800000002
662.21094,-378.50644,1237.8845199999998
663.73004,-380.17007,1236.6699199999998
666.2524400000001,-381.96155,1235.09485
667.8029799999999,-383.66217,1233.96704
670.06885,-386.70251,1232.70813
673.7424900000001,-387.45977999999997,1230.97327
675.66248,-389.44946,1229.7583
677.31543,-390.96521,1228.3360599999999
679.15955,-392.60400000000004,1227.54639
680.8446700000001,-394.48911,1226.776
682.24146,-395.86859,1225.68665
684.18329,-397.7756,1224.9386
685.59796,-399.28961,1224.41101
687.1424,-401.38088999999997,1223.6701699999999
688.82727,-403.01218,1222.91895
689.9834,-404.68197999999995,1222.83936
691.81464,-406.7529,1222.27185
692.88745,-408.76773,1221.72449
694.07251,-410.45212000000004,1221.45349
695.3435099999999,-412.51285,1220.9338400000001
696.3093299999999,-414.51691,1220.4071
697.5125099999999,-416.88467,1219.9032
698.8055400000001,-419.00836,1219.0481
699.7325400000001,-421.09018,1218.18005
700.58112,-423.6839,1217.28809
701.40253,-426.03104,1216.3916
702.28345,-428.17422,1214.77856
703.32758,-430.85822,1213.34302
703.92902,-433.16647,1211.51526
704.6156,-435.4595,1209.76233
705.39209,-437.66287,1207.69067
705.42944,-439.90637000000004,1206.21729
706.39386,-442.08322000000004,1204.2567099999999
706.52423,-444.28472999999997,1202.75037
706.76239,-446.20749000000006,1201.47131
707.36847,-448.52914000000004,1200.85339
707.37036,-450.48666,1200.52539
705.2643400000001,-451.97778,1200.5407699999998
705.09485,-453.69293,1200.82935
704.4566,-455.39337,1201.3186
704.47638,-457.02744,1202.52271
704.24518,-458.11975,1203.59241
704.17047,-459.207,1204.68225
703.81659,-460.49887,1206.3261699999998
703.68005,-461.78635,1208.10254
703.24292,-463.15905999999995,1209.4796099999999
702.98059,-463.8616,1210.9356699999998
703.0379,-465.14682,1212.24182
703.33087,-465.99785999999995,1213.61719
702.58105,-467.14477999999997,1214.85254
702.95746,-467.62585,1216.31897
702.76001,-468.3259,1217.2312
702.72455,-469.11911,1218.12744
702.9176,-469.57272,1219.03198
702.8684099999999,-470.21738,1219.70496
703.16333,-470.80774,1220.43042
702.7971200000001,-471.12366,1220.65833
703.2380400000001,-471.39162999999996,1220.88391
703.8768299999999,-471.92709,1220.90955
704.5318599999999,-472.31104000000005,1220.54712
704.74231,-472.66351,1220.2703900000001
705.38806,-473.10342,1219.76929
705.85419,-473.70428,1219.0076900000001
707.03613,-474.30301,1218.0048800000002
707.65607,-474.61080999999996,1216.78381
708.4953,-475.11731,1215.95288
709.0697,-475.82345999999995,1214.76465
710.19836,-476.194,1213.89246
710.73315,-476.95435,1212.62048
711.53406,-477.19583,1211.93665
711.85168,-477.58673,1211.13977
712.98145,-477.99715999999995,1210.5625
713.63916,-478.22845,1210.22815
714.46649,-478.81717000000003,1209.88086
715.30548,-479.15396,1209.95056
716.08032,-479.34164000000004,1209.9710699999998
716.68372,-479.72875999999997,1210.22681
717.48004,-479.77243,1210.54541
718.10852,-479.6188,1210.75781
719.44641,-479.79187,1211.31592
719.9630099999999,-480.11053,1211.43445
721.2041,-480.36725,1211.64294
721.8302,-480.6785,1211.76794
723.18921,-480.88538,1211.7052
724.0531599999999,-481.06207,1211.37659
725.1524,-481.36365,1210.9085699999998
726.59119,-481.73483,1210.15881
727.42743,-482.40085,1209.2175300000001
728.57898,-482.58255,1208.42871
729.38806,-482.99612,1207.22668
730.57257,-483.35812000000004,1205.86426
732.1319,-483.72098,1205.01355
732.68164,-483.87775,1203.31287
733.42786,-484.07538,1202.34167
735.41083,-484.25097999999997,1201.37
736.1731599999999,-484.10927999999996,1200.2553699999999
737.00269,-484.42514000000006,1199.2605
737.7099599999999,-484.3584,1198.32495
739.0766,-484.46423,1197.60535
740.02728,-484.09995,1197.0769
741.0871,-484.30725,1196.71741
742.18555,-483.93120999999996,1196.32214
743.1990400000001,-483.72265999999996,1196.3761
743.75787,-483.53464,1196.74719
744.26752,-483.36227,1197.552
745.28619,-482.74054,1198.36523
746.09961,-482.27797999999996,1199.3009
745.86584,-481.93948,1200.28015
746.91614,-481.57568,1201.6749300000001
747.18341,-481.33700999999996,1202.94897
747.56042,-481.03122,1204.49536
748.2219200000001,-480.51288,1205.6812699999998
748.89935,-480.01932,1207.06348
749.63586,-479.38608,1208.02185
750.2054400000001,-479.35565,1209.16785
750.27234,-478.84198,1210.0194099999999
750.9104,-478.20977999999997,1210.7627
751.7788099999999,-477.47747999999996,1211.40405
752.5105599999999,-476.89935,1211.66345
753.21155,-476.60318,1211.77783
754.25513,-475.8262,1211.5271
755.16162,-475.26345999999995,1211.37183
756.13269,-474.72049000000004,1210.6680900000001
757.24127,-473.59982,1209.64929
758.00568,-472.88858,1208.21545
758.64404,-472.30521,1206.49487
759.5174,-471.73209,1204.15417
760.5011,-470.91309,1201.2323
760.91266,-470.67830999999995,1197.69958
761.5932,-470.06555,1193.5434599999999
761.94836,-469.58762,1189.25867
763.2905900000001,-469.07767,1184.7052
762.96625,-468.87448,1179.4013699999998
762.93292,-468.92194000000006,1173.91553
762.80188,-468.61487,1168.81506
762.74091,-468.28049000000004,1163.64221
761.90955,-468.22986,1158.62195
761.74329,-467.93285999999995,1154.42468
760.50458,-467.8595,1150.8713400000001
759.25861,-468.20984000000004,1147.75171
757.68536,-468.16708,1145.69507
755.62274,-468.43591,1144.32837
753.70282,-468.32165999999995,1144.50305
750.90393,-468.03225999999995,1145.771
748.70172,-467.82898,1148.2835699999998
746.29248,-467.28351,1151.62061
744.1607700000001,-466.52550999999994,1156.5614
742.18195,-465.8291,1161.9592300000002
740.1295200000001,-465.2778,1168.93896
738.86456,-464.52752999999996,1175.8178699999999
737.2332200000001,-463.78670999999997,1183.80774
735.70911,-462.75824000000006,1192.31934
734.94208,-462.11841,1201.27393
734.3933099999999,-461.21567000000005,1210.0553
733.2307099999999,-460.28412000000003,1218.96301
733.01703,-459.46008,1227.78833
732.35461,-458.88025,1236.75171
731.13629,-457.9342,1244.81213
730.0799599999999,-457.04596,1252.7264400000001
729.2092299999999,-455.67285,1259.76648
728.17145,-454.55054,1266.40271
727.03137,-453.41333,1272.21362
725.79285,-451.86175999999995,1277.1273199999998
724.7330900000001,-450.63100999999995,1281.24304
723.44025,-449.40784,1284.62854
722.66638,-448.56167999999997,1287.07532
720.97363,-447.32925,1288.59937
720.11835,-446.37685999999997,1289.505
720.07227,-445.01575,1289.6167
718.48065,-443.68008,1288.71265
718.1510000000001,-442.34415,1287.65869
717.76709,-440.97067000000004,1285.44922
718.09521,-439.30322,1282.81665
718.1190799999999,-437.83935999999994,1279.40759
718.66724,-436.68145999999996,1275.25403
718.92938,-435.26297,1270.63916
719.93237,-434.33389000000005,1265.44263
721.00726,-433.16028,1259.3886699999998
722.12305,-432.35405999999995,1252.59375
723.56708,-431.87201,1245.56641
724.53339,-431.30438,1237.8029800000002
726.52032,-431.20940999999993,1229.86768
728.0506,-431.28461,1221.05505
729.06458,-431.63565,1212.5919199999998
731.0033599999999,-432.24935999999997,1203.97949
732.63306,-433.65050999999994,1196.396
733.9940799999999,-435.04218,1189.44556
734.6070599999999,-436.81060999999994,1183.5437
735.86041,-438.24105999999995,1179.15588
736.62152,-439.5123,1177.1707800000001
737.74579,-440.41582999999997,1176.89893
737.54907,-441.28918,1178.7708699999998
738.35779,-441.60193,1182.1599099999999
739.14972,-442.09585999999996,1187.2522
739.51715,-442.07207999999997,1192.9356699999998
740.24207,-441.9213,1200.22559
740.64697,-441.83440999999993,1207.88489
741.16626,-441.67911,1215.82629
741.1586900000001,-441.16409000000004,1224.26611
740.57849,-440.22913,1232.21155
739.047,-439.96222,1239.39746
736.70636,-439.41232,1245.86707
734.1369,-439.06122,1250.9314
730.52625,-438.9639,1255.17944
727.29431,-438.1413,1258.5155
723.3457,-437.55080999999996,1260.91199
719.24396,-436.45305999999994,1262.9008800000001
714.8383200000001,-435.52252000000004,1263.81543
711.7981599999999,-433.77527000000003,1264.62463
707.65991,-432.01807,1264.82935
703.02899,-430.89261,1264.4583699999998
699.39575,-428.75485,1263.1759
696.51886,-426.24260999999996,1261.23877
693.75714,-423.74258,1259.31946
691.9934099999999,-420.55917,1256.11475
688.6192,-418.52518,1252.95215
684.63715,-416.99667,1249.86157
681.14984,-415.72375,1245.56165
678.2262,-414.27515,1241.29749
674.9848599999999,-413.34112999999996,1236.12219
670.49103,-413.84467,1231.93884
666.9243799999999,-414.22751,1227.7717300000002
663.12988,-414.42557,1223.87036
660.20026,-415.0903,1221.35706
657.99432,-415.21612999999996,1220.03101
656.7524400000001,-415.10489,1220.41675
656.4852900000001,-415.01599,1221.87524
657.08289,-414.97028,1224.32092
658.83911,-415.18539,1227.09753
661.38989,-415.62332000000004,1230.34119
663.98602,-416.21539,1233.83728
667.58112,-416.98779,1237.67883
670.1614400000001,-417.48294,1240.92761
673.56885,-418.59796,1243.63965
676.6795,-419.6615,1245.53772
680.18781,-419.8558,1246.04956
681.81531,-421.14743,1246.0354
684.6944599999999,-420.97750999999994,1244.63855
685.3407,-421.9498,1242.7930900000001
687.12567,-422.08646,1240.33105
689.34644,-421.15033,1236.72021
691.34381,-420.59717,1233.22571
692.35223,-419.94750999999997,1228.4511699999998
694.52338,-418.81296000000003,1224.05994
696.32715,-418.10873,1218.55005
698.76599,-416.99258,1212.6991
700.8269700000001,-416.07941,1206.21313
702.703,-414.95453,1199.60095
704.6192599999999,-413.93242999999995,1192.3333699999998
706.59045,-413.28362999999996,1184.91211
709.1084599999999,-412.98645,1177.21814
710.8266,-413.00986,1169.37927
713.45074,-413.18149,1161.95166
715.78314,-413.85065,1154.54187
717.40588,-414.6835,1148.25793
719.8149400000001,-415.5975,1142.59924
722.02844,-416.69,1139.57275
723.56818,-418.27759,1138.46057
726.68463,-419.54672,1139.8088400000001
729.94604,-420.93008,1142.88086
732.73737,-422.49319,1147.72571
736.05688,-424.01111,1154.37915
738.96808,-426.08167000000003,1162.24939
743.13489,-428.19312,1170.81396
746.6532,-430.31528,1180.35254
750.66071,-432.53104,1190.57397
755.23871,-435.45764,1201.02429
759.3598,-437.82635,1211.12854
763.59247,-440.09655999999995,1221.36694
766.40576,-442.11279,1230.73621
769.60419,-444.98843,1239.6254900000001
771.69757,-447.57000999999997,1247.5523699999999
772.94843,-450.09531,1253.9171099999999
774.7406599999999,-452.70374000000004,1259.65649
775.38068,-455.35461,1264.0444300000001
776.34521,-457.79553,1267.12952
779.0230700000001,-460.05444000000006,1269.15125
780.46112,-461.9111,1270.4675300000001
781.32874,-463.94968,1271.19629
782.34973,-465.29874,1270.59521
782.79364,-466.42940999999996,1269.27417
783.7572,-467.49115,1267.08386
784.52539,-467.71905999999996,1264.42322
785.5634200000001,-467.96942,1260.56348
786.70154,-467.65012,1256.48767
787.07507,-467.78989,1251.7011699999998
788.13306,-466.94922,1245.09375
787.82178,-467.44115999999997,1238.92932
788.87891,-466.12524,1230.71094
790.1116900000001,-465.91776,1222.73315
790.97687,-465.55102999999997,1213.59351
792.08484,-465.24084000000005,1204.0062300000002
793.3067,-465.52660999999995,1193.8324
794.63782,-465.68814000000003,1183.37
796.35284,-466.58578,1173.09485
798.33026,-467.49645999999996,1163.1838400000001
799.57489,-468.39511,1154.34351
801.37189,-469.46463,1147.06689
802.90997,-470.04596,1142.27307
804.65118,-470.66720999999995,1139.45227
807.24933,-470.94455,1138.86023
809.4630099999999,-471.59528,1139.79956
812.02234,-472.07052999999996,1142.50024
814.5625,-472.60294000000005,1147.2677
817.4455,-473.03067000000004,1153.16235
820.55664,-473.35042999999996,1160.25842
824.2730700000001,-473.63937000000004,1168.4235800000001
827.8501,-473.98373,1178.01343
831.99536,-474.41281,1188.27771
835.5792799999999,-474.45651,1199.3574199999998
838.99536,-474.8374,1210.5163599999998
841.7683099999999,-475.56920999999994,1222.26917
844.32782,-476.45984000000004,1233.50452
846.43573,-477.95557,1244.5877699999999
848.3449699999999,-479.79965,1254.77686
849.93298,-481.76672,1264.3333699999998
851.63776,-484.11703,1272.50928
852.6135300000001,-486.57291,1279.45667
853.7373,-489.10193,1285.3064
854.82788,-491.52197,1290.20251
855.34125,-494.44263,1293.4851099999998
856.6162099999999,-497.36120999999997,1296.17163
857.0011599999999,-500.00235,1298.005
856.992,-502.64440999999994,1298.6046099999999
857.1499,-504.918,1298.60022
856.6596699999999,-507.33440999999993,1297.7326699999999
855.9860199999999,-509.19342,1296.2041
855.35315,-511.47365999999994,1294.0118400000001
854.5152,-513.37567,1291.18958
853.7796599999999,-515.56317,1287.58569
852.13959,-517.3316,1283.5625
851.06146,-519.10797,1278.60791
849.3992900000001,-521.0683,1273.03833
848.39667,-522.67078,1266.7236300000002
847.17224,-524.55713,1259.76624
845.44165,-525.86499,1252.02673
844.32166,-527.4519700000001,1243.1729699999999
843.0025,-528.69098,1233.91455
841.65631,-530.12219,1223.6131599999999
840.8353900000001,-531.3385599999999,1212.94397
839.4354900000001,-532.25146,1201.2999300000001
838.3952,-533.35461,1189.14807
837.22656,-534.31177,1176.56323
836.1127299999999,-534.8739,1163.66699
834.99298,-534.9526400000001,1150.3613300000002
833.76477,-535.71533,1138.03186
832.50348,-536.24194,1127.20911
831.33051,-536.22046,1119.06384
829.54724,-536.62482,1114.31165
828.17542,-537.18359,1112.08801
827.01416,-538.83966,1112.60791
825.7456099999999,-540.7993799999999,1116.78577
824.13232,-543.9952400000001,1123.45728
822.01392,-547.5917400000001,1132.1086400000002
820.1070599999999,-551.55505,1142.06604
818.31915,-556.40918,1153.96899
816.34149,-561.25433,1167.25586
813.83929,-565.8942900000001,1181.85657
811.5133099999999,-570.72272,1198.1701699999999
808.55151,-574.9325,1215.44641
805.27594,-579.31445,1233.37891
801.7475599999999,-583.30157,1251.95459
797.99176,-587.27057,1270.474
795.4050900000001,-591.1062,1289.09106
792.31219,-594.8795200000001,1307.32043
789.87067,-598.12915,1324.9187
787.73511,-601.32416,1341.08533
786.14124,-603.65479,1356.59448
784.7504299999999,-606.00153,1370.15454
784.12762,-608.0087900000001,1382.49561
783.69305,-609.51563,1394.33264
783.68817,-610.69745,1404.6283
783.16516,-612.15253,1414.12073
782.9549,-613.13916,1422.2097199999998
782.71655,-613.59705,1429.26245
782.20789,-614.24402,1435.3967300000002
781.18188,-614.5156900000001,1440.40283
780.84955,-614.61755,1444.38184
780.7085599999999,-614.57349,1447.21362
779.80463,-614.51349,1449.12903
778.95984,-614.13049,1449.92554
778.12366,-613.73358,1449.9353
777.86719,-613.3091400000001,1448.9050300000001
777.1315900000001,-612.9008200000001,1447.06494
776.7655599999999,-612.4363400000001,1444.15417
775.53278,-612.45282,1440.422
775.1406900000001,-612.44281,1436.18298
774.12305,-612.36755,1431.14746
772.6039400000001,-612.3499099999999,1425.24792
772.08929,-612.5806299999999,1418.46631
771.0332599999999,-613.26727,1410.6911599999999
770.12891,-613.8869599999999,1402.02271
769.20691,-614.59998,1393.20728
767.22485,-615.73853,1382.89429
766.00323,-616.59564,1372.1268300000002
764.10876,-617.49231,1360.98596
762.28967,-618.4223,1348.9099099999999
760.1676,-619.16394,1336.57544
757.91522,-619.84442,1323.4238300000002
755.4719200000001,-621.19,1310.40112
753.10114,-621.64734,1296.7536599999999
750.3005400000001,-622.65967,1283.13916
747.2143599999999,-623.25604,1269.72278
744.2937599999999,-624.03882,1256.50659
741.22382,-624.5188,1244.21179
737.55359,-624.75745,1232.59314
733.8905,-624.94385,1222.6159699999998
730.48041,-624.97589,1214.00281
725.64221,-624.7103900000001,1206.47351
721.34479,-624.87756,1200.8120099999999
717.0817900000001,-624.96948,1197.06323
713.29602,-624.97205,1194.82581
709.97791,-625.01459,1194.5437
706.05438,-624.95587,1196.05591
703.2199099999999,-624.72815,1199.78186
700.8668200000001,-624.88635,1205.15735
698.69647,-624.86517,1211.88501
696.98535,-624.97101,1219.64941
695.9003299999999,-625.2054400000001,1228.90967
694.30524,-625.60364,1238.46655
693.45978,-625.69891,1248.29114
692.50421,-626.49396,1258.39099
692.18756,-626.39642,1268.42236
691.5776400000001,-626.5578,1278.44177
691.51245,-626.46747,1288.06091
691.26776,-626.7058099999999,1297.40588
690.79083,-626.69714,1305.87207
690.67487,-626.62085,1313.46411
690.6621700000001,-626.80994,1319.9747300000001
690.76782,-626.8111,1326.0304
690.72339,-626.89594,1330.83875
691.177,-626.78931,1334.59045
691.55328,-626.99902,1337.4252900000001
692.27521,-626.7656900000001,1339.4724099999999
692.97662,-626.35559,1340.72351
693.92743,-626.2175900000001,1341.20752
694.82172,-625.56421,1340.76123
695.80188,-624.87646,1339.11267
697.22284,-624.08655,1336.95093
698.62451,-622.8028,1333.83484
700.51373,-621.76526,1329.69226
702.29675,-620.27362,1324.38745
704.12482,-618.724,1317.95874
706.30902,-617.29749,1310.55273
708.75909,-615.78613,1302.2644
711.177,-614.5217299999999,1292.93372
713.94214,-612.7647099999999,1282.38635
716.81952,-611.73425,1271.05591
719.34772,-610.19354,1258.82837
722.4757099999999,-609.10565,1246.4868199999999
725.534,-607.98297,1234.51624
728.87671,-607.32074,1222.87085
731.54102,-606.74274,1212.5747099999999
733.69183,-605.92035,1204.96973
735.46136,-604.71857,1200.02734
736.74261,-603.31427,1198.31104
737.35541,-601.11371,1199.37183
737.97888,-598.87177,1202.5062300000002
738.8795200000001,-596.79633,1207.8988
739.71289,-594.5931400000001,1214.6372099999999
741.16003,-592.84802,1222.3772
742.35907,-591.2005,1230.84106
743.36786,-589.435,1240.29785
743.94177,-587.9504400000001,1250.2360800000001
744.45349,-586.60425,1260.37817
744.4675900000001,-585.90979,1270.26404
744.3819599999999,-585.5634200000001,1279.43372
743.7453,-586.04657,1288.10754
742.69116,-586.9315799999999,1295.7083699999998
741.4932299999999,-587.8584599999999,1302.89063
740.33514,-589.36047,1308.71765
739.33875,-590.61298,1314.10754
737.84308,-591.7836900000001,1318.87891
736.12189,-592.87994,1322.63257
734.83673,-593.88623,1325.5498
733.6439799999999,-594.60352,1327.60352
732.01373,-595.07593,1328.98645
730.29785,-595.3269700000001,1329.39709
728.8598599999999,-595.25354,1329.0932599999999
727.09772,-595.11768,1328.22205
725.2864400000001,-594.1568,1326.52686
723.81775,-593.86102,1324.4312699999998
722.11633,-593.2254,1321.6458699999998
720.61047,-592.29199,1318.3370400000001
719.27496,-591.84082,1314.20898
718.03918,-591.16058,1309.23279
717.3740799999999,-591.16858,1303.77954
716.3457,-591.0235,1297.3786599999999
715.41943,-591.35419,1290.6322
714.84271,-591.67865,1282.8645
714.6478900000001,-592.42407,1274.94153
713.85144,-593.3837900000001,1266.53735
713.62567,-594.20294,1257.3175
713.3471099999999,-595.2219200000001,1248.76123
712.76715,-596.71661,1240.03088
712.7593400000001,-598.34796,1231.19031
712.3322099999999,-600.7276,1223.60608
711.30664,-603.48596,1215.82947
710.36859,-606.71014,1209.6095
708.8680400000001,-609.9024,1205.27332
706.8233,-612.8023099999999,1202.5059800000001
703.9432400000001,-615.6955,1201.89197
701.32349,-617.88715,1204.14734
698.42804,-619.51526,1208.34387
695.4184,-621.39185,1214.0637199999999
692.9801,-622.56299,1220.73425
690.73999,-623.35187,1228.60352
689.5368,-623.71667,1237.61926
687.57214,-624.05646,1246.79272
685.78967,-624.50873,1256.7605
683.70966,-624.66309,1266.4788800000001
681.82587,-625.10114,1276.14099
679.11395,-625.7832,1285.36865
676.67651,-626.83722,1294.0960699999998
673.99597,-628.4917,1301.63635
670.70599,-630.45612,1308.28601
667.6817599999999,-633.07178,1313.75159
665.2941900000001,-635.52899,1318.03735
662.00787,-638.0103799999999,1321.36694
658.78027,-640.21277,1323.58582
656.35022,-642.8158,1325.09387
654.0379,-644.35638,1325.58582
652.1705900000001,-646.00629,1325.31775
649.91602,-647.22845,1324.61218
648.1618,-647.87396,1322.71765
646.3734099999999,-648.60675,1320.58728
645.13147,-648.77362,1317.6159699999998
643.72186,-648.7058099999999,1314.24695
642.50793,-648.42352,1310.41553
641.88806,-648.112,1306.45898
641.07947,-648.19757,1301.1798099999999
640.92542,-648.26666,1295.48901
640.69104,-648.5634200000001,1289.0177
641.08966,-648.75653,1281.6663800000001
641.52771,-649.23645,1274.09229
641.80682,-649.5609099999999,1265.9751
642.70673,-650.5484,1257.40344
643.9818700000001,-650.9115,1248.2175300000001
645.9193700000001,-651.87415,1239.04175
647.27393,-652.96472,1229.63342
649.08295,-654.57849,1220.51233
651.50214,-656.0874,1212.20667
653.76636,-658.41614,1205.32385
655.5174599999999,-660.33667,1199.34619
657.1944,-661.78333,1196.04712
658.414,-663.79498,1194.20215
660.6307400000001,-665.09717,1195.3385
661.32532,-665.5407700000001,1197.6870099999999
662.94763,-666.17535,1202.17676
664.83777,-666.9549,1207.28296
666.0061,-667.67267,1213.44983
667.17175,-668.08868,1220.65869
668.2677,-668.87329,1228.5166
668.83984,-669.5137900000001,1236.51648
668.4682,-669.80133,1244.82593
667.8241,-670.38171,1252.84814
666.81116,-671.41113,1260.3504599999999
665.1458700000001,-672.61456,1266.92053
662.3706099999999,-674.45862,1272.45276
659.90692,-676.60352,1276.81506
656.5570700000001,-679.09717,1280.08044
652.8690799999999,-681.2356599999999,1282.3812300000002
648.94495,-683.35419,1283.47571
645.5847200000001,-685.21906,1283.89148
641.91595,-686.59155,1283.33972
638.33887,-687.45862,1281.77271
634.5083,-688.07574,1279.51697
631.59052,-687.9231,1276.42969
628.19458,-687.28302,1273.12561
625.19434,-686.1542400000001,1269.03516
622.66473,-685.28156,1264.96594
619.55945,-684.28857,1260.03125
617.12158,-683.4789999999999,1254.51599
614.0885599999999,-683.56348,1248.87122
611.83057,-683.97272,1242.68445
609.24854,-684.68604,1236.7360800000001
607.02197,-686.0033599999999,1230.9788800000001
605.2028799999999,-687.06396,1225.53699
603.55261,-688.4469,1221.31506
601.54089,-690.10681,1218.7703900000001
600.5387599999999,-690.94659,1216.8894
598.5387599999999,-691.45959,1216.7711199999999
599.21869,-692.19275,1217.52368
599.2337,-692.57672,1220.03455
599.7869900000001,-692.66907,1223.39014
600.9379299999999,-693.22998,1227.91553
602.55695,-693.9612400000001,1233.36621
604.26117,-694.50964,1239.28149
606.44385,-695.39355,1245.73828
609.84265,-695.07874,1251.74658
612.31604,-695.08301,1258.33313
614.89276,-695.2518299999999,1264.96216
617.46289,-695.1582,1271.33545
619.31763,-695.41785,1277.1735800000001
620.5814799999999,-695.8067599999999,1282.42932
621.80847,-696.32587,1286.62573
621.97266,-696.8756099999999,1290.08093
622.35284,-697.07104,1292.68591
623.18292,-697.20569,1294.61633
624.0658,-696.7289999999999,1295.2395
624.5316799999999,-696.56653,1294.92834
625.08429,-695.9057,1293.1825
625.81543,-695.13837,1290.47986
626.76996,-694.07458,1286.97205
627.71033,-692.23651,1281.91199
628.46619,-690.61157,1276.25403
629.22198,-688.5387599999999,1269.90381
630.03351,-686.05481,1262.58801
630.8029799999999,-683.55396,1254.84021
632.33215,-680.74615,1246.67444
632.7874099999999,-677.76868,1238.12646
633.78796,-675.11035,1228.8347199999998
635.05426,-672.13098,1218.9315199999999
634.62134,-670.19354,1208.16333
635.40253,-667.42395,1197.11096
635.7689799999999,-665.0513900000001,1185.3569300000001
635.4776,-663.11005,1173.5606699999998
635.22229,-661.53778,1160.85315
634.87805,-660.677,1148.59949
633.48499,-659.7926,1137.26563
632.76605,-659.12018,1127.7138699999998
631.65448,-658.5991799999999,1121.34668
632.09369,-657.86035,1116.34705
631.56873,-657.1413,1113.73303
631.99774,-656.2332200000001,1113.68921
633.237,-655.1809099999999,1116.21606
634.01965,-654.19012,1120.94141
635.15021,-654.19165,1127.92834
636.23596,-653.56921,1135.9583699999998
637.64911,-653.77148,1146.2518300000002
636.23877,-654.49518,1157.62781
636.31213,-656.53796,1170.24475
635.85461,-659.20032,1183.4226099999998
634.11377,-662.5378400000001,1197.32251
632.48993,-666.8797,1211.49976
630.61157,-671.72583,1225.7432900000001
627.70898,-676.69507,1240.2887
623.84607,-681.91907,1254.35901
620.5824,-687.56073,1268.08252
615.6779799999999,-693.20917,1281.24475
612.80988,-698.23022,1293.54358
609.88104,-703.9898099999999,1304.96814
607.1361099999999,-709.91357,1315.8927
604.37231,-715.46448,1326.0317400000001
602.32141,-721.37762,1335.56946
600.5813,-727.08765,1344.67603
599.12671,-732.3952,1353.56824
598.39581,-738.03235,1361.7061800000001
597.39197,-743.0346099999999,1369.44299
596.43616,-748.02893,1377.2042199999999
595.49878,-752.35291,1384.24902
594.41888,-756.60315,1391.00562
594.13342,-760.1245700000001,1397.36841
592.47882,-763.34698,1403.30408
591.68921,-766.1073,1408.4312699999998
590.86932,-768.41522,1413.2926
589.7135599999999,-770.37677,1417.31799
588.94098,-771.81525,1421.16516
588.01367,-772.84637,1423.91174
586.9843099999999,-773.35938,1426.51111
586.50781,-773.58887,1428.50781
585.71021,-773.3467400000001,1429.81421
586.85663,-773.2706900000001,1430.92395
586.84888,-772.0905799999999,1431.44727
587.1970200000001,-771.14172,1431.28772
587.54297,-769.6757200000001,1431.1453900000001
586.82709,-768.15753,1430.922
588.6884200000001,-766.35101,1430.12048
589.53864,-764.20074,1429.7301
590.57336,-762.3419200000001,1429.2052
591.61298,-760.22632,1429.02832
592.30927,-758.96985,1429.1784699999998
593.0360099999999,-758.56458,1430.06213
592.5931400000001,-759.37958,1431.57629
592.62689,-759.97162,1433.11841
592.75757,-760.81958,1434.65906
593.2595200000001,-761.9249900000001,1435.9909699999998
593.80701,-763.1976900000001,1436.3302
594.86084,-765.13013,1436.09583
594.79657,-767.22089,1434.93298
595.6027799999999,-768.96185,1432.58069
595.40045,-770.77972,1429.43054
595.44055,-771.55438,1425.39795
595.3587,-771.51062,1419.69043
593.81708,-769.77997,1412.92871
592.6829799999999,-768.34204,1405.521
591.5095200000001,-765.22595,1397.4248
589.7525,-761.68317,1387.73486
588.3479,-757.38446,1378.0612800000001
586.33215,-752.76068,1367.33386
583.33527,-747.59998,1356.30518
581.34857,-741.66046,1344.29504
578.8344099999999,-735.7937,1331.9080800000002
576.44208,-729.3140900000001,1318.99133
573.87805,-722.6261599999999,1305.42554
571.25165,-715.84637,1291.58093
569.11835,-708.74646,1277.72974
566.64337,-701.5451,1263.4809599999999
564.2980299999999,-694.0238,1249.2326699999999
562.83142,-686.1741900000001,1234.51208
560.8226900000001,-677.90387,1220.21582
559.54016,-668.69263,1206.5506599999999
557.81122,-659.68536,1193.46497
556.13574,-651.59308,1181.49597
553.87555,-644.16949,1170.19336
551.93292,-637.94794,1160.60132
549.8913,-633.12909,1152.23755
547.27545,-629.50873,1146.0488300000002
548.31458,-626.5799,1141.85535
547.86383,-625.6488,1140.9209
548.11584,-626.3063400000001,1142.96057
547.9782700000001,-627.8118900000001,1146.7135
547.59625,-630.06744,1153.27576
546.22223,-633.31378,1161.6178
545.31287,-636.95654,1172.40784
543.2412099999999,-642.12555,1184.58032
539.99707,-647.20477,1198.24475
537.62689,-652.62,1211.88696
535.44952,-657.92822,1225.97974
532.8969099999999,-663.96844,1240.46912
530.26532,-669.8548599999999,1254.3916
527.72296,-675.63025,1268.34155
524.70343,-681.96289,1281.69543
521.81671,-687.99597,1294.6073
519.29425,-694.5822099999999,1306.5194099999999
517.0853900000001,-700.74475,1318.0018300000002
514.9155900000001,-707.48181,1328.41101
513.02362,-714.3620599999999,1338.53674
511.48483,-721.08209,1348.4256599999999
511.22464,-727.40576,1357.7241199999999
510.56677,-733.6831099999999,1366.44995
510.8222,-739.22717,1375.11792
511.24832000000004,-744.30701,1383.58643
511.24451,-748.45227,1391.5479699999999
511.78171,-752.2175900000001,1398.7988300000002
511.35852,-754.85168,1405.8264199999999
511.85152999999997,-757.92017,1412.11621
511.45081,-760.12628,1417.8313
512.15662,-761.48273,1422.7794199999998
512.07617,-763.09363,1426.58972
512.34882,-764.2907700000001,1429.79968
512.16205,-764.83636,1432.40332
512.77338,-765.15198,1434.39478
513.13361,-765.0498,1435.68506
514.16962,-764.7966299999999,1436.6898199999998
516.4119900000001,-763.96411,1437.22583
517.2810099999999,-763.0971099999999,1437.53162
521.44873,-761.85107,1437.0053699999999
522.6021099999999,-759.6784700000001,1436.13599
524.60455,-758.14783,1435.47253
527.07886,-756.44421,1434.28137
529.10773,-754.37305,1432.63196
531.37286,-752.71649,1430.96948
532.91882,-751.55896,1429.72583
534.0600599999999,-750.99261,1428.54431
534.94006,-751.2945599999999,1427.34265
534.96136,-752.35266,1427.7663599999998
536.1416,-753.51233,1428.63599
538.13312,-754.78906,1429.28333
540.02777,-756.82922,1430.17688
543.07513,-758.42688,1430.3158
545.96289,-759.95569,1429.90247
549.05481,-761.49237,1428.62341
551.9345099999999,-762.86993,1426.21704
554.9585,-763.44098,1422.41919
556.63965,-762.67993,1417.4610599999999
558.02332,-761.4306,1411.19189
559.61786,-758.99371,1404.2921099999999
560.25214,-756.02838,1396.0131800000001
561.08521,-752.81183,1387.31079
561.93219,-749.07208,1377.7241199999999
562.46527,-745.08722,1367.28418
563.71747,-740.4630099999999,1356.1051
564.83582,-735.22089,1344.1145
565.21021,-729.85016,1331.77258
566.44952,-723.7557400000001,1318.8551
567.55487,-717.15503,1305.4650900000001
568.42291,-710.45758,1291.95947
570.27472,-702.99017,1278.1051
571.89423,-694.79773,1264.0437
575.32043,-685.3819599999999,1249.08728
577.11255,-676.42053,1234.6231699999998
580.50385,-667.35242,1219.91724
582.87366,-658.22821,1204.71033
587.06281,-649.10895,1190.21008
591.01001,-639.95807,1175.0499300000001
595.4341400000001,-631.13098,1160.74438
599.5004299999999,-622.70636,1147.22192
604.60266,-614.7373,1135.0022
609.84521,-606.47717,1122.99829
615.38953,-600.4544099999999,1113.97302
621.3714,-596.09155,1106.20703
627.79706,-592.89697,1101.07593
637.09729,-591.1749900000001,1098.40015
644.99316,-589.66699,1098.16052
653.38922,-588.64575,1100.66797
663.0708599999999,-588.13031,1105.78674
673.16711,-588.15527,1112.3936800000001
683.4846200000001,-588.22607,1121.00732
694.2054400000001,-588.7935200000001,1131.25342
704.4776,-589.4345099999999,1142.68201
714.83942,-589.42603,1155.3457
725.45459,-589.8512599999999,1168.495
735.15637,-590.35815,1182.3250699999999
745.4735099999999,-590.95831,1196.7083699999998
754.89526,-592.25854,1211.2038599999998
763.48065,-593.22253,1225.68823
771.78625,-594.5296599999999,1239.5090300000002
780.27893,-595.76727,1253.68726
788.10303,-597.21521,1267.28125
795.68097,-597.92047,1279.85364
802.9718,-599.11243,1292.68298
810.71472,-599.57776,1304.12256
818.94757,-599.56348,1315.00293
827.49054,-599.0694,1325.49854
835.33014,-599.01892,1335.36438
843.83923,-598.54755,1344.7645300000001
851.5119599999999,-597.34479,1353.2639199999999
860.03082,-595.7667799999999,1361.85486
867.19135,-594.44208,1369.78125
874.51306,-592.46222,1377.38245
881.14026,-590.1629,1384.28149
887.26031,-587.83844,1390.50574
893.69611,-585.3065799999999,1396.59131
898.5858800000001,-582.48645,1401.4000199999998
903.3861099999999,-579.26074,1406.04456
907.8706699999999,-576.1756,1409.90942
911.66119,-572.94897,1412.85364
914.7016,-570.1759599999999,1415.24915
917.69305,-566.48999,1417.15967
920.3494300000001,-563.39844,1418.30371
921.97552,-560.26343,1418.5942400000001
923.9987199999999,-556.42828,1418.94153
925.3186,-552.96204,1418.40417
926.57489,-549.7012900000001,1417.78333
927.5744,-545.36371,1416.36145
929.3104900000001,-540.97815,1415.021
929.7492699999999,-537.51208,1413.69775
930.7629400000001,-532.87567,1412.3772
931.65228,-528.99792,1411.0349099999999
933.1455699999999,-524.94037,1409.72595
934.20026,-521.66382,1409.65051
936.427,-517.9038099999999,1409.53943
938.8924599999999,-515.604,1410.01428
941.2430400000001,-513.69525,1410.69458
943.4531300000001,-511.54456,1412.25269
945.98468,-510.38409,1413.39819
949.10901,-508.33190999999994,1415.22693
952.3529699999999,-506.80139,1416.71497
955.14813,-504.77994,1417.6639400000001
958.1273800000001,-502.84225,1418.05847
960.44031,-500.52022999999997,1417.72217
963.0086699999999,-498.05618,1416.41956
964.0968,-495.50314000000003,1413.54651
964.9241900000001,-492.89218,1410.4788800000001
964.2562300000001,-490.43002,1405.45776
962.7573199999999,-488.08237,1399.78162
961.1922599999999,-486.01599000000004,1393.1173099999999
958.23865,-484.11667,1385.8967300000002
955.1790800000001,-482.27963,1377.9624
951.3317300000001,-480.27328,1369.5481
947.31915,-478.31170999999995,1360.71667
942.28455,-475.90207000000004,1351.21936
937.38324,-473.86319000000003,1341.6965300000002
931.7949199999999,-471.63995,1331.3936800000001
926.24725,-469.01172,1320.85083
919.8709699999999,-466.17194000000006,1309.95886
913.7326699999999,-463.21090999999996,1298.5481
907.8126800000001,-460.43152000000003,1286.96545
901.0924699999999,-457.60352,1274.9917
894.2793,-454.25464000000005,1262.8129900000001
888.05798,-450.80099,1250.25244
880.9325,-447.71249000000006,1237.55896
875.43475,-444.48505,1225.99805
869.5033,-441.47695999999996,1213.8927
862.7819199999999,-437.90359000000007,1200.87756
858.17621,-434.71252000000004,1189.05823
854.4765,-431.27219,1177.34351
852.49811,-428.66034,1166.34302
851.60815,-425.88300000000004,1156.18005
851.8389300000001,-424.09448,1148.06409
853.18359,-423.01065,1142.59363
855.4500699999999,-422.04398,1139.0421099999999
858.6737099999999,-421.46237,1138.18433
862.71844,-419.98699999999997,1139.36914
867.75671,-419.25656000000004,1142.7763699999998
873.50391,-418.20758,1148.72571
878.9273699999999,-416.96112,1156.08655
885.54114,-416.50113,1165.90784
891.64801,-415.70715,1177.01025
898.54205,-415.43896,1189.99805
904.6700400000001,-415.02225,1203.30188
911.10455,-415.04712,1217.19824
918.4766199999999,-415.87,1231.8786599999999
924.33405,-415.46329,1246.12634
929.80536,-415.95047,1259.92188
936.0595099999999,-416.32223999999997,1273.91028
942.07202,-417.01871,1287.08923
947.69165,-417.26025,1299.18848
954.21826,-417.686,1310.91357
959.94421,-417.57074,1321.67883
966.45197,-417.92795,1331.83276
972.18744,-417.68842,1340.87024
978.7135599999999,-417.14706,1350.1676
985.0006099999999,-416.56818,1358.43726
991.0363800000001,-414.8566,1366.38831
996.63177,-413.77407999999997,1373.86865
1001.99054,-412.02176000000003,1381.1283
1006.76849,-410.59488,1387.96545
1011.08057,-408.67136,1394.24146
1014.75964,-407.07932,1399.98376
1018.2648300000001,-405.46762,1405.28882
1020.7982800000001,-404.21329,1410.12097
1022.9866300000001,-402.83054,1414.33484
1024.99841,-401.59756,1417.3809800000001
1026.21265,-400.50827000000004,1420.2536599999999
1027.29199,-399.18222000000003,1422.26892
1028.03186,-397.9101,1423.6041300000002
1028.7164300000002,-396.9996,1424.22803
1029.2332800000001,-395.75681000000003,1424.3042
1029.0575,-394.43768,1423.94629
1028.69141,-393.53503,1422.94897
1028.01306,-392.30515,1421.66309
1027.91919,-390.83615,1419.4542199999999
1026.7639199999999,-389.49744,1417.04053
1025.52124,-387.8573,1414.67175
1024.77295,-385.97415,1412.35876
1023.8443,-383.85184,1410.44312
1022.74084,-381.70129,1408.97351
1022.5918,-379.24374,1407.78772
1023.12714,-377.03558,1407.39685
1024.7069099999999,-374.72968,1406.88306
1026.47388,-373.03519,1407.29639
1029.53784,-371.44659,1408.2391400000001
1031.6936,-369.77652,1409.14111
1034.33545,-367.91513,1410.09131
1036.84924,-365.93597,1411.005
1039.9252900000001,-364.25436,1411.97131
1042.16174,-362.58945,1411.8076199999998
1043.94592,-360.72351000000003,1411.80188
1045.89905,-358.96521,1410.75647
1046.4021,-357.53842000000003,1409.56812
1047.14734,-356.01288,1407.5896
1047.17224,-354.478,1404.92371
1046.7083699999998,-353.33333999999996,1401.69775
1046.16345,-351.8829,1397.8667
1044.7576900000001,-350.81525,1393.0250199999998
1043.55896,-349.65417,1387.64246
1041.80969,-348.08331,1381.05908
1040.4873,-347.1618,1373.65637
1038.86621,-345.92911000000004,1365.72668
1036.91553,-345.06946,1357.06934
1033.0877699999999,-343.88129,1346.46741
1029.87219,-343.24969,1335.92334
1026.26721,-342.60391,1324.49292
1022.1951300000001,-342.19763,1312.51685
1018.93256,-342.06216,1300.2264400000001
1014.5897199999999,-341.20599,1287.14221
1010.24951,-341.19107,1274.06519
1005.4794300000001,-340.69354,1260.9338400000001
1001.7760599999999,-340.67349,1248.1283
996.77216,-340.39209,1234.96362
992.76184,-340.60406,1222.39355
988.0989999999999,-340.98224,1209.9434800000001
984.18445,-341.34216000000004,1198.01831
980.5745199999999,-341.4093,1187.23889
977.0733,-341.48901,1176.92859
975.4716199999999,-341.48123,1168.46606
973.4124099999999,-341.60938,1161.04553
972.3165300000001,-340.28751,1155.01794
972.73047,-338.67188,1150.73657
972.8566300000001,-335.52032,1148.00879
973.79449,-330.56049,1147.5105
975.0064699999999,-324.66888,1149.00256
975.40985,-317.11992999999995,1152.18018
977.23401,-310.97556000000003,1158.31812
978.33075,-304.15527000000003,1165.89221
981.0772699999999,-298.29245,1175.19775
984.07349,-291.97809,1185.4325
986.98926,-285.96143,1196.45044
990.2746,-280.397,1207.7048300000001
993.86755,-274.4913,1219.70313
997.3643199999999,-268.64374,1230.71375
1000.6543,-262.98901,1242.2999300000001
1003.6668699999999,-257.41925,1252.9939
1007.11414,-252.02763,1263.1124300000001
1009.9245599999999,-246.63249,1272.22009
1012.7085,-240.0686,1279.6879900000001
1015.1933,-234.80787999999998,1286.68738
1016.83838,-229.30948999999998,1292.33643
1018.78387,-224.54337999999998,1296.88147
1020.6535,-219.1633,1300.81531
1022.19006,-213.91467000000003,1303.61719
1023.46191,-209.01353,1305.29822
1024.8999,-203.90776,1306.5144
1025.42639,-198.65738000000002,1306.9165
1026.0426,-193.7562,1306.65479
1026.26306,-188.54976000000002,1305.72388
1026.79187,-183.32993000000002,1304.125
1026.98657,-178.3031,1301.3634
1026.9393300000002,-173.20049,1298.0095199999998
1026.92004,-168.26801,1294.14844
1026.6041300000002,-163.17866999999998,1289.09961
1025.56238,-158.47447,1283.67542
1024.71631,-153.55092,1277.4279800000002
1024.19751,-148.52322,1270.45337
1022.9915199999999,-144.2114,1262.7553699999999
1022.1601,-139.31975,1254.75317
1021.7675199999999,-135.6024,1246.63147
1021.3960599999999,-131.32912,1238.19739
1021.6273800000001,-127.09602,1229.677
1022.0225800000001,-123.86403999999999,1221.35669
1023.0495,-120.54086000000001,1213.8844
1024.0387,-117.8611,1207.72327
1024.9248,-115.51913,1203.0529800000002
1025.58081,-113.54546,1200.69812
1025.36646,-112.13248999999999,1200.3298300000001
1024.62939,-110.9458,1202.02405
1023.47955,-109.88438000000001,1204.99548
1022.6284800000001,-108.5192,1209.55017
1022.2323,-106.98833,1215.2373
1021.22949,-105.08724,1222.00647
1020.71014,-102.82816,1229.43335
1019.7733800000001,-100.61308000000001,1237.3088400000001
1019.09595,-97.91228000000001,1246.12292
1018.4680800000001,-95.3693,1255.14978
1017.7910800000001,-92.73456,1263.5
1017.2227800000001,-90.53393,1272.27026
1017.1085199999999,-88.30232,1280.30676
1017.05701,-86.11851999999999,1287.67615
1017.43536,-84.54857,1294.21777
1018.2111199999999,-82.88169,1299.8208
1019.10425,-81.08815,1304.42212
1020.05524,-79.87446,1308.26892
1020.80469,-78.10313000000001,1310.5258800000001
1021.86322,-76.57558,1312.2595199999998
1022.34589,-74.63363000000001,1312.95874
1022.5333300000001,-72.32507,1312.6351300000001
1023.0346699999999,-70.18377,1311.42859
1022.87402,-67.68838000000001,1309.3264199999999
1022.0591400000001,-64.1943,1306.60986
1021.52307,-61.80015,1302.97998
1020.53979,-59.04889,1298.3173800000002
1019.3792699999999,-56.0941,1293.6615
1018.01819,-53.91627,1287.92224
1016.17334,-51.12897,1281.91321
1014.6470300000001,-48.178340000000006,1275.3872099999999
1013.38824,-45.13603,1268.38074
1011.47339,-41.81706,1260.83142
1009.4893199999999,-38.66098,1252.1262199999999
1007.83704,-35.009679999999996,1242.9696
1005.815,-30.9941,1233.4896199999998
1003.49365,-27.32902,1223.0304
1001.6890300000001,-23.68234,1212.31555
999.4929800000001,-19.69184,1200.7576900000001
996.9962199999999,-15.559070000000002,1188.8269
994.37775,-11.80023,1176.8474099999999
991.2627,-7.66218,1164.20605
988.38904,-3.9156,1151.74182
985.3820199999999,-0.19888,1139.84314
981.77039,3.81015,1129.0900900000001
977.80304,6.73747,1120.2559800000001
974.54791,9.384889999999999,1113.80554
971.0836800000001,11.23665,1109.72046
968.46021,12.3783,1108.37573
966.81604,12.9209,1110.35779
966.8975800000001,12.346060000000001,1114.9627699999999
967.5864300000001,11.17572,1121.80896
969.41211,8.93957,1130.2409699999998
972.35651,6.835489999999999,1139.9976800000002
975.50635,4.2816,1150.98169
979.63635,1.59334,1162.86023
983.7003199999999,-1.13591,1175.2648900000002
987.96375,-3.9446,1188.71472
992.50226,-6.72607,1202.6887199999999
996.94141,-9.164,1217.92468
1000.87469,-12.35968,1233.62195
1004.53802,-14.506260000000001,1250.3762199999999
1007.6682099999999,-16.84512,1267.21521
1010.1021099999999,-19.13288,1284.4967
1011.9110699999999,-20.60926,1301.6707800000001
1012.9716199999999,-22.41347,1318.00452
1013.3479,-23.59079,1333.9137
1013.10614,-24.38804,1348.82178
1012.49969,-24.68668,1362.77539
1011.8508300000001,-24.9473,1375.74719
1011.1137699999999,-25.35248,1387.2644
1010.8913,-25.53539,1397.88879
1010.63849,-26.19657,1407.5498
1010.38129,-26.9093,1415.77344
1010.06512,-27.88399,1422.5144
1010.60687,-28.86645,1428.37354
1011.0786099999999,-30.30955,1432.68738
1010.78223,-31.06798,1435.46033
1011.2025800000001,-32.36757,1437.54688
1010.7691699999999,-33.83468,1437.92224
1010.76709,-35.56901,1437.5361300000002
1009.6532,-36.4145,1435.53699
1008.64667,-37.81353,1433.02417
1007.1691300000001,-38.977940000000004,1428.97949
1005.52051,-40.305440000000004,1423.89575
1004.3208,-41.22932,1418.36157
1002.87781,-42.560340000000004,1412.27917
1000.8090800000001,-44.23984,1404.13342
998.67847,-45.94348,1396.35364
996.53925,-47.05725,1387.90344
994.79572,-48.85049,1378.32483
992.68927,-50.3024,1368.48572
990.09869,-51.5825,1357.12817
988.2289400000001,-52.89161,1345.5813
986.2158199999999,-53.8249,1333.26563
984.2406599999999,-55.20329,1320.31384
981.95209,-56.3444,1307.2249800000002
979.9440300000001,-57.94413,1294.16125
977.3453400000001,-59.0851,1280.87
975.07562,-60.64076,1268.37585
972.1542400000001,-61.8189,1255.84705
969.64215,-63.87243,1244.03955
967.0974699999999,-65.31706,1233.2360800000001
964.2570800000001,-66.22868000000001,1223.2824699999999
961.9993300000001,-67.74195,1214.6993400000001
960.2644,-69.32565,1207.84448
958.6084,-70.34446,1202.6886
957.40735,-71.0066,1199.37329
956.4232800000001,-71.47224,1198.08594
955.3446,-71.14686,1198.54089
954.7399300000001,-70.47419000000001,1201.0163599999998
953.9860199999999,-69.9518,1205.02271
954.0733,-69.13953000000001,1210.69226
954.48419,-68.41644000000001,1218.01648
954.9647199999999,-67.38632,1226.7381599999999
955.50281,-66.68842,1236.23621
956.29126,-65.15106,1246.4248
957.00458,-63.98195,1257.14514
957.12451,-62.397580000000005,1268.0094
956.93158,-60.63494,1279.13342
956.2652,-58.88391,1289.47437
955.71094,-56.8806,1299.9050300000001
954.5023800000001,-54.780590000000004,1309.77954
953.17761,-53.017480000000006,1318.8783
950.5864300000001,-50.396840000000005,1327.46899
948.41339,-48.4823,1334.9303
945.8075,-46.519909999999996,1341.70166
942.90356,-44.371790000000004,1347.4298099999999
940.12231,-41.963809999999995,1352.22754
937.4802199999999,-40.39398,1355.85522
934.5874,-37.84657,1358.52954
930.95355,-35.50096,1359.91016
927.74475,-33.37045,1360.79468
924.3364300000001,-31.282690000000002,1360.25171
920.85321,-28.983490000000003,1358.60803
916.7819800000001,-26.141479999999998,1356.22705
913.0175199999999,-23.62327,1352.453
909.2996199999999,-21.47081,1348.28442
905.33514,-18.9496,1342.67859
900.53302,-16.64894,1336.44861
895.7644,-14.28268,1329.16309
890.96185,-12.03515,1320.99524
885.6663199999999,-9.88787,1312.0022
880.94006,-7.55468,1302.08545
876.21277,-5.58062,1291.4194300000001
871.63165,-3.11334,1279.75317
867.15344,-0.68418,1266.96704
862.7393800000001,2.38484,1253.23401
858.4404300000001,5.76662,1238.3333699999998
854.49402,8.980089999999999,1222.92627
850.11603,13.18305,1207.0885
845.2620199999999,17.82045,1190.36401
840.5672,22.5813,1173.79919
835.6333,28.091490000000004,1157.5506599999999
829.08051,34.04554,1142.5307599999999
822.75928,39.423970000000004,1130.15125
814.15955,44.383390000000006,1120.70447
805.2687400000001,48.94623,1113.78064
796.15607,53.82833,1108.17334
786.18701,59.13823000000001,1104.61365
776.00281,64.8074,1102.2052
765.82465,70.6794,1100.66431
755.59998,76.98595,1100.5576199999998
745.16455,83.37111999999999,1101.6303699999999
734.21185,89.18391,1104.23145
723.1073,93.90835,1108.68738
712.89667,97.97936,1114.80054
704.0941799999999,101.40948,1122.51306
695.0543200000001,104.53083000000001,1132.01794
686.6942700000001,107.35038,1142.72852
680.4655799999999,109.37817,1153.83679
674.91486,111.1368,1165.23755
669.76923,113.27618999999999,1176.97192
666.62567,115.19247,1187.9976800000002
664.10974,117.14716000000001,1198.98572
661.17102,119.20926999999999,1209.55981
659.77985,121.49968,1219.1131599999999
658.47601,123.52113,1228.0571300000001
658.00128,125.19046000000002,1236.22522
658.9200400000001,127.14251000000002,1243.62524
660.4476900000001,128.83195,1250.13013
662.3557099999999,130.75443,1256.27258
665.27423,132.79166,1261.5203900000001
669.56122,135.05559,1265.62463
674.06958,136.95088,1269.16772
679.42084,138.37239,1272.21228
685.1499,140.40312,1274.68848
691.78247,142.04117,1276.40625
698.91895,142.83414,1277.78394
705.7782599999999,144.35128999999998,1278.69873
713.1676,144.91235,1279.02576
720.7757,145.63037,1278.36218
728.71082,145.95018000000002,1277.2478
735.6741900000001,146.29773,1275.96265
743.20813,146.03198,1273.89868
751.10992,146.26713999999998,1271.4987800000001
759.52521,144.94505,1267.92578
767.13702,143.59135,1263.72876
774.07623,142.55733999999998,1258.8917199999999
780.49878,141.35349,1253.53564
787.3668200000001,139.26509,1247.49194
793.67963,137.42041,1240.69714
799.0537099999999,135.45228999999998,1233.89832
805.2000099999999,132.63724,1226.4749800000002
810.56537,130.4054,1219.13708
815.30286,127.97079,1211.70911
820.40723,125.01029,1204.5534699999998
824.54333,122.23206,1197.60498
828.73767,119.80711000000001,1191.69055
832.61108,116.47846000000001,1186.19531
836.28735,113.42361000000001,1181.4563
839.76544,110.02515,1178.02307
842.7388900000001,107.13552,1175.69275
844.67841,103.90196999999999,1175.0136699999998
846.63733,100.37127,1175.78455
847.9757099999999,97.33173000000001,1177.6886
849.01776,94.46484,1181.1731
849.62451,92.25372,1185.30042
850.1279900000001,90.01694,1190.93066
851.04126,87.94662,1196.87891
851.3308699999999,86.65451,1203.58716
851.9738800000001,85.21281,1210.5974099999999
852.67505,83.82356999999999,1218.0874
853.23468,82.65984,1225.81226
854.4636800000001,81.31114000000001,1233.52576
855.37091,79.91674,1240.90686
856.47101,78.14737,1248.04175
856.8048699999999,76.84339,1254.8895300000001
858.2139900000001,75.27812,1261.26819
859.22961,73.79958,1266.95544
859.8345300000001,71.99677,1272.02368
860.67859,70.28284000000001,1276.3851300000001
861.4132099999999,68.19236,1280.0741
862.6863400000001,66.09595999999999,1282.61365
863.39948,64.05386,1284.1665
864.3748800000001,61.792019999999994,1284.50562
864.93433,59.455369999999995,1284.0811800000001
866.2146,56.84205,1282.76721
866.97461,54.1925,1280.35962
868.1084,51.35505,1277.28186
869.6283599999999,48.20776,1273.2872300000001
871.12769,44.42873,1268.22717
872.30255,40.46048,1262.91357
873.83063,35.98567,1256.85718
876.02356,30.371409999999997,1249.75525
877.3326400000001,24.71582,1242.1582
878.55988,18.715329999999998,1234.01025
879.4539199999999,12.58685,1225.18835
880.6665,6.49311,1216.60852
881.97284,0.23601,1207.08313
883.62695,-6.41257,1197.75574
884.92657,-13.0765,1188.4008800000001
887.5349699999999,-20.15392,1179.93579
889.4752800000001,-27.512890000000002,1172.70947
892.3829300000001,-35.265859999999996,1167.67334
893.9086900000001,-43.2291,1164.95215
895.23151,-51.76918,1164.6616199999999
896.0689699999999,-60.45285,1166.5929
897.1936,-69.21757,1170.47314
897.79309,-77.57056,1175.6550300000001
898.16583,-86.08669,1183.10474
898.2174699999999,-93.78716999999999,1191.4165
898.87506,-101.49467,1200.71033
898.6834699999999,-108.96508,1210.82593
898.57391,-116.00625,1221.4312699999998
898.49896,-123.32656999999999,1232.46399
899.04785,-130.80978000000002,1243.2417
898.9514199999999,-137.64784,1253.46167
899.33197,-145.19736,1264.05615
900.4235199999999,-152.65076000000002,1273.51123
901.2570199999999,-159.99596,1282.52393
901.89221,-167.5733,1291.25842
900.7456099999999,-177.01776,1299.49438
900.66437,-184.903,1306.2113
900.1776699999999,-192.2784,1312.0726300000001
899.5023199999999,-199.32431,1317.07214
899.0831900000001,-206.37975,1321.06836
897.8571199999999,-213.6577,1324.14844
896.4907800000001,-220.66582000000002,1326.18237
895.05286,-227.39035,1327.51953
892.87592,-234.45727999999997,1327.85059
891.0028699999999,-241.70651,1327.38196
888.7933300000001,-248.92882000000003,1326.00427
886.33185,-256.28537,1323.7673300000001
883.89349,-263.69458,1320.4812
881.00269,-270.86191,1316.96741
878.5397300000001,-277.78912,1312.2481699999998
875.8762199999999,-285.53952000000004,1307.30566
873.14844,-292.32849,1301.10291
869.68713,-299.87872000000004,1294.25586
866.17578,-306.64264,1286.96143
863.09637,-313.75174,1278.6101099999998
859.67505,-320.57892000000004,1269.79968
856.5531,-327.74136,1260.99487
852.84515,-335.05573,1251.45703
849.50745,-342.33026,1241.8034699999998
846.44025,-349.92352,1232.04712
843.28162,-358.30048,1222.62048
840.02771,-366.48767000000004,1214.1488
836.36395,-374.6185,1207.34778
832.27179,-382.76169,1202.68665
829.32141,-391.27795,1201.23804
823.24762,-397.38538,1200.68042
819.41052,-404.47751,1202.75476
814.07245,-410.80441,1205.68335
809.82117,-416.53833,1209.8613300000002
806.21765,-422.28490999999997,1215.47302
802.58887,-427.65897,1221.64917
799.25739,-432.1633,1228.9995099999999
795.18915,-436.70727999999997,1236.54456
792.08649,-441.22708,1245.1303699999999
788.33795,-445.74197000000004,1254.15955
785.80786,-450.35751,1263.81641
781.85614,-455.00439000000006,1272.61804
778.1015,-459.56863,1281.36121
774.44336,-464.84517999999997,1289.02563
770.008,-469.8609,1296.60962
765.47485,-474.76633,1303.25085
761.54114,-479.66095,1309.30798
756.97992,-484.0029,1314.01526
752.38391,-488.98355,1318.12585
748.18445,-493.62942999999996,1321.16492
743.91107,-497.91555999999997,1323.39343
739.66809,-502.03598,1325.21057
735.53772,-505.86023,1325.78052
731.55664,-510.13535,1325.52698
726.6478900000001,-513.90302,1324.7006800000001
722.65521,-517.14636,1323.5678699999999
718.22559,-520.98248,1320.88306
714.06244,-524.25421,1318.1131599999999
709.56555,-527.35565,1314.77734
705.23993,-530.52893,1310.08386
700.9368900000001,-533.30463,1305.01575
696.44598,-536.24225,1298.96497
692.0676900000001,-539.0493799999999,1292.57458
688.00702,-542.1234099999999,1285.5811800000001
684.02002,-545.11725,1277.51306
680.03137,-548.10016,1268.89819
676.4655799999999,-551.2083700000001,1259.5919199999998
672.54926,-554.56,1249.47754
669.1695599999999,-557.95746,1238.94678
665.77594,-561.0083,1228.3088400000001
662.84375,-564.5072,1216.8881800000001
660.59113,-568.11334,1205.9129599999999
657.96857,-571.41626,1194.97815
655.55542,-575.42987,1184.91748
653.67706,-579.0360099999999,1176.4917
651.5244799999999,-582.05627,1170.15222
650.63922,-584.87146,1166.29236
648.60199,-586.6673599999999,1164.5828900000001
647.01776,-587.77075,1165.37109
645.91125,-588.94739,1167.9298099999999
644.37982,-589.81439,1171.52954
643.1203,-590.2394400000001,1176.55969
642.8692,-590.8811,1182.5733599999999
642.6417799999999,-591.16028,1189.63025
642.90833,-591.49005,1196.86499
643.3031599999999,-591.61084,1204.85449
643.55609,-591.11707,1213.0756800000001
643.41248,-591.2125900000001,1221.3009
643.38495,-591.24774,1229.65479
642.9313400000001,-591.2432299999999,1237.21472
642.4341400000001,-591.9248,1244.3250699999999
641.5722,-592.4209,1250.79285
640.8081099999999,-593.6718099999999,1256.20251
640.04565,-594.42261,1261.02466
638.58228,-595.31183,1264.60962
637.94537,-596.11176,1267.43176
637.37695,-596.3587,1269.6663800000001
637.31201,-597.14075,1271.20215
636.81799,-597.2026400000001,1271.7887
636.95782,-596.9657599999999,1271.14795
636.92682,-596.24023,1269.76111
636.8938,-595.4572099999999,1267.86304
637.0953400000001,-594.4882200000001,1265.20398
638.03381,-593.0151400000001,1261.76563
638.42297,-592.1174900000001,1258.17822
638.92487,-590.9231,1253.54956
639.59613,-589.7493900000001,1248.57422
639.71948,-588.57379,1242.44055
640.3740799999999,-587.58295,1236.3527800000002
640.39392,-586.95758,1229.2523199999998
640.9820599999999,-586.39545,1222.19739
641.08032,-586.1665,1215.1131599999999
641.0093400000001,-586.4705799999999,1208.0557900000001
640.81537,-586.61316,1201.19397
640.84326,-587.12927,1194.99084
640.79962,-588.3013900000001,1189.89209
641.0097,-589.3967299999999,1185.31836
640.59015,-590.44781,1182.57178
639.9635599999999,-591.7561,1180.98157
638.82111,-593.02802,1181.32947
637.8499099999999,-594.10547,1183.57007
637.2211900000001,-595.3045,1187.0614
636.34802,-595.56738,1192.33459
635.2309,-596.89862,1199.40466
634.01581,-597.6965299999999,1206.68323
633.53491,-598.13806,1215.74036
633.04675,-598.58069,1225.34705
632.6325099999999,-599.09613,1234.8953900000001
631.89978,-599.8491799999999,1244.58582
631.78552,-600.63873,1253.7824699999999
630.50366,-601.60004,1262.2113
630.11554,-602.80975,1270.27124
628.7785,-603.77161,1276.5863
626.6680299999999,-605.2121599999999,1281.95435
624.4675900000001,-606.71503,1286.25354
622.43317,-608.27734,1289.53845
619.7343099999999,-609.7085599999999,1291.49622
617.10455,-611.46521,1292.86255
614.44678,-613.17883,1292.97046
611.86761,-614.2617799999999,1292.25977
609.3847,-615.4218099999999,1290.8817099999999
606.44879,-616.18146,1288.6773699999999
603.44879,-616.80719,1285.6711400000002
600.52655,-617.1463,1281.9502
597.8244,-617.43188,1277.3953900000001
594.65088,-617.37738,1272.4699699999999
591.46497,-617.60541,1266.72766
587.53912,-617.66797,1260.01794
583.8353900000001,-618.16479,1252.7323
579.57568,-619.07098,1245.70374
575.1677900000001,-620.00824,1238.02307
570.53857,-621.38989,1230.4050300000001
566.25848,-623.11078,1222.95764
561.1980599999999,-625.07703,1215.2782
556.68481,-627.00763,1208.76526
551.3471099999999,-629.83368,1204.00879
547.54932,-631.32678,1199.97449
541.0925900000001,-632.02441,1198.01611
537.7042799999999,-631.87762,1197.6127900000001
534.52991,-631.88507,1198.50818
533.13531,-631.65375,1200.98669
531.58203,-631.1467299999999,1203.92944
531.8031599999999,-631.12488,1207.43726
532.47003,-631.17261,1211.2000699999999
534.3698099999999,-631.05615,1215.85193
537.05243,-630.41693,1219.95044
539.104,-630.5213,1224.67065
541.76349,-630.15216,1228.72205
545.4793099999999,-629.87921,1232.69385
549.39996,-630.10968,1235.3388699999998
551.65222,-630.24414,1237.2979699999999
554.42578,-631.013,1238.19482
556.64221,-631.44006,1238.4710699999998
559.16632,-631.94537,1237.60706
561.65167,-631.99933,1235.58948
564.89532,-631.88916,1232.83691
567.7719099999999,-631.90765,1229.12585
571.63586,-631.06201,1224.6173099999999
575.50079,-630.43359,1219.39758
579.18921,-628.38495,1212.4315199999999
583.29297,-627.39819,1206.18823
587.73181,-626.03229,1199.5743400000001
592.1897,-625.3009599999999,1193.25977
596.0579799999999,-624.35345,1186.5648199999998
600.01825,-623.9110099999999,1180.34387
603.8479,-623.97186,1175.51892
607.57031,-623.98926,1171.7199699999999
611.83258,-624.6144400000001,1168.87244
615.56122,-624.6256099999999,1167.6368400000001
619.45953,-625.13245,1168.90625
622.96643,-624.68915,1171.6567400000001
626.75171,-624.4093,1176.67395
630.53552,-623.75739,1182.88477
635.27441,-623.19482,1190.203
639.2595200000001,-622.77979,1198.40332
643.10992,-622.45667,1206.73486
647.89325,-622.03662,1215.8667
652.35657,-621.39844,1225.22766
655.93475,-621.61377,1234.1389199999999
658.94232,-621.57971,1242.7138699999998
661.38062,-622.34601,1250.1146199999998
662.91248,-623.78967,1256.75525
663.43555,-625.76282,1261.9284699999998
663.04645,-628.0557299999999,1265.94092
662.02991,-630.92664,1269.0144
660.43237,-633.4046,1271.00244
657.79932,-635.90619,1272.39014
654.48792,-638.33746,1272.55835
650.83026,-640.5656700000001,1271.98755
646.91437,-642.60297,1270.63916
643.18781,-643.90405,1268.36267
638.3134200000001,-645.61407,1265.41821
634.32849,-646.0935099999999,1261.53259
629.5450400000001,-647.25989,1257.1311
625.09637,-647.63184,1252.04419
620.66516,-648.90118,1245.97217
616.45947,-649.44885,1239.5684800000001
611.58588,-650.24768,1232.06958
606.75671,-651.92822,1224.83728
602.19611,-653.3347200000001,1216.47131
597.78137,-655.29248,1208.74121
592.6756,-657.70709,1200.62695
587.8327,-660.08563,1193.49841
583.06439,-662.14728,1187.26025
578.77197,-663.95233,1183.06909
574.19373,-666.2022099999999,1181.81177
570.39941,-665.8644400000001,1181.75793
567.4462900000001,-664.9966400000001,1184.2083699999998
565.68109,-663.91113,1188.20349
563.57611,-662.66309,1193.00317
560.32043,-661.70453,1199.52551
560.45502,-661.1134599999999,1206.6826199999998
562.4531900000001,-660.48737,1213.07214
563.69879,-660.67047,1220.59802
566.16132,-660.0553,1228.1358599999999
568.72046,-659.1546599999999,1235.0788599999998
570.94244,-657.96106,1241.76343
574.06671,-657.32672,1249.31763
575.68494,-657.08087,1255.57874
577.4990799999999,-657.0806299999999,1261.72522
577.849,-657.60767,1266.27014
579.5072,-658.46521,1270.33179
580.51709,-659.43396,1273.26428
581.2139900000001,-660.0971099999999,1275.30359
582.12189,-660.83813,1276.40771
582.8992900000001,-662.36755,1277.0769
583.48059,-662.4617900000001,1275.64429
585.83813,-662.24713,1274.02771
587.0115400000001,-662.12585,1271.06653
588.4221200000001,-661.7565900000001,1266.57861
590.22705,-660.69733,1262.09753
592.42474,-658.5498,1255.1897
594.31104,-656.7229,1248.75391
595.96387,-654.74158,1241.28516
597.86261,-653.22479,1233.1550300000001
599.8136,-652.0351,1225.03882
601.68494,-651.0354,1216.1355
603.63202,-650.5163,1206.75745
605.6080900000001,-650.15283,1197.37415
607.97278,-650.33978,1188.11938
610.2157599999999,-650.61603,1179.61267
612.41693,-650.69104,1171.85999
615.45392,-650.57281,1165.995
618.4212,-650.73407,1161.7133800000001
621.58435,-649.96118,1159.19617
624.89264,-649.1073,1158.88342
628.4028900000001,-647.4540400000001,1160.83301
632.82318,-646.01953,1164.15967
637.1178,-644.13544,1168.94263
641.53137,-641.97839,1175.58972
646.72797,-639.0683,1183.33484
651.57959,-636.29327,1192.62183
656.99292,-632.8017,1202.9025900000001
663.2665400000001,-629.79523,1214.03223
669.89075,-625.74811,1225.22144
676.9988400000001,-621.93237,1236.7277800000002
684.18018,-617.99432,1247.72742
692.1127299999999,-613.97876,1258.59473
700.04822,-609.8114,1268.75659
708.75598,-605.46063,1278.1735800000001
717.74298,-600.98163,1287.27417
727.3255,-595.9896200000001,1295.83374
737.26935,-590.2056299999999,1303.22998
747.29523,-583.58862,1310.5067099999999
757.89093,-576.57391,1317.10974
769.16907,-568.16705,1323.37195
780.09222,-559.3161,1329.30286
790.5564,-548.87494,1334.31421
800.8143299999999,-538.54156,1339.4502
811.62878,-527.36975,1344.21082
821.0543200000001,-515.0303299999999,1348.48767
830.47345,-502.18377999999996,1352.53284
839.42938,-489.16272000000004,1356.5502900000001
847.10364,-475.83179,1360.0811800000001
853.9902300000001,-461.89232999999996,1363.2680699999999
859.9838900000001,-448.07184000000007,1365.9393300000002
865.01636,-434.41342000000003,1368.8604699999999
869.7625099999999,-421.7933,1371.2092300000002
872.1700400000001,-409.43689,1373.26978
874.4703400000001,-398.44781,1375.60522
876.0169699999999,-387.85117,1376.94507
877.25421,-378.54999,1377.30188
876.82874,-369.7045,1376.7428
876.93481,-363.15297999999996,1374.40649
876.4047199999999,-356.89819,1370.80017
875.50812,-353.42679,1365.02124
874.2735,-351.50487999999996,1357.09583
872.61096,-351.20511,1347.21448
871.12048,-353.14984,1335.78979
868.98907,-357.30188,1322.57251
866.93561,-363.44815,1308.22791
865.3037099999999,-371.83124,1293.49451
860.56525,-380.30969,1277.9729
858.1112099999999,-390.8063,1263.17395
854.14209,-402.73227,1248.39929
849.66949,-415.65472,1234.6262199999999
843.78015,-429.73537999999996,1222.33093
836.74951,-444.46985,1211.65869
826.85504,-459.53455,1202.83643
815.99829,-475.28864000000004,1197.0991199999999
803.6578400000001,-490.4736,1193.99622
790.38013,-506.27300999999994,1192.73596
775.77045,-520.36133,1193.7175300000001
762.46912,-533.95258,1196.5743400000001
749.83136,-545.75177,1201.21704
739.4000900000001,-556.49023,1207.41907
731.3184200000001,-565.3106700000001,1213.45715
725.14337,-571.5199,1219.13574
722.27783,-575.6664400000001,1224.74805
720.72748,-577.61877,1229.4819300000001
722.7040400000001,-577.1571700000001,1233.92957
726.69489,-573.99176,1237.73926
734.33301,-568.58008,1240.82629
744.9104,-560.90918,1243.0764199999999
757.13416,-550.7818599999999,1245.53943
771.3421,-539.31738,1247.63855
786.9938400000001,-525.92249,1250.3866
802.69464,-511.08145,1253.63831
818.70123,-495.14499000000006,1257.57141
834.66431,-477.67386,1262.50476
851.0791,-458.93997,1268.03113
864.3262900000001,-439.319,1274.89148
876.95844,-419.26547,1282.06445
888.36597,-399.80682,1290.41309
899.94073,-381.88644,1299.45056
905.74536,-364.36481000000003,1309.53784
911.88678,-349.0799,1319.49133
916.20551,-335.54095,1328.46655
920.66754,-323.76373,1335.76172
924.74115,-314.66763,1341.39771
927.87451,-307.89282000000003,1344.03052
930.2352900000001,-302.49782999999996,1344.17468
933.8361800000001,-299.80222000000003,1341.69604
937.0401,-298.96918,1337.11816
939.05579,-298.83725,1330.5177
943.3901400000001,-300.60867,1323.25403
944.11273,-303.18945,1312.2512199999999
947.74908,-307.77655,1302.5877699999999
948.9636800000001,-312.05316,1291.99988
949.89136,-317.93695,1281.76294
950.5327800000001,-325.42667,1272.31519
951.41815,-333.31726000000003,1263.78235
950.5485199999999,-341.37985,1256.10193
949.5264300000001,-350.10089,1249.72339
949.3168300000001,-359.1864,1244.90491
948.2570800000001,-368.23215,1241.29529
946.5133099999999,-378.25879,1238.2336400000002
943.44305,-388.81833,1235.5999800000002
938.99548,-399.56958,1234.1167
933.3267199999999,-410.72665,1233.68433
927.42529,-420.73972000000003,1235.1217
922.0120199999999,-430.22067000000004,1237.20996
916.94977,-438.77657999999997,1240.2590300000002
911.5133699999999,-446.63535,1243.20703
907.22272,-453.81244000000004,1246.27625
903.0600599999999,-460.49924000000004,1249.8845199999998
899.1535,-467.13820999999996,1252.98499
894.7227800000001,-473.63452,1255.70435
890.3814699999999,-479.60489,1258.12756
885.5871599999999,-485.22818,1259.57068
880.98767,-490.98984,1260.21619
876.1251800000001,-496.16284,1260.2576900000001
871.34546,-501.16492,1259.56812
865.4987199999999,-506.16647,1257.98254
860.1148099999999,-511.22552,1256.37646
854.60559,-515.77563,1254.15405
849.0986300000001,-520.65771,1251.66003
844.4184,-524.85022,1248.85437
838.65704,-528.8960599999999,1244.9826699999999
833.85547,-533.11707,1240.88232
829.14813,-537.21838,1236.08521
823.80768,-541.401,1230.66345
819.06085,-544.92249,1224.8048099999999
814.5559099999999,-548.31958,1218.92517
809.7968099999999,-551.2894299999999,1212.5402800000002
805.8819,-553.94318,1206.17139
802.03223,-556.2489,1199.16211
798.80243,-558.2316900000001,1192.20886
795.5780599999999,-560.02631,1184.90247
793.4912099999999,-561.6695599999999,1178.06165
791.67609,-563.19934,1171.14648
790.6944,-564.82635,1165.08215
790.28589,-566.0268599999999,1160.20105
790.6756,-567.21643,1157.03821
791.4492799999999,-567.74414,1155.677
792.34198,-567.5654900000001,1156.90466
794.08136,-567.0206900000001,1160.46362
795.90497,-566.18262,1165.7949199999998
798.07208,-565.28131,1172.4548300000001
799.6405599999999,-564.3385599999999,1180.3541300000002
801.48358,-563.38623,1188.7249800000002
803.4363400000001,-562.80701,1197.41589
804.7830799999999,-561.9492799999999,1206.05811
806.5991799999999,-561.63721,1214.56799
808.4693599999999,-561.17975,1223.57861
809.6701,-560.82574,1231.33435
810.79907,-560.7633099999999,1239.1766400000001
811.63458,-561.224,1245.48352
812.95367,-561.62598,1251.22046
813.56079,-562.13416,1256.1842
814.61194,-563.09973,1259.7590300000002
814.9530599999999,-563.95178,1262.2608599999999
816.00232,-564.7064799999999,1264.09314
816.36176,-565.15253,1264.5457800000001
817.09601,-565.04382,1264.66675
817.76086,-564.80475,1263.78772
818.73987,-563.85437,1262.29688
819.48218,-562.78589,1260.1838400000001
820.42743,-561.10608,1257.50061
821.20447,-559.56427,1254.0374800000002
822.58862,-558.1773099999999,1250.26001
823.51917,-556.10284,1245.2771
824.9667400000001,-554.48358,1240.50476
826.6614400000001,-552.87769,1235.14246
828.37823,-551.33636,1229.4978
830.2551900000001,-549.8958700000001,1224.05725
831.81989,-548.51105,1219.20044
834.1259200000001,-547.73083,1214.66626
836.17834,-546.92017,1211.1626
838.2753299999999,-546.5294200000001,1208.90552
839.71661,-546.01617,1207.98035
841.31396,-545.23615,1208.37073
843.1389800000001,-544.19965,1210.3925800000002
844.16986,-543.6123,1213.34106
845.5236199999999,-542.71643,1217.36682
846.83148,-541.54669,1222.30139
848.3934300000001,-540.59338,1227.7182599999999
849.59741,-539.61243,1233.57117
850.3317900000001,-538.78857,1239.30811
851.0827,-537.8449099999999,1245.22559
851.22052,-537.6025400000001,1250.62744
851.3212300000001,-537.4472,1255.38367
850.80005,-538.22498,1259.29956
850.19635,-539.37964,1261.5415
848.53204,-541.22485,1263.33203
847.11395,-543.33203,1263.49487
844.5531,-545.85693,1263.11194
842.2669699999999,-548.20654,1261.89087
839.7373699999999,-550.60223,1259.81262
837.08185,-552.599,1256.70154
833.58752,-554.80908,1253.08264
830.14026,-556.54016,1248.82373
826.87891,-558.10419,1243.8582800000001
822.80829,-559.04669,1238.4555699999999
818.9106400000001,-560.07312,1232.46143
815.0579799999999,-560.62848,1225.77478
810.9462900000001,-561.35175,1218.53955
806.5161099999999,-562.43018,1211.17249
802.40771,-564.01062,1203.00342
798.44159,-566.11725,1194.97339
793.987,-568.81287,1186.68188
789.92621,-572.20978,1178.9884
784.8688400000001,-576.44507,1172.25562
779.87628,-580.5318599999999,1167.1425800000002
773.78693,-584.4243799999999,1163.8562
768.1955,-588.35266,1163.4321300000001
761.84955,-591.6381200000001,1164.91687
755.8471099999999,-595.07471,1168.3689
749.3055400000001,-598.70612,1173.77429
743.3905,-601.87067,1180.18359
737.6156599999999,-605.0831900000001,1187.25916
733.2044099999999,-608.50458,1195.4796099999999
729.1264,-612.28937,1203.9497099999999
725.31403,-615.56439,1212.79688
721.71252,-619.13843,1221.9279800000002
718.91138,-621.87238,1231.07312
716.19379,-625.00549,1240.48071
712.8064,-627.7316900000001,1249.33167
709.7204,-630.52844,1257.63379
706.54395,-633.7442599999999,1265.67151
702.67548,-636.7338900000001,1272.25
699.77368,-640.13635,1278.3186
695.9741799999999,-642.5481599999999,1283.31653
691.96448,-645.74115,1287.06982
689.16699,-648.21857,1290.07825
685.60242,-650.5967400000001,1292.22009
682.46375,-652.66052,1292.72974
679.19489,-655.17633,1293.14844
675.69574,-656.97845,1291.89209
671.77563,-658.52777,1289.62512
668.84912,-659.50128,1286.78137
664.80579,-660.89099,1282.84375
660.49829,-661.8244,1278.47815
656.09509,-662.59766,1272.78552
652.01776,-662.7683099999999,1266.6182900000001
647.03589,-663.27557,1259.67212
642.2030599999999,-663.3504,1251.9082
637.4483,-662.57196,1244.15198
632.68976,-662.18359,1235.05115
627.1614400000001,-660.8006,1224.79919
621.1127299999999,-660.30994,1214.80872
613.4165,-659.2026400000001,1204.66406
608.03815,-659.14984,1193.19946
602.50391,-659.08136,1181.40381
596.4386599999999,-660.3304400000001,1169.32727
591.60455,-661.46149,1158.03137
585.4544099999999,-662.95135,1147.7921099999999
580.0213,-664.41693,1140.5203900000001
575.1508200000001,-665.12262,1135.47168
571.01453,-666.74274,1132.7069099999999
567.13147,-668.47668,1132.25635
563.76593,-671.09167,1133.48865
560.7072099999999,-674.6543,1136.20984
558.29962,-679.01343,1140.12122
556.4096099999999,-684.2788099999999,1145.8654800000002
555.59808,-690.45148,1152.58765
556.72961,-696.32587,1159.81104
557.61011,-703.53027,1168.44092
559.84003,-709.8855,1177.77246
561.17273,-716.4693599999999,1187.76001
563.20343,-722.5155599999999,1198.93311
565.07349,-727.2348,1209.97729
568.11951,-730.77063,1220.81775
569.46161,-734.1969,1232.25574
571.05164,-736.7445700000001,1243.82556
570.56732,-738.52863,1254.96704
571.17242,-740.3717,1265.71265
571.00989,-741.5545,1275.8967300000002
570.91699,-742.5036,1285.35156
568.91943,-743.7581799999999,1294.2207
569.3453400000001,-743.9536099999999,1301.50732
567.77954,-745.05426,1308.7218
566.54895,-745.0639,1314.1196300000001
565.5684200000001,-745.02081,1318.22693
564.4068,-745.25262,1322.1665
563.80829,-744.5117799999999,1323.5389400000001
561.58032,-744.17786,1325.64893
559.62549,-742.73395,1326.00098
558.51428,-740.08838,1325.40918
555.82031,-737.93365,1324.5521199999998
552.30017,-734.94519,1323.20825
549.81781,-731.24023,1321.04102
548.026,-727.03754,1317.9470199999998
544.66174,-723.61627,1314.9813199999999
542.0907,-719.16425,1310.8972199999998
539.1940900000001,-715.05426,1306.31909
536.28021,-710.2178299999999,1300.6624800000002
534.3129299999999,-706.0892299999999,1294.75574
531.75861,-701.5257,1288.125
529.46503,-697.0609099999999,1280.7011699999998
526.84753,-692.2633099999999,1272.74023
524.62079,-688.0694,1263.64355
522.3385599999999,-683.43011,1254.19507
520.1831099999999,-679.07123,1244.38379
518.35065,-675.20209,1234.245
516.63263,-670.92426,1224.2655
515.2625099999999,-667.43457,1213.7014199999999
514.86731,-663.95178,1203.55542
514.26105,-661.26624,1193.70374
514.4707,-658.8382,1184.0726300000001
514.8277,-656.4912099999999,1174.57373
515.62549,-654.98511,1165.78088
516.46497,-653.0155599999999,1157.95667
518.26526,-651.40179,1151.146
519.86255,-650.24176,1145.40662
522.33398,-649.3457599999999,1141.51624
525.98724,-648.6322,1139.37598
530.12286,-648.52887,1138.84387
535.16162,-648.27417,1140.12354
540.83972,-648.7907700000001,1142.3374
545.81708,-649.0249,1146.505
551.29822,-650.04907,1151.59277
556.81714,-650.8869,1157.75964
562.2778900000001,-652.164,1165.09961
567.7943700000001,-654.0521200000001,1172.88855
575.1192,-655.10779,1180.79114
580.57172,-656.8891,1189.1436800000001
586.79706,-659.08435,1197.9211400000002
592.49023,-661.21002,1206.77063
597.3294099999999,-663.43152,1215.4764400000001
600.24591,-665.96008,1224.4824199999998
606.1087,-668.0061599999999,1232.70886
613.30627,-668.64923,1239.33167
618.73212,-669.91833,1246.3184800000001
623.58057,-671.4129,1252.3667
627.85919,-672.38025,1257.58215
632.08386,-673.36267,1261.6395300000001
636.01721,-673.62634,1265.2688
639.74805,-674.0822099999999,1267.83655
642.65479,-674.1936,1269.12415
644.97583,-674.07281,1269.3385
647.90558,-673.8797599999999,1268.47083
649.99036,-673.5354,1266.8826900000001
652.51324,-673.39886,1263.99707
654.38757,-672.37152,1260.20227
655.7569,-671.94397,1255.48303
657.30292,-671.11035,1249.8687699999998
658.80121,-669.9884599999999,1243.39563
660.81281,-668.41089,1236.11609
661.8833,-666.42383,1228.11084
663.9536099999999,-663.75854,1219.87756
666.4964,-661.12958,1211.0173300000001
668.59412,-658.6394,1201.91785
670.78375,-656.0730599999999,1192.61658
673.24091,-653.77368,1183.2146
675.27258,-652.11755,1173.99646
677.4655799999999,-650.5318,1165.00464
679.49646,-649.3931299999999,1157.2002
681.2217400000001,-648.2033700000001,1151.18372
683.08746,-646.79785,1147.47681
685.39197,-645.2603799999999,1146.03027
687.06506,-643.7348599999999,1146.2398699999999
689.6355599999999,-642.56329,1148.53027
692.26422,-642.28192,1151.91455
694.37805,-642.02667,1156.51782
697.04877,-642.1546599999999,1162.2572
699.22388,-642.92511,1168.98486
702.33795,-644.22803,1176.56091
704.7280900000001,-645.23602,1184.8546099999999
707.27441,-646.47412,1194.1803
709.9862099999999,-647.68427,1203.53137
711.36603,-649.10217,1213.01587
713.065,-650.8692599999999,1222.75085
714.94312,-652.5095200000001,1232.28625
716.70099,-654.38239,1241.75574
718.02277,-655.80786,1250.7775900000001
720.1467299999999,-657.98883,1259.0828900000001
722.19238,-659.43555,1266.89563
724.09668,-661.26984,1273.65381
727.23315,-662.66992,1279.2631800000001
729.83185,-664.3481400000001,1283.94409
732.85101,-665.5932,1287.73499
736.38806,-666.69641,1290.62805
739.74585,-668.29285,1292.79834
742.93213,-669.3070700000001,1293.53772
746.85803,-670.39282,1293.42236
750.17749,-671.07141,1292.56177
753.82886,-672.34363,1291.36218
757.77997,-673.2255200000001,1288.97742
762.82465,-673.7980299999999,1285.5720199999998
766.90039,-674.14783,1281.7042199999999
770.4567900000001,-674.98041,1276.62512
773.8584599999999,-675.11298,1271.27283
777.9230299999999,-675.13715,1265.10229
782.03265,-675.24896,1258.23926
785.71271,-675.83636,1250.80798
788.716,-675.7056299999999,1243.06006
794.3441799999999,-674.9157700000001,1233.27319
797.89954,-674.85876,1224.0033
802.2788099999999,-674.71454,1214.13013
806.1510599999999,-675.00012,1204.52844
809.53198,-675.83746,1194.57971
813.12579,-676.24634,1185.6201199999998
816.7760599999999,-676.99738,1177.2849099999999
819.46387,-677.4577,1169.9093
822.0692700000001,-678.6950099999999,1164.36023
823.66296,-679.0069,1160.8136
825.64752,-679.3537,1159.09888
826.3236099999999,-679.2019,1159.36646
827.49103,-678.81464,1161.59448
827.85474,-678.2392,1165.46399
828.42041,-677.26398,1170.64526
828.33661,-676.56757,1177.24609
828.86932,-675.5676900000001,1184.44043
829.4777799999999,-674.64136,1192.63025
829.63293,-673.78436,1201.59619
829.8883099999999,-673.05994,1210.6766400000001
829.49493,-672.2644,1220.50806
829.43701,-671.4816900000001,1229.89746
828.41772,-671.4021,1239.22144
827.2002,-671.75964,1248.01648
825.30762,-672.66931,1256.21741
823.58813,-673.76373,1263.74695
821.46167,-675.45673,1270.45471
819.71234,-676.97217,1276.14478
817.9259,-678.39319,1280.80957
815.8858,-679.8960000000001,1284.49426
814.1021099999999,-680.9953,1287.18896
812.28302,-682.15814,1289.4362800000001
810.57013,-683.18878,1290.18665
808.5744,-683.98083,1290.02734
806.63062,-685.0194700000001,1289.45349
804.4074099999999,-685.79846,1288.23523
802.6472200000001,-686.0804400000001,1285.52979
799.99622,-686.43518,1282.47217
797.75409,-687.0020099999999,1279.07788
795.35901,-686.8537,1274.75842
792.5181299999999,-687.3566900000001,1269.5788599999998
790.3129299999999,-687.49725,1263.87903
787.47675,-687.73315,1257.1472199999998
785.04449,-688.04742,1250.25171
781.98132,-688.53162,1242.72656
777.82092,-689.5473,1234.94153
775.46228,-690.21063,1226.7113
773.1630200000001,-691.49945,1218.44983
770.64172,-692.71954,1210.79089
767.53137,-694.29852,1203.71289
764.3963,-695.83728,1197.8844
760.80237,-697.67157,1193.7150900000001
758.0294200000001,-699.3638900000001,1191.8875699999999
753.42413,-700.15979,1191.48584
751.3653,-700.6864,1192.41199
748.6607700000001,-701.64093,1195.2981
746.8145099999999,-701.72577,1199.25989
745.1707200000001,-702.22638,1204.54736
744.22113,-702.68475,1210.69031
743.82458,-703.54529,1217.05444
743.99542,-704.09375,1223.80603
745.3598,-704.9630099999999,1230.5942400000001
745.4327400000001,-704.98743,1237.97607
744.6872599999999,-705.58893,1245.00037
744.6051,-705.50708,1252.6141400000001
744.83057,-704.9881,1258.9338400000001
743.79364,-706.20203,1266.33911
743.6142,-706.3205,1272.0438199999999
743.61859,-706.4191900000001,1277.4000199999998
743.10907,-706.4182099999999,1281.64429
743.32251,-706.3283700000001,1285.60974
743.4916400000001,-705.64679,1287.70764
743.3716400000001,-705.70709,1289.81946
744.2637900000001,-704.58209,1290.06189
744.1427,-704.2627,1289.38977
745.31995,-702.97473,1288.13257
746.51245,-701.4492799999999,1285.94714
746.8299,-700.24377,1282.78711
747.41516,-698.6142,1278.5764199999999
748.83508,-696.9619799999999,1273.99854
750.23474,-694.76233,1268.55908
751.25525,-693.35925,1262.4523900000002
752.77869,-691.27637,1256.2396199999998
754.40045,-689.2058099999999,1249.26953
755.82483,-686.21625,1240.9823
758.03278,-684.41925,1232.9434800000001
759.7681299999999,-682.56036,1224.34705
760.5658,-680.52893,1215.45337
763.34113,-679.31763,1205.83655
765.30566,-677.87628,1196.55798
766.50781,-676.9345099999999,1187.16064
768.15027,-676.49603,1178.7086199999999
769.2806400000001,-676.5151400000001,1171.13977
770.33521,-676.3901400000001,1164.60913
770.55151,-677.14349,1160.0955800000002
771.28076,-677.6698,1157.79297
772.26575,-677.82336,1157.21265
772.59363,-677.76727,1158.95081
773.01141,-677.82678,1162.36206
772.58527,-677.63245,1167.54431
774.62726,-677.55444,1173.13806
775.56561,-677.63428,1180.2207
776.59888,-677.26764,1187.87598
777.45532,-677.0611,1196.12
778.33112,-677.25366,1205.06445
779.15393,-677.15912,1214.15552
780.75,-677.19843,1222.91028
781.57318,-677.69525,1231.9201699999999
781.62866,-678.23816,1240.17749
782.1293900000001,-679.1685200000001,1247.52576
782.05286,-680.11938,1254.43408
781.3793900000001,-681.86426,1260.19629
780.41614,-683.47162,1265.31897
780.08862,-684.88257,1269.51978
779.21552,-686.08344,1272.91406
778.48975,-687.35352,1275.52271
777.66724,-688.64484,1276.9583699999998
777.00842,-689.49982,1277.74475
776.07104,-690.32874,1277.62354
775.34375,-690.62756,1276.5637199999999
774.41382,-691.078,1275.20764
773.97101,-690.9715,1272.79956
772.8045,-690.85437,1269.03528
772.20911,-690.51044,1264.97595
770.56281,-689.82166,1260.05457
770.0274,-689.60229,1254.50134
768.20667,-689.2569,1247.82239
766.89368,-688.9832200000001,1240.7332800000001
765.8783599999999,-688.21106,1233.04333
764.04944,-688.68481,1224.91797
762.4771099999999,-689.06268,1216.18665
760.69275,-689.80127,1207.57996
758.44,-690.34375,1199.23022
756.02039,-691.58105,1190.91052
753.04675,-692.66431,1184.08972
750.39709,-693.7416400000001,1178.6344
747.08997,-694.58136,1175.31653
743.64685,-695.30457,1174.03516
737.81799,-695.9227900000001,1175.1766400000001
734.42273,-696.09607,1177.29456
729.71893,-695.94678,1180.96863
726.86279,-695.5921,1186.4188199999999
723.2016,-695.47632,1193.0476099999998
720.69879,-695.26093,1199.9124800000002
718.71069,-695.29358,1208.02258
717.22321,-696.04547,1217.25549
715.84088,-696.58209,1226.2127699999999
715.27563,-696.64709,1235.29626
713.74573,-697.5415,1244.13379
713.26166,-697.64618,1252.74658
712.40918,-698.24963,1261.3844
710.88495,-699.07074,1268.72119
709.27832,-699.97742,1275.58105
708.34412,-700.85284,1281.3512
707.2277799999999,-702.41858,1286.31567
706.08258,-703.3552900000001,1290.23169
705.7157,-704.3007200000001,1293.10999
705.7843,-705.39575,1295.05334
705.5097,-705.92102,1295.9987800000001
705.36945,-706.21295,1295.8311800000001
705.49927,-706.64233,1295.3569300000001
706.30487,-706.6936,1293.0376
706.82703,-706.46777,1290.81836
707.539,-706.4372599999999,1287.53735
708.5246599999999,-705.83777,1283.3474099999999
709.77985,-705.21313,1278.39648
711.05859,-704.60767,1272.86023
712.26544,-704.22101,1266.94299
714.12012,-703.85901,1260.0571300000001
715.88586,-703.40704,1252.29224
718.09265,-702.69763,1244.08411
719.3606599999999,-702.04523,1235.10205
721.58911,-701.34229,1225.42786
723.41046,-701.17963,1215.59631
725.74023,-701.09833,1205.17773
727.7502400000001,-700.56891,1194.92676
730.56592,-700.87238,1184.00708
733.62445,-700.22748,1173.96118
734.54498,-700.39923,1164.6554
736.24811,-702.3283700000001,1157.90613
736.60376,-702.81787,1152.2282699999998
735.31201,-703.7298,1148.48669
734.9497700000001,-704.15155,1146.97583
734.4044200000001,-704.10547,1147.86084
733.74377,-704.06714,1150.69617
732.65674,-704.2694700000001,1155.7251
730.80402,-704.45929,1161.86584
730.00854,-704.7937599999999,1169.3233599999999
729.1839,-704.96875,1177.78918
728.49335,-705.70245,1187.24609
728.38995,-706.3183,1196.99561
728.44061,-706.71088,1207.7063
727.2587900000001,-706.8431400000001,1217.2988300000002
725.7567700000001,-707.2603799999999,1227.54639
725.6558200000001,-709.15021,1238.2824699999999
724.20966,-709.76489,1247.9428699999999
722.16516,-710.98425,1257.21716
719.29254,-712.3795200000001,1265.49902
716.40448,-713.6301900000001,1272.76196
712.0853900000001,-714.8045,1280.12109
708.73859,-716.08118,1285.68042
705.40637,-717.28406,1290.34656
702.18848,-718.5174599999999,1294.2052
698.7977900000001,-719.79718,1297.0222199999998
696.44214,-720.38965,1298.5625
692.8194599999999,-721.0686599999999,1299.07178
690.7755099999999,-721.18439,1299.34546
687.9841299999999,-721.1517299999999,1298.2595199999998
684.73083,-721.08398,1296.6862800000001
681.89435,-720.74585,1294.18848
680.25568,-720.21246,1291.55408
676.56616,-719.3349,1287.34924
674.0509,-718.7963900000001,1283.1317099999999
671.28156,-717.77283,1277.97986
668.16351,-717.09369,1271.99341
665.2467,-716.23108,1265.17273
662.29742,-715.16748,1257.41345
660.52979,-714.39868,1249.19263
657.7470099999999,-713.7370599999999,1240.64917
655.07373,-713.14557,1231.6055900000001
653.02643,-712.88867,1221.65295
650.39648,-712.6480700000001,1211.81152
648.29248,-712.40967,1202.65405
646.52051,-712.5427900000001,1193.46301
643.87573,-712.8527799999999,1184.6937300000002
641.73865,-713.22498,1177.56592
638.7717299999999,-713.22125,1171.81238
636.2697099999999,-713.13245,1168.24841
633.7038,-712.77148,1167.19568
630.99731,-711.90015,1168.08411
629.4603900000001,-710.8557099999999,1170.57483
627.6315900000001,-709.43542,1174.80469
625.93353,-708.44678,1180.11926
625.87756,-707.65607,1186.26477
625.12549,-707.17047,1193.50757
625.4597200000001,-706.62109,1200.87671
626.6926900000001,-706.64539,1208.60925
626.7066,-706.75067,1216.2938199999999
627.40344,-706.75739,1224.39758
627.9393299999999,-706.88104,1232.5448
627.40363,-706.89221,1240.66699
627.21173,-707.0357700000001,1248.80115
626.5451,-707.35852,1256.77539
625.67078,-708.19012,1264.3855
624.65619,-708.67853,1271.56213
623.17413,-709.16107,1278.2373
621.6791400000001,-710.08484,1283.88574
620.40973,-711.05621,1288.42285
619.33862,-711.8465,1292.37292
618.03143,-712.93701,1295.15039
617.08575,-713.82275,1296.94312
616.2506099999999,-714.77313,1297.62561
615.04761,-715.41296,1297.63599
614.0788,-716.37933,1296.5932599999999
613.5152,-716.7479900000001,1294.80273
612.93628,-717.42633,1292.26331
612.20148,-717.81873,1289.06165
611.57391,-718.06464,1284.9493400000001
610.8720099999999,-718.27271,1280.3407
610.34204,-718.3393599999999,1274.8786599999999
609.46326,-718.48065,1268.6864
608.03375,-717.9021,1262.05554
607.72919,-717.9044200000001,1255.08826
607.2495700000001,-717.82385,1247.05945
605.95258,-717.72668,1239.03113
604.8258099999999,-718.06244,1229.93335
603.41211,-718.8482700000001,1221.28601
602.0006099999999,-719.65881,1212.53943
600.44574,-720.74854,1203.78467
598.61475,-721.6472200000001,1196.36865
596.2800900000001,-722.75757,1189.67859
594.2374900000001,-723.54547,1184.70178
591.97498,-723.74677,1180.93689
590.29755,-724.27594,1179.52649
588.1059,-723.97644,1179.42139
586.62854,-724.1607700000001,1180.88977
586.02405,-724.01245,1183.5036599999999
584.43683,-723.1920200000001,1187.4502
584.43079,-723.2063,1192.27661
584.51349,-722.99445,1197.0018300000002
585.2442,-722.81146,1202.8584
586.85358,-723.0101900000001,1208.70959
587.86938,-722.88086,1215.08948
588.32043,-722.91595,1220.73389
589.51373,-722.87927,1226.87207
589.81561,-722.84796,1232.47144
590.03046,-723.35315,1237.9194300000001
589.98584,-723.6990400000001,1242.724
589.18359,-724.44379,1247.07385
588.58185,-725.3433200000001,1250.51331
587.95093,-726.71619,1253.08765
586.42157,-727.5316799999999,1254.72449
585.5246,-728.8958700000001,1255.7391400000001
584.46442,-730.15692,1255.6965300000002
584.2617799999999,-731.5611,1254.88086
583.14716,-732.61414,1253.0048800000002
583.3754299999999,-734.14386,1250.96167
582.69403,-735.63055,1247.70593
581.7719099999999,-736.53094,1244.42554
582.05243,-737.80438,1239.87634
582.15332,-738.90271,1235.55396
582.36713,-740.04266,1230.3858599999999
582.36383,-740.7262,1224.8243400000001
581.86041,-741.49487,1219.01501
581.7543900000001,-741.76697,1212.3023699999999
581.91315,-742.85406,1205.349
581.78967,-743.3431400000001,1198.19983
581.8869599999999,-743.85748,1191.22571
582.20874,-744.47479,1184.73877
582.39282,-744.9456799999999,1178.8646199999998
582.90607,-745.4719200000001,1173.5603
582.30725,-746.06677,1169.07678
582.29053,-746.3006,1165.61475
582.26459,-746.61591,1163.5733599999999
582.71185,-746.5031700000001,1162.35962
583.1424,-746.49011,1163.39575
583.15338,-746.36578,1165.1127900000001
583.78235,-745.82977,1167.97595
584.16449,-745.6791400000001,1170.74451
584.92889,-745.27283,1174.33557
586.36334,-745.4115,1177.46216
588.04065,-745.4617900000001,1180.21606
589.6791400000001,-745.70435,1183.10754
591.59009,-745.79828,1185.60315
592.7066,-746.1416,1187.7069099999999
593.8682299999999,-746.44434,1189.88257
595.45593,-746.95532,1191.8687699999998
596.14001,-747.49231,1193.7481699999998
596.5105599999999,-748.41119,1195.6671099999999
596.85468,-749.11987,1196.75513
596.91833,-749.50085,1198.1124300000001
597.6127299999999,-750.21454,1199.13354
598.08258,-750.78497,1199.43994
597.80157,-751.58411,1199.84229
597.45099,-752.28204,1199.54272
598.03754,-752.88391,1198.98877
598.70178,-753.3499099999999,1197.87048
599.2406599999999,-754.08765,1196.2097199999998
598.8383200000001,-754.92108,1194.64246
601.57666,-754.78259,1191.78271
601.5308200000001,-756.0192900000001,1189.6074199999998
605.22003,-755.82245,1186.19263
