X11,Y11,Z11
840.80658,-116.62355,954.70166
834.97321,-113.19353000000001,954.77173
831.98334,-111.76998999999999,954.72546
829.47955,-110.73928000000001,954.3680400000001
825.47516,-109.08171000000002,954.4862099999999
822.5752,-107.92878999999999,954.1810300000001
819.24225,-107.2782,954.5546300000001
816.51276,-106.45325,955.23425
811.60535,-104.71613,954.08734
808.25562,-104.66069,954.39948
804.27643,-104.11163,954.1782199999999
800.96088,-103.795,954.0808699999999
796.7355299999999,-103.86126999999999,954.5745800000001
793.35449,-104.3857,954.27075
789.44019,-104.65235,954.8475300000001
785.8431400000001,-105.02393000000001,954.4326800000001
782.89752,-106.05112,955.3638900000001
779.51306,-106.67031000000001,955.26172
776.29425,-107.6115,955.6591800000001
772.8304400000001,-108.05225,955.8879400000001
769.42877,-108.44828999999999,956.35724
766.8006,-109.34908,957.3707300000001
763.83972,-109.18128,957.5269199999999
760.5971099999999,-109.29711999999999,958.53235
757.4284700000001,-109.68822,958.92529
754.9101,-109.8727,959.7938800000001
752.43439,-109.97652,960.61774
750.27472,-109.70897,961.49261
747.32715,-109.83933999999999,962.52771
745.44299,-109.54501,963.1001
742.98236,-109.34453,963.9873699999999
741.48676,-109.1351,964.85278
738.9243799999999,-109.22424,965.17712
737.5777,-109.29501,966.64813
735.4472,-109.18536999999999,966.59644
733.43036,-109.33503999999999,967.2998
731.99176,-109.50305,967.7366900000001
731.02612,-109.68523,968.4263300000001
728.90472,-109.68158000000001,968.4808300000001
728.0863,-110.19793,968.95209
726.20642,-110.31841000000001,969.2863199999999
725.30762,-110.28958999999999,969.78522
723.84729,-110.52816999999999,969.53723
722.6870700000001,-110.64446000000001,969.49005
721.4956099999999,-110.7101,969.5808099999999
720.30701,-111.02984,969.3960599999999
718.6929299999999,-111.06024,969.09601
717.70575,-111.03072,969.1301900000001
717.10474,-111.18393999999999,969.5147699999999
716.51904,-111.36846000000001,969.62762
715.54657,-111.46632,969.6796300000001
714.1424,-111.78693,969.6152300000001
712.96411,-111.97681000000001,969.7158800000001
712.6942700000001,-112.22379,970.0758699999999
712.0499900000001,-112.55162,970.21844
711.60559,-112.48329,970.4829699999999
711.15839,-112.81636,970.42621
710.59637,-113.09376999999999,970.65228
710.03979,-113.07473999999999,970.9188800000001
709.7701400000001,-113.49857,970.8525400000001
709.58154,-113.8757,971.22455
709.0141,-114.47495,970.9594099999999
708.68494,-114.62566000000001,971.14948
708.61102,-114.62104,971.3653
708.9669200000001,-114.93995,971.5255699999999
708.56085,-114.94209,971.23328
708.97498,-115.09646000000001,970.9495199999999
708.83868,-115.01461,971.1533199999999
709.01068,-115.08256000000002,971.22968
708.97498,-115.09646000000001,970.9495199999999
708.99158,-115.21963999999998,971.05353
709.23645,-115.46381000000001,971.19067
709.5141,-115.78506000000002,971.1143800000001
709.3286099999999,-116.00672,970.7221099999999
709.64063,-116.13238999999999,970.3101800000001
709.6355599999999,-116.37917,970.2193
709.74414,-116.56538,969.98096
709.63385,-117.00931000000001,969.3665800000001
709.57013,-117.41971000000001,969.1101699999999
710.5487099999999,-118.24498,969.0681800000001
710.7959599999999,-119.39204,969.25397
710.59064,-120.21168999999999,968.57843
710.64478,-121.07853999999999,968.4622199999999
711.2432299999999,-121.90371,968.29718
711.47943,-122.52996,968.3125
711.0119,-123.47688000000001,967.87585
711.87427,-124.58948000000001,967.74188
712.40503,-126.05743000000001,967.9231
712.05548,-126.95572,967.42645
712.2900400000001,-127.72503999999999,967.0645099999999
712.76068,-129.17247,967.0827
713.08167,-130.08601000000002,966.50183
713.89008,-131.63808999999998,966.6066900000001
714.29718,-132.60943999999998,966.2357199999999
714.32495,-133.56224,965.6798699999999
714.62292,-134.7386,965.4262699999999
715.14972,-136.35432,965.0844099999999
716.3734099999999,-137.98737,964.8923300000001
717.01208,-139.05478,964.37183
717.34607,-140.68511999999998,963.7543900000001
718.06677,-142.4413,963.25946
719.17944,-143.26477,962.6300699999999
719.85834,-145.05423000000002,962.0462
720.34064,-146.22508,961.48315
722.1228,-148.14853,960.9575199999999
722.2637900000001,-149.27768999999998,960.39539
723.50714,-150.83382,959.17175
724.79138,-152.31326,958.9699699999999
725.685,-153.29233,958.01074
726.85449,-154.74486000000002,957.1378199999999
728.48334,-156.42051999999998,956.95337
729.67877,-158.09319,956.26544
730.89349,-159.13902,955.711
731.97266,-160.50824,954.8739
733.52545,-162.55264,954.2285199999999
735.06995,-164.21288,954.29095
735.9848599999999,-165.63644,953.7235099999999
736.8831799999999,-167.19798,953.12769
738.41119,-168.96713,952.8790300000001
739.94464,-170.70401,952.8439900000001
741.33765,-173.0369,952.3588900000001
742.17737,-174.7457,952.7537800000001
742.89752,-176.53825,952.48315
744.9386599999999,-178.87097,952.98816
745.51843,-180.83061,953.7012900000001
747.5700099999999,-183.65596000000002,954.3825099999999
747.92603,-185.91696000000002,954.7644
749.2821700000001,-187.59883,954.8472300000001
750.54944,-190.20828,955.4043
751.33545,-192.0352,955.6450800000001
752.24005,-194.20768999999999,955.63397
753.79834,-196.27053999999998,956.5568199999999
755.29584,-197.81517,957.44006
755.5645099999999,-200.79466000000002,956.03314
755.4844400000001,-203.47361999999998,955.05786
758.06854,-204.30338999999998,954.90802
758.87634,-206.09128,954.8194
758.49115,-208.5247,953.7088
759.8606599999999,-210.52049,953.2850300000001
760.25781,-212.37328,951.87244
760.1225,-214.84514,950.7863800000001
762.35724,-215.80856,950.1292699999999
762.47412,-218.20482,947.82605
762.85107,-220.13441,946.2085599999999
764.4003299999999,-222.60616000000002,944.9975599999999
764.9726,-225.25872999999999,943.6239
766.16058,-227.06557,942.4871800000001
767.3987400000001,-228.09652999999997,941.9390300000001
767.93475,-230.66345,941.82245
768.22498,-232.41161,941.54028
770.70398,-232.43115,942.93066
770.65137,-235.36015,942.93011
771.66888,-235.40851,944.43494
773.05756,-237.14468,946.08795
773.5131200000001,-237.68999,947.6102900000001
776.33435,-237.38069,949.0142800000001
775.5480299999999,-239.48217999999997,950.2824099999999
777.48358,-240.32222000000002,952.01318
777.07556,-241.43112000000002,953.48688
777.2569,-242.37512,955.1909800000001
779.10187,-242.8544,957.06921
778.74207,-243.87036,958.3186
779.17657,-244.13727000000003,959.9757699999999
780.3255,-244.74247999999997,961.01624
779.8960599999999,-245.61635,962.93927
780.42902,-246.1051,963.90668
780.51337,-246.12344,964.3974
780.4252299999999,-247.23732,965.7612300000001
781.38977,-247.81153999999998,966.25958
781.97772,-248.00742000000002,966.8421599999999
780.98541,-249.49464,966.68927
781.55219,-250.16656,966.84192
783.20459,-250.55696,967.0111699999999
782.66003,-251.96034,966.0137300000001
783.58344,-253.13626000000002,965.57709
784.53619,-253.50342999999998,965.1273199999999
784.6494799999999,-254.09229,964.1796300000001
785.9873,-254.98307999999997,963.4536099999999
786.9751,-255.11336,962.82825
787.9426900000001,-254.9453,962.17706
789.1403799999999,-255.04504,961.4666699999999
789.9898099999999,-254.47182999999998,961.07831
790.04248,-254.88721,960.92621
790.81604,-254.32667999999998,961.05334
790.9577,-254.32238999999998,961.34106
792.33942,-254.12897,961.9993900000001
792.88892,-254.0506,962.2406599999999
793.86237,-253.93108999999998,962.9450099999999
794.7757,-253.81229,963.51215
794.71252,-253.73492000000002,964.16034
795.98517,-253.22011,965.4702800000001
797.53052,-252.99745,966.11603
797.7617799999999,-253.252,966.37915
798.67365,-253.13335,966.9451300000001
798.45752,-253.35072000000002,967.13947
796.07507,-256.7482,965.59479
799.7484099999999,-254.87632999999997,966.9331099999999
799.4856599999999,-255.3246,966.40015
800.61017,-254.71649,964.93341
799.65216,-256.01764,963.81067
800.26721,-255.93286,962.23694
801.58453,-255.85724,961.53394
801.69989,-256.03336,960.32147
802.1322,-256.02805,958.82019
802.17029,-256.31573,957.6492900000001
802.56671,-256.17737,956.71161
803.55615,-256.48593,955.62604
803.84821,-256.5968,954.65576
804.2647099999999,-256.83643,953.5708599999999
804.64386,-256.61526000000003,952.76001
805.5158700000001,-256.68494,951.9188800000001
805.26361,-256.72977000000003,951.2578699999999
806.23859,-257.12579,951.30939
806.84766,-256.90701,951.6961699999999
807.2143599999999,-257.01666,952.7843
808.05188,-256.60077,953.94885
808.3322099999999,-255.68604,954.68555
808.77032,-255.84627999999998,956.77631
808.84241,-254.92792000000003,957.90314
809.62494,-254.38647000000003,959.1826199999999
809.9940799999999,-253.90482000000003,960.72058
810.54108,-253.66951,962.4762
810.99188,-252.78226,963.66223
811.2866799999999,-252.48802,965.0587800000001
811.57507,-252.30341,966.25397
811.52454,-251.51327999999998,967.3877
812.09479,-251.47321000000002,968.5672599999999
812.60065,-250.79514,969.80646
812.31152,-250.31453,970.07782
811.44,-249.78444,970.56879
811.08887,-249.23486,970.8573
811.24152,-248.95975,971.05157
810.90393,-248.98288,971.1511800000001
810.90393,-248.98288,971.1511800000001
810.28479,-248.5845,970.88745
809.28107,-248.50105,970.2697099999999
808.68896,-248.0018,968.75409
808.1970200000001,-248.2543,967.3311199999999
807.23828,-248.3421,964.6854900000001
806.65228,-248.26926,962.28381
805.75775,-248.27263,959.0369300000001
805.41278,-248.31779,955.76044
805.16699,-248.57162000000002,952.92297
805.61786,-249.06285,948.8595
805.14703,-249.27452000000002,946.32275
,,
,,
801.1606400000001,-246.41782,930.38989
801.18695,-246.27327000000002,927.15479
802.7962,-246.29018,924.08374
,,
802.84003,-244.98917000000003,915.4603900000001
803.61591,-244.16269,910.8893400000001
804.20673,-242.99326000000002,907.82703
805.70667,-242.19185,907.38544
806.0600599999999,-240.83664,905.5401
806.78381,-239.44286,906.39301
807.51044,-238.24954,908.6768800000001
808.12756,-237.05161,912.19556
809.03693,-236.6144,917.33234
809.54401,-235.76523999999998,923.3783599999999
810.57098,-235.97352999999998,931.02039
810.80609,-235.71232999999998,939.38672
810.78455,-235.94742000000002,948.3637699999999
810.91949,-236.24642999999998,957.75665
811.05304,-236.55997999999997,967.7262599999999
811.5090299999999,-237.50089,977.5977800000001
810.72681,-237.83102000000002,987.22192
810.62567,-238.66199,997.2489
810.22247,-238.99567000000002,1006.32239
810.25098,-240.10707000000002,1014.44983
808.72717,-240.54178,1022.74921
808.87488,-241.40523,1029.40405
808.22614,-242.39891,1035.9664300000002
808.38086,-242.95607,1041.68176
808.16571,-243.02458,1046.6110800000001
807.73584,-243.58932000000001,1050.21741
807.5006099999999,-243.13253999999998,1053.18091
806.98499,-242.97301000000002,1055.2061800000001
806.75098,-242.68797,1056.67004
807.0935099999999,-242.26822,1057.15796
807.10388,-241.78432999999998,1056.9542199999999
807.0776400000001,-240.88263999999998,1056.1711400000002
807.97717,-239.86235,1054.6567400000001
808.74359,-239.03262,1052.4585
809.48523,-238.02518999999998,1049.7374300000001
810.81171,-237.21232999999998,1046.6368400000001
811.9101,-235.91927,1042.5250199999998
813.13849,-235.05936,1037.63086
814.42664,-234.68686,1031.94299
816.37518,-233.77956,1026.60669
817.65729,-233.11472999999998,1019.4549599999999
818.2780799999999,-232.26848999999999,1011.20776
819.86078,-232.03282000000002,1003.323
821.11176,-231.24482999999998,994.2244300000001
821.4542799999999,-231.34729,984.6248199999999
821.8292799999999,-231.88948,974.2067300000001
823.00885,-232.45731,963.88635
824.23578,-233.45403,953.32605
825.09857,-233.83406000000002,942.6976900000001
825.23474,-234.16067999999999,932.79846
825.21704,-234.44008,925.73364
825.18097,-235.08069,921.28387
825.01263,-234.92227000000003,920.49921
824.49493,-234.4368,924.0451699999999
823.3761599999999,-233.30307000000002,930.05109
822.1344,-232.56977999999998,938.3290400000001
820.59027,-231.3089,947.1455699999999
818.84338,-230.31989,956.79614
816.4411,-229.63499,966.3468
813.6652799999999,-228.87856000000002,975.76581
812.24927,-228.7373,985.1599699999999
810.01733,-228.2076,994.19391
808.2049,-227.6248,1002.27661
805.60083,-227.16402000000002,1009.1333
805.08929,-226.43513,1014.81207
803.75446,-225.38447999999997,1018.88666
803.26428,-225.17792000000003,1022.71405
803.23798,-225.06004,1025.11169
803.5893599999999,-224.85522000000003,1026.71631
803.73608,-224.47614,1027.73718
804.6469099999999,-224.34148,1027.63257
806.08948,-224.60648999999998,1027.11389
807.25189,-224.79065,1025.58032
809.57813,-224.87704,1023.9453699999999
810.81256,-224.85707000000002,1021.02545
813.38953,-225.00647,1017.84967
815.42291,-225.51492000000002,1013.67035
817.8250099999999,-225.5764,1008.79541
819.55719,-225.44077000000001,1003.32385
821.9832200000001,-225.93167000000003,996.5029300000001
823.68085,-225.72799999999998,989.30298
825.07532,-225.98997000000003,981.33563
827.50867,-226.28703,973.20331
828.5230700000001,-226.67915,964.78271
828.46234,-226.19687000000002,956.98901
828.07263,-225.57317,950.51501
827.3526,-225.59285,946.2226
825.76105,-225.31526000000002,945.14453
822.0744599999999,-225.51367000000002,948.07336
819.6234099999999,-225.70947,955.56165
815.58215,-225.84624,964.01324
812.77704,-226.88496,974.16785
809.44495,-227.96811,983.35547
805.4350599999999,-228.96265,991.21191
801.96753,-229.85039,998.90125
799.1004,-230.70816000000002,1005.32379
796.6940900000001,-231.50409,1010.77667
795.05359,-231.89432000000002,1015.36914
794.04797,-231.96895,1018.2172199999999
793.60321,-232.33156,1019.9744900000001
793.86163,-232.54918999999998,1020.4857199999999
794.93188,-232.12012000000001,1019.4979199999999
795.63959,-231.89397000000002,1018.01276
797.82208,-231.25235,1015.2276
799.95142,-231.01675,1011.8552900000001
802.76984,-230.68417000000002,1007.97058
806.2207599999999,-229.57181,1003.66577
808.21808,-228.61599999999999,998.7379199999999
811.92291,-227.35281,992.8245800000001
814.76904,-226.63497999999998,987.6079699999999
816.93787,-225.68207,980.71924
819.87054,-225.19617999999997,973.8621800000001
821.29785,-225.25706,965.48096
823.4331099999999,-226.34583999999998,957.1129199999999
826.10022,-227.78885,948.38098
827.75964,-229.5674,939.57526
830.3168900000001,-231.74849,930.86902
832.7456099999999,-235.01022000000003,924.1881099999999
833.0672,-236.92699,919.27228
834.05255,-239.20833,917.1416
835.00867,-240.73141,918.5972300000001
836.06183,-240.57166,923.8598599999999
835.79053,-240.04797000000002,929.9481199999999
836.0416299999999,-240.21842999999998,937.4541
837.59375,-239.6465,946.6840800000001
838.11505,-238.79462999999998,956.1626
838.46429,-237.08032000000003,965.42896
838.2708700000001,-235.06197999999998,974.76355
838.20038,-232.75786000000002,983.8751199999999
837.45032,-230.40309,992.21429
836.85132,-227.60011,999.47516
835.6004,-225.12233999999998,1006.17261
833.83008,-222.98306000000002,1012.0791
832.64954,-221.12239,1016.48151
830.56055,-219.28091,1020.2384599999999
829.46204,-218.61841,1023.5788
828.19147,-217.96465,1025.7711199999999
825.90863,-217.98997000000003,1027.05176
824.98694,-218.28047,1028.3618199999999
823.60541,-220.26478999999998,1028.80457
821.72345,-219.86276,1028.15369
820.7655,-221.07932999999997,1027.35083
819.3937400000001,-222.10132000000002,1025.3894
817.93524,-223.35702999999998,1023.3362400000001
816.51599,-224.85277000000002,1020.5219699999999
814.94,-226.24031000000002,1016.28955
812.76575,-227.2798,1011.4522099999999
811.2694700000001,-228.19791,1006.0020099999999
810.72699,-229.41811,999.80713
809.61096,-230.38487,992.7014199999999
809.0437,-231.29895,985.23816
808.2587900000001,-231.96367,977.03394
807.73328,-232.36026,968.0271
808.15985,-233.1015,959.36365
808.61255,-234.05145,949.84332
808.51239,-235.13387999999998,940.32111
808.39838,-235.50354,929.6265900000001
808.77887,-236.20049,920.5767199999999
809.05524,-236.84308,911.6193800000001
808.91864,-237.01355,903.46552
809.19006,-236.83614,897.3761599999999
808.84198,-235.67651,893.44635
808.3172,-234.52237000000002,892.68439
806.9744900000001,-233.36601000000002,894.40948
806.38098,-232.54433999999998,899.4512300000001
804.97137,-232.69727999999998,906.7586699999999
804.19403,-233.32103999999998,915.24225
803.35236,-234.9386,925.2606199999999
802.73474,-236.98342999999997,934.74634
801.93481,-239.56352,944.6098
800.79022,-242.96584,954.07556
800.1106,-246.12994,964.26465
798.56165,-249.69347000000002,974.21606
797.2231400000001,-252.77643999999998,984.26245
796.06036,-256.04703,994.00079
792.7948,-258.13876,1002.18927
790.74017,-260.78693,1011.14734
788.5907599999999,-262.91492,1018.77167
786.12036,-265.12357000000003,1025.90466
783.38007,-267.52127,1032.26355
781.15906,-269.71872,1037.7164300000002
779.32336,-272.65347,1042.39941
778.32733,-275.95471000000003,1046.3786599999999
777.32233,-278.41119,1049.26465
775.45917,-281.39838,1051.1886
773.88055,-283.94995,1051.9252900000001
773.5989400000001,-287.27859,1052.6624800000002
772.0506,-289.93433,1051.98438
770.3598599999999,-292.92392,1050.677
769.0238,-295.90963999999997,1048.75513
767.5976,-298.84157999999996,1046.2957800000001
765.4425,-301.94485,1042.96191
762.97455,-304.36676,1038.83582
760.47406,-306.79287999999997,1033.80151
759.12915,-309.71555,1028.9248
756.06781,-312.19864,1023.11646
754.78955,-314.90939,1016.33148
753.09369,-317.75427,1009.5433300000001
751.60858,-320.54047,1002.00598
750.00549,-324.14355,993.6564300000001
749.75848,-327.09341,984.8489400000001
747.70709,-330.96631,974.6511800000001
748.0903900000001,-333.76877,964.5463900000001
747.7064799999999,-337.68735,954.00409
747.22717,-341.21552,942.55621
747.20551,-344.44629,930.9219400000001
747.2923599999999,-348.23483,919.5069599999999
747.7611099999999,-352.34937,908.50714
747.55408,-356.4263,897.51038
746.91895,-361.39001,887.6228
745.4442700000001,-365.81439,879.39404
743.9986,-370.0235,873.67065
742.58582,-374.39639,872.3674900000001
741.01093,-377.86388999999997,875.26215
739.52496,-380.9718,883.27081
738.48541,-383.53412000000003,893.79083
736.69354,-385.52588,905.1013199999999
735.71722,-387.26877,916.0477900000001
735.5531,-388.94485,927.40131
735.7092299999999,-390.74338,939.56055
735.91437,-391.1113,951.4395800000001
735.9060099999999,-391.8624,964.55225
736.33734,-392.35446,978.04309
735.90875,-392.39035,991.69379
735.1093099999999,-393.13901,1005.7625699999999
734.60974,-393.27365,1020.95355
733.00079,-393.5441,1035.50012
732.10059,-394.06836,1050.19922
728.95007,-394.02945,1063.91345
727.5477900000001,-395.25577000000004,1078.74744
724.10181,-395.4725,1091.22192
720.84595,-396.03552,1103.46899
718.05475,-396.5253,1114.50391
714.06616,-397.30759,1124.41968
710.79626,-398.08276,1132.9657
708.26532,-399.68307000000004,1141.09033
705.17566,-400.14771,1147.67456
703.1825,-401.4393,1153.23462
700.54022,-402.16412,1157.33655
698.80005,-402.95331,1160.52954
696.2341299999999,-403.50116,1162.67346
695.32397,-404.70482999999996,1164.3429
694.1026,-405.40744,1165.28833
692.95135,-406.46828999999997,1165.8305699999999
691.01825,-407.26144,1165.23035
690.0194700000001,-408.41132000000005,1164.68823
689.17883,-409.46148999999997,1163.89355
688.14252,-410.60245,1161.5416300000002
686.87329,-411.82532000000003,1159.48694
687.2977900000001,-412.70871,1157.0072
686.51147,-413.6575,1152.69678
686.81976,-414.72823999999997,1148.7817400000001
686.74933,-415.51126,1143.6427
686.99951,-416.25287000000003,1138.13318
686.93384,-416.36697000000004,1131.86035
687.81378,-416.80048,1125.1582
688.03247,-416.99744,1117.4995099999999
688.11603,-417.45788999999996,1109.39087
687.90881,-417.19357,1100.7019
687.86237,-417.06506,1091.10352
686.789,-417.00235,1081.14832
686.12823,-416.59112999999996,1070.94556
685.61737,-416.65713999999997,1060.77417
684.56396,-416.31406,1050.3999
684.79364,-416.26898,1040.42322
685.18042,-416.28754,1030.26135
685.3756099999999,-416.20328,1018.9700300000001
687.71344,-416.61508,1009.3685300000001
688.28522,-417.27936,999.14185
689.12262,-418.42233,990.4240699999999
,,
,,
,,
,,
686.53375,-427.71682999999996,977.12921
683.6574099999999,-427.94482,981.92346
681.01636,-429.70995999999997,988.2044099999999
677.56439,-430.14758,994.99921
674.66364,-430.05859000000004,1002.5744
672.22412,-431.06772,1011.05725
669.7603799999999,-431.69382,1019.63312
666.87231,-431.73795,1028.19189
664.75275,-431.82437000000004,1037.00415
662.07416,-432.16765999999996,1044.88293
659.3392299999999,-431.8696,1052.5459
657.159,-431.86075,1059.62927
655.4718,-431.70462000000003,1065.95154
653.57916,-431.23404000000005,1072.41687
651.47906,-430.93433,1077.78784
650.534,-430.65323,1082.7135
649.88171,-429.86847,1086.8468
648.69373,-428.7775,1089.71777
647.9918200000001,-427.9277,1091.42175
648.29327,-426.54587000000004,1093.27002
647.6757200000001,-425.52524000000005,1093.14038
648.07556,-424.125,1092.2041
647.73511,-423.04697000000004,1089.93994
647.67358,-421.90659000000005,1086.69067
647.32733,-420.53687,1083.41101
647.95349,-419.57382,1078.84448
648.32556,-418.77969,1073.59216
648.47357,-418.45007000000004,1067.3219
649.85236,-417.27594,1060.82495
651.62421,-417.26822000000004,1053.28857
653.2522,-416.26532000000003,1044.88904
654.54492,-415.32932,1035.34338
656.05829,-414.16525,1025.38306
657.83002,-412.71585,1013.6564900000001
659.46027,-410.78763,1002.13239
660.461,-409.06737999999996,988.86035
661.34778,-407.03927999999996,975.71844
661.36176,-405.0683,962.34155
660.21643,-402.66861,949.47729
658.61102,-400.21738,937.84961
657.22485,-398.90866,927.9680800000001
655.27515,-398.85074,921.96521
654.9862099999999,-400.8335,922.00598
652.13202,-402.70941,926.45276
649.7243,-404.19986,933.52301
646.6027799999999,-405.27008,941.70239
644.81879,-406.45804,951.12891
643.35217,-408.10681,960.9432400000001
641.60724,-409.01129,971.02905
640.1886,-409.33508,981.9291400000001
640.00983,-409.83676,992.7522
639.2022099999999,-410.57181,1004.09119
637.6218299999999,-409.8396,1014.0161699999999
636.89862,-409.66092000000003,1024.20349
634.67206,-408.61246,1032.86938
634.17969,-407.71954,1041.58667
632.89148,-406.41528,1048.5661599999999
631.23358,-404.82281,1055.13696
629.62067,-403.54391,1060.50659
629.0187400000001,-402.82947,1065.00586
627.58765,-401.05679,1069.18311
627.26593,-399.98016,1073.24341
626.50165,-398.02704,1075.5769
626.19244,-397.21805,1077.745
625.81683,-395.48755,1078.9754599999999
625.9082,-394.72476,1079.45911
626.72742,-393.46963999999997,1079.7536599999999
625.83728,-392.00842,1078.46472
626.60419,-391.33765,1077.4137
626.51581,-390.31417999999996,1075.06836
627.36835,-389.45788999999996,1072.63257
626.63855,-389.01227,1068.5457800000001
628.0996700000001,-388.35925,1064.7849099999999
627.98303,-387.65576,1059.76196
628.55048,-387.64578,1054.13623
629.32312,-387.3194,1048.33301
630.55792,-387.23123,1041.7948
630.73999,-386.7554,1034.28809
631.37445,-386.70437999999996,1026.20105
632.24768,-385.87799,1017.7669099999999
634.2495700000001,-385.84229,1008.90479
634.84064,-385.22229,999.03534
635.86383,-384.53174,988.44159
637.52209,-383.7439,978.00177
638.64764,-383.11037999999996,966.4213300000001
640.0437,-382.43683,955.0880699999999
641.32349,-382.42783,944.9632
642.3725599999999,-382.31006,936.5246
643.48816,-383.32901,931.4389
644.88837,-384.85927999999996,932.33075
644.87604,-385.9917,938.4115
644.84161,-387.24539,946.34979
644.28156,-388.0405,955.38989
644.30292,-389.46173,964.95026
643.79633,-391.30508,975.0686599999999
643.81757,-393.5144,984.91089
643.16522,-396.28747999999996,995.23975
643.14661,-398.94244,1005.4902300000001
643.1723,-401.50653,1015.62244
642.41431,-404.36456,1025.10889
642.4237099999999,-407.08856000000003,1034.3988
641.25238,-409.75113,1042.44556
641.25995,-412.04822,1050.13306
641.69482,-414.27499,1056.4116199999999
640.98285,-416.11719,1061.64502
641.64337,-417.8877,1066.62891
642.20355,-419.54623,1070.10474
643.31464,-420.68613,1073.53381
643.81281,-421.53326,1075.08215
644.7280900000001,-422.24924000000004,1077.03088
645.59955,-422.92132999999995,1077.23877
645.71948,-423.25597999999997,1076.64063
646.07843,-423.48755,1075.29126
647.13715,-423.83557,1073.4171099999999
648.00787,-424.04677999999996,1070.40881
648.8648099999999,-424.0838,1066.6629599999999
649.0423,-423.85284,1062.03577
650.17487,-424.08432,1057.16101
650.18018,-423.77300999999994,1050.90771
651.29645,-423.6286,1043.90308
651.80963,-423.91409000000004,1036.93066
653.2595200000001,-423.79684000000003,1029.33276
654.00146,-423.74564000000004,1020.9738199999999
654.35992,-423.68380999999994,1012.2856400000001
655.10132,-423.79607999999996,1002.7507300000001
656.0366799999999,-423.67963,993.0961300000001
656.84637,-424.05945,982.1124300000001
657.66962,-424.48125999999996,970.9649
658.5268599999999,-425.85680999999994,959.68365
658.98785,-426.87035999999995,948.5809300000001
659.37054,-428.18825999999996,937.7139300000001
660.18884,-430.05569,930.09149
661.2076400000001,-431.974,925.27679
661.19519,-433.61734,922.6596099999999
661.22583,-434.69342,925.1419699999999
660.15607,-435.94965,930.8230599999999
659.65576,-436.28232,938.3933099999999
658.02338,-436.57797,947.1713900000001
656.9060099999999,-436.49112,956.63672
654.2778900000001,-436.7872,965.8638300000001
652.49652,-437.57193,975.4563
650.64813,-437.91147,984.53809
647.5957599999999,-438.3381,993.3324
645.10382,-438.56964000000005,1001.2498800000001
643.10437,-438.97585999999995,1007.8208
641.67645,-439.24199999999996,1013.4069199999999
639.62891,-439.68964000000005,1017.54309
638.60242,-439.98217999999997,1020.6619900000001
638.50726,-440.22549000000004,1023.1035199999999
638.31183,-440.35294000000005,1024.05286
639.0343,-440.83682000000005,1024.87036
639.505,-440.60092000000003,1025.20679
642.0188,-441.02840999999995,1025.1394
642.28613,-441.11440999999996,1024.47278
643.24963,-441.18799,1023.1464199999999
644.46704,-441.34862999999996,1021.27936
645.2454799999999,-441.39815999999996,1018.0150800000001
646.42859,-441.58347000000003,1014.17334
647.3598599999999,-442.10242,1009.8148800000001
648.55792,-442.1828,1004.0264300000001
649.12708,-441.92117,997.13586
650.75726,-441.54830999999996,990.3936800000001
652.00775,-441.69202,982.7146
654.19153,-441.86029,974.6756
655.02142,-442.25167999999996,966.17719
656.42603,-442.90890999999993,957.4780900000001
657.37006,-443.83524000000006,949.60699
657.87372,-444.79321,942.56635
657.5462,-445.73602,937.7950400000001
656.9707,-447.09964,936.5388800000001
656.58167,-448.29175,938.6151699999999
654.9074099999999,-449.47677999999996,943.79205
652.86707,-450.12134000000003,950.0083599999999
651.9552,-451.62512000000004,958.2791699999999
651.2554299999999,-452.51430999999997,966.67224
650.4074099999999,-453.61523,975.19434
650.50122,-455.45926,984.3076800000001
650.56372,-457.40665,992.2896099999999
650.19104,-460.00684,1000.4486099999999
650.97766,-461.79321,1008.8295300000001
649.76666,-463.09125,1015.4639300000001
650.0009200000001,-464.9776,1022.25824
649.95251,-466.0871,1027.71497
649.17352,-466.83585,1032.68494
649.55609,-467.37945999999994,1036.94995
649.40521,-467.59958,1039.78125
649.60425,-467.65890999999993,1042.45349
649.37372,-467.36957,1043.09888
650.0647,-467.13977,1043.4184599999999
650.07104,-466.74495999999994,1042.8833
650.14685,-465.9765,1041.47693
650.6507,-466.03378,1039.39563
651.80566,-465.51657,1036.57117
651.97815,-464.8233,1032.98877
653.46545,-464.61569000000003,1029.1908
653.5282599999999,-464.24884000000003,1024.17627
654.83105,-464.71692,1020.1052900000001
655.9843099999999,-464.79125999999997,1014.5022
655.5061599999999,-465.64069000000006,1005.06775
,,
,,
,,
,,
,,
,,
668.90143,-470.40012,947.0178800000001
669.60046,-473.22083,936.4776
672.13312,-473.38934000000006,927.19067
672.85907,-474.47952000000004,917.12683
673.98291,-475.38446,909.4581300000001
676.3269700000001,-476.32828,904.16083
677.56958,-477.15466,903.10315
677.38025,-476.86768,906.8200099999999
677.88293,-476.591,913.17786
678.24176,-476.09558,921.1049800000001
678.58087,-475.58304000000004,930.09698
679.24811,-474.79227000000003,940.2488400000001
679.51605,-474.52810999999997,951.18073
679.47455,-474.01775999999995,962.50635
679.8304400000001,-473.37045,974.35895
680.3344099999999,-472.66790999999995,986.1221300000001
680.18964,-471.50684,998.0305199999999
678.93005,-469.86688,1009.0939300000001
678.8883099999999,-468.93457,1019.5559099999999
678.6741900000001,-467.7337,1029.37842
678.0165400000001,-466.63745,1037.90198
676.6204799999999,-465.58752000000004,1044.8243400000001
677.04645,-464.92999000000003,1051.5946
676.88605,-464.50079000000005,1057.09314
676.8795200000001,-463.8493,1061.12695
677.09595,-463.69525,1064.90723
677.27985,-463.61938,1067.67957
677.71844,-463.45654,1069.65381
678.01855,-463.51114,1071.0509
678.4625900000001,-463.24475,1071.72534
679.09625,-463.30713,1071.77844
680.4588,-463.38522,1070.97668
680.48083,-463.14703,1069.76343
680.91632,-462.95425,1067.74927
680.94922,-462.6489,1065.0148900000002
681.40228,-462.02927,1062.05908
681.58246,-461.66042999999996,1058.08081
681.45154,-461.97835999999995,1053.02649
681.39417,-460.67868,1046.9613
682.4444,-460.59891,1040.71912
682.18787,-459.71573,1033.57971
682.59637,-459.58826,1025.60669
682.61542,-458.67752,1016.4187
683.23535,-458.59735,1006.83795
683.27081,-458.68161,996.81836
684.47369,-458.74335,986.08954
684.36542,-459.01196,974.6297
684.59369,-459.4527,962.9694199999999
684.7993799999999,-460.11185,951.1859099999999
684.23022,-460.66843,939.7050199999999
683.04962,-461.3389,929.36005
682.2871700000001,-462.38640999999996,921.74097
681.3905599999999,-464.59595,917.7356
679.82831,-466.4483,917.63129
677.66907,-467.495,923.24738
675.4468400000001,-468.0726,931.79437
673.26953,-467.76151,941.14685
671.90497,-468.15036,950.55988
670.1749900000001,-468.51294,958.9826
669.04395,-468.80755999999997,967.7388900000001
668.0090299999999,-469.64819000000006,976.1464199999999
666.60596,-469.52057,984.4431800000001
665.02728,-469.52261,992.87579
664.31647,-469.81628,1001.1406300000001
662.39832,-469.61005,1008.1654699999999
661.00079,-469.21585,1015.4567300000001
658.3667,-469.09415,1020.72595
657.27515,-468.64603,1026.13
655.42902,-468.97185999999994,1029.50061
652.9227900000001,-468.89297,1032.25732
652.2366900000001,-469.37549,1034.5606699999998
651.38684,-469.45041,1036.12781
650.328,-469.96605999999997,1036.24988
649.64215,-470.49765,1035.59839
648.7760599999999,-470.82089,1033.69275
649.12805,-471.41141,1031.63245
649.16785,-471.85339000000005,1028.79651
648.95807,-472.54913,1024.5564
649.1886,-472.63541,1019.65356
649.55261,-473.59961,1014.48639
650.50067,-473.49545,1008.2855199999999
650.89526,-474.08142000000004,1001.55072
651.26337,-474.49465999999995,993.64728
651.91895,-474.93542,985.26807
652.92767,-474.92925999999994,976.4248699999999
653.72662,-475.11935,966.8190300000001
654.5507200000001,-475.21875,957.0791
655.7581799999999,-475.09058,946.755
655.9544099999999,-475.20358,937.35089
656.33636,-474.30194000000006,928.2466400000001
656.8007200000001,-474.60013,921.5468800000001
656.802,-474.90155,918.0862400000001
657.31812,-474.49942000000004,918.7982199999999
657.06506,-474.34802,923.7927199999999
656.66553,-474.11523,929.86969
656.64893,-473.68164,938.42126
654.86456,-473.2027,947.52576
655.01575,-473.75903,957.75946
654.3023099999999,-473.78033,968.3638300000001
653.55548,-474.0834,979.32843
652.81372,-473.30228,990.4450099999999
652.28851,-473.21851,1000.8353300000001
651.97595,-472.21524000000005,1011.3793300000001
650.8314799999999,-471.36292000000003,1020.9425
650.4562400000001,-470.75955,1029.80945
650.05017,-469.88680999999997,1036.95544
649.76758,-469.42886,1043.36353
650.16638,-469.28503,1048.8243400000001
650.54443,-469.39169000000004,1053.00391
651.4271200000001,-469.57315,1056.5300300000001
651.64642,-469.52008,1059.0499300000001
652.3457599999999,-469.43082000000004,1060.66235
652.79749,-469.99005,1061.5175800000002
653.67224,-470.00613,1061.49292
654.68536,-470.2453,1060.37598
654.9234,-470.62457,1058.54688
655.2265,-470.71567000000005,1056.01855
655.95929,-470.69772,1052.32678
656.85901,-471.18405,1048.8256800000001
656.6394,-471.44403,1043.76819
656.91858,-471.59105999999997,1038.3624300000001
657.16254,-472.05002,1032.73889
656.65747,-472.50406,1026.30701
657.38873,-473.2243,1019.4290800000001
656.86237,-473.74857000000003,1012.0499900000001
656.9649,-474.22185999999994,1003.88953
656.8215299999999,-475.02762,995.73108
656.40778,-475.75415,986.3489400000001
656.61774,-476.28342000000004,976.1862800000001
656.86603,-477.27509000000003,966.0914300000001
657.05145,-477.99539000000004,954.98999
656.8754299999999,-479.60468,943.72089
657.0878299999999,-480.5741,933.4114400000001
657.47662,-482.26083,924.4337199999999
657.90894,-483.67438,918.1076699999999
657.31665,-485.04922,915.7217400000001
656.81659,-484.83005,918.6209699999999
656.0993,-483.56995,924.8883699999999
654.37897,-482.18964000000005,932.4241900000001
653.25824,-481.03763,940.75281
653.22382,-479.82077000000004,949.4050300000001
653.24146,-479.03,959.10779
652.47992,-477.83966,968.1749900000001
652.0686,-476.28052,977.2628800000001
651.54211,-474.56409,986.26178
650.28735,-473.00638,994.9563
649.46613,-470.74298,1002.9663099999999
648.45026,-468.88995,1011.03387
647.11298,-466.15839000000005,1017.52179
645.6652799999999,-464.17752,1023.2100199999999
644.04785,-462.56677,1027.66138
643.93958,-460.49478,1031.65222
643.67468,-459.7265,1034.62195
642.90204,-458.84454000000005,1035.7489
644.02136,-458.21405,1037.46838
644.3007200000001,-457.64547999999996,1037.5798300000001
644.57385,-456.95078,1036.51416
646.12555,-456.43054000000006,1035.60364
646.65619,-455.97495,1033.40015
647.90436,-455.31985,1030.59216
649.08087,-454.15942,1026.44214
649.74213,-453.70385999999996,1021.7614699999999
650.2374900000001,-452.90479000000005,1016.25952
652.41034,-452.22821,1011.61096
651.797,-452.15756,1003.7714199999999
651.21075,-452.0524,995.0261199999999
651.53979,-451.96466,986.0414400000001
655.5365,-446.81573,977.52124
656.76624,-445.52689000000004,967.8798199999999
658.27338,-443.64914000000005,957.0332
660.23755,-442.20676,946.2470099999999
661.28296,-440.577,935.23364
663.14575,-438.41,924.95905
664.80103,-436.28052,916.3975199999999
666.6132200000001,-433.25280999999995,909.51855
669.0755,-429.02261,906.20215
670.44281,-423.74271,906.15619
670.9368900000001,-418.08582,910.53406
671.3443,-412.57187000000005,916.10425
673.5202,-408.1702,923.20526
674.63055,-403.96127,931.17841
676.08478,-400.30267000000003,940.06506
677.23901,-396.33936,949.4494
679.2394400000001,-392.51932,959.3662099999999
680.80884,-388.54642,969.44208
682.60016,-385.19821,979.29932
683.08771,-380.41354,988.6284199999999
685.25848,-376.28207000000003,998.2373
686.45667,-371.6911,1007.07166
686.89886,-366.81662,1015.1904900000001
687.48999,-362.57864,1022.6782800000001
687.59729,-357.93268,1029.85205
687.5127,-353.42456,1036.08533
688.1920200000001,-349.08367999999996,1042.11658
687.58368,-344.46313,1046.48376
687.91296,-340.37051,1050.43884
687.67023,-335.88007000000005,1053.2218
688.0658,-332.39948,1055.6461199999999
688.7133200000001,-328.37604,1057.05798
688.62622,-324.73251,1057.5222199999998
688.8206799999999,-321.64914,1057.34265
689.4066799999999,-319.01239,1056.20825
690.6691900000001,-314.93762000000004,1054.17004
691.3999,-312.51412999999997,1051.6082800000001
692.07208,-310.39191,1048.55981
692.21417,-308.25281,1044.65833
692.9789400000001,-306.40991,1040.30261
693.40839,-304.61963,1034.84509
694.14209,-303.18799,1029.15039
695.26086,-301.78558,1022.59277
696.1308,-300.25052,1014.8194
696.79333,-298.89532,1007.30945
697.15656,-297.81161000000003,998.69305
697.7168,-296.73427999999996,989.4368300000001
699.24786,-295.66611,979.47009
699.93262,-294.72025,969.01001
701.4042400000001,-293.41632000000004,958.6043699999999
703.8902,-292.5795,947.08521
705.48645,-291.36481000000003,935.9277300000001
707.29858,-290.3624,925.2276
709.94812,-289.88809,915.3399699999999
712.94958,-289.18542,907.49463
716.12762,-288.552,902.77167
718.17383,-287.74686,902.96265
718.66138,-287.23004,907.24951
718.58606,-287.22556000000003,914.5711699999999
718.22052,-286.81357,923.00995
718.54785,-286.21771,931.88409
718.52051,-285.63223,941.06995
718.1933,-284.78506,950.81158
718.72406,-284.62662,960.55011
718.3262900000001,-284.12073,971.0261199999999
718.23236,-283.9718,981.66724
717.71277,-284.27441,991.7913800000001
717.29651,-285.24826,1001.6347
716.6308,-286.02407999999997,1010.75183
716.06464,-286.77005,1018.95575
715.6825,-287.92856,1026.19812
716.35095,-288.80228,1032.78271
717.19434,-289.94174,1038.1970199999998
718.42877,-290.21078,1042.724
720.1068700000001,-291.23596000000003,1046.25806
721.8861099999999,-291.76904,1049.10449
723.39044,-292.38347999999996,1051.03162
725.74023,-292.94055,1052.27393
727.01361,-293.11798,1052.7451199999998
728.76532,-293.32302999999996,1051.84314
729.86353,-293.26703,1050.5770300000001
731.41034,-293.84869,1048.08459
732.3228799999999,-293.26892000000004,1045.42163
732.4442700000001,-292.55484,1041.99646
732.87427,-292.89847000000003,1037.13257
733.2168,-292.91879,1031.7291300000002
733.44885,-292.18057000000005,1024.97754
733.68481,-291.94647000000003,1018.37146
733.86615,-291.38156000000004,1010.43555
733.64581,-290.85907000000003,1002.3960599999999
733.40002,-290.11444,993.3361800000001
733.3795200000001,-289.12979,984.0423
733.35748,-287.83286,974.1323199999999
733.6823099999999,-286.39496,963.4871800000001
734.04333,-284.88336,952.8386199999999
734.95905,-283.7666,942.57886
735.41602,-282.5336,934.10596
735.80627,-281.46393,927.44934
737.25104,-280.27835,923.71777
737.56738,-279.15945,922.90356
738.0567599999999,-278.44882,925.4829699999999
738.04309,-277.80208999999996,929.69775
737.78088,-276.47283999999996,936.09204
737.78046,-275.22217,944.21765
737.48401,-273.65988,952.9789400000001
736.11298,-273.27252000000004,961.7620199999999
735.94641,-272.29568,971.75189
735.65411,-271.78146,980.9921300000001
734.95502,-271.23016,990.24396
734.5405900000001,-270.87152000000003,999.51459
733.11383,-270.68887,1008.37134
732.70453,-270.13718,1017.08978
732.30035,-270.17242000000005,1024.61621
732.35541,-270.01248,1031.0376
732.57062,-269.59943,1037.27063
731.57635,-269.06891,1042.41907
731.13208,-268.96625,1047.13245
731.7644,-268.60587000000004,1050.85083
731.33887,-268.11777,1053.5018300000002
731.05365,-267.51627,1055.43884
730.66516,-266.97308,1056.36499
729.93384,-266.30029,1056.5059800000001
729.7608,-265.64063,1055.32947
729.31329,-264.59799,1053.6815199999999
728.7644700000001,-264.2507,1051.1923800000002
728.7189900000001,-263.4313,1048.18445
728.3454,-263.09091,1044.01477
728.45654,-263.13232,1039.80103
728.2916299999999,-261.53693,1034.73596
728.5314900000001,-261.0213,1028.87878
729.11646,-261.50696,1022.5537099999999
729.00989,-260.12515,1015.55292
729.45929,-260.02646,1007.8549800000001
729.49896,-259.88754,999.7669699999999
729.88953,-259.85812000000004,991.11786
730.63263,-259.81689,981.83417
731.29132,-258.74884,971.66571
732.49768,-258.60165,960.5482199999999
733.81055,-257.51288,949.8770800000001
735.53351,-256.76923,938.52765
737.13354,-256.63873,927.81281
738.3642,-256.54382000000004,917.9727800000001
740.59955,-256.01315,909.72345
743.0780599999999,-255.76256,905.0200199999999
745.4895,-255.64581,905.05865
746.4757099999999,-255.5038,909.50256
746.68945,-255.80341,916.633
746.94916,-255.5833,924.71234
747.75641,-255.49167999999997,932.87689
748.1337900000001,-254.06824,941.19989
748.65021,-253.50436000000002,950.2196
749.2637900000001,-252.55132000000003,959.4820599999999
749.26764,-251.63947000000002,968.23004
749.6823099999999,-251.13733,977.4263300000001
749.72748,-250.71802999999997,986.56427
749.80463,-250.42737999999997,995.50494
749.7995,-250.21317000000002,1003.71613
750.10699,-250.20397999999997,1011.4826
749.90338,-250.13962,1018.4663099999999
750.57922,-250.0229,1024.78931
751.15967,-250.14241,1029.9519
751.43341,-250.08806,1034.2934599999999
752.98236,-249.5164,1037.6413599999998
754.30042,-248.8651,1040.0614
756.1195700000001,-248.35417,1042.14661
757.51807,-247.78926,1042.8088400000001
759.9696,-246.81058,1043.5991199999999
761.9086900000001,-246.23891,1042.89221
764.04358,-245.37892000000002,1041.28967
765.63464,-244.47847000000002,1039.4211400000002
768.29315,-243.58455,1036.22656
770.11542,-242.58272999999997,1032.62354
771.41205,-241.75517000000002,1028.1254900000001
772.98407,-240.57971,1022.59961
774.44037,-239.93916000000002,1016.29541
776.27856,-238.90302999999997,1009.32135
777.11383,-238.40398,1001.28796
778.78992,-236.4108,993.2973
779.20148,-235.40472000000003,984.26801
780.17468,-233.68756000000002,974.42126
780.90662,-231.94197000000003,964.12225
781.84857,-230.22522,953.32251
782.8371599999999,-228.77434,942.7143599999999
785.30109,-227.16266000000002,932.51093
787.38489,-225.81252999999998,923.89276
789.2074,-223.89966,917.17035
791.29645,-221.55562,912.88733
792.4809,-219.87368999999998,912.05298
793.0740400000001,-218.74184,915.7700199999999
793.42926,-217.41019,920.8848300000001
793.3869,-216.61982999999998,927.03119
793.79541,-214.01845,935.02771
793.10168,-211.63593999999998,944.06348
792.37946,-209.86819,953.4860800000001
790.0045200000001,-207.50139,963.27234
789.95746,-204.8315,972.1628400000001
787.79578,-204.75781,982.48816
784.69336,-203.18666000000002,992.2343099999999
782.46381,-201.76803999999998,1000.62109
781.90698,-201.28458999999998,1007.9871199999999
779.58691,-200.13602,1015.40662
778.2218,-199.12218000000001,1022.24011
776.42889,-198.13448,1027.76526
774.77063,-197.51465,1033.25439
776.91205,-198.72462,1036.21716
774.20599,-196.80461,1040.14941
773.8192700000001,-195.66841000000002,1042.64148
772.47003,-195.01656,1044.8930699999999
771.63861,-193.91821000000002,1045.8812300000002
770.3491799999999,-192.75179,1046.31543
769.64404,-191.9435,1046.00928
769.3433200000001,-190.38011,1044.05432
766.09161,-189.08616999999998,1043.26782
766.36316,-188.63879,1040.57446
765.81287,-186.71068,1037.72278
765.74103,-185.99655,1033.56836
765.3728,-184.23717,1029.3120099999999
764.66235,-182.96288,1024.84131
763.9538,-181.30338,1019.40259
764.54553,-180.32191,1012.1209699999999
762.77167,-178.55832,1005.8251300000001
763.17981,-177.82062,997.8385599999999
762.05493,-175.34149,989.7821
761.66156,-173.47455,980.7673300000001
760.92102,-171.68657,971.3566300000001
761.45642,-170.01976000000002,960.62457
761.42853,-167.67538000000002,950.75256
762.73865,-165.2653,940.26129
762.70276,-163.01003,930.44287
764.24091,-160.8461,922.2239400000001
765.15552,-158.3165,917.19196
767.38007,-156.31425,915.5197800000001
768.72339,-154.95151,917.05255
769.65662,-154.14944,921.8906300000001
770.4505,-153.46606,928.57471
771.27753,-152.56316,936.3593099999999
772.87109,-151.77194,944.8992900000001
773.8594400000001,-151.52524,954.5387599999999
775.9884,-150.6662,964.2249099999999
778.065,-150.58324,974.0364400000001
779.7428,-150.99603000000002,984.62177
781.70313,-150.71912,994.6569199999999
783.60406,-150.88182,1004.58704
786.19385,-150.80782,1014.0673199999999
787.86163,-150.70553999999998,1022.76489
790.83014,-150.60519,1030.37415
793.00806,-149.85974,1037.8136
795.61292,-148.95802,1043.9506800000001
797.52405,-147.6351,1048.58923
800.36554,-146.70238,1052.1231699999998
801.62598,-145.5585,1055.60474
803.02936,-144.88435,1057.59277
804.79132,-144.409,1058.65222
805.9585599999999,-143.58643999999998,1059.09766
807.0360099999999,-143.24237,1058.64038
807.3200099999999,-142.94756,1057.93005
807.9966400000001,-142.65906,1055.97656
808.27783,-142.02885,1053.5715300000002
808.42609,-141.01405,1049.9597199999998
808.56787,-139.84268,1045.55261
809.3280599999999,-139.38005,1042.4860800000001
809.547,-138.26115,1036.98828
808.66479,-137.21213,1030.89685
809.48724,-135.04576,1024.10486
809.4313400000001,-134.25058,1017.1654699999999
809.4975,-132.5657,1008.49585
809.95612,-130.89807,999.85913
809.4830900000001,-128.95395,989.9071
808.85992,-127.42759,979.38586
808.11847,-125.15638999999999,968.14081
808.81323,-122.71426000000001,956.61603
808.45447,-120.57243000000001,944.1085800000001
808.84589,-117.71956999999999,931.36548
808.70605,-115.82503,918.1342199999999
808.80542,-113.16071000000001,906.2280300000001
809.06299,-110.66524,895.0272199999999
810.31921,-108.61631000000001,885.82275
807.90314,-106.25858000000001,878.05579
806.96875,-102.445,873.70691
803.48212,-101.66372,873.4425
800.67328,-100.73705,877.1947
797.72699,-100.82731,880.68152
792.95422,-101.14595,885.36456
791.48999,-100.43607,891.677
790.25372,-100.59165,898.08734
787.95245,-101.68149,905.9246800000001
785.95807,-102.70571,913.20465
784.09979,-103.3941,922.2918099999999
783.08142,-103.59311,931.5816
782.11719,-103.77261,942.07916
780.07825,-104.09644,954.06506
779.67157,-105.91691999999999,966.3344099999999
778.7168,-108.08018999999999,979.18616
778.72168,-110.75899,993.29163
777.87708,-113.54538000000001,1007.68536
778.09717,-117.40942,1022.6909199999999
778.83014,-121.07598,1037.57971
779.34753,-125.53161000000001,1051.8002900000001
780.3252,-130.16173999999998,1066.3648699999999
781.88367,-135.00713000000002,1079.39648
783.672,-139.70819,1091.729
785.43555,-145.19833,1102.61572
787.57245,-149.94356000000002,1111.68115
788.6168200000001,-153.77848999999998,1119.828
790.44989,-157.18559,1125.53271
790.94818,-160.39838,1130.20325
791.79852,-162.06046,1133.98303
792.0459599999999,-163.86389,1136.6190199999999
791.75006,-165.62898,1138.25647
791.54822,-166.37215,1139.66919
791.11475,-167.12497,1140.21216
790.19385,-167.53172,1139.98145
790.46191,-168.74773000000002,1139.40308
789.6884200000001,-169.46262,1138.5324699999999
789.05737,-169.8275,1136.72681
788.52905,-170.92505,1135.59265
788.09021,-171.60214,1133.04919
787.20447,-172.55122,1130.44873
786.69873,-173.61555,1127.12085
785.47943,-174.22711,1123.87
783.75629,-175.01074,1119.7902800000002
782.26453,-175.73247,1114.67725
779.80042,-175.88176,1108.71814
777.25763,-176.14575,1101.90308
774.41986,-176.21625,1094.32678
771.56183,-177.07985,1086.16858
769.16656,-177.51619,1076.59436
766.71527,-177.83481,1066.97327
764.21429,-177.90271,1057.36267
762.74127,-179.33983999999998,1047.1821300000001
760.3089,-179.88766,1037.58142
758.36023,-179.94919,1028.35486
756.97559,-180.2007,1018.7800300000001
754.4331099999999,-180.72191999999998,1009.0871599999999
752.4237099999999,-179.78133,1000.06116
751.61914,-179.53906,991.50446
750.62378,-178.47797,983.69421
750.78894,-176.74405,978.66455
752.56647,-175.73785,975.68915
753.71167,-173.71245,975.6236
755.47424,-172.92151,977.55939
756.57062,-172.48975,981.13684
757.88995,-172.65781,985.6837800000001
758.37897,-172.66951,991.4154699999999
758.29553,-173.41658,996.71973
758.50073,-174.74092,1002.90155
756.4042400000001,-174.87743,1010.0034800000001
754.89227,-176.36681000000002,1017.0673199999999
753.4361,-177.54977,1025.2843
752.17035,-178.76393000000002,1032.2934599999999
750.79767,-180.52669,1040.38672
748.99866,-181.54486,1048.3137199999999
747.5595099999999,-182.78293,1056.52063
746.24231,-183.77351000000002,1063.32874
744.56818,-184.31305,1070.51062
742.73383,-184.70412,1076.24902
741.47858,-185.29908999999998,1081.42786
740.0931400000001,-185.41801,1086.28113
738.1095,-185.30585,1090.4895
735.97864,-185.28763999999998,1094.4353
734.16595,-184.78699,1097.53821
731.6189,-183.91331,1100.11853
729.14685,-183.37148,1101.91895
726.8833599999999,-183.00273,1102.74341
723.7182,-181.99792,1102.4387199999999
721.33246,-180.6012,1101.15759
717.92615,-179.82828,1098.57458
715.203,-178.74333000000001,1094.77698
711.6060200000001,-178.03708,1090.3917199999999
709.1586900000001,-176.67105,1084.36072
705.80566,-175.58871000000002,1078.3048099999999
702.1897,-174.77209,1070.52673
697.96997,-173.10628,1062.5155
694.0043900000001,-172.02101000000002,1053.35999
690.18213,-170.09267,1043.5697
686.42651,-169.08706999999998,1032.8582800000001
682.42365,-167.94191,1021.6035199999999
678.53174,-166.54684,1009.88306
675.21387,-165.78824,997.14307
671.58258,-165.50204,984.2987699999999
668.64502,-165.48225,970.74323
666.07751,-165.3857,956.7102699999999
663.88391,-165.79318,943.04565
662.26801,-166.86737,929.4113199999999
661.71411,-168.92772,917.19135
661.42224,-169.66586,905.87146
662.1381200000001,-169.81876,896.6243900000001
663.2719099999999,-169.00456,889.6198699999999
664.9621599999999,-167.64227,884.93829
666.8028,-166.57227,883.89081
668.0192900000001,-167.20096,884.0191
668.9307299999999,-168.22186000000002,886.81281
669.04932,-168.66508000000002,890.33331
668.56653,-169.87755,893.84833
668.38574,-170.38957,897.69354
668.07959,-170.94365,901.8970300000001
667.27814,-171.18559,906.4458599999999
666.88763,-171.26706000000001,911.4461699999999
666.92963,-171.07179,916.6735199999999
665.802,-169.78308,922.91901
665.85181,-168.59116,930.50775
665.62268,-166.87659,938.5214199999999
665.65503,-164.82828,946.8815900000001
665.19513,-162.82686999999999,956.3715199999999
665.55896,-160.49216,965.40979
665.25769,-158.48641999999998,975.27087
664.5989999999999,-156.05266,985.2639199999999
664.55237,-153.05531000000002,995.5219099999999
664.35004,-150.73836,1005.46912
664.42352,-148.32277,1015.4957300000001
664.39227,-146.22331,1025.0118400000001
664.83929,-144.14597,1034.1499
663.41187,-142.3643,1042.2061800000001
663.25769,-140.38838,1049.03784
662.40491,-138.94487,1054.65247
661.27057,-137.88446000000002,1059.57361
660.05011,-136.80888000000002,1062.91589
658.5564,-135.76998999999998,1065.54395
656.85516,-134.33071999999999,1067.21899
654.6881099999999,-133.22263,1068.38232
653.16437,-131.92473,1068.46179
651.50458,-131.20085,1067.83533
649.9313400000001,-130.15854,1067.0764199999999
648.1167,-128.80145,1065.40784
646.72479,-127.25638000000001,1063.1976300000001
646.00134,-126.37586,1060.3717
644.30768,-125.38203999999999,1056.53906
643.1684,-123.1629,1052.15271
641.81384,-121.59763000000001,1046.72192
640.06445,-119.77171000000001,1041.25842
639.13544,-117.71609,1034.3315400000001
637.9328,-115.52805,1026.89771
636.66052,-113.86077,1018.8507099999999
636.0705,-111.4576,1010.10315
635.4884,-109.19351,1000.24359
634.40356,-106.86706000000001,990.4068599999999
633.5166,-104.17511,980.3584599999999
632.08398,-101.68973000000001,970.16022
630.71472,-99.59680999999999,960.40717
629.53888,-98.48385999999999,951.3466199999999
628.4671,-97.55027,943.02979
627.71051,-97.09498,935.8557099999999
627.24988,-96.87549,930.46967
626.9480599999999,-97.57536999999999,927.0137300000001
627.0634200000001,-98.1517,926.1420300000001
628.0197099999999,-98.90814,927.49219
629.1265900000001,-98.97031,930.4327400000001
630.30084,-98.95514,934.9364
632.63531,-98.38101,939.7116699999999
634.00488,-98.26879,945.24286
635.58868,-97.6019,951.6059
637.10883,-97.10183,958.3181199999999
638.73065,-97.19955999999999,965.10339
639.77124,-96.92184,972.06635
640.7103900000001,-97.04977,979.0161099999999
642.0564,-97.00692,985.71204
642.90527,-96.9488,992.44427
644.37225,-96.82038,998.2771
645.1052900000001,-96.78577,1004.5264900000001
646.362,-96.37485,1009.69336
648.08295,-95.88790999999999,1014.1986699999999
649.69598,-96.31003,1018.70874
650.73993,-96.01078000000001,1023.2796599999999
651.8714,-96.03276,1026.15491
652.5253299999999,-96.05081,1029.09265
653.87213,-95.96383,1031.08398
654.98737,-95.73008,1032.72461
655.93982,-95.86827,1032.9845
657.18835,-95.41634,1032.72192
658.03076,-94.88367,1031.87415
658.53906,-93.77108,1030.15759
659.32623,-93.30154,1027.245
660.0307,-91.98763000000001,1023.3513199999999
660.30585,-91.01655,1018.87762
659.93475,-89.19038,1013.9567900000001
661.91754,-88.82301,1008.3009599999999
662.54614,-87.77086,1001.2324199999999
662.72845,-86.65862,993.62115
663.75848,-86.05978,985.9907800000001
664.23792,-84.85223,977.4997599999999
664.74023,-83.85345,968.9517800000001
666.59235,-82.63316999999999,959.5155599999999
667.42719,-82.03402,950.22058
670.2442599999999,-80.89578,940.69495
673.25177,-80.87389,932.26825
676.68939,-79.97542,926.51575
679.9528799999999,-80.32751,921.7143599999999
682.06427,-80.67461,919.79095
684.33374,-81.6244,921.7449300000001
685.46777,-83.55066,926.6673599999999
686.52795,-85.29866,933.11047
687.68787,-87.59709000000001,940.6931199999999
688.05078,-90.30608000000001,948.73907
688.9979900000001,-92.45373000000001,957.7769800000001
690.07098,-95.37708,967.0509599999999
690.81744,-98.06667,975.79657
692.427,-100.57281,984.7289400000001
693.59186,-103.59640999999999,992.8524199999999
695.12207,-106.16471000000001,1000.59961
696.16034,-109.06978000000001,1008.0051900000001
697.40137,-111.04445,1015.50861
698.79852,-113.7031,1022.46411
700.17206,-116.7367,1028.29663
701.06976,-119.30198999999999,1034.25586
701.72339,-122.01901000000001,1039.52563
701.62207,-124.23671999999999,1044.5067099999999
701.47137,-126.90229,1048.73206
700.64984,-129.17481999999998,1052.19604
699.62189,-132.86566000000002,1055.15869
698.7293099999999,-135.82803,1057.33521
697.3268400000001,-138.58754,1058.31396
695.80359,-141.1606,1059.09888
694.39783,-143.56027,1058.5991199999999
693.00787,-145.81642,1057.9188199999999
692.32092,-148.26096,1055.87158
691.20734,-150.2525,1053.64697
691.05664,-152.63689,1050.46765
690.75653,-154.68901,1046.4749800000002
690.13226,-156.83682,1042.09167
689.6431299999999,-158.64435,1036.7648900000002
689.89905,-161.15027,1031.40552
689.91437,-163.08368000000002,1024.99548
689.74152,-165.06769,1018.13531
690.20905,-167.50778,1010.81024
690.80383,-169.77309,1002.95551
691.06781,-171.59161,994.21729
691.64764,-173.83977,984.6238400000001
692.755,-175.75462,974.85645
693.4216299999999,-177.36858,964.36871
694.5835,-178.90147,953.88916
693.96753,-182.57738,943.45734
693.74091,-185.33885,934.5733
693.85468,-188.19353999999998,929.4798
693.56671,-191.62188999999998,927.1497199999999
692.00311,-194.98372,928.3559
690.23779,-198.41116,931.98016
688.9007,-201.29208,937.7710000000001
688.59021,-203.40718,944.7761800000001
688.53967,-206.58325,953.02936
687.5545,-209.59006000000002,962.3634599999999
687.37177,-212.06677000000002,971.60065
687.64075,-214.92607,981.41315
687.46252,-217.98709,991.29425
685.40759,-222.08642999999998,1001.2293099999999
684.06799,-225.25277999999997,1010.31085
683.7968099999999,-228.04289,1019.51849
683.23877,-231.28996,1027.6226800000002
682.58246,-234.77364,1035.34082
682.02411,-237.71939,1042.52649
680.97455,-240.2794,1048.06958
680.0880099999999,-243.53391000000002,1053.80176
679.23279,-246.61437999999998,1058.21216
678.2719099999999,-249.3988,1061.57715
677.0981400000001,-251.95015,1064.3988
675.29346,-254.55539,1066.0661599999999
674.16687,-257.12607,1067.49023
672.55249,-259.45844,1067.4315199999999
670.98468,-261.60497999999995,1066.83862
670.20917,-264.14727999999997,1065.87085
669.16425,-266.42575,1064.11658
667.23602,-268.53893999999997,1061.32056
667.0087900000001,-271.11624,1057.70984
666.0427900000001,-273.871,1053.98669
664.84656,-276.25287000000003,1049.43506
665.06018,-279.45432,1044.53455
663.40192,-282.87186,1038.7817400000001
663.68109,-286.12405,1032.8114
663.28479,-289.82153,1025.8347199999998
663.27313,-293.8808,1019.1987300000001
663.29016,-298.21182000000005,1011.90314
663.09961,-302.59741,1003.3797599999999
662.11237,-306.0285,994.4802199999999
663.01141,-310.48666000000003,985.33649
662.90454,-314.07489,975.03668
663.32123,-318.42377,964.0889900000001
662.88544,-322.03845,952.8726800000001
661.31024,-325.95257999999995,940.966
662.02167,-329.69846,929.70349
660.1712,-333.4325,918.78406
659.37219,-337.20859,909.8308099999999
659.32123,-340.91409,906.26453
658.24652,-344.99896,907.6967199999999
655.5033599999999,-347.95123,913.3933699999999
653.53076,-351.07198999999997,922.2470099999999
652.36829,-353.09292999999997,930.4436
650.24011,-355.68637,939.43671
648.83032,-358.65738,949.0310099999999
647.80847,-361.02648999999997,957.7663
646.85162,-363.46765,967.34625
645.6863400000001,-365.01328,975.6626
644.34454,-366.45612,984.63354
643.37927,-366.91751,992.58301
642.8924,-367.76886,1000.6184699999999
642.30841,-368.09756,1008.37183
641.9981700000001,-368.20813,1013.85968
641.0224,-368.086,1018.3304400000001
640.91998,-368.12273999999996,1022.19708
640.91815,-368.56235,1025.39038
640.69104,-369.00919,1026.99683
640.90845,-369.22128,1028.57129
641.4592299999999,-369.48672,1029.05139
642.10168,-369.88284,1029.9646
642.7374900000001,-370.15466000000004,1029.64575
643.7171,-370.22806,1028.90405
644.4173599999999,-370.03836,1027.18811
646.05579,-370.08676,1025.5509
646.66827,-369.59631,1022.5700699999999
647.65271,-369.12234,1018.89679
649.12073,-368.74307000000005,1014.96875
649.87854,-367.77322000000004,1009.57202
651.03918,-367.40833,1003.50592
652.13666,-366.47641,996.1735199999999
653.01416,-366.14816,988.6434300000001
654.06543,-365.74033,979.7575099999999
655.31464,-365.19597999999996,970.7918699999999
655.31854,-365.60812000000004,961.0133699999999
655.76361,-366.03479,951.5482800000001
656.4918200000001,-367.13187,942.46417
656.7959599999999,-367.72757,933.6877400000001
657.21246,-368.70844,926.54358
658.22375,-369.52405,920.8122599999999
659.1365400000001,-370.55002,916.13739
659.93146,-370.89813,913.0753800000001
659.92792,-370.07982999999996,912.8806800000001
660.47095,-368.81171,914.7271699999999
660.3389900000001,-367.93643,919.73926
659.29529,-366.70081,926.1890300000001
658.23676,-365.91196,933.8797599999999
657.89594,-365.16199,942.56964
656.58618,-364.34305,951.28839
654.44965,-364.07349,960.2728300000001
653.4281599999999,-363.5835,969.112
652.5918,-363.34769,978.10278
651.10834,-363.41397,986.7860099999999
649.37555,-363.01312,994.01904
648.09009,-362.96268,1001.3756699999999
646.9540400000001,-362.66086,1007.448
645.48969,-362.504,1012.48279
644.06708,-362.22177,1016.40442
642.7966299999999,-362.23456,1019.5886199999999
641.42621,-362.45486,1021.84009
640.70636,-362.60104,1023.45209
639.7067900000001,-363.32211,1024.33826
638.33252,-363.66443,1024.1629599999999
637.9434200000001,-364.13901,1023.8432
637.71411,-365.29132000000004,1022.70636
637.3501,-366.22406,1020.60059
636.69849,-367.73734,1018.33929
636.12921,-369.14456,1014.9757699999999
635.99872,-370.43137,1010.1220699999999
635.7211900000001,-372.44247,1005.58331
635.93372,-374.15817000000004,1000.61511
635.58514,-376.04177999999996,994.29285
635.24347,-377.74672999999996,986.93353
635.54474,-378.64447,979.0809300000001
636.50586,-380.47946,970.7764300000001
636.61469,-381.74411000000003,962.0976
637.12402,-383.22604,952.90356
637.5921599999999,-384.29523,943.1270800000001
638.50293,-385.82571,933.8598599999999
638.1297599999999,-387.2543,926.27264
637.99835,-388.7298,921.11908
637.16187,-390.06998,919.5239300000001
635.2796599999999,-391.04708999999997,921.53394
632.1325099999999,-392.01532000000003,926.7565900000001
629.9281,-393.10385,934.0672
628.42902,-394.16324,942.90015
626.3853799999999,-396.36465,951.44653
624.49042,-397.80602999999996,959.94336
622.74255,-400.22083,967.36267
621.26129,-402.28503,974.8751199999999
620.41266,-404.2038,981.3992300000001
619.27527,-404.90549,987.3205
617.6433099999999,-405.52557,991.24817
616.47308,-405.8588,994.21051
614.9005099999999,-406.59695,996.2424900000001
614.9597200000001,-406.90607,996.6613199999999
617.10242,-408.35272000000003,997.50677
616.4599,-408.62341000000004,995.48541
616.7999900000001,-408.87625,993.37604
617.9292,-409.14563,990.77313
619.62335,-408.9892,987.60834
620.60217,-408.28101000000004,982.82794
622.75977,-407.60562000000004,978.5505400000001
625.7475599999999,-406.63556,973.8721300000001
628.57623,-404.97983,967.7691699999999
631.80469,-404.00412,961.88025
634.79272,-402.53607,954.86053
636.95569,-401.34476,947.1514900000001
639.58191,-401.11581,939.2789300000001
642.5883200000001,-401.72623,931.57495
643.8317900000001,-403.14828,924.1149300000001
644.83246,-404.8652,919.09186
645.8236099999999,-407.46013999999997,917.35565
646.09155,-409.31854,919.0120800000001
645.63428,-410.3266,923.1370800000001
644.9368900000001,-410.95624,930.45514
643.66394,-411.49817,938.90302
642.79724,-411.81392999999997,947.7199699999999
641.59705,-412.03476,956.5065300000001
639.72345,-411.88107,965.00635
637.9155900000001,-411.79224,973.1624800000001
636.39905,-411.07452,981.6522199999999
634.03131,-410.3472,988.7719099999999
631.81281,-409.5661,995.4074099999999
630.32727,-408.69281,1000.6425800000001
628.23627,-407.92935,1004.4448199999999
626.5058,-407.00088999999997,1007.4305400000001
625.48004,-406.5607,1009.18756
623.64185,-405.58435,1009.9187599999999
622.67377,-404.90407999999996,1010.15906
622.2041,-404.52512,1009.73535
622.16931,-404.61725,1009.00635
621.50067,-404.67194,1006.9518400000001
621.40656,-404.9368,1004.69531
621.77997,-405.34097,1002.39886
621.8974,-405.99953999999997,998.9775400000001
622.33667,-407.00085,994.91235
622.98145,-407.96542,991.0257
624.05786,-408.8111,986.0974699999999
623.9805299999999,-409.54025,980.12714
624.43372,-410.06931000000003,973.7836300000001
625.77979,-410.82394,966.53705
626.56097,-411.66553,959.1144400000001
628.20825,-412.72015,951.28943
629.37036,-413.46502999999996,941.81799
630.3250099999999,-414.42638999999997,932.97815
630.9528799999999,-415.86124,925.5491900000001
630.5831900000001,-416.57639,918.86273
630.25403,-418.33797999999996,915.29761
629.63013,-419.81005999999996,914.94342
626.77887,-420.15033,918.5197099999999
623.6872599999999,-420.53270999999995,924.87219
621.01062,-421.26055999999994,932.51801
618.4632,-421.37796,940.33295
616.4801,-421.936,948.88989
614.40302,-422.40097000000003,957.03259
613.3021200000001,-424.25974,965.9907199999999
611.52557,-425.83691,973.72644
610.5101900000001,-427.39165999999994,981.78815
608.99872,-429.00998,989.00714
607.95294,-430.7092,996.0690300000001
606.96429,-432.85500999999994,1001.74414
605.72717,-434.67227,1006.8122599999999
605.10681,-436.73959,1011.2655
603.8526,-437.84805,1014.5740400000001
603.95984,-439.23706,1017.3303199999999
603.4755200000001,-440.1394,1019.0237400000001
603.2525,-441.69957999999997,1019.9060099999999
603.13995,-442.01035,1020.11957
603.15094,-442.53833,1019.30225
603.8021200000001,-442.54877,1017.51135
604.5387599999999,-442.3139,1014.8938
605.7557400000001,-441.96472,1011.27045
605.77875,-441.02727999999996,1006.9408599999999
606.47003,-440.5007,1001.8778699999999
607.33154,-439.36349,996.2381
608.5219099999999,-438.293,989.53937
608.7923599999999,-436.94586,982.29022
610.72113,-435.35242,974.8158599999999
612.0614,-434.4472,966.8361199999999
613.65674,-432.71808,958.64734
614.36298,-431.62772,949.2153900000001
615.55402,-430.26974,939.83417
617.00586,-429.39719,931.16791
618.09869,-428.54193,922.25085
620.7438400000001,-428.43594,914.3264199999999
622.3642,-427.33572000000004,908.23511
624.31415,-427.09134000000006,905.4729
626.69598,-426.17978,904.78717
627.41534,-423.86169,908.2855800000001
628.02118,-421.97412,914.3300800000001
629.31775,-419.83133,921.8331900000001
630.0578,-417.67703,930.4328
631.45715,-415.44177,940.28076
631.96973,-413.72614,950.9710699999999
632.05609,-411.59235,961.9576400000001
632.03888,-409.58841,972.7030599999999
632.10461,-407.75513,983.79358
632.1369,-405.98642,994.46265
631.00714,-403.80002,1004.24548
631.10791,-402.13428,1013.46454
630.27026,-400.99677,1022.02087
629.68555,-398.96695,1030.17773
628.7438400000001,-397.77643,1037.7086199999999
627.69922,-396.46597,1043.68665
626.28973,-394.89352,1048.79114
625.51459,-394.16663,1053.63977
624.87482,-393.76889,1057.51196
624.43982,-393.21854,1060.48401
623.82397,-392.61444,1062.3226300000001
624.02417,-392.75458,1063.88904
623.9588,-392.52258,1064.26294
624.7027,-393.12845,1063.9917
625.86127,-393.32443,1063.39978
626.41382,-393.74091,1061.52905
628.21625,-394.76807,1059.03882
628.8861099999999,-395.42831,1055.62512
630.2941900000001,-396.25948999999997,1051.74841
631.1920200000001,-396.62296000000003,1046.74597
632.65546,-397.51196,1041.0960699999998
633.96185,-398.02292,1035.25195
634.3158,-399.06366,1027.67102
634.9328,-399.45687999999996,1019.95642
635.8075,-399.78824,1011.8516800000001
637.14557,-400.32291000000004,1003.1886
637.49292,-400.349,993.42645
639.25391,-400.91107,984.14935
639.88855,-400.64792,973.36279
640.46698,-400.54607999999996,962.21454
641.13098,-400.80991,951.80121
642.104,-400.81917999999996,940.7625099999999
642.26935,-400.51218,929.40216
643.06323,-400.31964,919.06506
642.80505,-400.13068,909.9182099999999
642.70642,-400.35605,901.4888300000001
642.89862,-400.26245,895.6903699999999
642.9384200000001,-399.61697000000004,893.28705
642.60004,-398.25186,895.1024199999999
640.96869,-397.43408,900.35364
640.25714,-396.41299,907.86395
641.2625099999999,-396.25928,917.7163099999999
642.07971,-396.39883,927.2687400000001
642.27197,-396.69183,935.6491699999999
644.96521,-398.12152000000003,944.5903900000001
647.42029,-399.09682999999995,953.1143199999999
649.95782,-399.97778,962.1460599999999
652.28925,-400.86139,971.1433099999999
653.5943599999999,-400.62637,979.90155
654.3156700000001,-399.5502,988.4436
654.21265,-398.07852,995.6441
652.97253,-396.07895,1003.0174
651.47064,-394.03345,1009.75739
648.31573,-391.53146,1014.94202
645.89465,-389.47362999999996,1019.75305
642.90814,-387.62592,1023.8104199999999
640.2000099999999,-385.82675,1026.67468
638.2973,-383.59872,1028.00427
638.32208,-382.70801,1029.52393
638.55182,-381.58344,1029.67029
639.10541,-381.68384,1028.8400900000001
640.62634,-382.87775,1027.66626
643.99377,-384.00436,1025.4963400000001
647.8717,-386.47253,1022.5701300000001
650.16119,-388.72699,1018.5260000000001
654.46008,-392.00777999999997,1013.84149
658.7637900000001,-395.77325,1008.2393199999999
662.78491,-399.37653,1002.16223
666.62872,-403.33612,995.4232199999999
670.9852900000001,-406.87357000000003,988.0261800000001
675.76495,-410.1041,980.02679
679.84381,-413.08234,971.54797
682.81561,-415.01013,961.2329699999999
687.88708,-416.202,951.9389
688.92603,-415.09644,939.96185
690.77051,-413.28802,928.65527
692.91974,-411.73537999999996,917.5418099999999
694.58978,-408.79645,906.9512300000001
696.2031900000001,-406.25473,896.3209800000001
697.9121700000001,-402.77557,888.53729
698.9418900000001,-398.50421,881.37952
699.08234,-393.34335,875.8090199999999
699.75262,-387.55962999999997,872.7018400000001
699.60608,-381.11636,872.37195
700.42767,-376.07602,875.80707
700.80688,-372.12155,881.67444
701.61499,-369.52805,890.27631
703.1394700000001,-367.78732,900.5662800000001
704.38995,-366.65682999999996,911.40955
705.38165,-365.85992000000005,922.0235
706.64484,-365.92764,932.65039
707.6456900000001,-365.63492,943.00165
710.1655900000001,-365.87198,953.2430400000001
711.74597,-365.01959,962.81512
712.49042,-364.45477,971.6506300000001
713.61584,-363.06671,979.77399
713.7622700000001,-362.15582,987.82062
714.75208,-360.09432999999996,994.83331
714.25403,-358.10348999999997,1001.76074
714.42908,-356.99942000000004,1007.7644
714.76288,-354.45687999999996,1013.66925
714.6463,-352.29193,1018.18225
714.37213,-350.90656,1022.2451800000001
714.36713,-348.52136,1025.49268
715.51593,-346.5155,1028.5451699999999
715.29773,-344.3342,1029.7794199999998
716.38586,-342.10345,1030.74158
717.92725,-340.38736,1030.93726
718.8570599999999,-338.67599,1030.74426
720.48938,-337.42278999999996,1029.0448
722.97845,-336.17087000000004,1026.9860800000001
724.93542,-334.33594,1024.06982
726.4193700000001,-333.28519,1019.87238
729.4293200000001,-332.72321,1015.7998699999999
730.6843299999999,-331.86945,1009.9835199999999
733.20862,-331.52441,1004.0788
734.9071,-331.27765,996.87451
737.53076,-330.98294,990.00671
740.18848,-330.31036,982.1209699999999
741.96667,-329.66193,973.20734
745.14838,-329.28549,964.8186
747.58014,-328.94714,955.07208
749.72595,-327.50037000000003,945.0061
753.10577,-325.87836,935.3587
756.6925,-324.52673,924.93781
758.71979,-323.03902999999997,915.3407
760.02472,-321.89456,906.67303
760.9356700000001,-320.65146,900.0523699999999
760.9717400000001,-318.56747,897.25781
759.39343,-317.43652000000003,898.9603300000001
756.9562400000001,-316.19821,905.67346
754.37585,-315.37039,914.88092
753.19238,-315.71622,925.0772699999999
751.7828400000001,-316.01532000000003,935.578
750.84808,-317.41693,945.67145
750.09485,-318.46448,954.85376
749.57074,-320.86978,963.72833
748.32825,-322.19366,971.8269
747.4223,-324.35458,980.12671
746.5280799999999,-326.64822000000004,987.6048
745.70612,-328.53348,993.84845
745.04333,-331.01971000000003,999.5087900000001
744.26849,-332.81982,1004.2619
743.75854,-334.95486,1008.07062
743.89136,-336.67056,1010.9248699999999
743.76776,-338.556,1013.1215199999999
745.0643299999999,-339.59247,1015.5397300000001
745.7948,-341.28792999999996,1016.81201
745.87756,-342.09418,1017.3526
746.0769700000001,-343.121,1017.19104
746.6319599999999,-344.13562,1016.8892199999999
746.71326,-344.77362,1015.3716400000001
746.73328,-345.46286000000003,1013.61273
746.6712,-345.55002,1010.9227900000001
746.88214,-346.24844,1006.9074699999999
747.33167,-346.74597,1002.60968
747.86591,-347.07457999999997,996.78168
748.35675,-347.24747,989.8717
749.26923,-346.84653,982.76276
751.0011,-347.75101,974.9554400000001
752.1084599999999,-347.78311,967.1239
752.74677,-348.54547,959.3822
753.3308099999999,-349.24152000000004,952.47321
753.49994,-349.63806,947.80573
753.1528900000001,-350.18273999999997,944.1392800000001
752.49286,-350.48425,942.95563
750.64099,-349.42123,943.54706
748.12646,-348.05408,946.43896
745.75623,-347.7233,951.4173599999999
742.32599,-346.03972999999996,956.98114
739.43555,-345.36682,964.43286
736.1487400000001,-344.18737999999996,971.94739
731.72992,-343.2803,979.36896
728.8770099999999,-342.80172999999996,986.84784
725.47644,-342.30782999999997,993.7515300000001
722.91479,-342.31677,999.99359
719.5719,-341.46378,1004.5577400000001
716.76666,-341.6055,1008.0155
715.60876,-341.3385,1010.6010699999999
713.43561,-341.293,1011.71625
712.4793099999999,-341.16681,1012.1940300000001
710.77136,-341.32833999999997,1010.7960800000001
709.71875,-341.75076,1009.3350199999999
709.44238,-341.88527999999997,1006.5612800000001
709.05872,-341.87344,1003.1863400000001
709.23737,-342.10077,999.2949199999999
708.8911099999999,-342.12415,994.90399
708.84052,-342.58328,989.9323099999999
708.73663,-342.80121,984.02936
708.1505099999999,-343.8685,977.8576
707.25549,-344.51456,970.35608
708.27264,-345.20074,963.1142
708.16125,-345.48828,954.64941
707.9245,-346.02661,945.86755
707.91962,-346.63482999999997,936.3562599999999
707.50513,-347.49115,926.45776
706.4245599999999,-348.23053,917.38306
705.48737,-349.20316,909.7204
705.58112,-350.92963,903.66022
706.0477900000001,-352.98312000000004,900.82825
705.75262,-355.69901,902.31201
704.8056,-358.21512,908.10681
703.31696,-360.51038,916.27673
701.66742,-362.43536,924.7423699999999
701.14337,-364.58432,933.2238199999999
700.1145,-366.58594,941.42065
700.29297,-369.25146,950.3900800000001
699.91138,-371.39972,958.4988400000001
699.95007,-373.94518999999997,966.65454
699.75323,-376.1557,974.75909
699.07373,-378.54996,981.95276
698.52185,-381.23367,989.63385
697.69958,-383.38211,996.0900300000001
696.62494,-385.82833999999997,1002.1931199999999
695.40002,-388.59677,1008.0321
694.83435,-391.23221,1013.1162099999999
692.7018400000001,-393.2327,1016.6600300000001
692.04211,-396.32986,1020.4558099999999
690.92767,-398.59915,1023.34009
689.88348,-401.76205,1024.91174
689.6582,-404.34052,1026.6012
688.51709,-407.0632,1026.85217
687.6048,-409.86237,1025.96729
687.23608,-412.62869,1024.99219
687.7475599999999,-415.33551,1023.0703699999999
687.7497599999999,-418.18847999999997,1020.43475
687.40387,-421.05661,1016.9943199999999
687.15894,-423.96967,1012.5640900000001
687.63818,-426.54265999999996,1007.83246
687.47021,-428.92467999999997,1001.6378800000001
687.28345,-431.56119,995.28442
687.48041,-433.87710999999996,987.96729
687.56592,-436.08655,980.43146
687.85852,-437.82895,971.9824199999999
687.1229900000001,-439.58495999999997,963.0907599999999
686.62,-441.16614000000004,954.25726
686.11951,-442.91663,945.16345
685.49487,-445.00089,936.2080699999999
684.46362,-446.78485,927.0800199999999
683.3276400000001,-447.9733,918.2924800000001
681.47852,-450.60355,911.3372199999999
679.26068,-453.29218,905.60785
676.62689,-455.87964000000005,901.7327300000001
,,
672.34302,-460.3551,900.1485
669.39801,-461.96078,902.1873800000001
667.4058200000001,-462.30875,905.28125
665.49493,-462.10305999999997,909.50494
663.4157700000001,-461.10483,914.98108
661.84204,-460.05545,920.84595
660.9592299999999,-459.66070999999994,927.5029900000001
658.92126,-458.84222,933.83429
658.16583,-458.61942,940.7547
656.2062400000001,-458.31670999999994,947.6748
655.06873,-458.05664,954.62054
653.7930299999999,-458.16919,962.0075099999999
652.44012,-458.20078,970.25323
651.49329,-458.45718,978.83984
649.93011,-458.12698,987.52313
649.78497,-459.13555999999994,996.7863800000001
648.4384200000001,-458.21805,1006.48865
646.98438,-458.85989000000006,1015.1593
647.39172,-458.26709000000005,1024.62158
646.10425,-456.43715999999995,1033.15833
645.5242900000001,-454.85195999999996,1041.39197
644.8584599999999,-452.69237999999996,1048.78931
644.3837900000001,-451.52297999999996,1055.26624
644.00793,-450.341,1061.28992
643.77386,-448.99539000000004,1066.16858
644.02576,-448.10125999999997,1070.1582
644.1019299999999,-447.72055,1073.6272
644.26935,-447.29004000000003,1076.00354
645.1286,-446.66687,1078.01025
645.5762900000001,-446.40787,1078.49121
646.3028,-445.93145999999996,1078.2976099999998
647.3362400000001,-444.65152,1077.24829
647.90955,-444.09262,1075.56641
648.48816,-443.29535,1073.20776
649.5941799999999,-442.12415,1069.10339
651.5127,-441.43948,1065.7835699999998
652.35321,-440.15564000000006,1060.41406
653.52692,-439.58603,1054.74915
655.21704,-439.10312000000005,1047.84827
657.28735,-438.44277999999997,1040.98108
658.95734,-438.01745999999997,1032.79895
661.49463,-437.99065999999993,1024.27747
663.1731599999999,-437.09082,1014.7855199999999
666.90692,-437.22722999999996,1005.68109
668.1942700000001,-436.32498,994.9433
670.32977,-435.65542999999997,984.20551
671.12903,-435.00119000000007,972.72968
672.69617,-434.58609,961.21765
674.77209,-434.22680999999994,949.7697099999999
677.89697,-433.64999000000006,938.7719099999999
679.81317,-432.14480999999995,928.20776
681.9527,-429.98650999999995,919.20929
684.00012,-428.52582,912.41406
686.1247599999999,-426.78310999999997,907.15875
688.30029,-425.14261,905.0899
690.07196,-423.75037000000003,905.43799
691.2325400000001,-422.64014000000003,906.9636800000001
692.26624,-422.50882,910.29395
693.63458,-422.94800000000004,913.8331300000001
694.6890900000001,-423.86562999999995,918.4423199999999
695.87793,-424.94,923.49615
696.6109,-426.1431,929.32568
698.6419099999999,-426.87112,935.75043
699.6652799999999,-427.21344000000005,942.67932
701.7418200000001,-427.77047999999996,950.1948199999999
702.90674,-427.78485,957.4309099999999
705.21277,-428.43872000000005,965.3875699999999
706.24835,-428.72153,972.65015
707.50354,-429.37329000000005,979.7356
708.72308,-429.68979,986.73682
710.5744,-430.27762,993.39209
711.68469,-430.69977,999.43225
713.56836,-431.44785,1005.7523800000001
713.9981700000001,-431.72574000000003,1011.01636
716.35681,-431.84305,1016.5808699999999
717.83105,-431.87579000000005,1020.6044300000001
719.63684,-431.8259,1024.4854699999999
720.84613,-431.59698,1027.24646
722.98602,-431.39835,1029.49719
724.6240799999999,-431.23917,1030.73596
727.53973,-431.34711,1031.86707
729.5371700000001,-431.29614000000004,1031.02856
732.69244,-431.12878,1030.0105
734.85974,-431.14737,1027.09509
738.15729,-431.12234000000007,1023.46704
741.5271,-431.38842999999997,1019.3139
744.94708,-430.69214000000005,1013.6397699999999
748.54547,-430.65502999999995,1007.57294
751.77875,-430.09302,1000.4953
755.17896,-429.82153,993.2366300000001
758.7289400000001,-429.49164,984.82135
761.3978900000001,-429.49979,975.4177199999999
764.7557400000001,-428.96057,965.22614
767.96527,-429.2796,954.9074099999999
771.19141,-429.87585,943.9718
774.15991,-430.8653,933.4848
776.7254,-432.59482,922.8792699999999
777.6596099999999,-433.58322000000004,913.61597
778.53949,-434.63530999999995,907.14728
779.63208,-434.56973,903.43115
780.88171,-433.60645,903.0874
781.25385,-432.23430999999994,906.47345
781.3407,-431.30197000000004,911.59064
782.96393,-431.56137,917.86969
783.8276400000001,-431.55844,925.16229
785.08032,-431.52429000000006,933.0094
786.81177,-432.45525999999995,941.1983
788.82324,-433.45389000000006,949.58386
790.20154,-434.1828,957.75226
792.32526,-435.10846,966.12329
794.87646,-435.85004000000004,974.93536
797.49286,-436.42287999999996,983.7022099999999
798.9646,-436.56310999999994,991.18292
801.8324,-436.83292,999.18158
803.51544,-436.79385,1005.9707
805.3299,-435.97159000000005,1012.75916
808.10339,-436.04625999999996,1019.41211
809.43542,-435.1377,1024.61841
810.88507,-434.06850999999995,1029.45667
813.3453400000001,-432.61807000000005,1034.1864
814.92535,-431.42258,1038.27295
816.27777,-430.25777999999997,1040.9856
817.58545,-429.45980999999995,1043.35657
819.68884,-428.45334,1045.34363
821.6134599999999,-427.80292000000003,1046.4834
822.64539,-427.51639000000006,1046.56494
824.5471200000001,-427.6904,1046.51746
826.8312400000001,-428.28506,1045.5811800000001
828.25269,-428.79803,1043.8527800000002
830.35828,-429.96713,1041.33875
832.90973,-430.9534,1038.21912
834.6068700000001,-432.18535999999995,1033.86145
836.66254,-433.58957000000004,1029.35449
838.69434,-434.79233,1024.0509
840.45105,-436.61383,1017.5576199999999
842.39221,-437.7742,1011.0658
844.8642,-438.94638,1004.05426
846.79071,-440.33398,996.1275
849.9793699999999,-441.59445,987.6356199999999
852.6387300000001,-443.12366,978.0197099999999
855.4451300000001,-444.12997,968.7380400000001
858.1030300000001,-444.95764,957.8715800000001
861.45374,-445.34238,947.0108
863.3790300000001,-445.7775,936.3814699999999
865.0581099999999,-446.1517,925.9552
867.0495,-447.03424,918.01965
868.0658,-447.84149,912.62531
868.90625,-448.29263,910.21558
868.92511,-448.21994000000007,912.8837900000001
868.02576,-447.85037,918.47125
867.0142199999999,-447.41354,925.8752400000001
866.68604,-446.99234,934.4608800000001
866.37817,-447.2496,943.36829
866.0144,-447.36569000000003,952.2655
865.0786099999999,-447.70126,961.16235
864.5495,-447.55945,970.0773300000001
864.03943,-446.98107999999996,979.3330699999999
863.77661,-446.68399000000005,988.6944
862.3118300000001,-445.4675,996.7769800000001
860.39673,-444.51592999999997,1004.39825
859.27435,-443.38885,1011.6242699999999
857.3529699999999,-442.23870999999997,1017.24396
854.97687,-441.34835999999996,1021.7423699999999
852.8331900000001,-439.84427,1025.84204
850.4353,-439.15781,1028.78918
848.71625,-438.98610999999994,1031.30078
847.24097,-439.13245,1033.3106699999998
846.08234,-439.48807,1034.92822
844.04291,-439.65744000000007,1035.5289300000002
842.80017,-440.23935,1035.83459
841.71405,-441.76404,1035.41321
840.4899300000001,-442.64795,1034.79626
839.5285,-443.79987,1033.49438
837.49036,-444.26682,1030.66064
836.12555,-445.18740999999994,1027.7120400000001
834.99542,-446.207,1024.0175800000002
833.7488400000001,-447.41528,1019.6557
831.74084,-448.17044000000004,1014.3262900000001
830.32294,-448.75632,1008.0631699999999
829.50262,-449.21844000000004,1001.2000099999999
828.38593,-450.06479,994.03809
827.6637599999999,-450.91998,985.6189
827.31458,-451.45062,977.02704
827.00732,-451.96332,968.0468099999999
826.78113,-452.58517,958.4824199999999
826.79224,-453.28567999999996,948.97192
826.01605,-452.99167,939.3729199999999
825.69012,-453.48212,930.4820599999999
824.44922,-453.52752999999996,922.93024
823.2229,-453.63812,917.46338
822.45477,-454.66663,916.5803199999999
819.70654,-455.33725,919.44879
817.41858,-455.6282,925.8322800000001
814.67426,-455.8078,933.0116
813.47144,-456.60938,941.7502400000001
811.0747700000001,-457.16559000000007,949.7456699999999
810.4793099999999,-458.53839000000005,958.4843800000001
809.42657,-460.02704000000006,966.55286
808.36725,-461.21744,974.80157
808.37097,-462.69104000000004,982.9324300000001
807.93768,-463.81042,990.78906
807.2633099999999,-465.47208,998.0451
806.51361,-466.35214,1004.70526
805.28339,-467.52859000000007,1010.9553199999999
803.46649,-468.03943,1016.33209
802.43683,-469.0368,1021.2406
801.96173,-469.01552999999996,1025.89526
801.5946,-469.16351,1029.73438
800.4621599999999,-468.74402000000003,1032.75891
799.44232,-468.60699000000005,1035.20349
800.1317700000001,-468.20709000000005,1037.3527800000002
799.97412,-467.93255999999997,1037.9187
800.24274,-467.31815,1038.17126
800.2677,-466.40582,1037.15479
800.7874099999999,-466.08072000000004,1035.66724
801.29315,-465.62589,1033.13281
801.72186,-464.88651,1029.64282
802.23987,-464.30814000000004,1025.2567099999999
802.77679,-463.87619000000007,1019.7643400000001
803.4014900000001,-463.10495,1014.22412
804.52997,-462.87158,1007.69855
805.11761,-462.74802,1000.3692599999999
806.2027,-462.12839,992.28351
807.00177,-462.06075999999996,983.61548
807.84161,-461.9166,974.49744
808.5342400000001,-461.57285,964.4475699999999
809.97601,-461.50946,954.7166699999999
810.58185,-461.435,944.4894400000001
811.7417,-461.19073,934.55005
812.55701,-461.28079,926.34106
812.4681400000001,-460.806,919.43884
812.72516,-460.26273,915.03864
812.9166299999999,-459.60837000000004,912.24585
813.21234,-458.02383,912.6419699999999
813.0155,-457.15567000000004,915.72266
812.85095,-456.20474,920.5296599999999
812.41156,-455.17712,927.1897
812.4776,-454.72128,934.8847699999999
812.13037,-453.9534,943.1535
812.17993,-453.51529000000005,951.88855
812.0189799999999,-453.57196,960.6628400000001
811.91211,-453.3446,969.3987400000001
811.9066799999999,-452.5766,977.90814
811.52252,-451.84198,986.32935
811.40918,-451.30411,994.052
811.45538,-450.25586,1000.44196
810.3396,-449.43582000000004,1006.2570800000001
809.87512,-448.27139000000005,1011.1976900000001
809.73358,-447.60797,1015.32465
809.83276,-447.20724,1018.4097300000001
810.19708,-446.70095999999995,1021.15265
811.04126,-446.39334,1023.41803
810.60358,-445.89169000000004,1024.4259
811.7622700000001,-445.71826,1025.5523699999999
811.53491,-445.37130999999994,1025.8173800000002
811.61572,-444.4895,1024.8754900000001
811.51788,-444.04562000000004,1024.39124
811.7251,-443.74136,1022.02026
812.89832,-444.16742,1020.7003800000001
812.30664,-443.44424000000004,1016.60699
812.9281599999999,-443.83755,1013.3253199999999
812.45435,-443.83511,1008.15155
813.0559099999999,-444.10117,1003.09729
813.11328,-444.1683,996.9025300000001
813.4368900000001,-444.52615,990.2620199999999
813.91016,-444.49451,982.4731400000001
815.26361,-445.15912000000003,974.44574
815.5274,-445.44354000000004,965.6148099999999
815.81268,-446.23467999999997,956.4749099999999
816.27734,-446.48328,946.09058
817.203,-447.79085999999995,936.06531
818.98016,-449.40628,926.1809699999999
819.12006,-450.01724,917.30988
820.77252,-451.38937000000004,911.47815
821.87134,-453.47787,908.45294
821.3584599999999,-454.43951,909.4119300000001
820.80292,-455.29037,914.75409
818.69598,-455.00278,921.5224599999999
817.73352,-455.04245,929.5056800000001
816.97021,-455.37372,938.00366
816.216,-455.8942,947.0804400000001
815.5537099999999,-456.24139,956.6583300000001
814.63904,-456.79391,965.5786099999999
813.9137599999999,-456.97894,974.7764300000001
813.1243900000001,-457.6842,984.06665
812.5455900000001,-458.11597,992.65515
812.03851,-458.71225,1000.7946800000001
811.00079,-459.15414000000004,1008.11731
809.9397,-459.8981,1014.4481199999999
808.94958,-460.16805999999997,1020.68146
808.34088,-460.91687,1025.93066
807.5991799999999,-461.83624000000003,1030.31091
807.5430299999999,-462.15585,1034.34644
806.96173,-463.32159,1037.25464
807.01709,-464.13210999999995,1039.66956
807.4585599999999,-465.26055999999994,1041.53503
807.37213,-466.3078,1042.54968
807.11658,-466.71417,1042.93188
806.88824,-467.40399,1042.50964
806.72644,-468.32648,1041.15686
807.31836,-468.83907999999997,1039.37805
807.65405,-469.91379000000006,1036.8659699999998
807.71655,-469.96765,1033.0824
807.36792,-470.84545999999995,1028.63416
807.5531599999999,-471.51345999999995,1023.29974
808.03931,-472.49495999999994,1017.3200699999999
808.1920200000001,-473.45444000000003,1010.51666
808.0780599999999,-474.08099000000004,1002.8922699999999
808.16315,-474.7767,995.0769
808.4782700000001,-475.67642,986.37469
809.11127,-477.00167999999996,977.07428
808.81244,-477.87127999999996,967.02808
808.99744,-478.69586,957.09979
809.93372,-480.21173,947.56799
809.56445,-481.19003,937.2017800000001
809.17761,-482.60373,928.0007300000001
808.5122700000001,-483.21103,919.6602800000001
808.00482,-484.18915,913.4091199999999
807.0127,-484.65781,908.99854
806.5961900000001,-485.16559000000007,907.63599
805.31714,-484.93552,910.64764
804.16711,-484.34637000000004,915.64771
803.68365,-484.56912,923.13727
801.9483,-484.29175,930.57159
800.67963,-484.53042999999997,939.4227300000001
800.01703,-485.0943,948.7352900000001
797.74023,-485.30672999999996,958.53656
796.71014,-486.40897,968.3699300000001
795.52112,-486.90152,977.8725
794.4494,-487.50504000000006,987.5731800000001
793.74768,-488.0462,996.7719099999999
792.52625,-488.51282000000003,1005.7208300000001
791.73877,-488.49329000000006,1013.1112699999999
790.99506,-488.29404000000005,1020.5681800000001
789.02161,-487.78275,1026.52405
788.61633,-487.38037,1031.5374800000002
788.0835,-487.08234000000004,1035.98022
787.59668,-486.40865999999994,1040.03772
786.86292,-485.9501,1042.63135
786.03192,-485.93097,1044.91675
784.53589,-485.75412,1045.72449
784.336,-485.58401,1046.44568
783.56879,-485.85815,1046.5991199999999
782.5969200000001,-485.32813,1046.09485
781.4361,-485.0824,1045.3220199999998
780.7179,-484.72983,1043.46021
779.62128,-484.84082,1041.22253
778.03552,-484.58429,1038.18005
777.5575,-484.73187,1035.21851
776.3630400000001,-484.33980999999994,1030.60925
774.83771,-484.09047999999996,1025.61621
774.4411,-484.00589,1020.20428
773.5067700000001,-483.89935,1013.63684
772.13922,-483.79107999999997,1006.6994599999999
771.1908599999999,-483.71747,998.68292
771.01422,-484.26697,990.0809300000001
770.33942,-484.48877000000005,981.0440699999999
770.1167,-484.89297,971.45355
769.80505,-485.16705,961.10272
769.83429,-485.61731,950.07025
771.08734,-486.38263,939.64465
771.09973,-486.94659,929.7612300000001
771.19812,-487.93850999999995,921.28705
770.66589,-488.68847999999997,915.23541
769.72772,-489.73776,912.4501300000001
768.19373,-490.67389000000003,914.7697800000001
765.81415,-490.09775,920.30646
763.35608,-490.1412,927.4268199999999
762.4892,-490.44696,934.46057
761.77911,-490.58609,942.12946
759.6343400000001,-490.75937000000005,950.04572
759.10156,-491.36565999999993,958.9133300000001
758.52893,-492.25280999999995,967.54431
758.19824,-492.32889000000006,976.40942
757.6118799999999,-493.07907,985.28394
756.81488,-493.24120999999997,993.23279
756.92242,-493.31543,1001.0799599999999
756.7737400000001,-494.05771,1008.65887
756.35999,-494.27227999999997,1015.04657
755.45056,-494.39529000000005,1020.95166
755.00482,-494.87912,1026.172
754.25635,-495.14948,1031.31091
753.2293099999999,-495.57672,1035.36536
752.30426,-496.06067,1039.05408
751.44604,-496.61124,1042.04102
750.2030599999999,-497.1973,1044.3512
748.78662,-497.53345,1046.02026
748.03955,-497.98935,1047.34521
746.47345,-498.17801,1047.69189
744.98279,-498.33205999999996,1047.42969
744.13776,-498.60885999999994,1046.7835699999998
743.0733,-499.14172,1045.50024
741.09845,-499.16430999999994,1042.84949
740.18518,-499.76331,1039.60059
739.43402,-500.18197999999995,1035.94006
738.24786,-500.68737999999996,1031.13013
737.29858,-501.44424000000004,1025.76782
736.73792,-502.46307,1019.63361
735.83112,-503.49755999999996,1012.8819599999999
735.03088,-504.36745999999994,1005.03674
734.75226,-505.51852,997.28522
733.97461,-506.55203,988.20959
733.6968400000001,-507.76859,978.7678800000001
732.55249,-509.08865,968.3471699999999
733.1452,-510.50613,958.56342
733.4807099999999,-511.49325999999996,948.27448
732.93445,-512.46802,938.44934
732.43835,-513.4657599999999,930.1214
731.93121,-514.31616,923.98187
731.37427,-515.0379,920.93292
730.96051,-515.32593,920.98553
729.37988,-515.3881200000001,923.52728
728.4909700000001,-515.34607,927.8927
727.43719,-515.5750099999999,934.0106199999999
726.34119,-515.54602,940.51801
724.81256,-515.79852,947.9577
723.52039,-516.81201,955.45374
722.32098,-516.64026,962.9409199999999
720.6365400000001,-516.7254,970.315
719.21722,-517.36713,978.10193
717.9005099999999,-517.0849599999999,985.0441900000001
716.8378299999999,-517.37238,992.2774
715.82367,-517.06458,998.20966
714.20105,-517.0268599999999,1003.2570800000001
713.5575,-517.3065799999999,1007.59967
712.8118900000001,-517.52142,1011.5568800000001
712.70984,-517.97357,1014.46155
712.56854,-518.05481,1016.1076699999999
712.17285,-518.37262,1017.29669
711.93665,-518.7185099999999,1017.25818
712.04962,-519.1181,1016.43799
711.5423,-519.46521,1014.40314
711.61041,-520.1283,1011.85864
711.28448,-520.70233,1008.93298
710.92249,-521.56183,1005.5790400000001
710.8469200000001,-522.02039,1001.0120199999999
710.48859,-522.6500900000001,996.2366300000001
709.66235,-523.27545,990.6597300000001
709.5187400000001,-524.02704,984.62335
709.2679400000001,-525.16656,977.6773099999999
708.89319,-525.8729900000001,970.79486
708.63306,-526.81915,963.0750099999999
707.84222,-527.94696,955.02856
707.24744,-528.74951,947.43439
706.84149,-529.81934,939.31671
705.50171,-530.61218,930.98175
705.31378,-531.59454,924.31146
704.76465,-532.1474,918.8829300000001
704.60077,-532.6682099999999,915.50317
703.9903,-532.69098,914.13464
702.5155599999999,-532.1895099999999,916.09985
701.5365,-531.52045,920.4716199999999
700.3704799999999,-530.60779,925.8422199999999
699.89526,-529.75598,931.3240400000001
699.7593400000001,-529.3418,937.5423
699.3972200000001,-528.65814,942.86279
699.7652,-528.44714,948.0211800000001
700.44824,-528.39813,952.1102300000001
701.31024,-529.24432,955.4476900000001
,,
704.51837,-527.3313,963.4202300000001
704.38745,-527.32959,965.21381
702.08905,-527.5813,966.3621800000001
702.01624,-527.5741,968.28656
702.18903,-527.2514,969.0504199999999
702.03497,-527.61426,969.5491300000001
701.66998,-527.71942,970.0627400000001
701.66998,-527.71942,970.0627400000001
701.1109,-527.66833,970.45251
700.02875,-528.39758,968.82166
700.4956099999999,-528.6048,967.72052
698.9739999999999,-529.05243,966.23364
697.90704,-529.2207599999999,964.4826699999999
697.4279799999999,-529.55975,962.1163300000001
696.7803299999999,-530.11084,959.22198
696.17249,-530.4816900000001,956.35651
695.1664400000001,-530.83795,952.65344
694.19843,-531.19037,948.79071
