X5,Y5,Z5
804.2856400000001,-272.78156,1419.70105
800.6256099999999,-268.98596000000003,1420.01843
799.76599,-266.84521,1420.03918
798.23273,-264.57349,1420.00342
796.47156,-262.60544,1419.8894
795.20325,-260.59781,1420.0249
793.60315,-258.22592000000003,1420.10156
791.87488,-255.5092,1420.3833
790.7412099999999,-253.27254,1420.54016
789.07532,-251.30319,1420.72595
787.414,-248.50856000000002,1420.9465300000002
786.38098,-245.83567999999997,1421.2763699999998
784.763,-243.58211,1421.76709
783.2467,-241.2464,1422.25281
781.02911,-238.61646000000002,1422.81567
779.6956799999999,-236.32342999999997,1423.30518
777.55475,-234.54459,1423.95532
776.02203,-231.74866,1424.71741
773.60077,-229.48889,1425.4520300000001
771.3659700000001,-227.86397000000002,1426.25403
769.81061,-226.12296,1427.26404
767.2843,-224.13135,1428.39746
765.44318,-222.24053999999998,1429.59924
763.53143,-220.46782000000002,1430.92102
761.26782,-218.93546,1431.94812
759.93201,-216.81482999999997,1433.2821
758.0083599999999,-215.76288,1434.5374800000002
755.81262,-213.98019,1435.7625699999999
753.6145,-212.45314,1436.9906
751.79333,-210.85301,1437.94983
749.65265,-209.19531,1439.57178
747.6933,-207.63753,1440.8845199999998
745.39801,-206.23154,1441.9699699999999
743.5718400000001,-204.62892,1442.86121
741.75458,-203.19473,1444.11633
740.3489400000001,-202.0472,1445.2951699999999
738.10492,-200.59731000000002,1446.06714
737.51825,-199.00038,1446.64343
735.6091299999999,-197.75194,1447.37085
733.95215,-196.31178,1448.29749
732.90729,-194.80321999999998,1448.73071
731.3786,-193.32799,1449.2708699999998
729.94019,-192.03885,1449.92896
728.95447,-191.31018,1450.63013
727.5946700000001,-190.29134,1451.22192
725.82898,-188.9214,1451.67029
724.37036,-187.85645,1452.30859
723.6145,-187.37698,1452.79907
722.33258,-186.31525,1453.54114
721.29523,-185.64157,1453.9710699999998
720.23657,-184.40015,1454.66504
719.09204,-183.81107,1455.90759
718.26801,-183.15747,1456.15454
717.40704,-182.7003,1456.65051
716.4209,-181.72368,1457.25037
715.61237,-181.20074,1457.34082
714.66492,-180.54933,1457.8313
713.83588,-180.24167,1458.12878
713.13666,-179.27338,1458.96631
712.75305,-179.11125,1459.35132
711.91888,-178.83958,1459.78528
711.32483,-178.58917,1459.94714
710.54047,-178.58035,1460.26624
709.34204,-177.94363,1460.2800300000001
708.6159700000001,-178.01526,1460.71619
707.99194,-178.11945,1460.81506
707.52197,-178.38841000000002,1460.87024
706.86951,-178.40811000000002,1461.10852
705.88025,-178.493,1460.93762
705.18817,-178.98531,1461.2210699999998
704.8226900000001,-179.29575,1461.02368
704.7468299999999,-179.38124,1460.86169
704.19635,-180.1095,1460.8291
703.93958,-180.59226999999998,1460.85925
703.86755,-180.97541999999999,1460.92749
704.3374,-181.90918,1460.5203900000001
704.8292799999999,-182.20498999999998,1460.61523
704.3241,-183.12003,1460.59631
704.21509,-183.8528,1460.22754
704.68512,-184.23407,1459.93726
704.75671,-185.07181,1459.67468
704.87213,-185.75481000000002,1459.59961
705.50641,-186.82211,1458.88745
705.42615,-187.68497,1458.88196
705.50995,-189.11943,1458.60571
705.92053,-189.83455,1458.43591
706.1884200000001,-191.35933,1458.04846
706.51044,-192.57744,1457.28552
706.94775,-194.28047,1457.0792199999999
707.40027,-195.10765,1456.70532
707.5414400000001,-196.51221999999999,1455.84839
708.81873,-198.39996000000002,1455.95374
708.3200099999999,-199.91451,1455.1539300000002
709.1610099999999,-201.91901000000001,1454.60718
709.95465,-203.14627,1453.8385
710.7846099999999,-205.47215,1453.28845
710.88062,-207.14528,1452.89185
711.56232,-208.48926,1452.22351
712.3507099999999,-210.39527999999999,1451.50452
713.64288,-212.60893,1450.88611
714.1557,-214.20817999999997,1450.26831
715.48065,-215.99274,1449.61255
716.685,-217.95779,1449.36194
718.02716,-219.83716,1448.58496
718.25067,-222.03951,1448.10254
719.68781,-223.54445,1447.42053
720.66132,-226.08232,1446.71838
721.41626,-227.8674,1445.9478800000002
723.03333,-230.29474,1445.15796
724.20673,-232.62707999999998,1444.48376
725.5306400000001,-234.81985,1443.42139
725.88599,-237.06687999999997,1442.53418
727.47839,-238.94113,1441.34778
728.91791,-241.22679,1440.95459
730.07892,-243.85152999999997,1439.9198
731.1908,-246.26247,1439.13525
731.76996,-248.89272000000003,1438.67932
734.06427,-251.40935,1438.29773
735.06714,-253.2431,1437.49438
736.20898,-255.85637999999997,1437.02344
737.12689,-258.41632000000004,1436.79822
738.35797,-260.69097999999997,1436.55933
739.4903,-263.41046,1436.46533
740.23328,-265.85516,1436.276
741.62396,-268.60967999999997,1436.46887
742.35132,-271.14023,1436.45374
743.3252,-273.63974,1436.3161599999999
744.10791,-276.29947000000004,1436.38062
744.53497,-278.81442000000004,1436.4646
746.50739,-281.37023999999997,1436.47205
746.90875,-283.9603,1436.5949699999999
748.5880099999999,-286.06326,1436.34656
748.81744,-288.93118,1436.01074
750.5090299999999,-290.85541,1435.4895
751.82117,-293.80852999999996,1434.9057599999999
752.841,-295.75894,1434.21887
754.18286,-298.59653,1433.38306
755.2567700000001,-301.16455,1432.43921
756.16187,-303.86084,1430.98645
758.10028,-306.29855,1429.6213400000001
758.95148,-308.1611,1427.99023
759.94922,-311.49799,1426.02856
761.4456799999999,-313.69006,1423.9561800000001
762.44995,-315.90527000000003,1421.92456
763.8252,-318.51639,1419.7296099999999
765.5222200000001,-320.81692999999996,1418.1167
766.69592,-323.23837000000003,1416.71619
768.66351,-325.92047,1415.8298300000001
769.74115,-328.38419,1415.20154
770.99078,-330.54532,1414.79834
771.4599599999999,-332.72867,1415.0083
771.99518,-334.71497,1415.92053
773.05536,-336.35211,1416.93506
773.4746700000001,-338.76721000000003,1417.98584
773.55872,-340.47595,1419.6201199999998
774.82281,-341.78369,1421.25305
775.5356400000001,-343.47095,1423.06567
775.2085599999999,-345.72137000000004,1424.54199
775.55823,-346.90717,1426.3573
776.63428,-348.41479,1428.39697
776.7511,-349.74438,1429.74915
777.36237,-351.16891,1431.56079
778.0783700000001,-352.29541,1432.97632
778.06464,-353.71573,1434.28162
779.13885,-354.89423,1435.974
778.9952400000001,-356.45004,1436.68958
780.1408700000001,-357.62405,1437.7050800000002
780.39532,-358.7641,1438.599
780.87695,-359.4245,1438.94556
781.8269,-360.51389,1438.77515
782.19714,-361.40436,1439.04663
783.62579,-362.45917000000003,1438.5294199999998
784.57642,-362.80002,1438.31799
785.55768,-363.52695,1437.92029
785.63293,-364.58542,1436.89148
786.77991,-365.62466,1436.11499
786.94098,-366.20282000000003,1435.34949
787.32483,-367.21539,1434.93445
788.2856400000001,-368.27783,1434.25513
788.03619,-368.77072000000004,1433.33557
788.48499,-369.52551,1432.71704
788.0869799999999,-370.72592000000003,1432.14221
788.65479,-371.53439,1431.8618199999999
789.1553299999999,-372.02841,1431.93896
789.20398,-372.92841,1432.01306
788.69995,-373.50247,1432.04675
789.07526,-374.05487,1432.05542
789.6965299999999,-374.66516,1432.50061
790.34302,-375.29865,1433.05127
790.09973,-376.06525,1433.75061
791.03229,-376.45662999999996,1434.28711
791.59729,-376.97433,1434.81995
792.01855,-376.95453,1435.3717
792.52856,-377.17401,1435.9542199999999
793.33185,-377.47668,1436.29956
794.21222,-377.7291,1436.32056
795.04706,-378.10699,1436.38806
795.55957,-378.66832999999997,1435.8370400000001
796.67053,-378.45029,1435.25574
797.7226,-379.13861,1434.2645300000001
798.40015,-379.82687000000004,1433.27844
799.73499,-379.79315,1432.30017
800.6586900000001,-380.83203,1431.06116
801.71161,-380.74847,1429.79419
803.38385,-380.74292,1428.5592
803.91931,-381.33701,1427.12854
805.45892,-381.58536000000004,1426.45776
806.32013,-381.59225,1425.2675800000002
807.54291,-381.73425,1424.55505
808.18066,-381.93832000000003,1423.776
808.4981700000001,-382.01025,1423.46265
810.1001,-382.17654,1423.13611
810.9818700000001,-382.25638,1422.79297
810.98956,-382.61136,1422.90149
811.8893400000001,-382.59378,1423.20178
812.53723,-382.34972999999997,1424.2832
813.52368,-382.58673,1424.6991
813.8797,-382.81079,1425.4650900000001
814.4343299999999,-382.34467,1426.86511
815.0288099999999,-382.0029,1427.69897
815.6367799999999,-381.60321,1429.33081
815.84613,-381.56021,1430.89417
816.5979,-380.88181000000003,1432.49695
817.08276,-381.08276,1433.60059
818.04187,-380.63855,1435.07776
818.0686599999999,-380.22885,1436.9963400000001
818.82898,-380.16967999999997,1437.75085
819.71277,-379.21286000000003,1439.11633
820.17041,-378.8461,1440.0076900000001
820.56012,-378.63025,1440.73352
821.4789400000001,-378.10046,1441.45996
822.0804400000001,-377.11465,1441.90466
822.64551,-376.64935,1441.84131
823.19244,-376.29343,1441.54419
824.12811,-375.53711,1440.9563
824.66687,-374.37985,1439.65173
825.0332599999999,-373.57431,1438.59485
826.25739,-372.76447,1436.29651
827.09106,-371.2731,1434.47803
827.5097,-370.62695,1431.27954
828.3783,-369.68036,1427.6663800000001
829.10089,-368.8606,1423.56226
830.20026,-368.52963,1418.74988
830.08374,-368.1261,1413.64563
830.80261,-367.92151,1407.84814
831.6319,-368.15842000000004,1402.08105
831.81885,-367.81165,1396.19141
832.1628400000001,-367.18289,1390.0678699999999
832.54395,-366.92139,1384.4718
831.99493,-366.20911,1378.93713
832.29773,-365.9729,1373.84656
832.25372,-365.86734,1370.10889
832.17413,-365.79177999999996,1366.8016400000001
831.92322,-365.65463,1364.52368
831.70477,-365.52338,1363.58398
831.16034,-365.16837000000004,1363.9483599999999
830.75708,-364.5737,1365.47424
830.08905,-364.15945,1368.46985
829.61261,-364.33151000000004,1372.3460699999998
828.435,-363.63751,1377.80542
827.40228,-363.81082000000004,1383.76196
826.95917,-363.77237,1391.0648199999998
825.97699,-364.13974,1399.1726099999998
825.2323,-363.93631,1407.5918
824.9243799999999,-363.85287,1417.10657
824.25793,-363.64328,1426.33252
822.6944,-362.96628,1436.06458
821.93854,-362.85706,1445.6273199999998
821.00732,-362.59888,1455.1500199999998
820.19617,-362.21585,1464.00757
819.20978,-361.63461,1473.10022
818.96661,-360.87268,1481.3833
818.18115,-360.2067,1488.64075
818.30261,-359.30402000000004,1495.0883800000001
818.26184,-359.0621,1500.49963
818.00897,-358.51431,1505.30359
818.19275,-358.439,1508.4506800000001
818.36499,-358.40939,1510.99744
819.09698,-358.11199999999997,1512.49988
819.67255,-358.2305,1513.1743199999999
820.08405,-357.86014,1513.18652
821.07336,-357.51105,1512.2645300000001
822.06512,-357.34009,1510.979
822.8255,-357.24402000000003,1508.71533
823.75256,-357.13199,1505.9122300000001
824.0862400000001,-356.86737,1502.33508
824.99933,-356.72992,1498.11804
826.61194,-355.82037,1493.64197
827.30383,-355.47213999999997,1488.47205
828.15747,-355.15227999999996,1482.35889
828.65985,-354.77539,1475.7504900000001
829.07422,-353.72232,1468.4411599999999
829.81354,-352.99612,1460.54663
829.72107,-352.16458,1451.96045
830.60175,-351.2204,1443.0366199999999
831.26532,-350.30838,1434.00879
831.64563,-349.7569,1424.7752699999999
831.6190799999999,-349.6662,1415.66406
831.9506200000001,-349.85977,1407.26953
832.9689900000001,-350.40213,1400.53235
833.82867,-350.58038,1394.9646
834.58374,-350.36432,1391.86365
835.2199099999999,-349.82108,1391.26819
835.96893,-350.06354,1392.65527
836.8335,-349.90792999999996,1396.6870099999999
837.56982,-350.11301000000003,1402.03833
837.8728,-349.9866,1408.13562
838.71033,-350.20935,1415.78699
839.93158,-350.46857,1423.78552
840.55298,-350.4209,1432.22607
841.8862300000001,-350.13345,1440.07813
842.9317599999999,-349.86057,1447.63977
843.84052,-349.00241,1454.1970199999998
844.93707,-348.07996,1459.79224
845.2923,-347.23642,1464.46057
845.88593,-346.4169,1467.72791
845.4437300000001,-346.0173,1469.99414
844.8783,-345.79819,1471.15015
843.61969,-346.34402,1471.48071
841.4376199999999,-346.53922,1471.38428
839.90527,-347.07922,1470.7663599999998
837.24933,-347.73572,1469.61768
836.12091,-347.49841000000004,1468.2319300000001
834.03088,-347.43289,1466.77844
832.5813,-347.12991,1465.38025
830.8681,-346.46912000000003,1463.18848
829.01245,-345.70309,1460.5282
826.66339,-345.23318,1457.521
824.6315900000001,-344.37131,1453.55054
822.62805,-343.84808,1448.8148199999998
819.72821,-343.67389,1443.76563
816.86914,-343.04935,1437.9657
813.80945,-343.04323999999997,1432.4675300000001
810.5615799999999,-343.86215,1426.6525900000001
807.83972,-344.39127,1421.47717
806.10577,-345.586,1416.86206
806.04382,-346.04382000000004,1414.08447
805.72473,-346.49347,1413.49268
807.07117,-347.08664,1414.22705
808.44495,-347.21506,1416.93823
809.58398,-348.21948,1420.5461400000002
811.1106,-348.50171,1424.68726
812.63086,-348.83008,1429.49719
814.6315900000001,-349.19299,1434.15222
816.53973,-349.12927,1438.6781
818.52271,-347.94754,1442.62402
820.03955,-347.30492999999996,1445.7631800000001
822.79657,-346.14926,1448.13159
824.84448,-344.97354,1449.1217
826.1546,-344.25302,1448.51794
827.31799,-343.68555,1447.6911599999999
827.98914,-344.07372999999995,1445.6936
827.3186,-344.9061,1443.5131800000001
826.45325,-345.91531000000003,1440.96802
824.66638,-346.92734,1437.96619
823.25415,-347.85229,1434.65125
822.15802,-348.38376,1431.62024
821.40631,-348.98059,1428.61743
820.68903,-348.83951,1425.03784
819.5469400000001,-348.46411,1420.5564
819.63263,-348.26004,1415.47217
819.5147099999999,-348.11124,1409.6344
819.22675,-347.92322,1403.0379599999999
819.0627400000001,-347.85361,1395.8034699999998
818.96185,-348.03763,1388.53931
818.7434099999999,-348.56557999999995,1381.5067099999999
819.0249,-349.22852,1375.24707
818.61359,-350.72095,1369.6413599999998
819.79706,-351.53305,1366.02808
822.2894299999999,-351.93698,1364.66956
824.47925,-352.20407,1365.56213
827.00397,-352.10602,1368.32947
829.70172,-351.32037,1372.58215
832.88068,-351.31973,1378.31726
835.53918,-351.13675,1385.5180699999999
837.8316,-350.75851,1394.29736
840.4834599999999,-349.89404,1402.83398
843.7003199999999,-349.36935,1413.0629900000001
846.0427199999999,-348.69897000000003,1423.0072
847.82428,-347.23712,1432.84448
850.46265,-345.86652000000004,1442.41382
852.04071,-344.00021,1450.84888
854.50598,-342.36505,1458.46191
856.80212,-340.77252000000004,1465.6190199999999
858.1234099999999,-338.91733,1470.92761
859.46271,-337.77042,1475.01331
860.32611,-336.21707000000004,1478.00354
860.62671,-336.40625,1479.7603800000002
860.7506099999999,-336.63653999999997,1480.60962
861.05719,-336.85931,1480.60156
860.5156900000001,-337.80969,1479.84692
860.0155,-338.32877,1478.03455
859.84424,-338.27371,1476.3573
859.88684,-338.37344,1474.41504
859.82056,-338.50079,1471.41211
860.0936300000001,-338.03033,1468.15112
860.62317,-337.34787,1464.72693
860.92841,-337.27603,1460.19604
860.71973,-336.84967,1454.59302
860.79803,-336.68756,1448.40601
861.8137800000001,-336.40744,1441.66956
861.80786,-336.18127000000004,1434.14746
861.47791,-336.29971,1425.35999
861.8200699999999,-335.66284,1416.13391
861.6167,-335.85965,1406.02161
861.77802,-337.00101,1395.7288800000001
861.0827,-337.71896,1385.1554
861.0839199999999,-339.30286,1375.23022
861.7238800000001,-341.14972,1365.8737800000001
862.8261699999999,-342.79504,1358.2324199999998
864.07782,-342.9444,1352.28638
866.50415,-341.75101,1348.94458
868.9962199999999,-340.57874,1347.1771199999998
871.12915,-339.37924,1348.09119
872.8565699999999,-338.70831,1350.16602
874.4190699999999,-337.64243,1354.1513699999998
875.59338,-336.61417,1359.46472
876.60156,-335.59796,1367.1615
877.2487199999999,-335.13525,1375.7874800000002
877.8574199999999,-335.18402000000003,1386.0684800000001
877.7763699999999,-334.79242,1396.84875
877.6795699999999,-334.70642000000004,1408.1127900000001
877.8964800000001,-334.79688,1419.65527
877.0517,-334.3577,1430.8173800000002
876.61139,-334.31503,1442.32068
876.1556400000001,-334.09311,1453.31567
874.7747199999999,-333.57346,1463.1167
874.1290300000001,-333.25052,1472.33386
872.4884,-333.12445,1480.0565199999999
871.36505,-333.31427,1487.4043
869.45288,-333.96011,1492.80396
868.2736199999999,-335.28586,1497.20105
867.27032,-337.53439,1500.27258
865.4724699999999,-340.15222,1502.13074
864.89209,-343.11972000000003,1503.49072
863.4100300000001,-346.56528,1503.9868199999999
861.6199300000001,-349.54391,1504.0900900000001
860.1112699999999,-352.54019,1503.37415
858.97699,-355.1395,1502.4002699999999
857.1079699999999,-357.81375,1500.41333
855.70245,-360.65115,1498.3173800000002
854.0369900000001,-363.03479,1495.52844
852.0289300000001,-365.79169,1492.1386699999998
850.20801,-368.63684,1488.1731
849.0790400000001,-371.5874,1483.87964
846.9138800000001,-374.33215,1478.24316
846.13861,-377.18912,1472.42908
845.0133099999999,-380.52426,1466.1082800000001
843.65851,-383.19768999999997,1458.72461
842.05353,-386.06485,1450.74658
840.38129,-388.32562,1441.74255
839.01636,-391.39771,1432.47583
837.49969,-393.92865,1422.5095199999998
835.43579,-396.35607999999996,1411.39758
833.00769,-398.44597999999996,1399.8148199999998
831.83313,-401.48992999999996,1387.5729999999999
830.59515,-403.65601000000004,1374.8360599999999
829.5855700000001,-405.44797,1362.47009
829.13757,-406.64175,1351.35217
827.65594,-407.0054,1341.35303
826.96942,-405.76456,1335.4873
824.60547,-403.7308,1330.74243
822.49963,-401.90958,1329.16858
818.53931,-400.56381,1329.04663
814.7865,-399.73742999999996,1331.73401
810.97186,-399.54581,1337.0125699999999
805.84137,-400.10062,1343.95959
800.44043,-401.46472,1352.93188
795.49445,-404.2572,1363.81702
788.89117,-407.71277000000003,1375.76855
782.34387,-410.94284,1389.17834
776.34937,-414.83218,1403.68958
770.02887,-417.16409,1418.8388699999998
764.4628299999999,-419.82345999999995,1435.1082800000001
758.13531,-421.90149,1450.7296099999999
752.5736099999999,-423.84795999999994,1466.90344
747.0258200000001,-425.28894,1482.651
741.78381,-426.83950999999996,1497.9978
737.0158700000001,-427.25882,1512.59314
732.37244,-428.05978,1526.01501
728.98224,-427.60497999999995,1538.0828900000001
726.1225599999999,-427.24560999999994,1548.79541
724.70978,-426.31339,1558.3739
723.96979,-425.49737999999996,1566.30505
724.05688,-424.10321,1572.77283
724.96753,-423.0842,1578.60962
726.4317,-421.41064000000006,1582.99976
728.00763,-420.32541,1586.88733
729.26288,-419.28992,1589.72485
730.89716,-418.03522000000004,1592.09937
731.7181400000001,-416.92065,1594.02625
733.19873,-416.36041,1595.34546
733.72198,-416.03741,1596.29785
733.98956,-415.80835,1596.76001
734.03613,-415.78406,1596.7309599999999
734.1283,-416.0578,1595.94434
733.81262,-416.20081,1594.41931
733.5230700000001,-416.79419,1592.10876
733.4184,-417.50604,1589.0932599999999
732.99615,-418.46157999999997,1585.18677
733.20056,-419.27263999999997,1580.54102
733.85492,-420.2717,1574.70642
733.88989,-421.28534,1568.13062
734.2907700000001,-422.3418,1560.82605
734.8371599999999,-423.31589,1552.82166
736.00702,-424.93109000000004,1543.87781
736.53552,-426.48633,1534.7175300000001
737.77002,-427.98330999999996,1524.8555900000001
738.2468299999999,-430.39315999999997,1514.1196300000001
738.74261,-432.21387000000004,1502.9043
739.1229900000001,-434.17911,1490.88
739.7196700000001,-436.48467999999997,1478.73376
739.55426,-438.48956,1465.73291
739.83331,-440.78632000000005,1452.54553
740.22858,-442.85867,1439.40955
740.67249,-444.96982,1426.8201900000001
740.54187,-447.14052999999996,1414.3342300000002
740.8809200000001,-449.60745,1403.10754
740.81647,-451.53235,1393.3042
740.11536,-453.11768,1385.40222
738.82568,-454.3302,1379.56042
737.3591299999999,-455.07605,1375.10522
736.01996,-455.92175,1372.79065
734.7554299999999,-456.46117999999996,1371.34094
733.9904799999999,-456.92773,1371.7708699999998
732.92621,-457.01837,1373.9542199999999
731.8893400000001,-457.19647000000003,1378.65125
730.37677,-457.17044000000004,1384.46521
728.42377,-457.71536,1392.04272
727.12012,-457.84047999999996,1400.67993
725.1701,-458.3056,1410.16089
722.78503,-458.72165,1420.39734
720.61829,-458.39075,1430.59937
719.6068700000001,-457.79523,1441.04199
718.1889,-457.11685,1451.1748
717.1637,-455.98712,1460.79895
715.98114,-454.64727999999997,1470.1951900000001
714.8335,-453.53485,1478.84082
713.70135,-451.83435,1486.98706
712.93677,-450.48315,1494.3618199999999
712.0151400000001,-448.63309000000004,1500.95313
711.02771,-447.37796,1506.19543
710.57611,-446.13379000000003,1510.9939
709.98438,-444.6413,1514.1978800000002
709.42188,-444.05037999999996,1516.89038
709.2692900000001,-443.10019000000005,1518.4552
709.48468,-442.29117,1518.68005
709.20959,-441.64352,1518.30249
709.4433,-440.62332000000004,1517.2601300000001
709.66675,-439.54315,1515.66455
710.16327,-438.29544000000004,1513.3178699999999
710.59229,-437.03485,1509.80847
710.7615400000001,-436.17812999999995,1506.15344
711.29767,-434.88684000000006,1501.3645
711.7036099999999,-433.56046,1496.13342
711.39349,-433.01389000000006,1489.76428
711.8911099999999,-432.62285999999995,1482.8999
712.19879,-432.25354000000004,1474.88318
712.91711,-432.1062,1466.1875
713.17255,-432.6618,1456.45898
714.43048,-433.56497,1445.10535
715.4436,-434.76912999999996,1433.91235
717.24335,-436.7128,1422.58533
719.42651,-439.03020999999995,1411.2175300000001
722.08569,-440.75375,1401.22632
724.8304400000001,-441.56842,1392.43774
727.96777,-440.5354,1387.41956
730.50134,-437.88898,1386.46265
731.73474,-436.67099,1388.55908
732.7310200000001,-436.2955,1393.495
733.00922,-435.48868,1400.0819099999999
733.03632,-434.70302999999996,1408.2254599999999
732.8220200000001,-434.0376,1417.79419
732.69385,-433.80737,1428.00146
732.65094,-433.79745,1439.15601
731.3089,-433.62613,1450.59058
730.90271,-433.69083,1461.51965
729.99432,-434.23706,1472.36646
729.0069599999999,-434.63205,1482.47131
728.24786,-435.2486,1491.6815199999999
727.5378400000001,-435.38312,1500.0263699999998
727.38715,-435.35242,1507.5824
727.14319,-435.5787,1513.83716
727.42676,-435.40759,1518.70227
727.7644700000001,-435.08484000000004,1522.92419
728.3507099999999,-434.76703,1525.6893300000002
729.68445,-434.54593,1527.90906
730.39783,-434.50476,1529.25708
731.16296,-434.34824000000003,1530.22095
731.66193,-434.31890999999996,1530.58264
732.27472,-434.33008,1530.51074
732.52783,-435.03256,1530.1784699999998
732.38989,-435.13625999999994,1529.41479
731.7637900000001,-435.42709,1528.12744
730.96924,-436.34372,1526.56946
730.08344,-436.97278,1524.27417
729.0043900000001,-438.00265999999993,1520.88281
727.92755,-439.28848,1516.94751
726.2175900000001,-441.09317000000004,1512.53479
724.79962,-442.52493,1507.2038599999998
722.97064,-444.10416,1500.84204
720.8667,-445.8869,1494.11694
719.26355,-447.72818,1486.31604
717.2760599999999,-449.26324000000005,1477.9597199999998
715.43164,-451.23444000000006,1469.31226
714.54224,-453.39713,1460.19885
712.6861,-455.78802,1450.60681
710.99127,-458.11002,1441.54639
709.66614,-460.10247999999996,1431.86914
708.13959,-463.19732999999997,1423.64502
707.59448,-465.09164000000004,1415.9561800000001
706.8240400000001,-467.90729000000005,1410.13904
706.12988,-469.29684000000003,1406.44897
705.70813,-470.19577000000004,1405.73767
705.48712,-472.07407,1407.23462
704.84027,-474.00681,1411.3148199999998
704.0783700000001,-475.73846,1417.41406
702.83948,-477.20782,1425.33997
702.23694,-478.65573,1434.54431
701.77539,-480.28537,1444.8582800000001
700.82971,-481.52910999999995,1456.25842
700.1181,-483.27243,1467.5968
698.9269400000001,-484.8092,1478.51721
698.33771,-486.02158,1489.37952
697.1730299999999,-486.73922999999996,1499.1268300000002
696.32373,-487.72225999999995,1508.01819
695.8720099999999,-488.24997,1515.7351099999998
695.18463,-488.88705,1522.04919
695.92688,-489.26599000000004,1527.18335
696.2305299999999,-489.91513,1531.0520000000001
696.86127,-491.40872,1533.6803
697.1684,-493.37854000000004,1535.00269
697.6343400000001,-494.76727,1535.47559
698.6861,-497.25317,1535.5180699999999
698.47803,-498.91714,1534.75867
698.77271,-501.21182000000005,1533.87805
698.46942,-503.3609,1532.3930699999999
698.91046,-504.66574,1530.18286
698.45215,-506.37994000000003,1528.16211
697.9870599999999,-508.11685,1525.47656
697.80103,-509.55774,1522.36572
697.91974,-511.0199,1518.8186
697.49615,-511.92712,1514.19043
697.70599,-513.0119,1509.0648199999998
697.88586,-514.0316799999999,1503.21887
698.45667,-515.3290400000001,1496.49841
698.60504,-516.03864,1488.33618
699.35284,-516.7927900000001,1479.99036
700.1662,-517.19678,1470.25562
701.0949099999999,-518.2959599999999,1460.4682599999999
701.31464,-518.9669200000001,1449.85291
702.34406,-520.03778,1439.74744
703.50964,-520.8974,1429.50195
704.2280900000001,-522.45984,1419.9126
705.59772,-523.54657,1411.71265
706.40875,-524.315,1404.97729
708.31958,-524.25647,1399.93555
709.29797,-524.27783,1397.30176
710.22479,-524.1687599999999,1396.98389
710.4342,-524.74872,1398.7913800000001
710.8399,-525.2533599999999,1403.0271
711.29443,-525.47998,1408.70801
710.41486,-525.72919,1415.29688
710.19092,-526.40637,1423.54236
709.4544099999999,-526.75122,1431.9863300000002
708.3037099999999,-527.44965,1440.95959
707.35596,-527.4916400000001,1449.48145
705.96594,-527.15137,1458.04114
703.97937,-527.0591400000001,1464.8264199999999
702.47974,-526.4054,1470.9279800000002
701.2355299999999,-525.95831,1476.08765
699.92804,-525.27411,1479.6131599999999
699.19733,-525.29022,1481.84802
697.9353,-526.00507,1482.79395
697.41797,-526.79602,1482.61255
696.7302900000001,-528.7352900000001,1481.3949
695.56427,-530.51636,1479.5324699999999
695.1116900000001,-532.27063,1477.28979
693.99091,-533.63208,1474.5235599999999
692.85364,-534.8931299999999,1471.41138
690.90399,-536.13458,1467.9586199999999
689.49597,-536.77197,1464.48499
687.88232,-537.10583,1460.93555
685.5700099999999,-537.21643,1456.53345
683.8606,-537.72528,1451.46191
682.1365400000001,-538.27728,1445.78418
680.89319,-539.07318,1439.4625199999998
679.24579,-540.26782,1432.34778
677.90857,-541.42633,1425.7916300000002
677.5065900000001,-543.4884599999999,1419.02283
675.76727,-545.75415,1413.40552
674.74567,-548.1106,1408.88745
673.2661099999999,-549.6229900000001,1406.0180699999999
673.2674,-550.37872,1405.11633
672.82245,-551.12646,1406.50647
672.5133099999999,-551.5742799999999,1409.36035
672.74646,-552.07715,1413.22046
673.69891,-552.44385,1418.07007
674.5187400000001,-552.88641,1423.72437
674.5255099999999,-553.45465,1430.7523199999998
675.02258,-553.68787,1438.48767
675.3908700000001,-554.4327400000001,1446.66443
675.82111,-554.53558,1455.0155
676.69739,-554.5116,1463.2396199999998
676.87073,-554.48425,1470.67065
678.17578,-554.25928,1477.75244
679.76068,-554.1745,1483.65552
681.20654,-554.0296599999999,1488.53455
682.71606,-553.84003,1492.53784
684.61145,-554.15259,1495.28931
687.09125,-553.47168,1497.4338400000001
687.9058200000001,-554.07245,1498.3414300000002
689.38605,-554.6557,1498.96655
690.52985,-555.7511599999999,1498.73499
692.43347,-556.7058099999999,1497.46875
693.0426,-557.72546,1496.15369
693.44958,-559.16553,1493.87183
694.3958700000001,-560.30078,1490.98926
695.18469,-561.59186,1488.14624
695.52112,-563.2325400000001,1484.29553
695.5459,-563.82703,1479.43188
695.6317700000001,-565.10657,1474.17139
695.3095099999999,-566.716,1468.2495099999999
694.89728,-567.88898,1461.38647
694.54242,-569.15491,1453.91516
694.26208,-570.82391,1445.7548800000002
693.7040400000001,-572.125,1436.95605
693.43896,-574.17175,1427.2921099999999
692.54138,-575.60236,1417.40051
691.81958,-577.88702,1407.3065199999999
691.58392,-578.9940799999999,1396.54956
691.1983,-581.01093,1386.64465
691.16553,-582.0224599999999,1377.7686800000001
691.40314,-582.7699,1371.6303699999999
691.37396,-583.2466400000001,1367.23413
691.18768,-583.53979,1365.21533
691.7049599999999,-585.00885,1365.58435
690.3772,-584.76532,1367.70276
689.86993,-585.17395,1372.57898
690.0201400000001,-585.28882,1379.1856699999998
689.43921,-585.57587,1387.95715
688.51605,-585.70453,1397.84509
688.17627,-585.87903,1408.7673300000001
687.56464,-585.59387,1420.68713
686.22046,-586.4599,1433.18677
684.52612,-586.39026,1445.4470199999998
682.27332,-586.66296,1458.11377
681.03406,-587.07373,1470.14148
678.5105599999999,-586.59686,1481.4823
676.59344,-586.20532,1492.61328
675.30206,-585.32886,1502.27795
673.28271,-584.78711,1511.94275
672.4193700000001,-583.39636,1519.91626
670.8587,-582.72101,1526.8881800000001
669.38165,-581.77411,1533.1485599999999
667.55865,-581.08453,1538.72131
665.9080799999999,-580.4195599999999,1543.20801
664.41943,-579.53174,1546.78418
662.98438,-578.7348599999999,1549.59631
661.5432099999999,-577.91089,1551.8114
660.21271,-576.6052900000001,1552.94482
659.39221,-575.60455,1553.75146
657.9426900000001,-574.94464,1554.0235599999999
657.77911,-573.1828,1553.03467
656.2999900000001,-572.15021,1551.5330800000002
656.45886,-569.96741,1549.52979
655.14978,-568.87598,1546.9315199999999
654.68219,-567.4054,1543.93884
654.0230700000001,-565.41693,1540.34216
652.9137,-563.71014,1536.24268
652.09082,-561.46722,1531.50317
650.38739,-559.24103,1526.3103
648.92963,-556.84387,1520.32141
647.5528,-554.59552,1513.86267
645.56903,-552.1865799999999,1506.26294
644.86218,-549.4731400000001,1498.37903
643.30579,-546.63721,1489.68542
642.06305,-544.13824,1481.24475
641.73108,-542.24316,1473.3120099999999
642.29895,-540.24493,1465.6814
642.53027,-539.2484099999999,1460.16968
643.8869599999999,-539.43005,1456.9226099999998
644.66772,-540.2593400000001,1455.8613300000002
647.1144400000001,-541.12805,1456.54419
649.95502,-541.422,1458.81116
653.2105700000001,-540.6925,1462.84827
655.80481,-540.35382,1468.19336
657.94867,-540.52698,1474.41797
658.49579,-540.85004,1480.6969
658.43085,-542.31506,1487.5875199999998
658.57019,-543.5432099999999,1494.02698
658.5968,-545.20892,1500.4555699999999
657.98065,-547.1976900000001,1506.28345
657.61182,-548.94336,1511.88806
656.96564,-550.91296,1516.7097199999998
657.02057,-552.6803,1520.55725
656.36218,-554.49506,1523.1508800000001
656.66589,-556.4917,1525.07544
657.79266,-558.44714,1525.49292
658.40363,-560.68579,1525.04919
658.8779900000001,-562.63483,1522.8252
660.29858,-564.47601,1520.4635
660.74225,-566.78174,1517.57349
661.17133,-569.11847,1513.75647
661.75861,-571.2099,1509.29468
662.15619,-573.39972,1504.0955800000002
661.56659,-575.5949099999999,1498.64941
660.62207,-577.93964,1492.00256
659.82391,-580.3654799999999,1484.46399
657.58594,-583.07465,1475.6438
655.8118900000001,-585.2309,1466.30188
653.4356700000001,-586.72186,1456.57764
651.6188400000001,-588.2302900000001,1446.88782
649.7432299999999,-589.1383099999999,1437.74902
647.4014900000001,-590.82892,1428.29749
644.8822,-591.40637,1419.63208
643.40979,-592.35449,1410.91565
642.19989,-593.01648,1402.81177
642.30341,-593.6962900000001,1395.85962
642.64368,-593.9834599999999,1389.89734
644.3197,-594.48212,1386.46008
645.0318,-594.62506,1384.97766
645.72186,-595.0097,1386.00647
646.4017299999999,-595.0484,1389.88062
645.94214,-595.07654,1395.39563
644.66425,-595.8808,1402.94336
644.3811599999999,-596.03394,1412.17676
644.10925,-596.30872,1422.74438
642.13239,-596.18109,1434.04919
640.8915400000001,-596.68262,1445.2951699999999
638.65491,-596.2484099999999,1456.81287
637.5762900000001,-595.76257,1467.79041
635.96344,-595.16425,1478.04871
634.10437,-593.98602,1488.3559599999999
633.62903,-592.28455,1497.0612800000001
631.19818,-591.4898099999999,1505.1879900000001
630.245,-589.91846,1512.04907
629.90063,-588.53046,1518.4620400000001
627.87292,-587.44635,1522.92334
627.2780799999999,-585.62177,1526.72681
627.21796,-584.55396,1530.2262
626.24689,-583.56659,1532.5900900000001
624.79657,-582.64337,1534.88062
624.20642,-581.7631200000001,1535.94019
621.20087,-580.57355,1537.6639400000001
619.06329,-578.867,1538.31274
616.78949,-577.37115,1538.25146
614.4966400000001,-574.8913,1537.83557
612.06348,-572.69116,1537.0211199999999
609.81628,-569.9818700000001,1535.1864
607.95386,-567.08618,1532.69556
606.03735,-564.4569700000001,1530.0531
604.6025400000001,-561.3801900000001,1526.07898
602.85089,-558.46869,1521.9259
601.8901400000001,-555.4359099999999,1516.3300800000002
600.34406,-552.00037,1510.42908
599.24469,-548.99792,1503.6458699999998
597.59387,-545.78394,1495.52966
596.92725,-543.18787,1487.00134
596.76404,-540.71014,1478.29956
596.97241,-539.0441900000001,1470.0603
598.35974,-538.09998,1462.02917
600.1032700000001,-537.7168,1455.07629
600.66266,-537.94781,1450.58984
601.18488,-539.2818,1448.82239
602.27209,-540.20728,1448.58496
604.27203,-540.68518,1449.75732
608.12732,-540.1721200000001,1452.61511
611.25458,-540.0208700000001,1457.61084
613.72852,-540.03845,1462.9398199999998
617.26849,-540.96844,1469.25574
619.78125,-542.39801,1475.72351
622.16138,-543.64893,1481.91003
624.80292,-545.17828,1488.46741
627.1825,-546.26788,1494.76685
629.29834,-548.12512,1500.60205
631.82465,-549.40619,1505.56165
635.04224,-550.71808,1509.7120400000001
637.68665,-552.07745,1512.82483
641.08905,-553.42401,1515.10608
644.1828,-554.6353799999999,1515.2074
648.9350599999999,-557.10376,1514.15356
651.4465299999999,-558.94299,1511.9043
653.87891,-560.6842,1509.23669
657.2683099999999,-563.51477,1506.07605
660.45502,-565.24194,1501.9613
663.08704,-567.8866,1497.24792
666.9074099999999,-569.57349,1491.76135
668.68042,-571.62769,1485.43005
671.50085,-572.90265,1478.5684800000001
673.4375,-573.83978,1470.78638
674.94153,-574.02954,1462.87708
677.46552,-573.6594200000001,1454.93298
678.47284,-572.95667,1445.88367
680.74219,-572.18304,1436.53967
683.0573099999999,-571.6701,1427.10913
684.46161,-570.07672,1416.7686800000001
686.94794,-568.8353900000001,1405.90759
689.59344,-567.07794,1395.38794
692.57251,-564.79315,1384.74158
695.8228799999999,-562.7559200000001,1374.40698
698.9399400000001,-560.33813,1364.9801
702.89935,-557.28998,1356.78967
707.49487,-553.73785,1350.2601300000001
711.70618,-549.6615,1345.77332
716.91791,-545.2307099999999,1343.59448
722.12372,-539.89185,1343.28149
727.28235,-534.64954,1345.29907
732.88586,-528.5835,1349.30005
737.9843099999999,-522.66949,1355.60449
743.1496,-516.50348,1363.00098
747.68341,-510.72778,1371.8881800000001
752.5018299999999,-505.2471,1381.89026
755.89478,-500.04263,1393.12463
759.34528,-495.84589000000005,1405.12097
762.76282,-491.07169000000005,1416.82593
764.81934,-487.0954,1429.16724
766.79285,-482.95505,1440.8201900000001
770.0268599999999,-479.1199,1452.82397
771.48663,-474.38635,1463.80322
772.66473,-470.39624000000003,1474.3761
774.56354,-465.43359000000004,1483.87439
776.0129400000001,-460.85129000000006,1493.07214
777.76416,-456.91794000000004,1500.84302
778.80505,-452.20547,1507.8866
779.97784,-447.69479,1514.05603
781.57111,-443.4805,1519.4675300000001
782.5686,-439.03159000000005,1523.6748
783.28491,-434.96630999999996,1527.24292
784.26489,-431.72357,1529.81897
784.6304299999999,-428.54812999999996,1531.81812
784.89197,-425.96698,1533.40271
784.77283,-422.6803,1533.68591
784.32507,-420.35155999999995,1533.61096
782.46008,-418.04318,1532.98291
781.73315,-415.95724,1531.89624
779.64777,-413.80612,1529.67407
778.27911,-412.27948,1527.09851
775.44299,-410.31705,1523.68274
773.68262,-408.61499,1519.2625699999999
770.86609,-407.16724,1514.29321
768.6460599999999,-405.59479,1508.19458
766.4086900000001,-404.23041,1501.43188
763.35712,-402.70772999999997,1494.40271
761.1752299999999,-401.52502000000004,1486.55005
759.3393599999999,-399.6293,1478.29895
757.78259,-398.41602,1469.7196
755.8941,-396.83774,1461.27026
754.85339,-395.39694,1453.35522
754.23877,-393.72302,1445.6766400000001
754.8638900000001,-392.09595,1439.89868
755.44781,-390.24219,1436.35205
757.64166,-387.7789,1434.5564
760.51788,-383.52468999999996,1434.50342
762.88763,-379.75638,1436.64453
765.31512,-376.6366,1440.9171099999999
768.0672,-373.50085,1446.50146
770.77264,-372.23212,1454.53845
772.70343,-369.85147,1462.26208
774.89862,-368.43036,1471.1012
778.41309,-367.48434,1479.68896
780.27563,-366.17642,1487.95801
783.39105,-365.88217000000003,1496.6676
785.59344,-365.49805,1504.47766
787.53125,-365.12753,1511.47229
790.36279,-364.51349,1517.52881
792.74115,-364.34195,1522.9044199999998
795.3277,-363.72272000000004,1527.65527
798.70056,-362.52328,1530.86255
801.36047,-361.34517999999997,1532.79895
803.89105,-360.55539,1534.11658
807.54468,-358.60684,1534.21375
811.30402,-357.00989,1533.6688199999999
815.21649,-355.58035,1532.54773
818.40167,-354.31216,1530.39294
821.54016,-352.67755,1527.52979
824.82117,-351.4115,1523.9692400000001
827.22144,-350.73328,1519.40869
829.63965,-350.22662,1514.50879
831.86786,-349.96475,1509.1766400000001
833.8703,-349.98407000000003,1502.8187300000002
836.04523,-350.1228,1496.8913599999998
837.16229,-349.84576,1489.5059800000001
837.17883,-350.46054,1481.2711199999999
839.27032,-350.53674,1472.50244
839.59296,-350.1001,1463.5813
840.3987400000001,-349.47137000000004,1453.7636699999998
842.03864,-348.45538,1444.31531
843.2977900000001,-347.56259,1434.3092
843.14325,-345.19083,1424.08301
843.9099699999999,-343.77026,1414.10986
844.98291,-342.07367,1405.4891400000001
846.0645800000001,-339.99707,1397.60779
848.26465,-337.30225,1391.30896
848.4240699999999,-334.70956,1386.65271
848.5307,-332.86667,1384.85449
848.9544099999999,-331.16711000000004,1384.83789
849.48901,-330.49796000000003,1387.2749
850.11816,-329.0531,1391.61023
849.25452,-328.49393,1398.17871
849.32477,-327.20596,1405.67896
849.47266,-326.29706,1415.2312
849.92584,-326.11984,1425.63928
850.17438,-326.16299,1436.55725
850.03119,-325.73328,1447.75562
850.10321,-325.43557999999996,1459.08679
849.32751,-324.99683,1469.92688
848.64136,-324.90262,1480.57874
848.6787099999999,-324.87936,1490.79175
848.19012,-324.30051000000003,1500.03564
846.57355,-323.564,1508.17175
845.56647,-322.47162000000003,1515.52563
844.5213,-322.44229,1521.81006
843.51538,-321.82532000000003,1527.20667
842.13501,-321.45437999999996,1531.8634
841.5672,-321.13788,1535.13843
841.01721,-320.77994,1537.61084
840.2691,-320.40521,1539.0354
839.51526,-319.92953,1539.77478
839.15491,-319.5527,1540.0811800000001
839.0654900000001,-319.12708,1540.0407699999998
838.3851900000001,-318.39951,1539.66797
837.71643,-317.61499,1538.52979
836.64362,-317.16724,1536.75647
835.15918,-316.93289,1534.27148
833.88715,-316.35849,1530.901
831.69183,-316.95482999999996,1527.43787
829.09027,-316.55579,1522.89917
827.13995,-316.84967,1518.04688
824.64575,-317.86768,1512.04736
821.6403799999999,-318.34644,1505.40344
819.29041,-319.16455,1497.55078
816.45282,-320.2569,1489.5116
814.46362,-321.51956,1481.29822
811.7622700000001,-322.48309,1472.52344
810.36768,-323.23062000000004,1464.0715300000002
809.41687,-323.01859,1455.26025
807.8725,-322.74292,1447.83252
808.5115400000001,-321.94525,1441.8042
809.1184099999999,-320.18045,1438.8137199999999
810.7794200000001,-318.27417,1437.28674
812.8220200000001,-314.87949,1437.51819
813.96729,-310.82277999999997,1438.84363
815.4056400000001,-307.18588,1442.05737
817.4675900000001,-304.53652999999997,1447.146
818.92566,-302.24301,1452.74426
821.70367,-299.84042,1459.93604
824.40472,-298.09711,1467.16174
827.0989400000001,-296.4808,1474.94312
830.0521200000001,-295.39178,1483.04919
832.74725,-294.38391,1490.65271
834.85583,-293.26501,1497.78735
838.53345,-291.97076,1504.8020000000001
841.2836900000001,-290.60489,1510.58594
844.0288099999999,-289.20162999999997,1515.57971
848.0022,-287.40015,1519.83459
850.9824800000001,-285.48911,1523.3551
854.05078,-282.88034,1525.27185
857.4635599999999,-280.53763,1526.92834
859.9939,-278.13049,1526.93677
862.57855,-276.00043,1526.34155
864.6628400000001,-273.03479,1524.86304
868.43854,-270.9418,1522.9751
870.98102,-267.85748,1518.7138699999998
873.67664,-265.44666,1514.61609
876.31354,-262.16967999999997,1509.49658
879.565,-260.21398999999997,1504.2949199999998
883.2847300000001,-257.8143,1497.72717
885.77039,-255.82881,1490.44165
888.70331,-253.71931,1482.2175300000001
891.7053199999999,-252.08053999999998,1473.14941
894.1575300000001,-250.39497000000003,1463.27148
895.72699,-248.95276,1452.9519
897.4725300000001,-246.96571,1442.64185
898.61584,-245.48494,1432.59167
900.27222,-243.85545,1422.82227
901.62177,-241.78651000000002,1412.77808
903.15356,-240.04904,1403.0332
904.20703,-236.99312999999998,1393.57031
905.3595,-233.54882999999998,1385.15283
906.0172699999999,-229.8558,1377.57544
906.5143400000001,-225.87355,1371.44922
906.8457,-221.33461,1366.62646
906.84229,-217.26915,1364.05957
906.01581,-212.57802,1363.7437699999998
905.69116,-207.66656,1365.37585
904.5704300000001,-202.54926,1369.54956
903.9586199999999,-197.48221,1375.42249
902.9739400000001,-192.96776,1382.86206
901.9177199999999,-188.33075,1391.89661
900.8309300000001,-183.96356,1402.05005
900.66174,-180.38857,1412.8682900000001
899.62366,-176.27811,1423.2595199999998
899.9638699999999,-173.22742,1434.1748
898.30505,-169.51599,1444.35913
897.34796,-166.52763000000002,1453.69165
896.14087,-163.15964,1462.62488
894.58105,-159.71855,1470.71521
893.0576199999999,-156.24306,1477.52368
891.7193,-153.27312,1483.6624800000002
890.10101,-149.64299,1488.5101300000001
888.6904300000001,-146.63492,1492.5960699999998
887.8748800000001,-141.86981,1495.25708
886.5626199999999,-138.92604,1497.5366199999999
885.47424,-134.82048,1498.16174
884.0288699999999,-131.75874,1498.70459
883.43927,-127.80398999999998,1498.6298800000002
882.50317,-124.58649,1498.16516
881.27844,-120.21853999999999,1496.4824199999998
880.82794,-117.66864,1495.14124
878.65631,-114.40616999999999,1492.14246
877.6358,-111.85054,1488.97192
876.59192,-109.31969,1486.0520000000001
875.33154,-107.01744,1481.68994
873.7434699999999,-104.78205,1476.87817
872.4785800000001,-102.90814,1471.76123
871.7727699999999,-100.82167,1465.9235800000001
870.63177,-99.21114,1458.96362
870.41168,-97.92208000000001,1451.5900900000001
869.02899,-96.99731,1443.29321
868.0177,-95.59855999999999,1434.80908
868.17535,-94.30349,1425.59851
867.6121199999999,-93.01539,1416.92285
868.4162,-91.39153,1408.23938
869.0717199999999,-89.62254,1399.73352
869.75537,-87.27831,1392.67407
870.0936300000001,-84.8911,1387.1187699999998
869.8117699999999,-82.66186,1384.45337
869.40259,-81.12409,1384.58093
869.18146,-79.73508000000001,1386.89319
869.7769199999999,-78.88583,1390.84827
868.987,-76.7049,1396.5643300000002
869.28949,-75.15661999999999,1403.03503
869.34186,-73.35783,1410.9386
869.53809,-71.50909,1419.61658
869.42035,-70.07911999999999,1429.08398
869.32495,-68.75565,1438.8305699999999
869.5636599999999,-66.50441,1448.6680900000001
869.95068,-64.91152,1457.77051
870.03156,-64.0468,1466.6104699999999
869.9788800000001,-63.197959999999995,1474.83936
869.60791,-61.881240000000005,1482.5379599999999
870.16095,-60.292190000000005,1489.0521199999998
870.3947099999999,-58.9361,1494.82446
870.45215,-57.292640000000006,1499.82971
870.65216,-55.79042,1503.48462
870.97229,-53.48811,1505.96497
871.2203400000001,-51.81606,1507.3256800000001
871.97186,-49.99177,1507.9425
872.5590800000001,-47.70617,1508.17468
872.82159,-45.18034,1506.9963400000001
873.19354,-42.96369,1505.4937699999998
873.0498,-40.92883,1503.04053
873.1176800000001,-38.18408,1500.41333
873.25458,-36.363240000000005,1496.70361
872.5282599999999,-34.604420000000005,1492.83813
872.6828,-32.359759999999994,1488.67834
872.5985699999999,-30.38986,1484.0330800000002
872.5971099999999,-28.82837,1478.70642
871.75214,-27.16553,1472.59277
871.2882699999999,-25.22306,1466.52063
870.9948099999999,-23.52046,1458.80725
870.4572099999999,-21.76926,1451.1567400000001
869.4721699999999,-18.87276,1442.38489
868.88318,-18.31948,1433.35876
867.98779,-16.59737,1423.57214
866.7785,-14.76191,1413.17249
865.76855,-13.1901,1402.36157
864.2307699999999,-11.7439,1391.54224
862.22864,-9.95632,1380.66968
861.09161,-9.37545,1368.82483
859.6533199999999,-9.55513,1356.28979
857.19775,-9.41007,1345.29333
854.5626199999999,-9.70984,1336.07227
851.45911,-10.72158,1328.41138
848.22687,-11.62528,1323.4364
846.4704,-14.41417,1320.6217
844.08704,-16.92458,1320.4483599999999
842.3756099999999,-20.8412,1322.15881
841.64465,-24.70409,1326.96118
842.3471699999999,-29.73613,1333.0249
843.82874,-34.42577,1340.75281
847.59961,-40.27328,1350.0697
851.1099199999999,-45.93142,1360.28455
854.5374800000001,-50.38304,1372.04785
857.76306,-55.0635,1383.8075
860.56781,-59.42555,1395.72351
861.5686599999999,-62.943490000000004,1407.85522
862.30078,-65.15656,1420.63977
861.6257300000001,-67.84235,1433.40686
860.79218,-69.80886,1447.01306
859.25262,-72.14615,1460.49915
857.59229,-74.6431,1473.89636
855.80432,-76.81805,1486.9597199999998
853.44427,-79.17173000000001,1499.76917
850.72784,-81.99678,1512.37537
847.5356400000001,-84.01308,1523.70764
844.1220099999999,-86.48408,1534.28418
841.3558300000001,-88.58941999999999,1543.79395
837.67035,-89.96399,1551.60034
834.4320700000001,-90.79669,1558.53296
830.2452400000001,-92.34758000000001,1563.2351099999998
827.4810200000001,-92.65245,1567.14832
825.18085,-93.28228,1569.58655
823.13818,-93.49389000000001,1570.88477
821.32434,-93.38398000000001,1571.25549
820.54974,-93.70576,1570.96484
820.10437,-93.93523,1569.81519
819.72845,-93.838,1568.39807
819.7085,-94.43195,1566.40063
818.9862099999999,-95.28268,1563.99146
818.1538099999999,-96.43505,1560.8261699999998
817.5282,-96.94791,1557.13525
816.66223,-98.28641,1553.18542
814.7077,-98.90802,1548.2313199999999
814.34943,-99.1599,1542.6743199999999
813.04614,-99.88622,1535.90894
811.59998,-100.3228,1528.34778
809.76605,-100.94698000000001,1520.01917
808.03558,-101.19073,1511.25354
806.6521,-100.75941,1501.48999
806.0116,-100.84583,1491.2622099999999
803.88898,-100.20234,1480.28467
802.0192900000001,-100.02948,1468.7979699999999
800.1817,-99.61691,1455.93579
799.36395,-99.48592,1443.57629
796.75128,-98.42513000000001,1430.72424
794.59766,-98.2784,1417.76648
792.3457599999999,-97.92851999999999,1405.729
790.33521,-97.3916,1394.54272
789.09497,-97.06092,1385.17883
788.14093,-97.11446,1377.15149
787.06146,-97.19888,1370.58325
786.66046,-97.75021,1365.15271
785.87372,-97.97572,1361.55615
783.98682,-97.85543,1359.29541
783.16888,-97.83804,1358.4809599999999
782.95459,-98.07508,1359.82666
782.58582,-98.06011,1362.38647
783.2771,-98.53742,1367.1937300000002
783.63049,-98.29995,1373.85583
785.00873,-98.67265,1381.58093
786.40912,-99.01894,1390.84692
787.0380200000001,-98.90024,1400.6381800000001
788.31012,-98.93771,1411.38916
789.54584,-98.90321,1422.09827
789.56403,-99.15294,1433.18323
789.13086,-98.64491,1443.88794
788.55304,-98.25388000000001,1454.67908
788.54431,-98.15013,1464.80396
786.55719,-97.26378000000001,1474.3569300000001
783.66266,-96.47083,1483.0813
781.74451,-95.84209,1491.71021
778.9583700000001,-94.89027,1499.52551
775.6447099999999,-93.16039,1506.13245
772.43536,-92.12495,1511.89844
768.74506,-90.47415,1516.55969
765.159,-89.56023,1520.32544
761.3728,-88.11409,1523.2478
757.27454,-86.63385,1524.08716
754.44061,-84.85049000000001,1525.03259
752.02142,-82.99466,1524.9928
748.76672,-81.49518,1523.5960699999998
746.09387,-79.48813,1521.7854
743.20703,-77.60936,1518.96912
740.55988,-76.4652,1515.7907699999998
737.93304,-74.09159,1511.93188
734.56818,-72.7505,1507.6074199999998
732.90833,-71.06288,1502.92407
730.21741,-69.76701,1497.59924
728.74988,-68.45940999999999,1491.64453
727.56177,-66.92593000000001,1484.91333
725.72516,-65.48575,1477.09729
724.6444700000001,-64.11813000000001,1468.01514
723.96796,-62.392509999999994,1458.14819
723.40967,-60.110380000000006,1446.95593
723.6578400000001,-58.54176999999999,1434.5502900000001
723.41974,-55.80396999999999,1421.2567099999999
723.64417,-52.28403,1406.79529
722.9299900000001,-48.29091,1391.65869
722.52814,-43.94145,1376.53992
721.86609,-38.55578,1361.61401
720.05383,-33.42837,1348.5991199999999
718.29114,-27.89337,1337.36499
715.4028900000001,-23.50986,1330.12659
712.82458,-19.88601,1325.25464
709.9271200000001,-16.335720000000002,1322.6273199999998
706.31818,-12.13497,1320.65149
701.5061,-8.559280000000001,1319.3844
696.6098,-5.06187,1318.43469
691.24377,-2.10336,1318.0925300000001
686.50507,0.7984100000000001,1318.78564
681.78235,2.6193299999999997,1320.77063
677.6005200000001,5.799180000000001,1324.46118
674.33911,6.94821,1330.4502
671.24725,9.28867,1338.07996
668.7074,12.03929,1347.88184
665.99988,14.80274,1358.1842
663.59882,16.37109,1369.19824
660.9472,18.32307,1380.59265
658.34857,19.152620000000002,1392.08447
655.43164,20.5885,1403.48035
652.55511,20.96712,1414.7548800000002
650.29297,21.15182,1425.37109
647.6202400000001,21.77799,1435.5175800000002
646.19623,22.85013,1444.93494
644.61877,22.80868,1453.4054
644.1259200000001,23.40639,1460.6699199999998
643.0014,24.251739999999998,1467.12122
643.54248,25.32452,1472.56677
643.15833,26.90002,1477.1423300000001
643.92621,28.76045,1480.25085
644.57922,30.45784,1483.06006
645.85645,32.972229999999996,1485.08069
646.8783599999999,34.34544,1485.91052
648.3684099999999,36.8988,1486.76563
650.07275,38.58992,1486.69507
651.3866,39.73795,1486.4338400000001
653.0405900000001,41.59152,1485.67773
654.91571,42.81758,1484.25757
656.3115799999999,44.06453,1482.26062
657.6297,45.0078,1479.11377
659.17957,46.00965,1475.73853
661.13129,47.05843,1471.52905
662.9685099999999,47.499309999999994,1465.9791300000002
665.16815,48.64034,1460.3247099999999
667.34729,49.05482,1453.77905
668.4191900000001,50.42132,1446.8226300000001
671.29645,51.11179,1439.23218
673.62286,52.42918,1430.93909
675.58881,53.73264,1422.17627
678.7416400000001,54.14334,1412.56262
680.9912099999999,55.1222,1403.48022
683.6741900000001,57.061130000000006,1394.49011
686.70953,57.94883000000001,1385.07935
687.7821,59.4376,1376.61694
689.85352,60.94555,1368.50269
690.7146,62.79776999999999,1360.79871
691.0705,63.90011,1354.4387199999999
690.3765900000001,65.94583,1349.29944
689.6731,67.77920999999999,1345.32593
688.84247,69.21776,1343.43665
688.17291,70.21986,1343.19312
688.42908,71.34859,1344.77344
688.4245,71.91717,1348.82593
689.02734,72.65120999999999,1354.23828
689.16309,73.2902,1360.98254
690.69751,73.9082,1367.8319099999999
690.67462,74.26191,1375.88208
691.336,74.62635999999999,1383.70251
691.75781,75.00069,1391.5764199999999
692.08704,75.63309,1399.75513
692.9314,75.93861,1408.13086
693.77954,75.70201,1416.18713
694.25842,76.01078000000001,1423.9166300000002
694.8951400000001,76.08624,1431.5606699999998
695.07117,76.29930999999999,1438.55383
695.9777799999999,75.84376999999999,1445.1853
697.052,75.5834,1451.29919
697.8369799999999,75.20309,1456.40881
698.22638,74.96154,1460.76282
699.02917,74.5852,1464.15234
699.96051,73.93341,1466.29407
700.93677,73.41699,1467.66772
702.62726,72.80179,1467.84338
703.51935,72.16978,1467.16968
705.2348599999999,70.80874,1465.4163800000001
707.1868900000001,69.47137,1462.75354
709.60938,67.84621,1459.28857
711.50946,66.29211,1455.4569099999999
714.21741,63.71575,1450.6893300000002
717.13965,61.02355,1445.28296
719.86792,57.86895,1439.4111300000002
722.2139900000001,54.63131,1432.73401
725.20068,50.34547,1425.80798
728.14886,45.88555,1417.92212
731.58917,40.63535,1409.58862
734.51489,35.75351,1400.36304
738.26337,30.218729999999997,1391.43665
741.98157,24.83606,1381.70569
745.6550900000001,19.13951,1372.68335
749.23694,13.25017,1364.05359
751.99445,7.7614600000000005,1357.99133
754.57495,2.2284,1355.31177
756.9564799999999,-3.57982,1355.78516
758.94263,-9.35839,1358.47974
761.13989,-14.813989999999999,1362.9500699999999
763.33209,-20.5205,1369.78223
765.91034,-25.93316,1378.0625
768.52216,-32.420609999999996,1388.35229
770.70532,-38.79153,1399.66357
772.5772099999999,-44.95624,1411.1969
774.3089,-50.46188,1422.85205
775.86951,-56.43091999999999,1434.37366
775.9683200000001,-61.41626,1445.52698
777.39044,-67.02413,1455.6381800000001
778.09479,-72.02808,1465.6377
779.28223,-77.17789,1475.17285
778.4050900000001,-81.53519,1483.1726099999998
779.10217,-86.40078000000001,1490.495
778.43939,-90.45284000000001,1497.3161599999999
779.20105,-95.5135,1502.97754
779.4873,-99.92123000000001,1508.12524
779.33862,-104.81498,1512.31506
780.55652,-110.12308999999999,1516.08899
780.06201,-115.18412,1518.72009
779.5402799999999,-120.0696,1520.71191
779.27301,-125.28445,1521.94043
778.83563,-130.1344,1521.91382
779.60645,-135.63054,1521.9668
778.94763,-140.72498000000002,1520.22839
778.60547,-146.1877,1518.20886
778.63489,-151.60448,1515.28943
778.3034700000001,-156.73026000000002,1511.61926
778.3768299999999,-162.15743999999998,1507.25073
777.93927,-168.26041999999998,1502.51648
778.18683,-173.95979,1496.93042
777.24243,-179.71698,1490.60986
777.21185,-186.40265,1483.9180900000001
776.16138,-192.53619,1476.01062
775.1582,-198.89618000000002,1466.9025900000001
774.5899,-205.41536000000002,1458.13232
773.34424,-212.30353,1447.62512
772.38495,-218.72543,1437.07593
772.7722200000001,-225.54772999999997,1426.13623
772.87274,-232.30966,1416.03552
773.38147,-238.52077999999997,1407.14465
774.19867,-244.77156000000002,1399.53394
773.88263,-250.44867999999997,1394.57422
773.45453,-255.40207999999998,1392.0847199999998
771.34766,-261.83887000000004,1392.05945
770.19244,-268.55922999999996,1394.03979
768.73602,-274.62102999999996,1397.60938
768.1861,-280.30051000000003,1402.87964
767.34027,-284.93703999999997,1409.01917
766.07623,-290.52966000000004,1416.67517
765.11639,-295.70203,1425.2074
763.3374,-301.52902,1434.41504
761.9157700000001,-306.19097999999997,1444.07239
761.20642,-311.38806,1453.57727
760.1546599999999,-315.23913999999996,1463.06946
758.39978,-319.81644,1471.95825
757.21802,-324.09811,1480.71814
755.99921,-327.41299,1488.79944
754.56165,-330.79489,1496.01404
752.98096,-334.85135,1502.66443
752.0826400000001,-338.10175,1508.69983
750.6646099999999,-341.64291000000003,1513.59131
749.8958700000001,-345.43579,1517.52148
748.60907,-349.77585,1520.64868
747.76184,-353.59406,1522.2224099999999
746.47833,-357.33401000000003,1523.56824
745.13568,-361.21359,1524.11719
744.19696,-365.4613,1524.21667
743.12927,-369.49252,1523.54724
741.51263,-373.20499,1522.30518
740.12671,-377.41818,1520.53711
738.44006,-381.50916,1518.0415
737.14862,-385.21289,1514.75867
735.47559,-389.23975,1510.63062
733.70374,-393.09997999999996,1505.60547
731.4071700000001,-397.52969,1500.1148699999999
729.76862,-401.67316,1494.18896
728.41418,-405.77151000000003,1486.99597
726.21948,-409.65411,1479.2830800000002
724.12225,-413.68314,1471.01355
721.96973,-417.72025,1461.87402
718.9953,-421.87158,1451.7603800000002
716.89612,-425.74548,1441.1311
714.19263,-429.44748,1429.67212
711.50769,-432.96704000000005,1417.70728
708.8881200000001,-436.86642,1405.90906
707.34955,-440.70758,1394.53235
704.99127,-445.42233,1383.90906
702.17987,-449.97745,1374.44055
700.8363,-453.2886,1367.60522
698.83344,-456.32125999999994,1363.33569
697.65283,-458.75982999999997,1362.01819
696.05048,-461.32858,1362.9085699999998
694.79987,-462.96477999999996,1365.64526
693.6096200000001,-464.14142000000004,1369.39563
692.49377,-465.30087000000003,1375.17029
691.87994,-466.73007,1381.9491
691.3019400000001,-467.53665,1390.02368
690.36816,-468.07257000000004,1398.4479999999999
689.29211,-468.724,1407.40295
688.53882,-469.90482000000003,1416.87207
687.5036,-470.28369000000004,1425.77539
686.67682,-470.91479000000004,1434.70337
686.51324,-471.17605999999995,1442.9519
685.1933,-471.29141,1450.15271
684.68616,-471.28792999999996,1456.73462
684.7806400000001,-471.07345999999995,1462.2120400000001
684.91907,-470.8577,1467.13074
685.1773099999999,-470.52660999999995,1470.95276
685.78992,-470.26205,1473.25916
686.6918900000001,-469.93155,1475.17651
688.54498,-470.19434,1475.7406
689.69513,-469.77855999999997,1475.58655
690.85321,-469.38257000000004,1474.74207
692.0004299999999,-468.98297,1473.104
693.16309,-468.5358,1470.7251
694.1644299999999,-467.67220999999995,1468.12659
695.6881099999999,-467.25314000000003,1464.78296
696.68024,-466.87057000000004,1460.83252
698.19208,-466.09479000000005,1456.47144
698.58893,-465.5697,1451.15454
699.19531,-465.25435999999996,1445.87659
700.4157700000001,-464.44604000000004,1439.57495
700.6361099999999,-463.90463,1432.3773199999998
701.5519400000001,-463.0614,1425.32666
702.10022,-463.10522000000003,1417.15356
703.0466299999999,-463.0152,1409.42236
703.28107,-463.38181,1401.38782
705.5939900000001,-464.3584,1394.05505
705.3059099999999,-463.82745,1387.17395
705.52167,-463.90997000000004,1381.17444
705.4995700000001,-464.18039000000005,1376.21167
705.93915,-464.14044,1373.6864
705.95734,-463.98000999999994,1373.21362
705.85712,-464.45422,1374.72632
705.1934200000001,-464.59270999999995,1378.2127699999999
704.40698,-465.18857,1383.43774
704.16235,-465.11602999999997,1390.13904
703.3338,-465.255,1398.0833699999998
703.07397,-465.5784,1407.00171
702.3432,-465.62192000000005,1416.0697
701.64801,-464.92612,1425.5792199999999
701.92792,-464.53725999999995,1434.87122
701.57654,-464.5325,1443.53284
701.51276,-464.23580999999996,1451.53113
701.09381,-464.07955999999996,1459.18774
700.19958,-463.73981,1465.3667
699.95569,-463.8992,1470.82605
698.55817,-464.64499000000006,1474.89978
696.78278,-466.07132,1477.66931
695.34033,-467.91373,1479.36377
693.12372,-469.66821,1479.88977
691.1947,-471.28542999999996,1479.99084
689.3596200000001,-474.28513,1479.16443
687.58301,-476.14209000000005,1477.8250699999999
685.81378,-477.78329,1476.4021
683.73975,-479.48666,1474.07715
681.59705,-481.29071,1471.16174
678.94141,-482.80219000000005,1467.4610599999999
676.39819,-484.03625,1463.1887199999999
674.37286,-485.16724000000005,1458.04956
671.62189,-486.41843,1452.02844
668.40265,-488.15682999999996,1445.0415
665.48358,-489.92865,1437.64709
662.36365,-491.6134,1429.1104699999999
659.29071,-493.9985,1420.49719
655.8009,-496.1358,1411.5194099999999
653.07507,-498.49161,1403.0564
648.9129,-501.42620999999997,1394.08459
646.0356400000001,-503.75075999999996,1386.625
642.61078,-506.20305999999994,1380.7092300000002
640.5072,-507.79236,1377.08179
638.82855,-508.90302,1375.74341
636.63867,-509.81125,1376.95544
635.00415,-509.87949000000003,1379.6593
633.94617,-510.21344000000005,1383.4176
633.1116900000001,-510.95667000000003,1388.17505
633.1345200000001,-510.60830999999996,1393.3624300000001
633.19666,-510.49609000000004,1399.22717
632.78888,-510.57455,1405.78052
633.73499,-510.20853,1411.7985800000001
634.74731,-510.03564000000006,1417.64319
636.2464,-509.64938,1422.28394
637.70007,-509.04467999999997,1426.33252
640.1805400000001,-508.08282,1428.52344
642.8247700000001,-507.17026,1429.88696
644.86432,-506.55298,1429.547
648.74493,-506.23395,1428.48108
650.88708,-505.93793,1426.45264
653.2679400000001,-505.96494,1424.03088
655.4057,-506.505,1420.71521
656.57532,-506.6326,1417.64075
657.59753,-507.41956,1414.14893
658.91083,-508.00714000000005,1410.67773
660.37671,-508.31229,1406.54199
660.8441799999999,-508.43372,1401.85791
661.97046,-508.5867,1397.0116
663.17395,-508.39713,1391.56238
664.8972200000001,-507.56165,1385.68616
666.4749099999999,-507.49054,1379.7396199999998
668.8469200000001,-506.78295999999995,1374.94922
672.56152,-506.16995,1370.65149
675.13861,-505.13562,1368.4469
679.10938,-503.68347,1368.62415
681.2874099999999,-502.2709,1371.19055
684.1856700000001,-500.91208,1376.16797
686.46552,-499.20205999999996,1382.50879
689.04669,-497.23798,1389.80042
691.64862,-495.17725,1397.99683
693.65259,-493.28024000000005,1407.00574
696.09924,-490.82623,1415.8370400000001
698.4071700000001,-488.48697000000004,1424.9423800000002
700.9986,-485.74722,1432.6879900000001
704.0047,-483.09894,1440.1766400000001
704.76489,-480.60794000000004,1446.6812699999998
706.89075,-478.90362999999996,1451.7495099999999
707.01648,-476.97765999999996,1455.26233
707.43372,-476.21612999999996,1458.03381
707.26862,-476.55352999999997,1459.68115
705.85242,-478.82355,1460.6366
704.61914,-481.6687,1460.48425
702.84125,-485.1525,1459.74756
701.10577,-488.78155999999996,1458.52124
699.20746,-491.45267,1456.9749800000002
697.24762,-494.51697,1455.4624
695.49023,-497.01510999999994,1452.76892
693.45514,-498.98166,1449.97021
691.2124,-501.28972999999996,1446.33215
689.00018,-503.12710999999996,1441.27075
686.14899,-505.01385,1435.55945
684.47046,-506.76834,1428.8298300000001
682.63672,-508.34485,1420.97803
679.8924599999999,-510.41104,1412.24438
677.05469,-512.91003,1403.13794
673.79218,-515.92395,1393.98584
670.7724,-519.5468099999999,1385.50842
666.28955,-522.41638,1376.75305
662.8208599999999,-526.6228,1369.78296
659.1507,-529.89917,1364.53687
656.39001,-532.5253299999999,1362.36096
654.50079,-533.5282599999999,1363.7889400000001
652.28375,-534.03357,1366.41516
650.73328,-533.54608,1370.26233
651.4386,-533.01935,1375.02991
652.22699,-532.70111,1380.46631
653.07434,-531.6124900000001,1386.50696
655.03918,-530.41962,1393.7487800000001
656.42609,-529.55286,1401.6991
658.00482,-528.3496700000001,1410.026
658.97424,-527.52643,1418.26123
660.69312,-526.12579,1426.4137
661.7430400000001,-525.03223,1433.93091
662.54926,-524.00623,1440.6438
663.69934,-522.8371599999999,1446.3241
664.9669200000001,-521.82831,1451.05994
666.30872,-520.9429299999999,1454.9248
668.11743,-520.0057400000001,1457.46448
668.37958,-519.4010599999999,1459.07605
669.0369900000001,-519.34106,1459.74487
669.34167,-519.4856599999999,1459.41797
670.11963,-520.02936,1458.3872099999999
670.7262599999999,-520.50421,1457.08484
670.9292,-520.74231,1454.9987800000001
671.16431,-521.06537,1452.2951699999999
671.47949,-521.31018,1449.0815400000001
671.62555,-521.56299,1445.50208
671.60107,-521.80872,1441.35901
671.49347,-522.58612,1436.75525
671.00787,-523.15906,1431.13306
670.74353,-523.55865,1424.61987
670.94336,-524.5103799999999,1417.4627699999999
670.33838,-525.24231,1409.39746
669.8482700000001,-526.38458,1400.81592
669.6723,-526.90875,1391.77283
670.4916400000001,-527.7603799999999,1382.9387199999999
671.11737,-528.92743,1374.4284699999998
672.35156,-529.7063,1367.25464
673.4625900000001,-529.45007,1361.62
675.44263,-527.98737,1358.56311
676.89575,-526.49707,1357.6059599999999
678.8866,-525.3029799999999,1359.05042
680.18146,-523.05524,1362.1773699999999
681.23615,-520.88501,1366.98804
682.8313,-518.6994,1373.8527800000002
684.41272,-516.49091,1382.28638
685.35449,-513.7157,1392.4447
687.51697,-510.29004000000003,1403.28442
688.52344,-507.1796,1414.7536599999999
690.84912,-503.2901,1426.61389
692.77161,-499.44333,1438.82031
693.52863,-495.35559000000006,1450.52002
694.98633,-490.58011,1461.93311
696.96051,-485.8251,1472.73108
697.02197,-481.0275,1482.93298
698.37469,-475.20963,1492.49133
698.6041299999999,-470.23209,1500.94385
700.14801,-464.73812999999996,1508.96704
700.7663,-459.20775999999995,1515.78503
701.08777,-454.70224,1522.02771
701.1864,-449.76595999999995,1527.5194099999999
701.02026,-445.6615,1532.13306
699.67224,-441.50629000000004,1535.70032
699.63953,-438.53378,1539.0553
697.7049599999999,-435.36136,1541.77734
696.94073,-433.129,1543.81555
695.56476,-431.27840999999995,1545.0726300000001
694.08862,-429.185,1545.58667
693.2948,-427.05557000000005,1545.43542
691.46307,-425.4393,1544.89868
690.8840299999999,-423.2547,1543.18604
689.10535,-421.81705,1540.6743199999999
687.00806,-420.97515999999996,1537.52661
685.26459,-419.89165999999994,1533.47339
682.86035,-419.57434000000006,1529.11218
680.76031,-419.03256,1523.8491199999999
677.74567,-418.90268,1517.42407
675.00726,-419.38638,1509.97437
672.4519,-420.56793,1501.89868
669.9119900000001,-421.22927999999996,1492.2428
666.94708,-422.33477999999997,1481.91028
665.53271,-423.88305999999994,1470.03149
665.2370599999999,-426.20508,1458.72754
665.60992,-429.58319000000006,1448.40698
666.51361,-433.37445,1439.39526
668.54187,-437.41006,1430.7988300000002
670.55481,-440.67847,1423.7511
673.19434,-444.48068,1417.16602
675.07874,-449.04343,1411.5061
676.78394,-453.58826,1407.32629
678.0903900000001,-458.95883,1403.74451
679.6496,-464.79812999999996,1401.19568
680.46008,-469.42360999999994,1400.59888
679.9731400000001,-473.04425,1401.78052
678.49744,-476.27047999999996,1404.19958
677.31128,-479.19852000000003,1407.54065
675.37726,-482.75640999999996,1411.5199
673.5022,-486.26929,1415.63916
671.6084,-489.63500999999997,1420.0376
670.79462,-492.62670999999995,1424.9896199999998
670.15161,-494.16202000000004,1429.7625699999999
671.5647,-494.09164000000004,1434.3006599999999
673.46033,-492.4183,1439.63647
678.19391,-489.8573,1443.91211
682.16339,-486.41144,1447.99866
686.2569599999999,-483.40137000000004,1452.3689
689.61658,-481.08582,1456.69397
692.73181,-478.15179000000006,1460.41614
695.7930299999999,-475.46590999999995,1464.19958
698.26855,-472.66702000000004,1467.58765
701.34253,-469.32775999999996,1470.30078
704.22937,-466.55782999999997,1472.6585699999998
707.5564,-462.49295,1474.37915
710.85999,-458.69012000000004,1475.48755
713.45026,-455.43625,1476.5750699999999
716.72485,-452.49120999999997,1477.69495
719.65143,-448.60785,1477.97437
722.2506099999999,-445.48040999999995,1477.64197
725.2178299999999,-441.95667000000003,1476.77563
727.53137,-438.85067999999995,1475.3229999999999
729.68146,-435.3898,1473.82593
731.26825,-431.5621,1471.68188
731.3620599999999,-427.18387,1468.6853
730.16418,-422.16959,1465.07129
727.3512,-418.2728,1458.55737
725.58246,-415.39096,1450.40234
725.08099,-412.53348,1440.86987
726.33447,-409.83484,1430.95105
726.88562,-406.39279,1420.74731
728.46637,-403.68878,1410.0557900000001
731.07886,-401.04697000000004,1400.43311
735.6881099999999,-399.68216,1392.94739
740.73718,-399.59552,1388.00098
745.6582599999999,-401.06754,1385.00403
751.12036,-403.19806,1383.66272
755.2466400000001,-405.50256,1382.43054
759.32507,-407.53595,1382.91089
761.36731,-407.60364,1385.05859
764.0867900000001,-407.73795,1388.81812
767.09888,-407.16916000000003,1393.58105
769.65192,-405.51193,1400.32605
772.55463,-404.15646,1407.6684599999999
775.20435,-402.76791000000003,1415.46765
777.6978799999999,-401.48593,1423.03577
780.22614,-400.18747,1429.89685
782.76758,-399.33966000000004,1436.41626
786.3192700000001,-398.48062000000004,1442.93115
788.23608,-397.38968,1448.77686
791.99579,-396.61569,1454.05457
795.17224,-395.71805,1459.24646
798.02716,-394.50476000000003,1463.95032
800.46136,-394.02313,1468.13245
803.36438,-393.76202,1472.1814
805.5555400000001,-393.12987999999996,1475.99622
807.28674,-392.79123,1479.49341
809.16309,-392.75699,1481.1416
811.00909,-392.25952,1482.92627
812.2092299999999,-392.47598,1483.42639
814.10406,-392.79846000000003,1483.3646199999998
816.39581,-393.63062,1482.58179
817.32336,-394.89545,1480.44263
817.93085,-396.72195,1477.63745
819.72198,-398.36804,1474.27283
820.12354,-400.59418,1469.3021199999998
820.79742,-403.07538,1464.14148
821.24286,-405.09472999999997,1458.22632
822.59222,-407.35806,1452.3858599999999
822.66913,-410.52136,1444.89636
822.71765,-412.72461,1437.80127
822.45099,-415.14703,1430.15112
822.6041299999999,-417.22565,1422.37915
821.94763,-419.34412000000003,1414.0773900000002
821.9320700000001,-420.75255999999996,1405.2504900000001
821.60535,-421.95282000000003,1396.06396
822.64825,-422.65167,1386.96533
822.9118,-423.02527000000003,1377.61841
823.73315,-423.24199999999996,1369.66895
825.47296,-423.18917999999996,1363.0792199999999
826.23163,-423.50134,1358.25012
827.13409,-423.13912999999997,1356.66455
827.28052,-422.72879000000006,1357.31567
827.4895,-422.04276,1360.67126
827.97308,-420.84738,1365.47229
828.15479,-419.61835,1371.52698
827.9038099999999,-417.67615,1378.5531
828.3606599999999,-416.58124,1386.5603
828.99695,-414.67708999999996,1395.1127900000001
829.19348,-413.64734,1404.0870400000001
828.89978,-411.88095,1412.76208
829.46729,-411.13135,1421.75745
829.3779900000001,-410.24194,1429.8936800000001
829.02991,-409.65072999999995,1437.84204
828.38959,-408.66602,1444.84668
828.19092,-408.71188,1450.75842
828.43481,-408.5282,1455.49573
827.90857,-408.17041,1459.32385
827.71149,-408.16086,1462.1106
828.02112,-408.3754,1463.61694
828.2735,-408.3634,1464.5588400000001
828.46246,-408.81165,1464.50061
828.9393299999999,-409.12851,1463.71973
829.1983,-409.09576,1462.77258
829.91052,-409.40567000000004,1460.9552
830.82208,-409.16098,1458.60779
831.12488,-408.96375,1455.77917
830.888,-408.53078999999997,1452.70056
831.02704,-407.98999,1448.62671
831.28412,-407.29677999999996,1444.15295
831.659,-406.89538999999996,1439.12158
831.8065799999999,-405.62045,1433.00842
831.56378,-404.89481,1427.14111
832.58734,-404.08524,1421.46863
833.73425,-403.74689,1416.02563
834.72198,-403.33829,1411.2843
835.8041400000001,-403.25293,1406.87146
836.89679,-402.37369,1404.16895
837.91138,-400.63431,1404.28967
838.86426,-399.00064,1405.63489
838.71417,-397.19559,1408.69873
839.86365,-395.88907,1412.8460699999998
839.5238,-394.37473,1417.97437
839.99603,-393.20901000000003,1423.1286599999999
840.57928,-391.50237999999996,1429.40491
840.4653300000001,-389.84348,1435.55554
840.67749,-387.74796000000003,1441.65784
840.3575400000001,-385.97745,1446.8302
839.71069,-383.95984,1451.78259
838.23517,-382.14926,1454.80847
836.20862,-380.31616,1457.15515
835.2631200000001,-379.59402,1458.7794199999998
833.9721099999999,-380.10532,1458.73401
832.90118,-381.58838,1458.22522
831.20514,-384.16766,1456.6856699999998
829.5481599999999,-387.23648,1453.9442099999999
829.02063,-391.19409,1451.5293
826.7409700000001,-394.77551,1447.87
825.38055,-397.63718,1444.25806
823.88629,-400.1506,1440.7576900000001
821.36243,-402.08926,1436.2097199999998
819.4325,-403.75417999999996,1431.55249
817.0921,-405.48224,1426.3541300000002
814.83893,-406.9512,1420.17932
812.6856700000001,-408.43268,1413.28381
810.4599,-411.48547,1405.71143
808.44751,-413.32166,1397.33545
806.05743,-416.52216,1388.4813199999999
804.78815,-420.36475,1379.81775
803.03839,-424.24685999999997,1371.63086
801.7155799999999,-428.55524,1365.12231
800.00525,-432.52814000000006,1360.41626
798.37146,-435.38070999999997,1358.79822
795.79175,-438.3588,1359.59534
793.87305,-442.31302,1361.65405
791.15088,-445.38974,1365.56604
788.52722,-448.52722,1370.5094
786.25238,-451.57285,1376.50635
784.19489,-454.61987,1383.38831
781.96722,-457.52274000000006,1391.10498
779.9205900000001,-460.94431,1399.63318
777.9306,-464.61107999999996,1408.6965300000002
775.53247,-467.95508,1417.6593
772.8091400000001,-471.3501,1426.60254
770.6637,-474.57968,1435.68054
768.05066,-477.67870999999997,1444.0743400000001
766.01495,-480.31982,1451.9050300000001
764.12207,-483.11917,1458.69189
761.77228,-485.19312,1464.70349
760.13599,-487.46472,1469.40881
758.7793,-489.36234,1472.8624300000001
757.41553,-491.53775,1475.77795
756.01172,-494.14235999999994,1477.3226300000001
754.52997,-496.46942,1477.68848
752.98584,-499.21160999999995,1477.75586
751.24316,-502.39929000000006,1476.87781
748.5838,-505.61987,1475.55701
746.26105,-508.56085,1473.37781
743.2344400000001,-511.73846,1470.8944099999999
739.71637,-515.2567700000001,1467.88062
736.5853900000001,-518.61096,1464.51135
733.03162,-521.84406,1460.3186
728.84766,-525.99597,1456.06506
725.36157,-529.23663,1450.70105
720.60919,-532.44458,1444.93762
716.31116,-535.28278,1438.05981
711.4667400000001,-538.83069,1430.19592
706.60815,-541.55743,1420.86975
702.26703,-544.18262,1411.02954
697.39008,-547.77643,1399.87036
692.78607,-551.6032700000001,1388.7023900000002
688.4121700000001,-556.31696,1377.62036
684.3005400000001,-560.8887900000001,1366.63245
679.20844,-565.23236,1356.10876
675.1217,-569.59253,1347.1738300000002
671.01849,-573.66351,1341.36841
666.11963,-577.96765,1338.90149
662.77692,-581.58405,1338.83179
659.92505,-585.22113,1340.3228800000002
656.76526,-589.12146,1343.24707
656.10541,-593.21088,1346.49524
655.97443,-596.90369,1349.9207800000001
657.68005,-600.5369900000001,1354.18774
658.43719,-603.90198,1358.48901
660.4243799999999,-606.77325,1363.13293
662.7196,-609.40247,1368.74207
664.96063,-611.6148099999999,1375.53503
666.29987,-613.25293,1383.24707
666.91724,-614.31976,1392.11658
666.98236,-615.53937,1402.32605
666.547,-616.5328400000001,1413.5842300000002
666.24603,-616.91632,1424.57715
665.7019,-617.23596,1435.8486300000002
665.7488400000001,-616.82397,1445.9917
666.76105,-616.55322,1455.71423
667.6297599999999,-615.84387,1464.4906
669.21906,-615.3933099999999,1472.46436
671.57831,-615.11951,1479.08789
672.68903,-614.578,1484.82764
674.4364,-614.07666,1489.7020300000001
675.98083,-613.67737,1493.36096
676.76776,-613.50397,1496.11536
677.1731,-613.07263,1498.13916
676.92474,-613.35321,1498.5949699999999
676.80292,-613.61847,1498.71265
676.5639,-613.63165,1498.65247
675.50653,-613.63843,1498.06006
674.1202400000001,-613.67908,1496.03564
673.6295200000001,-613.44336,1494.37244
672.7932099999999,-613.2724599999999,1491.6934800000001
672.05511,-612.3431400000001,1488.76099
671.70862,-611.56696,1485.13428
671.37274,-610.04138,1481.2758800000001
670.34082,-608.7935200000001,1476.84851
669.72784,-607.5631099999999,1471.86853
668.69916,-606.09589,1466.76978
667.23877,-604.8278799999999,1460.30127
666.21295,-603.11511,1453.99731
664.69379,-601.29791,1446.15625
663.71271,-599.91174,1437.3313
662.98932,-598.64972,1427.8112800000001
662.72375,-597.61755,1417.76526
661.83154,-596.35229,1407.13208
662.04645,-595.37897,1395.41357
662.3093299999999,-594.6542400000001,1383.6453900000001
662.6814,-594.30646,1372.12024
663.86798,-593.5382099999999,1360.6773699999999
664.70087,-593.21484,1349.74731
666.3958700000001,-592.62445,1339.59448
668.31171,-592.5545,1330.7981
671.1096200000001,-592.1918900000001,1322.86816
674.36151,-592.18604,1316.83679
677.7309,-591.56024,1312.84204
681.61078,-590.7287,1311.18677
685.29626,-590.04773,1311.28467
688.90143,-588.7836900000001,1313.3103
693.0946700000001,-587.39301,1316.91565
696.2764900000001,-586.5061,1322.69214
699.63818,-585.8468,1329.56177
702.91541,-584.9343299999999,1337.6262199999999
706.64935,-583.76923,1346.20215
709.27039,-583.03705,1355.3627900000001
713.11591,-582.2846099999999,1364.8739
715.97748,-581.04773,1374.93347
718.50848,-579.98303,1384.526
721.40735,-578.63568,1394.3175
724.95386,-577.45551,1404.01697
727.40747,-575.5075099999999,1413.47815
730.88806,-573.72443,1421.93396
733.7178299999999,-572.89172,1429.59314
737.1283599999999,-570.72961,1437.04297
740.5613400000001,-569.28912,1444.23462
742.66254,-567.93115,1450.13782
745.44745,-566.98724,1454.80139
747.66772,-565.75598,1459.2124
750.32526,-564.8053,1462.41431
751.76135,-563.95709,1464.8809800000001
753.80646,-563.00537,1466.04663
754.86243,-563.06458,1466.10547
756.63757,-562.17017,1464.96301
758.21021,-561.5025,1462.76587
759.0480299999999,-561.51337,1459.25061
761.4177900000001,-561.49231,1455.31653
762.53986,-561.31897,1450.33972
763.70978,-561.0541400000001,1444.73206
764.9104,-560.9649,1438.78064
765.86176,-560.6240799999999,1432.66357
767.20795,-560.1055299999999,1425.63843
767.99921,-559.30603,1418.28601
768.77435,-559.10352,1409.96704
770.37073,-557.46594,1400.75659
772.13147,-556.47833,1391.276
773.79651,-555.05548,1381.63464
775.79773,-554.60638,1371.88025
777.67957,-554.25787,1362.86194
780.58447,-554.08258,1355.6886
784.8129299999999,-553.95514,1350.9586199999999
787.70514,-553.04944,1348.82544
791.6934200000001,-551.5542,1349.41565
793.69525,-550.86041,1351.87939
795.78571,-550.6228,1355.93396
798.12933,-550.24103,1361.55493
799.5029900000001,-550.36646,1368.13562
800.4538,-550.28931,1376.16516
801.84198,-550.91815,1385.1051
802.36493,-552.02661,1394.65381
802.89795,-552.63013,1404.05273
803.8362400000001,-553.6676,1414.22937
804.9309099999999,-554.0786099999999,1423.94263
806.66437,-554.40155,1433.50256
808.3369799999999,-554.80737,1442.64111
810.2504299999999,-554.78674,1451.3798800000002
812.74506,-554.9281,1459.94226
814.73108,-554.58313,1467.33691
817.5137900000001,-554.68109,1474.77185
819.83246,-554.3467400000001,1481.2782
822.90863,-553.93475,1486.8985599999999
824.55969,-553.92896,1491.48767
827.52679,-553.3894,1495.22253
830.12915,-553.42493,1497.6051
832.2800900000001,-553.86407,1499.5620099999999
834.75946,-553.755,1500.1145
836.73151,-554.00824,1500.0802
839.8489999999999,-554.29645,1499.40906
841.31708,-554.69537,1498.2562300000002
843.2570199999999,-554.4390900000001,1496.23474
845.4821800000001,-554.7356599999999,1493.44727
847.80035,-555.05243,1489.98535
849.34473,-555.20703,1485.93591
851.19611,-555.586,1481.5317400000001
853.23969,-555.70276,1476.05945
854.4603300000001,-556.3034700000001,1470.5708
856.0589,-556.6877400000001,1463.79102
857.38635,-556.8172,1456.75513
859.13312,-557.8172599999999,1449.19629
860.4027699999999,-557.63745,1440.40234
861.4259599999999,-558.38013,1430.97314
862.8259300000001,-558.07098,1421.1425800000002
864.2814900000001,-558.58575,1411.104
865.98547,-559.15234,1401.03052
867.91663,-559.81396,1391.55115
869.80664,-560.61353,1382.9266400000001
871.72198,-561.5993,1375.85254
874.1806,-561.55621,1370.99622
877.02087,-560.7995,1368.78638
878.7633699999999,-559.98645,1368.4292
881.33386,-558.86755,1370.30896
883.06024,-557.85461,1373.60657
885.7451800000001,-556.84155,1378.5148900000002
887.1959199999999,-555.61035,1384.9749800000002
888.21832,-554.3582200000001,1392.62305
889.50006,-553.448,1401.3270300000001
889.9636800000001,-552.69635,1411.05945
890.6062599999999,-552.16974,1421.00024
890.56067,-551.3109099999999,1430.95044
890.23193,-550.83173,1440.35059
889.2570800000001,-550.26459,1449.81799
888.94928,-549.4657,1458.39111
888.51898,-548.88208,1466.51379
888.3961800000001,-548.19708,1473.06177
887.9155900000001,-547.62158,1479.28345
887.4694800000001,-546.83215,1483.87524
888.05341,-546.5188,1487.78577
886.6831699999999,-546.84009,1490.19849
886.54346,-546.7914400000001,1491.67419
886.3338,-547.2325400000001,1492.38464
885.32928,-548.20605,1491.8129900000001
885.01666,-548.5762900000001,1491.28882
883.68286,-549.46161,1489.79895
883.01959,-549.86517,1487.86768
881.56714,-550.45148,1485.64355
880.17334,-551.1405599999999,1483.05945
878.5590800000001,-551.78766,1479.4863300000002
876.58545,-552.79309,1475.32971
874.4588,-553.7142299999999,1470.7192400000001
871.7679400000001,-554.4028900000001,1465.62109
869.8927,-555.69336,1459.35107
867.1370800000001,-556.5816,1452.36938
864.70575,-558.12518,1444.53699
861.98773,-559.34186,1436.09082
859.0040300000001,-560.49774,1426.96375
856.60553,-561.93921,1417.65479
853.36096,-563.9241900000001,1408.25696
850.88458,-565.3172,1399.48315
848.64447,-567.07635,1391.7011699999998
846.66541,-568.47516,1385.37073
845.3074300000001,-569.5387,1381.2264400000001
844.43579,-569.89551,1379.04846
842.22156,-570.62225,1379.23999
840.69244,-571.22144,1381.54944
838.83551,-571.94598,1385.41907
837.0224,-572.42834,1390.40625
836.14825,-572.66583,1396.8872099999999
834.0954,-572.9157700000001,1403.94824
832.3103,-573.30011,1411.70398
830.75873,-573.68427,1420.24707
829.51355,-574.26013,1428.7381599999999
828.14551,-574.7406,1437.05432
826.77338,-575.0318,1445.02246
826.11523,-575.10004,1452.4478800000002
825.39136,-575.50732,1459.49524
824.97949,-575.3656,1465.83044
825.3570599999999,-575.0573099999999,1471.55847
825.3616900000001,-574.8774400000001,1476.30115
826.0222200000001,-574.44965,1480.51624
826.58942,-573.73541,1483.2512199999999
827.04382,-573.1405599999999,1485.74475
827.81287,-572.81598,1487.06799
828.28748,-572.38477,1487.2489
828.80176,-572.21368,1487.28992
829.4007,-572.34833,1486.25256
829.8081099999999,-572.55878,1485.0498
829.5730599999999,-572.79987,1482.6322
829.44958,-573.07642,1479.8291
829.4418900000001,-573.29755,1476.21167
829.10596,-573.2356599999999,1472.14844
829.97131,-572.58649,1467.6082800000001
829.99603,-572.65607,1462.0194099999999
829.81262,-572.47223,1456.25525
830.3489400000001,-572.25781,1448.98425
830.49072,-572.13446,1441.36169
831.54138,-571.21466,1433.20313
832.3743900000001,-570.7569,1423.97339
833.55011,-570.39575,1414.6298800000002
834.98859,-569.99011,1405.1851800000002
836.25256,-569.2310200000001,1395.7951699999999
838.5183099999999,-569.56683,1387.2345
839.8162199999999,-568.83112,1379.4249300000001
842.3403900000001,-568.5928299999999,1372.97168
844.21832,-567.49353,1369.05774
846.7819199999999,-565.9024,1367.4271199999998
848.17706,-564.76862,1368.08545
848.7004400000001,-563.95953,1370.9851099999998
850.33514,-563.09528,1374.93689
851.6312300000001,-562.49518,1380.77551
852.6845099999999,-561.4146099999999,1387.7396199999998
853.38885,-560.88098,1395.41833
853.8975199999999,-560.34473,1404.3576699999999
854.0413800000001,-559.83136,1413.55615
854.67175,-559.35291,1423.14026
854.17151,-558.68494,1432.3065199999999
853.8259300000001,-558.12073,1441.1012
853.4680800000001,-557.38226,1449.46301
853.50092,-556.79669,1456.81775
852.63446,-555.79858,1462.77576
852.21057,-555.33173,1468.3812300000002
852.19159,-554.75409,1472.45251
852.0709800000001,-554.6355599999999,1476.00818
852.0191699999999,-554.44434,1478.39014
852.0576800000001,-554.3186,1479.81226
851.87085,-554.64478,1480.65173
851.41565,-554.94696,1480.69873
850.79749,-555.28998,1480.06226
850.78394,-555.86084,1479.18311
850.1746800000001,-555.70526,1477.7055699999999
849.6311,-556.03906,1475.24988
848.30072,-556.22998,1472.09875
847.67798,-556.56934,1468.49536
847.06561,-556.7656900000001,1463.98315
847.01532,-556.73975,1458.66748
846.68701,-557.18445,1452.21545
846.5125099999999,-557.4173599999999,1445.24609
846.19641,-557.677,1436.55615
845.8190300000001,-558.0131200000001,1427.07068
845.14813,-558.8939799999999,1416.92969
845.25146,-559.93103,1406.95801
844.05011,-561.17224,1396.5815400000001
844.65814,-562.97223,1386.64844
843.8657199999999,-564.81238,1377.75269
842.7227800000001,-566.8894700000001,1370.33252
842.2108199999999,-568.13275,1365.22095
841.2725199999999,-568.72235,1362.5167199999999
839.21338,-569.7755099999999,1362.34985
837.49084,-570.84485,1363.8269
836.39368,-572.44312,1366.84241
835.27496,-573.01508,1371.21082
833.99194,-574.1217,1377.30811
832.9408599999999,-574.87604,1384.29822
831.66931,-575.87445,1392.88562
830.70929,-576.87366,1402.46851
828.77063,-577.7788099999999,1412.49341
826.62854,-579.16797,1422.36389
825.62823,-579.76508,1432.88281
823.4731400000001,-580.33875,1442.69458
821.95331,-580.8807400000001,1451.6749300000001
821.39844,-581.37286,1460.23218
820.39844,-581.29358,1467.18811
819.6043099999999,-581.6159700000001,1473.13049
819.24695,-581.79022,1477.93604
818.8911099999999,-582.35217,1482.00513
818.08478,-582.71033,1484.82898
817.74377,-583.85864,1486.8868400000001
817.14264,-584.66675,1488.2437699999998
815.81482,-585.5658599999999,1489.2807599999999
814.52155,-586.8149400000001,1489.62769
813.50226,-587.71362,1489.26172
812.56683,-588.30542,1488.5835
811.27454,-589.3078,1487.47607
809.35992,-590.30103,1485.4682599999999
808.50909,-590.8994799999999,1482.98035
807.34882,-591.82355,1479.62488
806.72406,-592.6156,1475.58313
805.47253,-593.66718,1470.51538
804.9068599999999,-594.0067700000001,1465.0180699999999
803.2484099999999,-595.02411,1458.74365
803.84741,-595.56989,1451.47717
802.75598,-595.99011,1443.32678
803.08588,-596.52179,1434.05457
802.63928,-596.91864,1424.39429
803.01886,-597.6062,1413.93115
802.95074,-598.19781,1403.2011699999998
803.56482,-599.31848,1392.80896
804.0468099999999,-600.2081900000001,1382.98474
804.3242799999999,-601.31384,1374.59766
805.59601,-602.56775,1367.64185
805.91327,-603.36694,1363.3844
806.14917,-603.37897,1361.44531
806.34717,-603.70148,1362.70361
806.39075,-603.8612099999999,1365.42639
805.9279799999999,-604.13141,1369.77161
805.23376,-604.7027,1375.8425300000001
805.54987,-604.42535,1383.25513
804.4476900000001,-604.604,1392.0697
803.98517,-604.7746599999999,1401.75818
802.7995,-604.73596,1412.125
801.16223,-605.40515,1422.8002900000001
799.59546,-605.46008,1433.68909
798.01849,-605.5493799999999,1444.62183
795.53973,-605.62872,1454.94873
793.6773099999999,-605.45752,1464.44263
792.1325099999999,-604.80847,1473.5282
789.91925,-604.7951,1481.73535
789.33807,-604.2511,1489.02393
787.2204,-603.9852900000001,1495.0562699999998
786.42249,-603.7846099999999,1500.06116
784.80609,-604.03412,1503.93396
783.7077,-604.20935,1506.67395
782.1075400000001,-605.0495599999999,1508.3270300000001
781.48633,-605.2583599999999,1509.22803
779.6238400000001,-605.8969099999999,1509.20959
778.04199,-606.73419,1508.32483
776.3716400000001,-607.50714,1507.21301
775.04883,-607.6272,1505.6226800000002
773.23975,-607.72125,1502.89758
771.18781,-608.10992,1499.9137
770.3736,-608.25012,1496.16467
767.87103,-608.87213,1491.7874800000002
766.55151,-609.13086,1486.8641400000001
764.64075,-609.5939900000001,1480.57349
763.48517,-609.54785,1474.3288599999998
762.0116,-610.03888,1466.7644
760.07275,-610.50305,1459.00635
758.14575,-610.59528,1449.8009
756.60583,-610.8009,1440.05518
755.12207,-610.92487,1429.55872
753.14655,-611.26385,1419.29272
751.1402,-612.1700400000001,1408.7169199999998
748.3817700000001,-613.23352,1398.34961
747.60388,-614.8929400000001,1389.07898
744.4581900000001,-616.12854,1380.3541300000002
743.26501,-617.8702400000001,1373.7179
741.78491,-618.22595,1369.3595
740.91272,-618.10352,1367.33948
740.26263,-617.92609,1368.4238300000002
739.76727,-617.83862,1371.01306
738.68982,-618.1944599999999,1375.2249800000002
739.00433,-618.15411,1381.37891
738.02972,-617.8580900000001,1388.69983
736.93805,-617.73987,1397.27136
735.61115,-618.01526,1406.71606
733.71613,-617.59857,1416.93237
731.40558,-617.6610099999999,1427.02649
729.48132,-618.06079,1437.07227
727.58984,-618.14258,1446.94812
725.56354,-617.95776,1456.9116199999999
723.55975,-618.44751,1465.8613300000002
722.11816,-618.47137,1474.54285
720.57208,-618.7362099999999,1482.34827
720.06445,-618.19525,1489.22156
719.96082,-618.15375,1495.08765
719.58258,-618.0004299999999,1500.05933
719.3901400000001,-618.10339,1504.00415
719.46521,-618.1734,1507.22791
718.90625,-618.10406,1509.4434800000001
717.81354,-618.21625,1510.7722199999998
716.83093,-618.77832,1511.00281
716.07892,-619.09497,1510.88562
715.42603,-619.60321,1509.5365
713.75146,-620.2575099999999,1507.92505
712.6082200000001,-620.4372599999999,1505.48669
711.7644,-621.14771,1502.87927
710.74573,-621.61658,1499.2889400000001
709.08752,-622.30182,1494.91406
707.93884,-622.6351900000001,1490.27881
705.70447,-623.40704,1484.2594
705.17767,-624.19031,1477.72754
703.20166,-624.6705900000001,1470.48828
701.92706,-625.43164,1462.2703900000001
700.70929,-625.73059,1453.67102
698.95282,-626.94708,1444.84485
697.53253,-627.7764900000001,1435.31213
696.1517299999999,-628.59033,1425.8701199999998
694.55493,-630.12628,1416.73657
692.72614,-631.7475599999999,1407.90405
691.37067,-633.4056400000001,1400.2313199999999
690.16998,-635.44159,1393.53406
689.7674,-636.55273,1389.19275
690.15436,-637.1449,1387.05554
689.77185,-637.6027799999999,1386.7644
689.40131,-638.05963,1388.03833
689.55469,-638.4259599999999,1390.33997
688.7941900000001,-639.02405,1394.15515
689.78986,-638.95587,1398.9995099999999
689.31921,-639.35046,1405.65283
689.22485,-639.53955,1412.52283
688.67761,-639.75122,1419.81177
689.09607,-639.96143,1427.32056
688.6088900000001,-640.06152,1434.8300800000002
688.0253299999999,-639.9719200000001,1442.2631800000001
687.13629,-640.3949,1448.6358599999999
686.50793,-640.13367,1454.39197
686.6614400000001,-640.19678,1459.69214
686.70551,-640.6344,1464.15906
686.96472,-640.7905900000001,1467.60486
686.86115,-640.97589,1470.22485
686.3200099999999,-641.60901,1471.5012199999999
686.20215,-641.95514,1472.49829
685.53467,-642.80164,1472.43555
684.0210599999999,-643.63446,1471.24207
682.18848,-644.60333,1469.5332
680.7830799999999,-645.82642,1467.44446
679.0686599999999,-646.57977,1464.41211
677.5744,-647.24188,1460.98413
675.79126,-647.93536,1457.1110800000001
675.30377,-648.5742799999999,1452.1897
673.93713,-649.02081,1446.78601
672.87579,-649.32849,1440.77966
672.15527,-649.74414,1434.62915
671.16571,-650.46643,1427.78162
671.38861,-651.1610099999999,1420.61792
671.31915,-651.53711,1413.5083
670.39594,-652.72742,1406.00195
670.27441,-653.5351,1398.88464
669.3867799999999,-654.36316,1392.24646
668.73901,-655.05115,1386.44958
668.6922599999999,-655.93732,1381.6127900000001
669.19812,-656.49017,1378.0957
668.8648099999999,-656.92609,1376.50439
669.0563400000001,-657.20215,1376.75928
669.3786,-657.37323,1378.12488
669.2792400000001,-657.18665,1380.87476
668.63293,-657.1456900000001,1384.12097
668.28546,-656.6441,1387.94604
668.07257,-656.09149,1391.55444
667.66071,-655.31708,1395.26746
667.1805400000001,-654.46582,1399.37573
665.65515,-653.8073099999999,1403.1699199999998
665.51495,-653.52356,1406.43237
663.76263,-653.15765,1410.12305
661.78381,-652.7524400000001,1413.6611300000002
659.94452,-652.74634,1416.80359
658.09119,-652.8161,1419.3002900000001
655.72266,-652.5744599999999,1421.7050800000002
653.8967299999999,-652.6749900000001,1423.59668
652.99237,-652.5736099999999,1425.39734
650.93439,-652.3200099999999,1426.54871
649.7641,-652.40491,1427.13525
648.5435200000001,-651.88776,1427.6701699999999
647.86707,-651.68457,1427.47388
647.70953,-651.3881200000001,1426.95667
646.99597,-651.33868,1425.69678
647.18237,-650.8905599999999,1424.1311
647.5692700000001,-650.67609,1421.86304
647.9757099999999,-650.30908,1419.32593
648.49609,-650.11877,1416.45667
648.8465,-649.95538,1413.46777
