X10,Y10,Z10
757.9137,79.70889,963.6369599999999
751.86658,82.33221,963.6301900000001
748.2993799999999,83.91663,963.68854
744.9613,85.28739,963.6560099999999
742.06073,86.67116999999999,963.55865
738.39337,87.90096,963.70929
735.4820599999999,89.15649,963.68707
732.41339,90.11986999999999,963.8563199999999
729.2981,91.24139,963.64728
726.2497599999999,92.06419,963.7768599999999
723.28705,92.90621999999999,963.6429400000001
720.45343,93.47314,963.7813699999999
718.23163,93.78522,963.44568
715.13672,94.15706,963.47778
712.96857,94.37836,963.40161
710.47107,94.51649,962.98773
708.44513,94.31087,962.7850300000001
706.2605,93.97235,962.75854
704.08508,93.87741,962.5767199999999
701.94757,93.87241,962.44574
700.23492,93.57539,962.5083599999999
697.97504,93.38231,962.57391
696.1458700000001,93.67374000000001,962.5894800000001
694.53088,93.76355,962.8286099999999
692.4581900000001,93.68732,962.87781
690.6394,93.44453,963.27856
688.31018,93.68841,963.49591
686.71863,94.2622,963.84064
685.18127,94.34451,964.19611
683.1521,94.63233000000001,964.3878800000001
682.1234099999999,94.63954,964.88684
680.20032,94.89001,965.0676300000001
678.8969099999999,94.84295999999999,965.1818199999999
676.8562,95.15943,965.2648300000001
675.45459,95.06949,965.3991699999999
674.04291,95.46181,965.49365
672.84796,95.22851999999999,965.02759
671.39423,95.1666,964.9931
670.12732,95.28005999999999,964.90045
668.8847,95.0186,964.5999800000001
667.8532700000001,94.97225999999999,964.5582300000001
666.3467400000001,94.98694,964.2711199999999
665.38959,94.93219,964.20203
664.12933,94.80423,963.96204
662.84363,94.50742,963.82666
662.13367,94.42771,963.6854900000001
661.5336900000001,94.50135999999999,963.58923
660.40472,94.14108,963.2896699999999
659.94037,94.12094,963.2675199999999
658.77527,93.91226999999999,963.11603
658.35229,93.90128,963.2768599999999
657.8720099999999,93.62668000000001,963.3892199999999
657.23407,93.62205,963.35907
656.7780799999999,93.32431,963.5119599999999
656.38171,93.35792,963.5405300000001
655.8924,93.2349,963.76855
655.6080900000001,92.96542,963.8512
655.33105,92.73444,963.9580699999999
655.18457,92.62233,963.8928199999999
654.78265,92.6077,963.8702400000001
654.73492,92.43819,963.84406
654.66492,92.09907,963.7484699999999
654.62567,91.9482,963.6629
654.59137,91.93513,963.5999800000001
654.4223,91.70694,963.4752199999999
654.36932,91.37225,963.2420699999999
654.16943,91.257,963.2384599999999
653.97333,91.18356,963.1460000000001
653.92993,91.10076,963.1649199999999
653.86072,91.05915,963.1699800000001
653.77441,90.90381,963.20215
653.7746599999999,90.82365,963.2498199999999
653.8095099999999,90.52877,963.05988
654.11438,90.15179,962.96484
654.36456,89.94206,962.96906
654.33643,89.5178,962.83783
654.0228900000001,89.14429,962.83545
654.04193,88.63028,962.96277
654.30029,88.19098000000001,962.73315
654.77521,87.60059,962.64301
654.95447,86.91535999999999,962.5658599999999
654.94299,86.26876,962.44702
655.13708,85.44282,962.3878199999999
655.7674,84.41946999999999,962.3317900000001
656.41498,83.79571999999999,962.44214
657.12469,82.62772,962.22815
657.51007,81.89354,962.14307
657.58722,81.01098,962.27179
658.65057,79.82431,962.26245
659.1856700000001,78.70100000000001,962.37134
659.62054,77.69954,962.4884599999999
660.18469,76.6442,962.4174199999999
660.71265,75.50026,962.37408
661.4554400000001,74.35516,962.3703
661.90253,73.04358,962.35016
662.1877400000001,71.69986,962.47656
662.78497,70.51718000000001,962.54645
662.98926,69.24661,962.44281
663.5208700000001,67.83530999999999,962.1831699999999
664.4397,66.39265,962.29297
665.02258,64.77415,962.3936800000001
665.48041,63.30035,962.4011199999999
665.82422,61.77328000000001,962.48059
666.43164,60.16871999999999,962.42084
666.68781,58.91423,962.5800199999999
667.52869,57.13446999999999,962.72546
668.44519,55.32751999999999,962.51886
668.84546,53.75942,962.3961800000001
668.9470200000001,52.66455,962.2650800000001
669.9314,50.83202,962.12714
670.5993,49.3811,961.9612400000001
670.94183,48.068000000000005,961.69702
672.05908,46.17341,961.1519199999999
673.13007,44.55226,960.89825
673.93243,43.32963,960.45526
675.15088,41.6197,960.2185099999999
676.21802,40.05356,959.8879400000001
677.57037,38.400059999999996,959.43213
679.29767,36.64573,959.5773300000001
680.85638,35.112190000000005,959.12671
682.27594,33.2918,959.3450300000001
683.97308,31.216959999999997,959.1731599999999
685.71979,29.51264,959.5824
687.17926,27.52215,959.7805800000001
688.95868,25.224729999999997,960.1137699999999
690.3299599999999,22.80898,960.36328
691.87714,21.01747,960.89813
693.18256,18.92791,960.9731400000001
695.0777,16.69823,961.1962900000001
696.28827,14.17397,961.7813699999999
697.38892,12.30604,962.05933
698.5314900000001,9.97134,962.14392
700.02075,7.50771,962.06171
700.80182,5.81763,961.98047
701.23645,3.6993699999999996,961.62756
702.6693700000001,1.7000099999999998,961.4235800000001
703.07898,-0.53099,960.6226800000001
703.80945,-2.30527,960.0438199999999
704.25708,-4.09039,959.47778
705.3939799999999,-6.20771,958.25537
705.9930400000001,-8.23874,957.3172599999999
706.84717,-10.00313,956.0918
707.7348,-11.834710000000001,955.3245800000001
708.81097,-13.60714,954.09125
709.7758200000001,-15.689160000000001,953.20068
710.62921,-17.21445,952.2325400000001
711.85284,-19.1738,951.6131
712.76935,-20.777839999999998,950.7968099999999
714.30048,-22.404420000000002,950.9710699999999
715.6884200000001,-23.374229999999997,951.1895099999999
717.40161,-25.05963,951.89575
717.5097,-25.530620000000003,952.3601699999999
718.7665400000001,-26.76326,953.3507699999999
719.98914,-27.779059999999998,954.37085
721.32751,-29.09137,955.84869
722.638,-30.149420000000003,957.3399
723.81616,-31.40182,958.89764
724.6120599999999,-32.18634,960.8814699999999
725.47223,-33.253190000000004,962.77185
726.47858,-34.27604,964.7946800000001
726.95746,-35.17112,966.8923300000001
727.98065,-36.37328,968.50214
727.9653900000001,-36.67843,970.20685
728.5849,-37.29912,972.01886
728.6487400000001,-38.2735,973.69
729.2545200000001,-38.81268,975.3999
729.6628400000001,-39.36739,976.39905
731.0111099999999,-40.587759999999996,977.51898
731.1301900000001,-40.707840000000004,978.2750900000001
731.91479,-41.21589,978.99738
732.64459,-41.660920000000004,979.4118
734.18335,-42.74479,979.82465
734.9757099999999,-43.28175,979.5668900000001
735.83649,-43.94553,979.37085
737.11365,-44.94103,979.07275
738.43457,-45.36674,978.59741
739.17603,-45.78637,978.05707
740.1427,-46.22985,977.4735699999999
741.27576,-46.34474,977.01141
742.3469200000001,-46.47119,976.5700699999999
742.83301,-46.26828,975.88025
743.4741799999999,-46.117090000000005,975.51166
744.25867,-46.18817,975.3969099999999
745.0690900000001,-45.92305,975.42853
745.14465,-45.620459999999994,975.6989699999999
745.56317,-45.53184,976.08655
746.1556400000001,-45.84406,976.71405
745.5105,-45.14626,976.73151
746.0376,-45.27247,977.6618699999999
746.1543,-45.53995,978.48468
746.7755099999999,-45.76432,979.0980199999999
747.57391,-46.239340000000006,979.88812
747.74823,-46.79228,980.4129
748.39032,-47.23402,980.7471300000001
748.70825,-47.7228,981.53516
748.98334,-48.09333,981.68585
748.91522,-48.86525,981.6173699999999
749.0061,-49.49837,981.64166
749.0105,-49.96508,981.2100800000001
749.07587,-50.16469,980.93799
749.19208,-50.61935,980.02295
749.33209,-50.67968,978.97589
749.14063,-50.772290000000005,978.0097
749.35028,-50.71817,976.7199699999999
749.59747,-50.91813,975.7239400000001
749.52588,-50.69115,974.26599
749.6956799999999,-50.76507,972.8629199999999
749.8587,-50.76331,971.7576300000001
750.15698,-50.68013,970.57715
750.11127,-50.64548,969.7208300000001
750.7153900000001,-50.7371,968.95685
750.6521,-50.59778,968.46155
751.0480299999999,-50.688,968.1937300000001
751.3371,-50.70258,968.36682
751.68372,-50.35203,969.03955
751.68097,-50.16022,969.4552
751.76917,-50.101009999999995,970.4649
751.51532,-49.567009999999996,971.50262
752.00391,-49.3712,972.8510699999999
751.8963,-48.98411,974.2067900000001
752.1268299999999,-48.7022,975.81635
752.3931299999999,-48.36797,977.3316699999999
752.32703,-48.08212,978.83105
752.39099,-47.9408,980.4412199999999
752.32886,-47.87812,981.88672
752.05609,-47.49228,983.31555
752.50891,-47.60006,984.5654300000001
752.52734,-47.04866,985.6400800000001
752.60956,-47.01765,986.31604
752.3255,-46.710840000000005,987.15039
752.40863,-46.56392,987.8281900000001
752.32935,-46.3275,988.0591400000001
752.39136,-45.720909999999996,988.1151699999999
752.40759,-45.76011,987.9757699999999
752.5733,-45.5562,987.6283599999999
752.31622,-45.657309999999995,986.9061300000001
752.1731599999999,-45.37968,985.7252199999999
751.83777,-45.53159,984.4273099999999
751.63605,-45.29529,982.8276400000001
751.19672,-45.507709999999996,980.71649
751.00787,-45.593790000000006,978.18573
750.59796,-45.430890000000005,975.2769800000001
750.37628,-45.253859999999996,972.00586
749.96564,-44.7648,968.1723599999999
749.55188,-44.37611,964.3195199999999
749.11938,-44.12539,960.22284
748.3467400000001,-43.57721,955.7493900000001
747.9635599999999,-43.126059999999995,951.40674
747.37378,-42.016000000000005,946.6449
746.69055,-41.1812,942.16595
745.52112,-39.836859999999994,937.88947
746.2991900000001,-38.63012,932.3364300000001
747.23511,-36.94081,927.97058
748.58173,-34.74463,923.927
748.86237,-33.31889,921.3223300000001
750.04138,-31.260240000000003,919.58514
751.36853,-29.88355,919.53906
753.60199,-27.82337,921.33459
755.13989,-26.9846,925.18146
758.05408,-26.50556,930.3245800000001
759.97095,-25.77533,936.8095699999999
762.61609,-25.40118,944.5474199999999
764.76367,-24.8128,953.14349
767.54688,-24.877860000000002,962.08905
770.28436,-25.21756,971.7135599999999
772.6007099999999,-24.939629999999998,981.5235
775.37146,-25.56651,991.30157
778.18805,-25.90285,1000.8385599999999
780.98633,-27.0197,1010.1165199999999
783.4054,-28.006059999999998,1018.98315
785.93097,-29.283079999999998,1027.22705
788.1911,-30.60295,1034.59631
790.21777,-31.93855,1041.50439
789.9569700000001,-34.68076,1046.98376
790.9711900000001,-35.97963,1052.18921
791.71417,-36.25995,1056.52002
792.68988,-36.98574,1060.04541
793.39063,-37.08222,1062.76074
793.70514,-36.82489,1064.47351
793.94623,-36.38247,1065.91772
794.59485,-35.74147,1066.7351099999998
795.13385,-35.04622,1066.7175300000001
795.2175900000001,-33.69959,1066.20349
794.68768,-32.827009999999994,1064.9314
795.28662,-31.095340000000004,1063.02771
795.5024400000001,-30.448490000000003,1060.57043
796.3894700000001,-28.93996,1057.7296099999999
796.78815,-27.96153,1054.10901
798.5020099999999,-25.65779,1049.7467
799.40344,-25.28192,1045.07349
799.6236,-24.321460000000002,1038.96802
800.19562,-23.615070000000003,1032.71094
801.0415,-23.4303,1025.427
801.74451,-22.58598,1017.69604
802.92255,-22.575020000000002,1009.3503400000001
804.13202,-22.28268,1000.5133699999999
805.73975,-22.113220000000002,991.1596699999999
807.27161,-21.662860000000002,981.44562
808.79126,-21.335279999999997,971.6248199999999
810.36432,-20.868920000000003,962.16364
811.52484,-20.19353,953.4614300000001
812.01086,-18.57724,946.17853
812.5006099999999,-16.82613,941.4787
811.6451400000001,-15.130629999999998,941.34845
810.95605,-14.55853,945.27759
809.69611,-14.350229999999998,952.0274699999999
808.03223,-14.639339999999999,960.13104
806.3494900000001,-14.83787,969.65295
805.1936599999999,-15.67864,979.20416
803.82709,-15.91949,988.7761800000001
801.9585599999999,-16.017770000000002,997.72736
800.77972,-16.78179,1006.04218
799.61011,-17.028029999999998,1013.91583
799.18854,-17.21123,1020.79584
798.539,-17.61506,1027.03137
798.30286,-17.73214,1031.84656
796.3186599999999,-19.24396,1035.1756599999999
796.52643,-19.015970000000003,1037.86169
796.91089,-18.8322,1039.48584
797.1131,-18.68528,1040.14392
797.48828,-18.581220000000002,1040.20984
798.7644700000001,-18.060589999999998,1039.89844
800.06287,-18.1925,1038.70642
801.53271,-17.805320000000002,1037.46594
803.20966,-18.05779,1035.62109
804.83173,-17.81183,1033.06604
806.7746,-17.82851,1030.13696
809.08313,-17.610960000000002,1026.4819300000001
811.31555,-17.10456,1021.763
813.86261,-17.37791,1016.30927
816.35437,-16.93913,1009.92725
818.19696,-16.47505,1002.69135
820.09082,-16.10485,994.64905
821.83008,-15.28871,986.3593099999999
822.37,-14.05626,977.7594
823.33252,-12.83243,970.4663699999999
823.46466,-11.39662,965.4780300000001
822.6458700000001,-9.478819999999999,962.7634300000001
822.21509,-8.78032,964.24396
822.03448,-8.68632,968.2855199999999
819.8501,-9.3804,973.83917
817.85547,-10.68755,980.06696
815.07538,-12.18679,986.87604
812.6261599999999,-13.93625,993.8139
810.2217400000001,-16.04307,1000.49902
807.41431,-17.6645,1006.23865
805.96906,-19.17986,1011.46765
804.07642,-20.176389999999998,1015.0116
802.32251,-21.40146,1017.8476
801.98578,-21.82507,1019.7540300000001
801.79608,-22.58236,1020.99945
802.29218,-22.780829999999998,1021.1425199999999
802.86078,-23.07939,1020.5767199999999
803.32251,-23.434060000000002,1019.7620199999999
805.2382200000001,-23.591520000000003,1018.9050300000001
805.9848599999999,-23.22958,1016.86694
807.05701,-22.87335,1014.71429
808.4993900000001,-22.23309,1012.0263699999999
809.95056,-21.75593,1008.77344
811.3241,-20.44582,1004.42297
813.31671,-19.38554,999.1148699999999
815.12982,-18.4999,992.8350800000001
817.58466,-16.61833,985.96838
818.96808,-15.85109,977.95459
819.48596,-16.791439999999998,969.11639
822.87781,-15.956539999999999,959.81171
823.8916,-16.278389999999998,950.8576
825.04468,-16.891579999999998,942.0272199999999
825.07196,-17.310670000000002,933.6037
825.27771,-17.697779999999998,927.23541
824.5804400000001,-17.42614,923.31281
822.74579,-17.06156,924.23816
820.18024,-18.55334,929.0718400000001
817.11115,-19.42618,936.1859699999999
813.13495,-21.05266,944.8549199999999
809.77979,-22.39607,954.4101
805.54083,-23.12171,964.05353
800.8023099999999,-23.83691,973.3665199999999
796.32666,-23.76331,982.77325
791.86786,-23.7293,991.3317300000001
787.1387900000001,-23.222739999999998,999.6851800000001
783.17242,-22.97018,1007.43481
778.7182,-22.62588,1014.3443599999999
775.00623,-22.69126,1020.9616699999999
770.8815900000001,-22.676379999999998,1026.59155
767.24933,-23.37791,1030.8269
763.65356,-23.96464,1034.00793
759.34302,-24.253529999999998,1036.1134
756.0593299999999,-25.415210000000002,1037.63525
752.3937400000001,-26.314759999999996,1038.2011699999998
749.27887,-27.524009999999997,1037.84961
746.23535,-29.0063,1037.0061
742.88464,-30.56585,1035.56213
739.8280599999999,-32.00352,1033.30798
737.2262,-34.040729999999996,1030.48706
734.51599,-35.44154,1027.05286
731.82507,-36.92613,1022.57916
729.55127,-38.04934,1017.65594
728.07465,-39.63712,1011.4377400000001
725.77631,-40.00832,1005.7330300000001
723.77539,-40.98219,998.95245
722.04065,-41.69892,991.2407800000001
720.28937,-42.2773,983.00055
717.68439,-42.62599,973.8797599999999
715.34241,-44.35402,964.71326
712.6229900000001,-46.48075,954.5048800000001
708.79016,-48.32895,944.98114
705.32947,-50.680620000000005,935.65131
701.0553,-52.700619999999994,926.82141
696.30853,-55.24394,919.09045
691.68445,-56.802119999999995,913.54541
686.3797,-57.17963,909.6763300000001
680.99207,-58.599880000000006,907.39264
675.21863,-60.716269999999994,907.7175900000001
669.6580799999999,-63.143069999999994,909.59515
665.18066,-66.32866999999999,913.36591
660.53394,-69.44329,919.2492699999999
657.0794099999999,-73.23566,926.4993900000001
654.11859,-77.15581999999999,934.6986699999999
651.61426,-81.87534000000001,943.8201300000001
649.46161,-86.89705,953.55804
648.04547,-91.85661,963.6881099999999
645.78363,-97.01096,973.5058
644.55841,-102.18958,982.8358800000001
642.35956,-107.1209,991.8875699999999
640.36676,-111.89513000000001,1000.53387
637.75629,-116.47208,1009.03339
634.7121599999999,-120.3975,1017.45923
631.66107,-124.54998,1024.51001
629.0468099999999,-128.57457,1032.10217
626.33392,-132.81663999999998,1037.90527
624.00342,-137.08037,1043.28882
621.76013,-141.06021,1047.52661
619.61639,-145.07043000000002,1050.79944
617.49927,-149.11864,1053.61292
615.60345,-153.22455,1054.6856699999998
613.53229,-156.76901,1055.77625
611.28851,-160.49568,1055.65271
609.2241799999999,-163.98627,1054.98792
607.27692,-167.30528,1053.43225
604.92023,-170.48911,1051.41101
602.65497,-173.4073,1048.43359
600.2066,-176.05479,1044.82178
598.14441,-178.49559,1040.41675
595.8927,-180.55331,1035.63562
593.66797,-182.74622,1029.90271
591.4739400000001,-184.95941000000002,1023.4245
589.66638,-187.57808,1016.18713
587.98224,-190.21558000000002,1008.52319
586.5278900000001,-192.83195,999.82483
584.77661,-195.86862,990.7742300000001
583.6593,-199.23405,981.11829
582.9323099999999,-202.83286,970.3045699999999
582.18372,-205.81804,959.34955
580.95422,-209.18811000000002,947.9146699999999
580.20892,-213.11198,935.8742699999999
579.67285,-217.04912000000002,923.3615699999999
578.23016,-221.08415,910.8616900000001
577.35919,-225.63432000000003,898.7313199999999
576.1283,-229.58487000000002,887.22461
573.71094,-233.87997000000001,877.52759
572.03363,-238.57225,869.50037
568.71661,-241.58142,865.7316900000001
566.80042,-245.30801,864.65717
565.80481,-248.86334,866.4451300000001
563.27252,-251.90724,871.72913
562.96997,-254.39647000000002,877.93799
562.4032,-256.40051,884.33295
562.34924,-258.05197000000004,892.5388800000001
563.73547,-259.07538,901.5675699999999
564.72559,-260.26642000000004,911.3208
565.86859,-260.819,921.2379800000001
566.64771,-261.81027,931.41705
567.55786,-262.08545,942.8327
568.76636,-262.65396,953.5200199999999
569.48248,-263.53915,965.4718
569.90137,-264.89902,977.43427
570.00348,-266.10425,989.5056199999999
569.55743,-267.60739,1001.68396
568.82605,-269.69802999999996,1013.8140900000001
567.18738,-271.65396,1025.90039
565.39764,-273.73175,1037.53406
562.7880200000001,-275.91431,1048.59436
560.4157700000001,-278.31461,1058.80933
556.6956799999999,-279.93712999999997,1068.81714
553.63214,-281.76086000000004,1077.7055699999999
549.76532,-283.57166,1085.0752
546.17902,-285.28641,1091.5752
542.93115,-287.45068,1097.7735599999999
539.24493,-289.30106,1102.46375
536.25238,-290.39243,1105.6146199999998
533.33386,-292.23938,1107.35754
531.3593099999999,-293.16003,1108.52026
528.6003400000001,-294.96426,1108.5211199999999
526.57159,-296.14474,1108.81348
525.22272,-297.39886,1107.45288
524.7854,-298.13605,1106.29053
523.88977,-299.07101,1104.14355
523.04327,-299.67059,1101.03088
523.19647,-299.86107999999996,1098.0601800000002
523.0611,-300.41714,1094.4057599999999
523.66797,-300.70804,1090.36499
524.87402,-301.13879,1085.43164
524.98004,-301.25635,1080.48804
525.60455,-301.52832,1074.0719
526.0517,-301.63473999999997,1067.12036
527.0217299999999,-301.13858,1059.61194
528.15118,-301.06757000000005,1051.19995
528.23895,-300.79834,1041.53552
530.00604,-299.21979,1031.33997
530.58118,-298.69452,1021.15765
530.71515,-297.60958999999997,1010.03711
531.45343,-297.21524,998.16583
531.9717400000001,-296.65042,985.4635599999999
532.42633,-295.83206,972.85779
532.51001,-294.9166,959.935
532.9805299999999,-294.25842,947.8067599999999
532.8222,-293.9473,935.5989999999999
532.80688,-293.46799,925.2244300000001
532.63477,-292.62127999999996,916.0184300000001
532.05682,-292.48812999999996,908.9409199999999
531.0871,-292.82767,903.97089
529.95374,-292.81686,902.40045
528.45929,-293.01254,903.5844699999999
527.00824,-293.29501,906.08154
526.16028,-292.95569,910.30481
525.3176900000001,-293.21857,915.37549
523.6184099999999,-292.78836,921.39673
522.3389900000001,-292.8692,927.86774
521.0754400000001,-293.08295,935.11688
519.5752,-293.63562,942.68573
517.85168,-294.03078999999997,950.98291
515.87109,-294.12177,959.67078
513.9691799999999,-295.38727,968.11902
511.75403,-295.91714,976.77081
510.09769000000006,-297.3017,984.8403900000001
507.60779,-297.98145,993.1605800000001
506.05425999999994,-299.27786000000003,1000.9086300000001
502.89355,-300.17514,1008.9704
501.27065999999996,-301.21912000000003,1015.71844
498.68347,-302.46274,1022.52399
496.69611,-304.15015,1028.06995
494.32245,-304.63568,1033.35852
492.00812,-305.83508,1037.93665
490.07140999999996,-306.73251,1041.30396
488.20197,-307.26782000000003,1043.98352
486.43920999999995,-307.80472000000003,1045.63611
484.34862999999996,-307.89212000000003,1046.31628
483.1376,-307.86667,1045.66833
481.90722999999997,-307.69434,1044.16565
480.78165,-307.1647,1041.61304
480.45987,-306.99078,1038.0847199999998
480.70772999999997,-306.17181,1033.505
480.69060999999994,-305.76901000000004,1028.43677
481.22545999999994,-305.19833,1022.6073
481.60007,-304.92346000000003,1015.78162
482.504,-304.06723,1009.0618900000001
483.30457,-303.37838999999997,1001.1423300000001
483.64429,-302.62881,992.77295
483.5502,-300.85886,983.58435
483.31564000000003,-298.92398,974.15363
482.25185999999997,-296.43631,963.87103
481.12521,-293.67438,953.2774
478.69952,-291.21218999999996,942.9517800000001
476.09848,-289.14941,932.94281
472.57172,-286.95465,924.1768800000001
470.07500999999996,-285.47537,918.8949
468.61429000000004,-284.84781,918.27356
466.76196,-284.35605,921.3837900000001
464.72803,-284.42206,927.8182400000001
463.6283,-283.93453999999997,935.6312300000001
463.37894000000006,-283.50043,945.6320199999999
463.62152000000003,-283.18112,955.8076800000001
463.68958,-283.24292,966.5653699999999
463.61816,-283.29654,977.4459800000001
463.94985999999994,-283.20932,988.18671
463.94272,-283.33359,999.05798
464.27859000000007,-283.9754,1009.32874
464.33011,-284.55457,1018.5541400000001
464.25265999999993,-285.0589,1027.599
463.7247,-285.22147,1036.1488
463.20041,-285.09589,1044.11206
462.03598,-284.97086,1051.27612
461.05487,-284.45898,1057.48657
459.9151,-284.01937999999996,1062.7750199999998
458.75235,-283.49811,1066.84033
457.88446,-283.06032999999996,1070.4657
456.72857999999997,-282.39597000000003,1073.49915
455.99325999999996,-281.26462000000004,1075.76746
455.3212,-280.42661,1077.15735
454.66458,-279.17331,1078.08533
454.57339,-277.9827,1078.20801
454.10229000000004,-276.65454,1077.94189
454.18555,-275.11185,1076.57007
454.79895,-273.66213999999997,1074.5562699999998
455.01507999999995,-272.01507999999995,1071.9315199999999
455.62740999999994,-270.89532,1068.0697
456.15289,-269.2179,1064.1571
457.17499000000004,-268.34763,1058.9307900000001
458.05535999999995,-266.91125,1053.26111
459.18475,-266.2305,1046.90308
460.70319000000006,-265.13547,1039.86353
461.05347,-264.23926,1032.87097
462.54501,-263.18091,1024.96118
463.55283,-262.20828,1016.48828
465.00381,-260.77496,1007.49011
466.39777000000004,-259.98688,997.82556
467.46057,-258.58466,987.40948
468.34985,-256.93396,976.7239400000001
468.97733,-255.67647999999997,965.5773300000001
469.32523,-254.20641,954.53729
468.91540999999995,-251.77374,944.96265
469.00293,-249.63202,937.14447
469.76779000000005,-248.32362,933.92517
471.202,-247.74861,936.03015
472.1416,-247.53388999999999,941.9231599999999
473.9657,-247.66488999999999,948.7012900000001
475.85028,-247.67171000000002,956.8996599999999
478.0253,-247.97829,966.28595
480.53448,-248.29591000000002,976.07239
482.61722000000003,-248.61627000000001,985.9454300000001
485.37277,-249.80147000000002,995.4514800000001
487.62411,-250.89752000000001,1005.15234
490.27924,-252.02145,1014.4043
493.14635999999996,-253.28342999999998,1023.21375
496.03909000000004,-255.35193999999998,1031.08264
498.2709,-257.32715,1038.5116
500.02783,-259.46704,1045.1458699999998
501.87689000000006,-261.08377,1050.7686800000001
503.1637,-262.57147000000003,1055.33862
504.19614,-263.58822999999995,1059.5542
505.48547,-264.52155,1062.52002
506.96450999999996,-264.98975,1065.31628
508.54855,-265.11951,1067.13977
508.96695,-265.24078,1068.67004
509.65927,-265.38333,1069.8175
510.68810999999994,-265.47217,1070.25244
511.45834,-265.17014,1069.85291
511.90524000000005,-265.06195,1068.75708
512.06177,-264.94226000000003,1066.81323
512.95239,-264.90915,1064.18555
513.5321,-264.84561,1060.3377699999999
514.04083,-264.98401,1055.83215
514.5,-265.16785,1050.5516400000001
515.20355,-265.37847999999997,1044.66028
515.83618,-265.56847999999997,1037.68591
516.09875,-265.67742999999996,1030.10669
516.56079,-265.63651,1022.18445
517.74988,-265.53201,1013.54126
517.64703,-265.49615,1004.24725
517.81592,-265.42746,994.71954
518.9966400000001,-265.48584,984.77948
519.80475,-264.74036,974.4317599999999
520.98114,-263.9989,964.02032
521.7902799999999,-264.14532,953.5462
522.52643,-264.20828,943.4952400000001
522.72388,-264.34686,934.99011
521.86603,-264.87363,928.8742699999999
521.19543,-264.87955,927.53046
520.12671,-265.97559,931.72736
519.21637,-267.53652999999997,939.0994900000001
518.37225,-269.47552,947.72186
517.41113,-270.81293,956.65265
516.06415,-271.64676000000003,966.35333
515.5183099999999,-271.98676,975.2864400000001
513.93469,-272.54907000000003,983.94556
513.1510599999999,-273.01135,991.24689
512.31287,-273.94894,998.21515
511.56473,-274.02136,1004.67505
511.55704000000003,-274.45499,1009.9696
511.8093,-274.96657999999996,1014.03516
512.4259,-275.69693,1017.35614
512.6507,-276.27179,1019.52673
513.39661,-276.50583,1021.4111300000001
513.90387,-276.41171,1021.94495
514.5144,-276.233,1022.1851199999999
516.18268,-275.73441,1021.84113
517.42786,-275.12189,1020.77588
518.96741,-275.23111,1019.16571
520.7842400000001,-274.57315,1016.76355
522.79016,-273.70232999999996,1013.88446
524.36743,-273.11843999999996,1010.0528
526.4497700000001,-272.33307,1005.44562
528.16602,-271.63797,999.9235199999999
529.75128,-271.18207,993.87769
530.646,-269.58328,987.29645
531.40857,-269.33429,979.8289800000001
532.36011,-268.90057,971.95801
532.88959,-268.76117,963.8443599999999
533.27588,-268.6319,955.03815
533.1879299999999,-268.85696,946.65155
533.22784,-268.22073,940.08014
533.33704,-268.20544,934.96924
533.16479,-267.40927,932.43713
533.20782,-267.01047,932.4328
533.47919,-266.92606,935.25226
533.37811,-266.98221,940.0595699999999
533.76001,-267.47244,945.6143800000001
534.22748,-267.94125,952.00275
535.30151,-268.45825,959.68341
536.82141,-270.08362,967.7714800000001
537.62518,-270.80118,975.80341
539.11328,-272.70862,983.66724
540.5885,-274.84988,991.2207599999999
541.92023,-277.17273,998.78674
543.49774,-280.48938,1005.11755
544.255,-282.2666,1011.4304199999999
545.0969200000001,-284.5723,1017.18219
545.99054,-286.11107999999996,1021.50092
546.6731599999999,-287.29031000000003,1025.74133
547.0750099999999,-287.79528999999997,1028.94409
547.63715,-287.98264,1031.76819
548.4628299999999,-287.48566,1033.6936
549.08954,-286.94034,1034.8226300000001
550.21796,-285.80138999999997,1035.8034699999998
550.94916,-285.33841,1035.85303
552.229,-284.62244,1035.1127900000001
553.3469200000001,-283.77081,1033.87048
554.19025,-283.03384,1031.72559
555.46185,-282.41522000000003,1029.0131800000001
556.49744,-281.91727000000003,1025.79272
557.56195,-281.97397,1020.8161
557.90277,-279.95977999999997,1016.8480800000001
559.4008200000001,-279.91287,1011.04834
561.5589,-281.66385,1004.3714
560.9693,-279.32321,997.8298300000001
564.35095,-281.49289,989.5736699999999
566.1080900000001,-282.29874,980.6592400000001
569.48761,-283.35077,973.3289199999999
572.1449,-283.15747000000005,964.41724
574.30835,-282.34997999999996,954.4976800000001
576.33429,-281.79323999999997,944.0645800000001
578.24115,-281.08981,933.5236199999999
580.16693,-280.26929,923.86688
581.75763,-278.70563,915.35291
583.4393299999999,-277.47042999999996,909.3375900000001
584.3299,-275.84787,907.2287
586.04517,-275.06113,910.6624800000001
587.86365,-275.08316,918.1668099999999
589.16339,-274.7254,927.0618900000001
591.06012,-274.77737,937.4455
591.9180299999999,-274.42395,948.2018400000001
593.67529,-274.0994,959.66711
594.6375099999999,-274.228,971.1071199999999
595.15955,-273.59033,981.88593
595.65613,-273.16983,992.59924
597.2998,-272.50955,1003.50275
597.7927900000001,-272.47116,1013.81787
598.65845,-272.19912999999997,1023.93835
599.245,-272.2804,1033.62439
600.59839,-272.27468999999996,1042.19446
600.8425900000001,-272.16409,1049.77026
601.66913,-272.10605,1056.42444
601.77795,-272.06921,1062.0430900000001
602.14551,-271.83755,1066.47119
602.80334,-271.8349,1070.06714
603.32935,-271.36843999999996,1072.8228800000002
603.79614,-271.02468999999996,1074.72266
604.0308200000001,-270.58267,1075.92871
604.5217299999999,-270.14102,1076.5217300000002
605.0143400000001,-269.6723,1076.19336
605.98926,-269.50235,1075.02197
606.29584,-268.65884,1073.5791
606.72266,-267.85611,1071.1355
607.59973,-267.42484,1068.10986
607.89301,-266.36731000000003,1064.45642
608.6994,-265.58337,1059.9610599999999
609.24329,-264.78918,1054.8809800000001
609.90247,-263.9064,1049.1978800000002
610.26105,-263.04004,1043.01587
610.74829,-262.58441,1036.0416300000002
611.54944,-262.04523,1028.44604
611.8277,-261.43225,1020.1469099999999
612.84027,-260.76215,1011.28217
613.69214,-260.41541,1002.02222
614.4490400000001,-259.88541000000004,991.82739
615.31757,-259.47116,981.22876
615.41547,-259.03192,970.27295
615.9956099999999,-258.67386,959.24835
615.52063,-257.94901,949.00903
614.94165,-256.95419,939.31616
614.44403,-256.20203,932.73682
613.40131,-255.40438999999998,929.91449
613.24054,-255.39747999999997,931.16302
612.92944,-255.88377000000003,935.46271
612.41034,-256.36206,941.8679199999999
612.39783,-256.83777000000003,949.1958599999999
612.58447,-257.49332000000004,958.427
612.7442599999999,-258.59286000000003,967.59735
612.50293,-259.10004,976.9376800000001
612.71954,-259.92004,985.47461
612.82959,-260.51419,993.7052
612.46344,-261.23553,1001.47766
612.5006099999999,-262.49612,1008.3955699999999
612.22229,-263.68314,1015.14575
611.7199099999999,-264.96698,1021.0433300000001
611.21149,-265.88318,1026.2948
609.97791,-266.2601,1030.5692099999999
609.35791,-266.8479,1033.84448
608.73242,-267.44324,1036.60608
607.9455,-267.50723,1038.37976
607.3353900000001,-267.689,1039.3690199999999
606.85791,-267.92862,1039.6842
606.60168,-267.87292,1039.35095
606.39264,-267.91544,1038.3696300000001
606.40076,-267.75174,1036.65308
606.42242,-267.87015,1034.15283
606.31012,-267.86676,1031.2125199999998
606.89551,-268.04562000000004,1027.42908
607.3374,-268.10306,1022.78729
608.25989,-268.00055,1017.2180199999999
608.93677,-268.15237,1011.0736699999999
609.3258099999999,-268.25342,1003.5603
611.08752,-267.91977,996.14178
612.02985,-268.36203,987.5224599999999
613.8371599999999,-267.90698,978.42834
614.2467,-266.86992999999995,968.08423
614.3454,-266.02405,957.9212
615.4526400000001,-264.93021,947.98035
616.1345200000001,-263.35425,939.0137300000001
616.2828400000001,-261.27898999999996,933.24786
616.4646,-259.62836,930.53119
616.05457,-258.94016,932.56201
615.99994,-258.63596,937.9074099999999
614.75171,-258.79367,944.19666
614.2520099999999,-259.55942000000005,952.7393800000001
613.09662,-260.02496,962.2094099999999
612.80219,-260.37244,972.33563
611.69476,-260.88287,982.08881
611.68097,-261.24323,992.63593
610.63837,-261.64761,1002.01666
610.40375,-262.04141,1011.7652
610.6673,-262.09592000000004,1021.06927
610.88586,-262.51743,1029.74719
610.9157700000001,-263.19342,1037.66553
611.4030799999999,-263.42197000000004,1044.43787
611.67682,-264.01083,1050.62036
612.15271,-264.33331,1055.5402800000002
612.75775,-264.5047,1059.83435
613.34698,-264.8483,1062.7533
614.45703,-265.18124,1065.1190199999999
615.2169200000001,-265.21143,1066.1856699999998
616.0570700000001,-265.44827000000004,1066.36572
617.0414400000001,-265.74741,1066.03369
617.7215,-265.60141,1065.14429
618.87732,-266.02905,1063.4281
619.52338,-265.80225,1060.91589
620.30145,-265.85876,1057.9754599999999
621.27338,-266.03659,1053.95093
621.81055,-266.12177,1049.6444099999999
622.95911,-266.35196,1044.15881
623.8891,-266.53189,1038.1104699999999
624.75,-266.56641,1031.40527
625.95801,-266.74469,1024.28516
626.78687,-266.97931,1016.7606800000001
628.0127,-267.23334,1008.0812400000001
628.92706,-267.08759,999.22791
629.67993,-267.68112,989.30157
630.64563,-267.44852000000003,979.0844699999999
630.99133,-267.32523,968.37946
631.78656,-267.01453,957.62598
632.22455,-267.04278999999997,947.0255699999999
632.05511,-266.61172,936.7968099999999
632.1188400000001,-265.88431,928.08984
631.53546,-265.05515,922.91095
630.19507,-263.99712999999997,922.323
628.8684099999999,-263.62619,925.7313199999999
627.21088,-263.67407000000003,931.6563699999999
625.06415,-263.6983,938.75031
622.86139,-263.52994,947.013
621.25568,-263.66483,956.2962
618.59625,-263.52405,965.6556400000001
616.34088,-263.36526000000003,974.3237300000001
613.99689,-263.03531,983.16345
611.34882,-262.52988,991.78021
609.01752,-261.99646,999.57471
606.4279799999999,-261.76111000000003,1006.74506
604.05084,-261.35031000000004,1013.8244
601.44171,-260.31027,1020.1922
599.26526,-259.75293,1025.68433
597.2217400000001,-259.11469,1030.33313
594.75293,-258.50531,1033.70898
592.88239,-258.22107,1036.11951
591.0794099999999,-258.13723999999996,1037.34412
589.08752,-257.90252999999996,1038.2636699999998
587.67151,-258.01929,1038.07349
586.65295,-257.84952000000004,1037.25
585.07471,-257.72832999999997,1036.2667199999999
584.00122,-257.80966,1034.80823
582.5715299999999,-257.30261,1032.52576
581.42535,-257.31915,1029.8311800000001
580.32727,-256.89398,1026.33386
579.28198,-256.23489,1022.13849
578.11652,-256.03101000000004,1017.11963
577.30627,-255.42186,1011.90942
576.00446,-254.63617000000002,1004.8394800000001
575.1234099999999,-253.72532999999999,996.9903
574.42145,-253.32001,989.06305
573.10449,-252.35699,979.6778
571.80176,-251.23735,970.11682
570.68292,-249.91106000000002,959.7529300000001
568.30945,-248.91539,949.03674
566.12195,-247.41371,938.61047
563.93671,-245.7092,928.56439
561.30981,-242.91242999999997,920.16162
558.14679,-239.23164,915.14099
554.74213,-235.34833999999998,914.20105
551.01715,-231.81599,917.1727900000001
547.89404,-229.98452999999998,923.24994
544.81201,-228.86235,930.79541
542.8247700000001,-228.47314,940.0907599999999
540.89996,-228.08896000000001,950.24414
538.9110099999999,-227.99115,961.21875
536.88129,-228.00087000000002,971.8208599999999
533.7533,-228.88164,982.9386599999999
531.20477,-229.1358,993.39441
528.81421,-230.85175,1003.4852300000001
526.0788,-232.02731,1012.7863800000001
523.88184,-233.1284,1022.1283599999999
521.11292,-234.10294,1030.6444099999999
519.26257,-235.24124,1038.90283
516.87811,-236.22025,1045.7097199999998
514.37122,-236.60308999999998,1052.72437
512.33948,-237.47297999999998,1058.32593
509.78799000000004,-237.53307,1063.22119
507.0842,-237.81915,1067.01917
505.08870999999994,-238.78625,1069.86328
503.18300999999997,-239.4117,1072.0438199999999
500.91832999999997,-239.87181,1073.11401
499.3988,-240.8326,1073.17761
497.79752,-241.38499,1072.7069099999999
496.78958,-242.08151,1071.5426
494.92465,-242.145,1069.73218
494.08862,-242.92952999999997,1066.96606
494.58627,-244.01783999999998,1063.16833
493.61633,-243.94939,1059.61194
493.52304000000004,-244.35292,1054.4542199999999
493.46466,-244.84264,1048.72815
493.22680999999994,-245.07535,1042.3881800000001
493.47812000000005,-245.35207999999997,1035.70959
494.12955,-245.50069,1027.9229699999999
494.29617,-245.4222,1019.48828
494.2619,-245.4292,1010.6015
494.69946,-245.57541,1001.31464
495.64905,-245.56403999999998,990.91083
495.50476,-245.71402,980.3461900000001
496.58255,-245.87317000000002,968.8226300000001
496.8291,-246.02896,957.2851
497.38614,-246.30611000000002,945.9799800000001
497.82239000000004,-246.99805,934.30035
497.57797,-247.49255,924.28931
498.2298,-248.21411,916.54865
498.16504000000003,-249.24675,912.79944
498.90036,-250.48397999999997,912.9212
499.68839,-252.48322000000002,916.99469
500.14304000000004,-254.74266,922.5672
500.69089,-257.03769,930.11426
501.29715,-258.87604,939.36365
501.90222,-260.61972000000003,949.57751
502.37393,-262.38196,959.8295300000001
502.21660999999995,-263.50742,970.3919699999999
502.76732999999996,-264.09598,980.5582300000001
502.94495,-265.54013,990.8762800000001
503.75644000000005,-265.67435,1000.9558099999999
504.39755,-266.29883,1010.22058
505.57217,-267.36166000000003,1019.07343
506.78625,-267.80637,1026.80322
508.39224,-268.23203,1033.68115
509.56998,-269.70333999999997,1039.83484
511.40502999999995,-270.71445,1044.2406
513.37329,-272.33633,1047.8613300000002
514.42822,-273.10181,1050.37903
515.93781,-274.23447000000004,1052.34033
517.8453400000001,-275.09134,1053.33508
518.8924,-276.13403,1053.8868400000001
519.91986,-277.01633,1053.48413
521.11774,-278.41855,1052.78809
522.0847200000001,-278.92395,1051.33582
522.88599,-279.74368,1049.2961400000002
523.3431400000001,-280.62273999999996,1046.05115
523.84302,-281.20867999999996,1042.3563199999999
524.1791400000001,-282.06207,1037.76746
524.03589,-282.70302999999996,1032.41211
523.98865,-282.91071,1026.01599
523.89709,-283.26254,1019.1262199999999
523.4549599999999,-283.34177,1011.46552
523.0303299999999,-283.40009,1003.2299199999999
522.6254299999999,-283.62091000000004,994.15936
522.34937,-283.58722,984.68701
521.96606,-283.60541,974.5048199999999
521.83301,-283.47497999999996,963.95135
520.98334,-283.3118,953.3137800000001
520.7569,-283.74078,942.4119300000001
519.87567,-283.98166000000003,932.8075
519.02948,-284.08176000000003,925.7854
517.9805299999999,-284.12296000000003,921.88391
517.87579,-284.39203,921.5916699999999
517.90906,-284.31961,925.31421
518.19739,-284.72205,930.6441
517.6535,-283.8894,937.64087
518.10065,-284.3898,946.03223
518.14435,-284.42922999999996,955.6514300000001
518.17395,-284.29797,965.36829
518.4753400000001,-284.12311,974.8187300000001
518.48328,-284.06244,984.5888699999999
518.14441,-283.78131,994.3915400000001
518.87292,-283.8324,1003.4218099999999
519.31085,-283.50928,1012.28522
519.97992,-283.44287,1020.5524300000001
521.01715,-283.53659,1027.81836
522.38629,-284.04752,1034.4978
522.1060200000001,-283.72388,1040.5750699999999
522.56952,-284.12051,1046.01721
523.04755,-284.40963999999997,1050.33801
523.20233,-284.60016,1053.94299
523.10974,-284.68768,1056.84033
523.3399,-284.95694,1058.69141
523.25079,-284.75436,1059.9021
523.11938,-284.97339,1060.32532
523.1030900000001,-284.82431,1059.88745
522.5819700000001,-284.99667,1058.37231
522.30261,-284.89599999999996,1056.05054
521.7912,-284.9126,1053.23315
521.7851,-284.44723999999997,1049.47815
521.2887,-283.95755,1044.96301
521.4066799999999,-283.72839,1039.58276
521.40179,-283.26022,1033.63306
521.4306,-283.30197000000004,1026.96912
521.0705,-282.56186,1020.1102900000001
521.74176,-282.07248,1012.05664
521.62421,-281.90536000000003,1003.8203699999999
522.0636599999999,-281.58547999999996,994.6809099999999
522.28436,-281.58957000000004,985.37817
522.87073,-281.73203,974.97821
523.03363,-281.65963999999997,964.6911
523.36145,-282.0665,954.04071
523.7569,-282.32761,943.46838
524.0457200000001,-282.61652000000004,933.3819
524.31628,-282.75162,924.32202
524.41327,-283.32318,917.67932
523.9166299999999,-284.0011,914.7421300000001
525.08594,-284.42117,915.50134
526.16113,-285.59915,918.63849
527.16547,-286.11026,923.8154300000001
528.64685,-286.67618,930.25812
529.91083,-286.92551000000003,938.3225699999999
531.45612,-287.42389,947.2022099999999
532.64496,-288.20367000000005,956.34418
533.8136599999999,-288.733,965.8408800000001
534.8443599999999,-289.43256,974.7398699999999
535.9942,-289.40671000000003,983.55841
537.3349599999999,-289.74667,992.4775400000001
538.34937,-290.10468,1000.8476
540.20953,-289.95425,1008.68915
541.47217,-289.74106,1016.01501
543.20209,-289.77121,1022.7343800000001
545.0083599999999,-289.50836,1028.70154
546.17609,-289.49683,1033.45264
547.95551,-289.18234,1037.505
549.4845,-289.42602999999997,1040.43896
551.28528,-288.84241000000003,1042.63635
553.44275,-289.14667000000003,1043.36609
555.11829,-288.30154,1043.7680699999999
557.00385,-288.14587,1043.31677
559.11401,-287.94131,1042.30286
560.8809200000001,-287.02432000000005,1040.34033
562.72223,-286.51859,1038.06946
564.27802,-286.44046000000003,1035.27258
565.95087,-285.64092999999997,1031.86853
567.6259200000001,-285.18097,1027.57605
569.54382,-285.04199,1022.3942900000001
571.61755,-285.25235,1016.34979
571.38586,-283.8685,1010.82159
572.13806,-283.63385,1003.44214
573.6333,-283.65982,995.5736699999999
574.59552,-283.5332,986.63458
575.34833,-283.10083,977.6605800000001
575.65485,-282.96457000000004,967.62402
576.63232,-283.06711,957.6514300000001
577.4450099999999,-282.40213,946.95068
578.48987,-282.77927,936.78033
579.698,-282.7887,926.573
580.0336900000001,-282.58975,918.8889199999999
580.86639,-283.6199,914.28894
581.3113400000001,-285.15985,914.93652
583.22607,-286.97893999999997,918.9472
586.00732,-289.23242,925.5803199999999
587.65118,-290.9866,933.40155
589.99152,-292.71469,941.36084
591.0191,-294.49115,951.24048
592.71033,-295.97827,961.1569800000001
593.4562400000001,-297.67935,971.1389199999999
594.37225,-299.55542,980.5882
596.7124,-302.84668,989.1052199999999
597.64764,-305.04291,997.9976800000001
598.49585,-307.56784,1006.52484
599.67633,-309.81009,1014.3557099999999
600.60236,-311.966,1021.2811300000001
601.5161099999999,-313.38004,1027.81689
602.7767299999999,-315.24887,1033.25659
604.21979,-317.4035,1038.1001
605.1532,-318.72299,1042.27405
603.7533,-321.21274,1048.72217
607.03174,-321.17996,1047.56116
608.11969,-323.71356000000003,1050.28015
608.3843400000001,-325.16809,1052.44543
613.96222,-328.19751,1049.9812
614.5242900000001,-328.6666,1051.4129599999999
615.638,-329.41754,1052.28027
615.82611,-331.02246,1050.68372
617.41614,-331.80615,1047.99866
619.14148,-332.58907999999997,1044.56506
620.35504,-333.39825,1040.78125
622.2077,-334.048,1036.37903
622.46924,-332.7243,1030.9235800000001
623.4776,-332.87662,1025.37524
679.39899,-292.88662999999997,990.0880099999999
622.57867,-334.952,1012.57709
622.86407,-335.24231000000003,1005.47766
625.00641,-334.38647000000003,997.09521
623.80042,-334.50531,988.9693
625.63989,-332.83704,979.70203
626.06073,-332.10782,969.60895
626.3725599999999,-331.39682,959.62115
627.68799,-330.72463999999997,949.08069
627.71143,-331.03006,939.3092
628.39532,-330.7879,930.67798
628.6403799999999,-330.48624,925.2380400000001
631.64911,-330.04699999999997,923.5753800000001
633.5448,-329.4614,925.84149
635.0498,-328.88446,930.5120800000001
637.28162,-327.47717,936.6065699999999
637.98401,-327.17154,944.6008300000001
639.87878,-325.91925,953.2235099999999
641.7547,-324.38705,962.90411
642.70093,-323.29312000000004,972.42224
643.80286,-321.92874,982.4155300000001
645.32214,-320.677,992.20056
646.31384,-319.34375,1001.7239999999999
645.30328,-318.48068,1010.3076800000001
649.93481,-315.49585,1018.5872800000001
652.95374,-313.63953,1026.66052
656.31482,-311.97317999999996,1033.50928
659.88104,-310.16699,1039.1951900000001
662.53973,-309.01541000000003,1043.703
666.42627,-308.10458,1047.47937
669.6003400000001,-307.46198,1050.51587
671.8740799999999,-306.50757000000004,1052.8648699999999
673.92169,-306.40432999999996,1054.6525900000001
675.7155799999999,-306.52057,1055.97876
677.35577,-306.71704,1056.4976800000002
678.83966,-306.77197,1056.88879
679.65314,-306.98349,1056.30408
681.44196,-307.66519,1054.72168
682.57275,-307.47482,1053.39209
684.64063,-308.2692,1050.73572
685.19257,-308.22495,1047.9428699999999
686.82813,-308.32263,1044.16553
688.14923,-308.43475,1039.77185
690.02045,-308.01416,1034.62854
691.84137,-307.57721000000004,1028.651
693.1940900000001,-307.00714,1021.74542
693.92102,-306.83984,1014.2182
695.13354,-305.65591,1006.1393400000001
695.2203400000001,-305.12817,997.4632
696.24475,-304.19437,987.81525
698.5445599999999,-304.24689,976.47766
701.73077,-304.04404,964.66266
702.9053299999999,-302.96862999999996,952.1976900000001
705.43378,-302.02932999999996,939.0288099999999
707.69318,-302.08606000000003,925.97516
710.50421,-301.72565,912.78296
711.51495,-300.54114,901.0967400000001
712.04431,-298.51968,890.8056
712.02032,-298.82748,882.22412
694.0033,-286.1225,879.49689
694.63959,-289.08945,871.36945
691.8843400000001,-290.66443,868.14532
690.12555,-291.20169,869.4816900000001
688.47156,-290.96869,873.4987800000001
688.01184,-290.99445,878.51813
685.8588900000001,-290.41504,885.3494900000001
684.77148,-290.52737,890.9907800000001
683.80878,-290.81717000000003,897.64899
683.70416,-291.46578999999997,904.3362400000001
683.26721,-292.01456,911.15375
683.01733,-292.61441,918.5560300000001
684.2298599999999,-294.17963,926.62
684.90997,-295.75317,936.2946800000001
686.24982,-297.70331,946.26605
687.02179,-300.12335,957.34918
689.29248,-302.83914,968.6840199999999
691.2417,-305.83718999999996,980.8609
693.03729,-309.3212,992.85413
695.62262,-313.29163,1005.6419099999999
697.87885,-317.0368,1017.93152
700.40802,-320.97253,1029.86255
703.2466400000001,-325.68414,1040.69995
706.23291,-329.88446,1051.1201199999998
708.6734,-333.84787,1060.2771
711.92249,-337.86917,1067.68274
714.93945,-341.29871,1074.41406
717.5300900000001,-344.34561,1079.65454
718.85181,-347.26767,1084.68286
721.3861099999999,-350.20398,1087.8092
722.80475,-352.58484,1089.90308
724.09698,-354.40148999999997,1091.19812
725.08215,-355.47839,1091.85815
725.38721,-356.49323,1091.79272
726.02948,-357.95862,1090.9082
726.08844,-358.72821,1089.724
725.90759,-359.44077000000004,1087.6759
725.35181,-360.26077000000004,1085.04041
725.55103,-361.13907,1081.71533
725.10223,-362.06998,1077.9226099999998
725.73438,-363.68158,1073.15308
725.1254299999999,-364.62857,1068.36292
725.79132,-366.20288,1062.6074199999998
725.55762,-367.37781,1056.57629
726.25427,-369.12289,1049.62744
726.21021,-370.61215,1042.60803
725.92224,-371.91422,1035.08533
725.74866,-373.38800000000003,1026.4165
724.97638,-374.58377,1017.26904
723.87671,-375.5368,1008.11145
723.20227,-375.9523,997.8009599999999
721.9458599999999,-376.73636,987.58795
720.96338,-377.74127000000004,976.91541
719.89362,-378.46759,966.19983
718.77753,-379.47433,955.6110800000001
717.6721200000001,-380.95749,945.1138300000001
716.85919,-381.5777,934.8439300000001
715.3692,-382.20162999999997,926.00604
713.6228,-381.71344,919.16077
713.34271,-381.21091,915.03217
712.2226,-379.58551,913.59412
710.97461,-378.13527999999997,914.99902
710.75598,-377.59702000000004,918.2289400000001
710.48248,-377.28308,922.4325
709.9119900000001,-376.98819,927.73907
709.60767,-376.89655,933.7164300000001
708.57355,-377.78909,940.56329
708.40454,-378.39102,947.2180199999999
708.2396200000001,-379.45889,954.42572
707.70313,-380.77374,962.1522199999999
707.30688,-381.6246,970.42798
707.95038,-383.28683,978.8897699999999
708.87036,-384.09891,987.3573
708.7235099999999,-385.45148,996.07788
708.59125,-386.07932,1004.7442
708.46997,-386.9234,1013.1863400000001
708.66486,-386.97882000000004,1021.1804199999999
708.18164,-387.22839,1028.9917
708.30304,-387.12384,1035.97571
708.39984,-386.90808,1042.36072
708.76819,-386.87112,1048.73071
708.38165,-386.43076,1054.53772
707.92462,-385.82535,1059.28931
707.27985,-384.70346,1063.79224
706.7293099999999,-384.03873,1066.8042
705.93286,-383.78925,1068.50403
705.0553,-383.21906,1070.04175
702.89404,-382.36127,1070.23022
701.82886,-381.93396,1068.74072
700.0614,-381.64496,1066.97388
698.06165,-381.37723,1064.17969
696.81805,-381.0069,1059.9548300000001
694.28918,-380.42307,1055.66724
692.90771,-380.62787000000003,1050.35425
689.7941900000001,-379.94604,1044.61218
687.1705900000001,-379.38525,1038.06104
685.55585,-379.19678,1030.37024
681.85248,-378.47607,1022.4581300000001
678.5943,-378.24411000000003,1013.99835
675.38391,-377.55576,1004.4953
672.63959,-377.17365,994.2063
669.31372,-376.84467,983.4268800000001
666.81171,-376.806,971.6699199999999
663.97205,-377.40186,959.3974
662.83618,-377.80112,946.6236
661.9531900000001,-378.70596,933.47552
661.51453,-380.45792,922.79089
662.78003,-382.21356000000003,912.2938199999999
664.48157,-383.30432,904.8721300000001
667.5378400000001,-383.76443,899.4200400000001
669.20258,-384.17938,895.93469
672.52631,-385.01431,893.35364
674.91223,-385.16757,894.0269800000001
676.4942599999999,-385.96634,896.75323
677.8481400000001,-386.40384,901.91211
678.72156,-386.608,907.6315300000001
679.77698,-386.00543,913.7254
678.66687,-386.77328,922.54706
678.8291,-386.71875,931.3936199999999
678.5647,-385.92807,940.44379
677.74329,-384.47693,950.6284199999999
677.65997,-382.74728,960.43109
676.7404799999999,-379.72925,971.4415300000001
676.66626,-377.10205,982.47913
676.54547,-373.9899,993.90228
675.51239,-370.42764,1005.62756
675.22955,-367.19452,1017.3073099999999
675.70526,-364.4566,1028.68579
675.11279,-360.89426000000003,1040.81165
674.14423,-357.4989,1052.28979
674.10455,-354.51653999999996,1063.17676
673.33191,-350.64874,1073.6461199999999
673.0762900000001,-347.7887,1083.19507
673.0802,-344.59772000000004,1092.10938
671.66693,-341.61426,1100.1500199999998
671.38049,-339.27783,1106.43115
670.40472,-337.16791,1111.26404
669.5108,-335.69202,1114.93237
668.04675,-334.25787,1117.44507
666.42261,-333.87753,1118.58374
664.01715,-332.61475,1119.27161
661.992,-331.61725,1119.43237
659.95123,-330.96756,1118.40051
657.4476900000001,-330.16772000000003,1117.46936
655.38525,-329.48373,1115.4696
652.17517,-328.89151,1113.05591
650.2002,-327.94614,1110.1978800000002
646.18872,-327.7066,1107.27148
643.48065,-326.43787000000003,1103.31189
640.51599,-325.06781,1098.83069
637.19147,-323.77121,1094.05811
634.5321,-322.19791000000004,1088.53198
631.73163,-320.82785,1082.89429
628.58588,-318.97131,1076.4856
625.6632099999999,-316.98022000000003,1069.22449
623.0867900000001,-314.99899,1061.7467
621.6861,-313.06638,1053.44885
619.46143,-310.73163,1045.0529800000002
618.00494,-309.6488,1036.3023699999999
615.55963,-307.60477000000003,1027.8197
613.7440799999999,-306.42007,1019.16119
612.11932,-304.13788,1011.5197800000001
610.3543099999999,-303.01932,1004.2451199999999
609.5636599999999,-303.60537999999997,997.07959
608.01001,-304.02542,991.43921
606.9964,-305.07059,986.5376
606.07098,-306.5741,983.6436199999999
606.65735,-307.77054,982.0827
606.91125,-308.23105,983.7230199999999
609.14526,-308.76953,986.7373
610.96234,-308.14072000000004,991.7047699999999
611.7722200000001,-307.24258,998.0488300000001
612.88239,-306.66476,1004.5966199999999
612.78467,-305.70029,1011.68225
613.00037,-305.12509,1018.8942300000001
612.7143599999999,-304.0264,1025.9895
612.12219,-303.06635,1032.9235800000001
611.7018400000001,-301.81293,1039.1616199999999
609.61407,-300.69846,1045.65625
608.64783,-299.84058,1051.3474099999999
606.01923,-297.72711,1056.86365
604.24652,-296.11902000000003,1061.72791
601.93396,-294.2486,1066.07007
598.51349,-292.44681,1070.57446
596.4046599999999,-290.83176000000003,1073.76025
593.9363400000001,-289.62607,1076.1154800000002
590.66437,-287.25394,1078.33521
587.93652,-285.49945,1079.41077
584.09003,-283.27206,1079.92041
581.03497,-281.62143,1078.85669
577.17273,-279.02386,1077.19482
573.34528,-276.6582,1074.19775
569.60339,-273.67438,1070.46631
565.51617,-270.91479,1065.61292
561.57281,-267.84909,1060.0542
557.85321,-265.1091,1053.24561
553.79523,-262.0004,1045.93677
549.6441,-258.81408999999996,1037.73206
546.28125,-255.6187,1028.11023
541.81934,-252.08594,1018.06219
537.25226,-248.02025,1007.573
532.7653799999999,-244.42052,995.7836900000001
528.17749,-240.27472000000003,983.85919
524.6684,-236.84474,970.08417
521.13348,-233.54233,955.99908
518.64319,-229.88986,942.47589
517.27905,-226.50107999999997,928.32874
514.42548,-222.83989,917.43286
512.1978799999999,-219.0049,909.08838
509.59105999999997,-216.62567,905.4852300000001
507.28644,-214.2682,907.63959
506.32285,-211.88345,913.31335
505.05199999999996,-208.87648000000002,920.3481400000001
503.94275,-206.21341999999999,928.3322099999999
503.0553,-203.67223,936.76764
501.50397000000004,-201.03268,946.09119
500.52609,-198.26361,954.5803800000001
499.92492999999996,-195.83167,963.3298300000001
498.4874,-193.06938,972.0043300000001
498.86703,-190.90956,979.9068
499.25079000000005,-188.71255,987.60272
498.99355999999995,-187.27481,994.80286
499.85767000000004,-185.5612,1001.04797
500.16568,-184.33597,1007.2348599999999
500.5842,-183.12651,1013.02136
500.70029000000005,-181.86914,1018.2719699999999
500.85272000000003,-180.94908,1023.8762199999999
500.81485,-180.43843,1028.65735
499.74768,-179.52687,1033.71655
498.01535,-179.34366,1038.00525
496.69583,-178.9939,1041.75281
495.36465,-178.4939,1044.23828
493.41351,-178.33386000000002,1046.3243400000001
491.62335,-177.65068,1047.47803
489.53171,-177.34193,1047.81567
487.58984000000004,-176.3183,1047.33167
486.68402000000003,-175.8829,1045.89893
485.42914,-174.82578999999998,1043.8673099999999
484.10693,-173.58807,1040.87
483.74197000000004,-172.36594,1037.45337
482.89437999999996,-170.7253,1033.41455
482.55408,-169.37315,1028.48047
481.73785,-167.91005,1023.05029
482.02786,-166.24296999999999,1016.69354
481.7374,-164.41458,1009.79431
481.84020999999996,-162.58061,1002.3009599999999
481.59067000000005,-160.52303,994.0249
482.06335,-158.54308999999998,984.8648699999999
482.08643,-156.35588,974.76947
482.43869000000007,-154.52682,965.1425800000001
482.103,-153.03563,954.98224
481.30728,-151.73935,945.40082
480.98474000000004,-150.51369,936.4906
480.06332000000003,-149.29976000000002,929.7479900000001
478.55872,-148.44092,924.97229
477.12885,-147.69881,922.8576
476.51151,-146.19734,924.41986
476.26453,-145.45117,928.6414800000001
476.14081,-144.49156000000002,934.45825
476.47140999999993,-142.75581,941.5781300000001
477.62737999999996,-141.52048,950.07782
478.76373,-140.50574,959.1401400000001
479.83205999999996,-139.5284,968.51581
482.97513,-140.25929,977.66302
484.83875,-139.80597,987.2345
486.03073,-139.60904,996.7335199999999
487.94843,-140.2914,1004.67041
489.54379000000006,-140.70488,1012.7562300000001
491.61392,-141.47722,1019.96155
492.46975999999995,-142.04997,1026.76855
493.5809,-143.70363,1032.57898
494.32004000000006,-144.69098,1037.82349
495.47534,-146.23657,1041.75854
495.9892,-147.42393,1045.8833
496.10625999999996,-148.56096000000002,1049.4909699999998
496.35199000000006,-149.30698999999998,1052.71655
495.90932999999995,-150.19571000000002,1055.5929
495.43329000000006,-150.8929,1058.02344
494.87814000000003,-151.48353999999998,1059.4978
494.48007,-151.70062,1060.79639
493.98995999999994,-152.37457,1061.51001
493.90027000000003,-152.63678000000002,1061.41614
493.64325,-153.41328000000001,1060.01624
493.5383,-153.72688,1058.71008
493.77722,-154.29506999999998,1056.24536
494.82254000000006,-154.74309,1053.07458
495.6698,-155.09995,1048.6449
497.50375,-155.6427,1043.78418
498.70218,-156.60095,1038.0648199999998
500.61957,-157.03282,1031.59045
502.87161,-158.22643,1023.9844400000001
504.95305999999994,-159.37968,1015.81079
507.46402,-160.53775,1006.5163
509.46414000000004,-161.66593999999998,997.14886
512.23676,-163.08369,986.57782
514.258,-163.95485,975.69965
516.32172,-164.7448,964.7962
518.4256,-164.95337,953.9404900000001
519.68768,-164.77423000000002,943.47614
521.23218,-164.92332,933.58331
522.61017,-165.29108,924.88641
523.6972,-165.43196,918.2334
525.31116,-166.41048,914.13733
526.5634200000001,-166.64088,912.7359
527.0989400000001,-167.80794,915.24316
527.63306,-169.40059,919.77899
528.37415,-171.05222,926.7855199999999
529.93225,-173.6684,934.17041
530.4010599999999,-175.16689,943.82916
531.0206900000001,-176.64311,952.8181800000001
531.0933200000001,-178.48358000000002,961.81335
531.91315,-179.91908,971.19928
532.04767,-182.23848,979.41852
532.49567,-183.62854,987.2489
532.86603,-184.66725,994.88361
533.46637,-185.77196,1001.77545
533.84406,-187.02341,1007.69714
534.03967,-188.03262,1012.8485099999999
534.54102,-189.06143,1017.1803
534.6517299999999,-189.37717,1020.60516
535.46985,-189.96552,1023.3620599999999
535.9522099999999,-190.47821000000002,1025.1311
536.4046599999999,-190.77553999999998,1027.00195
537.07654,-191.16249,1027.60889
537.16711,-191.34917,1027.70667
537.84045,-191.6053,1027.16284
538.1817,-191.76398,1026.1976300000001
538.63867,-192.00101,1024.23438
538.85236,-192.09711000000001,1022.07635
539.28351,-191.56788999999998,1018.72485
539.492,-191.33923000000001,1015.0139800000001
539.61395,-190.85379,1010.63538
540.19678,-190.53929,1005.5418099999999
540.2119799999999,-190.32872,999.5112300000001
540.31531,-189.80823999999998,992.90527
540.56976,-189.7086,985.9998199999999
540.45026,-189.29765,978.4567300000001
540.83185,-188.6051,970.0527300000001
541.10199,-187.05608999999998,961.39447
541.39661,-187.12802,952.0111699999999
541.55505,-186.84462,943.38684
541.88202,-186.93922,934.6044300000001
542.2796599999999,-186.50089,927.0125099999999
542.14465,-185.8537,920.1756
541.84271,-185.34956,916.63489
540.6614400000001,-185.12863000000002,916.1673
539.6322,-185.1899,920.06433
537.46466,-186.10291999999998,926.3273300000001
535.4556299999999,-187.01653000000002,933.51685
533.80756,-187.70943,941.9550199999999
532.09119,-188.5255,951.13129
530.71051,-189.08284,959.88947
528.84424,-190.08545,969.0178199999999
527.2900400000001,-190.44534,977.2557400000001
525.48474,-190.8297,985.60681
524.59839,-191.67694,993.1025400000001
524.26825,-192.11461,1000.17664
523.51465,-192.26748999999998,1006.43201
523.37274,-192.17502,1012.2108199999999
523.63263,-192.77472,1016.4133300000001
523.18512,-192.70988,1019.99176
522.27051,-192.70949,1023.36615
521.8801900000001,-192.47898999999998,1024.7981
522.61487,-191.8893,1026.37903
523.06708,-191.81599,1026.30286
523.67725,-191.77809,1025.45044
522.64459,-191.45581,1024.91565
523.2022099999999,-191.49806,1023.73645
524.2183200000001,-191.59392,1021.22461
524.86237,-191.85097,1018.31787
526.47821,-192.35213000000002,1014.16663
527.29089,-192.78898999999998,1009.6037
529.53882,-193.10143,1004.15167
530.14423,-193.42288,997.74945
532.03271,-193.60158,990.2846699999999
533.12054,-194.87502,982.56714
534.63068,-195.23366000000001,973.7973599999999
535.44995,-195.24931,964.5037800000001
536.37891,-194.90115,954.5278900000001
537.14001,-195.61446999999998,944.59332
537.12531,-195.85431,935.1908
537.13855,-195.88316,927.0504199999999
536.7205799999999,-195.98781,921.33636
536.6886599999999,-195.99251999999998,917.7963300000001
536.11261,-195.92926,917.5894199999999
535.53192,-196.82883,920.92261
534.44354,-197.75797,925.5050699999999
533.21375,-199.22066999999998,931.25635
532.04083,-201.13988999999998,938.58838
530.7475,-203.22185,945.8358199999999
529.33765,-205.80847,953.4078400000001
528.5564,-208.49797,959.9965800000001
527.4381099999999,-211.16431,966.33295
526.55438,-213.72916,971.84119
525.7617799999999,-216.39104,976.3530900000001
524.8963,-217.95389,979.99506
524.89099,-219.35141000000002,982.5139800000001
524.52441,-220.40157999999997,984.2406
524.73395,-220.9505,985.01685
525.15295,-221.79932999999997,985.44702
526.05438,-222.1597,985.4260300000001
526.65198,-222.51928999999998,985.21411
527.28522,-222.47185,984.2923
528.48279,-222.11562999999998,983.1300699999999
529.58575,-222.21526,981.17126
530.6066900000001,-221.37656,978.73645
531.3602900000001,-220.66924,975.3361800000001
532.14532,-219.88528,971.4965800000001
533.10541,-218.50628999999998,966.46332
534.16754,-217.31474,960.72131
535.26727,-215.89792999999997,954.2627
536.72485,-215.45439,946.87238
537.8091400000001,-215.01457000000002,940.8382
538.61414,-214.88675,933.9789400000001
539.18182,-215.67395,927.75861
538.9834,-216.25792,923.2075800000001
538.62335,-217.29918999999998,922.4005699999999
537.47955,-218.65207999999998,926.66089
535.70782,-220.98778,934.20416
534.1618,-223.83417000000003,944.7760599999999
532.12469,-226.48721,955.66205
529.19037,-228.24556,966.36896
526.2343099999999,-229.4306,976.5824
523.00702,-230.92057999999997,985.4987800000001
520.0955799999999,-232.45404,993.67609
517.3049900000001,-233.64014,1000.85236
514.6970200000001,-234.14323,1006.82574
512.39264,-234.66643,1011.52814
510.11605999999995,-234.93651,1015.0637199999999
507.60413,-235.2576,1017.427
506.0564,-235.65056,1018.49103
504.41867,-235.66179,1018.76447
502.99987999999996,-235.97288999999998,1018.2742900000001
502.03442,-236.46887,1016.54578
501.93172999999996,-237.27856,1013.81152
500.04666,-236.9407,1012.6673
499.991,-237.36288,1009.30212
499.93255999999997,-237.96545,1005.36951
500.00600999999995,-238.45914,1000.7728900000001
500.41885,-238.71247999999997,995.48511
500.98868,-239.25142999999997,988.8200699999999
502.1413,-239.18092000000001,981.8978900000001
502.81872999999996,-239.41137999999998,973.93427
503.45620999999994,-239.12115,965.4693
504.52383,-239.43837000000002,955.9874900000001
505.34160999999995,-239.94733,946.37683
505.11987,-240.34476,936.64716
504.87341,-241.47522,926.6741300000001
503.33480999999995,-241.9729,918.29297
502.19128,-242.54214,911.37494
500.6702,-243.67851000000002,906.47516
499.24481,-244.24087999999998,903.36871
497.09396,-244.68077000000002,904.5965
495.33838,-245.8123,908.49786
491.17773,-246.3535,915.3970300000001
489.52025999999995,-247.19593999999998,923.03815
487.24307000000005,-247.72916,931.35901
486.1366,-249.1022,939.9133300000001
484.66339000000005,-249.49364,948.9224199999999
484.11084000000005,-250.74501,956.9700300000001
484.34824000000003,-251.88889,964.85791
484.02673,-253.93166000000002,972.02539
484.81583,-256.49252,978.6514300000001
484.57465,-258.54073999999997,984.7026400000001
484.78458,-260.76712000000003,990.15717
485.12445,-263.31158,994.6776699999999
484.8577,-265.07739,997.7352900000001
485.44754000000006,-268.2807,1000.62048
485.55745999999994,-269.9895,1002.5387599999999
485.77509000000003,-270.86734,1003.83966
486.02527000000003,-271.98819,1004.5929
486.57302999999996,-272.35843,1004.8317300000001
486.84335,-272.73782,1005.1486199999999
486.94543,-272.59528,1004.72205
486.74487,-272.18381,1004.2665400000001
487.0795,-271.61606,1003.0731199999999
487.29815999999994,-271.22467,1000.88599
486.90740999999997,-269.15729,999.46014
486.63577000000004,-268.1727,996.00537
487.1564,-267.49343999999996,991.73596
487.30175999999994,-266.74197000000004,986.59656
487.72790999999995,-265.84087999999997,981.3444800000001
487.9209,-264.63135,974.85278
487.77222,-264.28882000000004,967.90167
487.92609000000004,-263.50809,959.9857800000001
487.87402000000003,-262.13538,951.87006
488.16025,-261.09668,942.67041
488.03732,-259.83411,933.64941
488.32523,-258.58127,924.97876
488.30795,-257.68723,917.27625
487.50906,-255.85324,910.89661
486.46594000000005,-254.56361,907.6962300000001
483.99951,-253.92452999999998,909.6809099999999
483.04610999999994,-254.56046,915.50531
482.21149,-255.12103,923.13861
481.42690999999996,-256.02792,932.60468
480.24359000000004,-256.66211,942.4231599999999
478.91585999999995,-258.12167,952.72656
477.23874000000006,-259.284,963.3303800000001
475.20023,-260.7652,973.67474
472.6066,-262.23944,984.02808
470.75699000000003,-264.31192000000004,994.0603
468.80550999999997,-266.27948,1003.48462
467.00839,-268.30402000000004,1013.39319
465.74136,-270.33804,1022.1701
464.52245999999997,-271.88892000000004,1030.60876
462.50226,-272.85287,1037.83252
461.11194000000006,-274.1665,1044.41211
459.49197000000004,-274.94167999999996,1050.09387
458.44775,-275.67981000000003,1053.93823
457.06357,-275.97342000000003,1057.81287
455.89135999999996,-276.38525,1060.37195
455.06998,-276.8692,1062.1344
454.48900999999995,-277.28412000000003,1062.8938
453.79857999999996,-277.48886,1063.5612800000001
453.51007000000004,-277.85797,1063.5434599999999
454.61057,-278.3085,1062.5122099999999
454.9104,-277.88986,1061.48376
456.03262,-278.05182,1059.51892
457.40985,-277.5751,1056.83691
458.63992,-277.08867999999995,1053.8584
459.98557,-276.40612999999996,1050.03064
462.28952000000004,-275.5759,1045.41553
464.31375,-274.54419,1040.05139
466.74685999999997,-273.09439,1033.73022
468.97522000000004,-271.47351000000003,1027.0516400000001
471.82452,-269.85034,1019.0554199999999
474.47458,-268.09427,1009.9586199999999
476.9686,-266.44864,1000.5137300000001
479.78827,-264.15125,990.5495599999999
482.33139000000006,-262.8808,979.82153
484.38797,-261.15792999999996,968.4965800000001
485.2482,-259.44861000000003,956.85956
485.8371,-258.23572,944.43561
485.55499000000003,-257.15744,932.0931400000001
484.52896,-255.69383,921.1519800000001
483.01837,-255.0649,911.2879
481.43677,-254.21202000000002,904.09406
478.94049,-253.24319,900.18488
476.11725,-252.6114,899.56439
474.76505,-252.2979,901.49475
474.36397999999997,-252.95602000000002,905.68848
474.28403,-253.57772999999997,910.8562599999999
475.12167,-254.1689,916.90436
475.94962000000004,-255.5291,923.5236199999999
477.32022,-256.97104,930.2805199999999
479.04337000000004,-259.11777,937.2009300000001
480.51114,-261.53336,944.28766
481.77194000000003,-264.45023,950.97925
482.73053,-267.28857,958.30084
482.522,-270.44601,964.84772
481.90227999999996,-273.21585,971.65887
480.60922,-275.93323,977.59106
478.57974,-277.87402000000003,983.5451699999999
475.86658,-279.25861000000003,989.1279900000001
473.29004000000003,-279.52203,994.38855
469.91052,-279.09637000000004,998.7616
466.86914,-278.14609,1002.6429400000001
464.57224,-276.64783,1006.1343400000001
463.12628,-275.38669,1008.9436599999999
462.58977999999996,-273.78745,1011.40167
463.05994000000004,-272.05875,1013.24365
464.52704000000006,-270.15924,1014.82715
468.16666,-268.87987999999996,1015.15845
472.49277,-267.75009,1014.9237099999999
477.86785999999995,-267.05518,1013.81287
483.77547999999996,-266.13696,1012.0097
490.01187000000004,-266.38611000000003,1009.08374
495.92963,-266.15054,1005.72815
502.08685,-266.26196,1001.2860699999999
508.72034,-267.06787,995.45325
515.21771,-267.6413,989.69611
520.91138,-268.32947,982.9649699999999
526.5213,-268.66794,975.65851
531.2475,-269.08505,967.8063400000001
535.08582,-268.81186,959.53223
537.95459,-268.03342000000004,950.37805
539.9892,-266.45437999999996,940.84875
540.45673,-264.55163999999996,930.7265
540.7067900000001,-262.6969,919.80658
540.29675,-260.30188,908.97327
539.06372,-257.54156,898.6151699999999
536.95618,-254.08829,890.02533
534.18494,-249.84435,884.31061
529.79761,-245.64752000000001,880.75995
526.88477,-241.99426,881.0075699999999
525.3421599999999,-240.38289,884.7995
525.05261,-239.93482999999998,891.31714
525.1106599999999,-240.59613,899.0972300000001
525.68439,-240.86977000000002,908.1651
526.88806,-241.5406,917.8049300000001
528.1229900000001,-242.41034,927.75592
529.44354,-243.1174,937.8856800000001
531.0754400000001,-243.75974,947.60345
532.0849,-244.72097999999997,956.7888199999999
533.9044200000001,-245.2049,965.6556400000001
534.86713,-245.60672000000002,974.45203
536.20471,-245.85509,982.5617699999999
536.75098,-245.76062000000002,990.3656
537.86877,-245.08713999999998,997.4865699999999
538.13635,-243.73915,1004.1624800000001
539.1272,-242.83223999999998,1010.0802
539.40179,-241.14586,1015.86859
539.88245,-239.63361,1020.72791
540.27905,-237.75728999999998,1024.94849
540.83069,-236.02213999999998,1028.5687300000002
541.37634,-234.15431,1031.10876
541.7204,-232.42229,1032.6611300000002
542.4657,-230.67621,1033.35229
543.46906,-229.72577,1033.3269
544.52844,-227.5294,1032.58411
545.99774,-226.23642999999998,1031.2092300000002
547.26642,-224.60048999999998,1029.01819
548.9259,-223.60767,1026.14697
551.5129400000001,-222.09872000000001,1022.53595
553.31042,-221.14713999999998,1018.0048199999999
555.82813,-220.02165,1013.2913199999999
558.07635,-219.32314,1007.3521699999999
560.8154900000001,-218.04692000000003,1000.8019400000001
563.0380200000001,-217.36995,993.37592
565.61377,-216.30007999999998,985.12054
567.56732,-215.34134,976.63812
570.10297,-214.38272,967.22705
571.12537,-213.55316000000002,957.93445
572.35815,-212.94916,947.47656
574.15723,-212.52437,936.7338900000001
574.8281900000001,-211.4001,926.8222
574.65985,-210.57779,917.2955300000001
573.5615799999999,-208.93601999999998,909.4646
571.20746,-208.18102,904.48474
568.2937,-207.2314,902.5325300000001
566.2916299999999,-207.21187,904.21289
564.97455,-206.94253999999998,908.35614
563.6550900000001,-207.67085,914.93896
563.66766,-208.52983,922.4873699999999
563.32599,-209.12965,932.02527
563.47833,-210.43268999999998,941.49921
563.45959,-210.94656,951.43469
564.0885599999999,-211.52327999999997,960.9880400000001
564.7406599999999,-212.3555,969.9898099999999
565.44061,-213.51651,978.48419
566.99573,-214.45871,986.25098
568.02283,-215.19659,993.06775
569.953,-216.2662,998.86725
570.88,-217.33982999999998,1003.4530599999999
571.80475,-218.55156000000002,1007.21613
572.6906700000001,-219.22034,1010.0816699999999
574.43127,-219.97681,1012.10559
574.6499,-220.36624,1014.0241699999999
575.5726900000001,-220.73247999999998,1014.97559
576.65771,-221.18502999999998,1015.46265
577.61578,-221.34212999999997,1015.2388900000001
578.68152,-221.30927999999997,1014.41815
579.17944,-221.51086,1012.89441
579.94678,-221.36092000000002,1011.08148
580.13531,-220.9726,1008.5186800000001
580.69153,-220.6958,1004.98419
581.11993,-220.30396000000002,1001.1881699999999
581.07172,-220.09514,996.4099699999999
581.52838,-219.36522999999997,990.54803
582.21136,-218.73341000000002,984.5659199999999
582.83746,-218.16782,977.27795
582.9505,-217.53735,970.19562
583.58478,-217.0518,962.2360199999999
584.02502,-217.14491,954.87915
582.60535,-217.79932000000002,948.62323
580.67242,-217.98485,944.6500900000001
576.7647099999999,-218.57916,944.2235699999999
573.6225,-220.15752,947.4381699999999
569.63739,-223.23331000000002,952.66626
565.54858,-225.80075,959.8349
561.48645,-228.71813999999998,967.4710699999999
557.15137,-230.98273999999998,975.91211
552.30005,-233.71576000000002,983.96771
547.67792,-235.99252,992.06445
543.50726,-237.90857000000003,998.94824
539.97375,-239.48177,1005.20746
536.758,-240.5887,1010.7379199999999
534.55219,-242.05128,1014.98682
532.4137,-243.29846,1018.2728900000001
530.7478,-244.12541000000002,1020.41516
529.52234,-244.98206000000002,1021.29803
528.5939900000001,-245.22916,1021.2366900000001
527.0892299999999,-245.82985,1019.77155
526.69775,-245.75421,1017.3488199999999
526.42334,-245.49878999999999,1014.29022
526.5318,-244.87902999999997,1010.7011699999999
527.03174,-244.48698,1005.9486699999999
526.46643,-243.81867999999997,1001.2692900000001
526.71741,-243.39494,995.46161
527.39508,-241.99257000000003,988.9816300000001
527.58057,-241.40686000000002,981.9979900000001
527.3344099999999,-240.1617,974.5134300000001
527.6817,-238.99161,966.19714
527.67267,-237.7357,957.6596099999999
527.41272,-236.73632999999998,948.4480599999999
525.9934099999999,-235.80925,939.2366300000001
524.56543,-234.79297999999997,930.5399800000001
523.05341,-233.90032999999997,923.1130400000001
521.6333599999999,-233.17932000000002,917.52942
520.67859,-232.45425,914.14813
520.72589,-232.2719,912.7136199999999
521.15259,-231.96738,913.97192
521.98242,-231.96501,916.90405
523.19531,-231.69969,921.51459
524.4721099999999,-231.62912000000003,927.79797
526.7481700000001,-231.50179,934.8620599999999
528.57104,-231.03259,942.72369
531.04468,-230.89325,950.4588
533.67621,-230.68623,958.50543
536.0493799999999,-231.06949,966.21277
539.52832,-231.53621,973.45135
541.91272,-232.91692999999998,980.60553
545.00085,-233.99086,986.6066900000001
547.71735,-235.114,992.58765
549.56042,-236.59215,998.1283
551.7587900000001,-237.26903,1003.07971
553.39349,-237.87057000000001,1007.1342199999999
555.85651,-238.63464,1011.15948
557.7533,-238.86716,1014.3176300000001
559.90479,-238.69643,1017.1319
562.39105,-238.16542,1019.44843
565.24268,-237.65477,1020.83325
568.29169,-237.44554,1021.90411
572.34473,-236.85507,1021.86859
575.42102,-237.03246000000001,1021.81165
579.19617,-237.63231000000002,1020.63403
582.0706799999999,-237.49412999999998,1018.5498699999999
585.47455,-237.8916,1016.0283199999999
589.06421,-239.58132999999998,1012.17285
592.6496599999999,-240.59076000000002,1007.59424
595.89771,-241.3009,1002.09094
598.72284,-242.46027,996.04071
602.3718299999999,-243.04102999999998,989.04443
605.32825,-243.56887999999998,981.3397199999999
608.36371,-243.33955,973.7877199999999
612.31329,-243.32238999999998,965.67755
616.12073,-242.82986,956.48755
619.90729,-242.37094,947.46954
623.73834,-241.94565,937.61322
627.30603,-242.32436,928.81207
631.82574,-242.09932999999998,920.2728300000001
634.48743,-242.47117999999998,913.1804800000001
636.71472,-243.41234,908.15363
638.6980599999999,-244.29959,905.97229
639.32031,-245.45192000000003,905.59967
639.97614,-246.12997000000001,907.25543
640.82281,-246.53673999999998,909.24103
641.63062,-246.20078999999998,913.5321
643.26581,-245.17147999999997,918.8822
644.46924,-245.26568999999998,925.61261
645.43213,-243.77115,934.28925
646.57703,-243.2171,943.38574
648.38507,-242.92801,952.5210599999999
649.92285,-243.12341,963.4105199999999
651.83502,-243.20847999999998,973.8407
653.06213,-243.91795,985.11505
653.82568,-244.78873,996.4885300000001
651.65881,-246.88391000000001,1006.83344
651.7547599999999,-247.73078999999998,1017.539
651.6594200000001,-248.54716000000002,1028.7002
651.33508,-249.94523999999998,1039.6190199999999
651.32294,-250.1566,1050.5387
651.45868,-251.12451000000001,1061.4613
651.03094,-251.21695,1072.2277800000002
650.87933,-251.51077,1082.65405
650.76343,-251.70557000000002,1092.64734
649.98438,-251.3293,1101.75159
649.43573,-251.0005,1110.08923
649.3009,-251.02684,1117.07971
648.44843,-250.89037000000002,1122.90588
647.27313,-250.51244,1126.9279800000002
647.60028,-250.18657000000002,1130.1051
649.26721,-248.66805,1132.52881
648.13324,-248.50261,1132.96765
650.43604,-246.87057000000001,1132.8136
652.11652,-245.91246,1131.82593
653.90479,-244.69226,1129.76709
655.71027,-243.46254,1127.3551
658.12231,-242.17623999999998,1124.4252900000001
660.78583,-241.59762999999998,1120.75378
663.28748,-240.6642,1116.33521
665.1286,-239.69255,1111.51587
667.61218,-239.10722,1105.8269
669.9940799999999,-238.69742000000002,1099.5661599999999
671.93976,-238.31631000000002,1092.85645
673.38544,-238.00002999999998,1085.82483
675.32611,-238.27405,1078.52136
676.21906,-237.72327,1070.51855
677.37482,-237.24347000000003,1062.20984
678.10229,-236.73297000000002,1053.71179
678.69318,-235.99607999999998,1044.75745
678.88354,-235.29269,1035.39026
678.9762,-234.2099,1026.21423
679.1983,-233.57851000000002,1017.6873800000001
679.1293900000001,-232.22275,1009.4653300000001
679.4508099999999,-230.22185,1001.21478
679.89362,-227.46342,993.37451
680.14124,-223.89456,985.92072
681.4028900000001,-221.23921,980.2008699999999
681.35144,-217.04724,974.46295
680.84473,-213.56384,970.50812
677.95575,-212.73039,968.92615
676.30823,-212.60412999999997,969.8209199999999
675.52203,-213.04922000000002,972.86548
674.2702,-213.59422,976.3806800000001
673.25922,-215.63785,982.4548300000001
672.1098,-217.94655,989.02081
671.15387,-219.71385,995.68073
670.27625,-221.20453999999998,1002.6862199999999
670.72937,-222.63731,1009.2004400000001
670.54486,-223.29556000000002,1015.6593
671.20862,-224.17671,1021.69995
672.06488,-225.02989,1027.50012
672.4458599999999,-225.91292,1033.0719
673.76428,-226.63268,1038.42102
674.68262,-227.8324,1043.37793
676.1932400000001,-228.88261,1048.18677
677.3690799999999,-229.74697999999998,1052.59473
678.90637,-230.06181,1056.57324
680.6911,-230.28931,1060.09375
682.41693,-230.8289,1062.979
684.04041,-230.90216,1064.83252
686.16833,-230.89925,1066.31348
688.24255,-230.92216000000002,1067.0438199999999
690.71149,-230.78235,1066.8178699999999
692.8811,-230.26476,1066.15515
696.08447,-229.90682999999999,1064.73083
698.98151,-229.67494,1061.90454
702.37219,-229.51963999999998,1058.13806
705.367,-229.40157999999997,1053.52295
707.9278,-228.82576,1047.84241
711.13202,-228.32547000000002,1041.11426
713.91266,-227.50027000000003,1033.6427
717.26282,-226.82082000000003,1024.98828
720.83789,-225.89479,1015.6863400000001
724.10699,-224.83336,1005.4915199999999
728.1228,-223.4711,994.46912
731.1970200000001,-222.07043,982.65344
734.21643,-221.1062,970.03864
736.3659700000001,-220.89615,956.8783
737.15619,-220.95962999999998,944.07916
737.95099,-221.16269,932.1668099999999
738.24463,-220.774,923.23822
738.25928,-219.3829,918.02307
737.87915,-217.46196,915.76886
736.5676900000001,-215.62291000000002,917.9373800000001
736.2167400000001,-215.36459,922.7288800000001
736.36407,-215.82336,928.29211
737.44489,-216.49422,934.5165400000001
738.17346,-217.52427999999998,941.0333300000001
738.70099,-218.60226,947.76678
740.47797,-220.16666,955.6323199999999
741.55688,-221.59562999999997,963.4032599999999
742.4433,-222.86139,970.7985800000001
743.32733,-224.10155,978.35779
744.53778,-225.51541,985.5495599999999
745.45978,-227.06322000000003,992.53662
745.99866,-228.03595,999.04175
746.97015,-229.40996,1005.4765
747.69281,-230.46339,1011.65485
748.56683,-231.0121,1017.80988
748.6571,-231.62697999999997,1023.4763199999999
749.77753,-231.91905,1029.03113
749.745,-231.68752999999998,1034.07544
750.2643400000001,-231.62228,1039.02393
750.6037,-231.79485,1043.1826199999998
750.97833,-231.2878,1046.6273199999998
750.867,-230.89485,1049.224
751.68646,-230.93431,1051.24023
752.19196,-230.89192000000003,1052.4754599999999
753.29102,-231.29764,1052.66785
754.28906,-231.61345,1052.1759
755.80151,-232.28437999999997,1051.06421
756.99255,-233.02811,1048.7708699999998
758.77539,-234.27077999999997,1045.89502
760.61896,-235.53298999999998,1042.2979699999999
762.2490799999999,-236.9706,1037.8833
763.98956,-238.1586,1032.90784
765.21924,-239.41789,1026.95801
767.54333,-241.08867,1020.60675
769.12067,-242.39832,1013.22656
770.73279,-243.80747999999997,1005.6085800000001
772.41608,-245.40717999999998,996.9966400000001
773.87366,-246.59534,987.58191
775.18048,-247.65221,978.3510699999999
775.93256,-248.80212000000003,968.02954
776.03845,-249.35913,957.5722
775.69891,-250.04736,947.5908199999999
775.45258,-249.93377999999998,937.3665800000001
775.01648,-250.14352000000002,927.74957
773.8552900000001,-249.70531,919.6343400000001
772.36469,-249.3257,914.35907
770.72681,-249.39417999999998,912.0719
768.91534,-249.76326,914.19147
767.39368,-251.25891000000001,919.07355
765.27472,-252.52466,925.07697
763.09442,-253.97456,933.55524
761.50482,-255.26737999999997,942.67041
759.94019,-256.41791,952.01001
758.2871700000001,-257.92899,961.55475
756.46777,-258.61475,971.22412
755.05426,-259.24368,980.1010699999999
753.00134,-260.49664,988.2642800000001
751.203,-261.38773,996.4226699999999
749.36798,-261.9422,1004.09369
746.93884,-262.28476,1010.8336800000001
745.1745599999999,-262.4996,1017.2207599999999
743.56976,-262.46808,1022.90674
741.73163,-262.45447,1027.14661
739.32782,-262.54717999999997,1030.5426
738.08429,-262.9838,1033.4321300000001
736.008,-263.33563,1035.0076900000001
734.45728,-263.98987,1036.00684
732.3512,-264.16513,1036.80249
730.82141,-265.21597,1036.84766
729.59808,-266.1106,1036.54602
727.8276400000001,-266.97745,1035.94666
726.76862,-267.87637,1034.21594
725.56665,-268.64685,1032.20276
723.12042,-268.81768999999997,1029.6386699999998
721.30725,-269.85263,1026.0190400000001
720.5481,-270.46881,1021.3987400000001
719.28992,-270.90308,1015.68109
718.2625099999999,-270.97281,1009.5288099999999
716.88245,-271.21689,1002.5645800000001
716.32727,-271.10474,994.54175
715.31775,-271.07401,986.3679800000001
714.62982,-271.3992,977.0626800000001
714.90436,-270.95551,967.6012599999999
713.8706099999999,-270.95255,957.1560099999999
713.03174,-270.17407000000003,947.3612099999999
712.4201,-269.47141,937.96881
712.2774,-268.27704,929.76819
710.57294,-266.41427999999996,924.77448
710.11914,-265.11316,921.3018199999999
709.9269400000001,-263.95316,920.67261
710.25311,-263.70636,922.99902
709.7915,-263.40286000000003,926.51801
709.9859,-263.04544,931.7321199999999
710.7203400000001,-262.8873,938.28723
711.65271,-263.3703,945.87115
712.8902,-263.92984,953.8585199999999
713.9566,-265.41919,961.48102
715.5581099999999,-266.37665,969.42578
716.09998,-267.25806,977.30725
717.36218,-269.05865,984.8046300000001
718.34326,-270.53885,991.67615
718.69183,-272.04294,997.90979
719.06616,-273.20914,1003.72949
719.32642,-274.2948,1008.93396
719.5957599999999,-275.19417999999996,1013.7915
720.10303,-275.81635,1017.63495
719.87628,-276.03378,1021.2130699999999
720.0679299999999,-275.55536,1024.34961
720.48602,-275.34766,1026.8101800000002
721.05945,-275.0416,1028.98645
721.00226,-274.26822000000004,1030.33179
721.41248,-273.72159,1031.1897
721.57373,-273.26022,1031.42126
721.7595200000001,-272.79184,1030.84937
722.10657,-272.17731000000003,1029.55249
722.36652,-271.5687,1027.2749
722.43347,-271.37277,1024.54541
722.4621599999999,-271.0419,1020.89984
722.91895,-270.64304,1016.44928
722.89453,-270.37872000000004,1011.2620800000001
723.4195599999999,-270.37216,1005.22131
723.3754299999999,-269.95889,998.6958599999999
724.02899,-270.36612,991.18567
724.16479,-270.39279,983.31775
724.40503,-270.02481,975.16974
724.06396,-269.70679,966.50415
722.86511,-268.4603,957.93842
722.59625,-267.69788,948.51245
722.55255,-266.09302,939.3826300000001
721.50598,-264.45662999999996,931.34412
720.83386,-262.62161000000003,925.2262599999999
719.13922,-260.35266,921.49902
717.99707,-258.25363,920.9934099999999
717.08484,-257.4953,924.98615
716.33771,-257.63122999999996,930.4707
716.14661,-257.93945,936.71649
716.14783,-258.7226,944.12036
714.85645,-259.15915,953.28589
714.4223,-260.04565,962.11646
714.01233,-260.95612,970.77856
713.2374900000001,-261.6947,978.73511
712.60583,-262.03927999999996,986.67072
711.91412,-262.80338,993.4970699999999
711.45966,-263.38669,1000.29749
711.63422,-263.87161000000003,1006.5924699999999
711.45111,-264.27271,1011.9418900000001
712.01099,-264.09671000000003,1016.5119599999999
711.76068,-264.01501,1020.5175800000001
711.74463,-264.09033,1023.60541
711.49738,-264.0314,1026.08313
711.44678,-264.0072,1027.64294
711.3688400000001,-263.66427999999996,1028.4093
711.4094200000001,-263.62448,1028.41052
711.1295200000001,-263.35794,1028.1862800000001
710.75006,-262.87912,1027.1309800000001
710.90204,-262.78275,1025.13
710.14221,-261.3035,1023.36694
710.17029,-261.22354,1020.84967
710.87854,-261.21432000000004,1017.5794099999999
710.73273,-261.17184,1013.6377
711.09778,-261.02316,1008.9920699999999
712.12512,-260.58898999999997,1003.03174
713.07678,-260.53564,996.23535
713.39783,-260.06653,989.0126300000001
713.5047,-260.07788,980.8897099999999
714.11151,-259.68475,972.4082599999999
714.6487400000001,-259.78722999999997,962.8949
715.27399,-259.79663,952.90759
716.03772,-259.40536000000003,943.25946
715.88312,-259.26614,933.48041
716.10992,-259.29278999999997,925.1701699999999
716.44421,-259.6857,918.21246
716.51617,-259.5968,913.77679
716.69971,-259.31838999999997,911.29089
717.52655,-259.81838999999997,913.0432099999999
717.42657,-259.29282,916.8489400000001
717.5718400000001,-259.55138999999997,922.5632300000001
717.41571,-260.05661000000003,929.5414400000001
717.08771,-260.34805,938.17224
717.2880200000001,-260.99579,947.5626800000001
717.34003,-261.50487999999996,957.30078
717.53528,-262.05515,966.85504
717.78864,-263.10458,976.6308
717.8527799999999,-263.75957999999997,985.8606599999999
718.44751,-264.41818,994.51025
719.12537,-265.31534,1001.9763199999999
720.39252,-267.6105,1009.11151
721.1240799999999,-268.83167000000003,1015.13824
722.24377,-269.83691,1020.8205
723.08478,-270.46198,1025.40332
723.74988,-271.12228,1029.5575
725.48608,-272.02966000000004,1032.66589
726.3053,-272.40262,1035.1748
727.5622599999999,-272.77747,1037.06677
728.6275,-273.34692,1038.16895
729.9633200000001,-273.66525,1039.3065199999999
730.50861,-273.83807,1039.34363
731.5604900000001,-274.35519,1038.94958
732.17877,-274.48956,1038.31262
732.49445,-274.5965,1036.46069
733.5210000000001,-275.05759,1034.43018
733.8745700000001,-275.45181,1031.45801
734.18616,-275.83957000000004,1027.73486
734.65295,-276.2428,1023.4268199999999
735.12067,-276.99203,1018.82703
734.8602900000001,-277.40353,1012.83203
735.01788,-277.93781,1006.0197099999999
734.91699,-278.47839,999.08881
735.50568,-279.42752,991.5882
735.14813,-279.94995,983.3616300000001
735.53888,-280.63181000000003,975.1610699999999
735.73743,-280.58221000000003,966.0306400000001
735.49585,-280.50487999999996,956.67749
735.91138,-280.30228,946.9906
736.16986,-279.60904,937.55719
736.2006200000001,-278.89789,928.6931800000001
736.37006,-277.44952,921.36139
735.2844200000001,-275.68832000000003,916.9433
735.75909,-274.50487999999996,916.3662099999999
735.27057,-273.90536000000003,919.50555
735.43787,-274.05121,925.3006
735.29724,-274.30899,932.0213
735.68622,-275.26544,940.68939
735.9630099999999,-275.76804,949.97046
735.66022,-276.47632000000004,959.46881
735.97345,-277.33569,969.0413800000001
735.95374,-277.85202000000004,978.22876
736.00586,-279.00052,987.14655
736.18286,-279.89859,995.9971300000001
735.76202,-281.14459,1004.46912
735.97821,-282.30798,1012.38605
735.94159,-283.29721,1019.7664199999999
736.07159,-284.29837000000003,1026.52991
735.6134,-285.09698,1032.51062
735.43781,-285.52765,1037.22705
735.34656,-285.62686,1041.77429
734.49774,-285.66101000000003,1044.9946300000001
733.85938,-285.30096000000003,1047.69482
733.36731,-285.16876,1049.8347199999998
733.32397,-285.56027,1050.56543
732.2565900000001,-285.1062,1051.4724099999999
731.31671,-284.57675,1051.40759
730.5726900000001,-284.4856,1050.8930699999999
729.56476,-284.08148,1049.8302
728.39325,-283.68555,1048.03589
727.4209599999999,-283.58575,1045.83923
726.09204,-283.28472999999997,1042.7735599999999
725.0009200000001,-282.58047,1038.95337
723.6781,-282.68622,1034.06189
722.41895,-282.36951,1028.60608
721.2937,-282.05807000000004,1022.3198199999999
719.8623,-281.8494,1015.10907
719.40283,-281.6825,1007.56415
718.9497700000001,-281.51138,999.3073099999999
718.06555,-281.17172,990.47552
717.2722200000001,-280.96317,981.13641
716.25739,-280.85291,971.54211
715.06818,-280.22134,961.3027300000001
714.45715,-280.07391,951.24261
713.91669,-279.27844,941.35156
713.68738,-278.41669,932.28864
713.03595,-277.79156,924.5662199999999
712.96136,-277.27022999999997,919.3289199999999
712.4848599999999,-276.51486,916.83289
711.80847,-276.51767,918.03979
711.56921,-276.89249,921.61053
711.18884,-277.41718,927.2366300000001
710.65973,-277.29938,934.33289
711.2149,-278.11752,942.9553800000001
711.00189,-278.57361000000003,951.86041
710.77692,-279.4404,960.7063
711.10608,-279.93381,969.71185
711.30835,-280.69073,978.64575
710.5141,-281.26535,987.3173199999999
710.83362,-282.41222999999997,995.81335
711.08807,-283.38192999999995,1003.95929
710.62189,-283.92151,1011.25177
710.8972200000001,-285.4498,1017.94135
711.0197099999999,-286.56262000000004,1024.13049
711.05011,-287.70657,1029.67419
711.13892,-288.91336,1034.2794199999998
711.39551,-290.13687000000004,1037.98035
711.55878,-291.18539,1041.4428699999999
711.12512,-291.86539,1044.09631
710.93469,-292.31836,1045.95032
710.8349,-292.86951,1047.2440199999999
710.1992799999999,-293.29834,1048.1413599999998
709.7395,-293.46578999999997,1048.5449199999998
709.15588,-293.4353,1048.13025
708.67377,-293.29254,1046.8923300000001
707.44751,-293.11621,1045.35254
706.97784,-293.34087999999997,1042.97034
706.25305,-293.39941,1040.08459
705.78253,-293.53625,1036.53235
704.91351,-293.83328,1032.1417199999999
704.18964,-294.32523,1027.01782
703.8519299999999,-295.17953,1021.31702
703.0715299999999,-295.49948,1014.69739
702.6369599999999,-296.08212000000003,1007.18671
702.06537,-297.03287,999.19244
701.83722,-297.69431000000003,990.6511800000001
700.98877,-298.56042,981.3372199999999
700.1956799999999,-298.71677,971.60541
699.58258,-298.83847000000003,961.7661099999999
699.26068,-298.97775,952.5835
698.80237,-298.59192,943.71838
698.10895,-297.9743,936.1375699999999
697.7930299999999,-297.59879,930.0709199999999
696.9621,-296.79752,927.3751800000001
696.1737099999999,-296.38715,926.7203400000001
695.03375,-296.99167,928.8797
694.27258,-297.89377,933.2551900000001
693.05756,-298.54175,938.9063699999999
692.3559,-299.67467999999997,945.8095099999999
691.15405,-300.83231,953.6121800000001
689.76868,-301.66339,961.1098599999999
688.33331,-301.87462999999997,968.6025400000001
687.34485,-302.69186,975.85266
686.2951,-303.30225,983.2999900000001
685.82971,-304.12207,989.9652699999999
684.8461900000001,-304.98562999999996,996.7000099999999
684.93665,-305.77234,1002.53595
684.85699,-306.87384,1008.0649400000001
685.12634,-307.83203,1012.2977300000001
685.17108,-308.38527999999997,1016.08203
685.2042799999999,-309.05511,1018.72949
685.81812,-310.09811,1020.7063
686.60114,-310.66611,1021.7258300000001
687.07343,-311.53747999999996,1021.76349
687.46411,-312.03927999999996,1020.93384
687.62549,-312.34897,1019.2686800000001
688.23792,-312.89599999999996,1016.72058
688.20172,-313.43451,1013.79761
688.17297,-313.58759,1009.9703400000001
688.3987400000001,-314.04962,1005.7849699999999
688.66913,-314.45419,1000.9078400000001
688.6817,-314.92145,995.7973
688.4082,-315.10492,989.63354
688.1769400000001,-315.50622999999996,983.3416699999999
687.7717299999999,-315.64797999999996,976.64545
687.26636,-316.06934,969.49182
686.67328,-316.03403,962.15619
685.68213,-316.25146,954.5083599999999
684.62811,-315.97137000000004,946.8772
683.3183,-315.71307,939.65619
682.0893599999999,-315.63903999999997,933.14587
679.95526,-314.8746,927.86371
678.6607700000001,-314.50104,924.9780300000001
676.40552,-314.15381,924.17786
674.21979,-313.6539,925.20874
672.08392,-313.41119,927.56665
670.63995,-312.97992,930.85565
670.2497599999999,-312.86127,934.54425
669.5285,-312.77898999999996,938.8676800000001
669.4035,-312.89566,942.88586
669.88495,-313.22803,947.47235
670.15527,-313.22302,950.53668
670.2063,-313.36679,954.0401
671.13928,-314.08923,957.7878400000001
671.0163,-314.4021,960.83765
671.33752,-314.62091000000004,963.69354
671.633,-316.20554,965.8678
671.28485,-316.09229,967.32855
671.6895099999999,-317.45956,968.41614
670.78296,-316.75174,969.86328
668.72797,-315.99106,969.9069800000001
669.7843,-317.28612999999996,970.7747199999999
669.39404,-317.51276,970.82104
668.62463,-317.55742999999995,970.46204
667.6214,-318.17361,969.7727699999999
667.6372700000001,-319.06021,969.14545
666.51074,-319.2984,967.72729
665.40405,-319.88748,966.14484
665.1628400000001,-320.60822,963.82916
663.94495,-321.24762000000004,962.0418699999999
663.3714,-321.2963,958.99274
661.9386,-321.51685,955.47198
