X2,Y2,Z2
691.4681400000001,-102.33128,1724.50195
686.72961,-97.73016,1724.08435
684.95844,-95.65383,1723.77002
682.65143,-93.12393,1723.4434800000001
680.90771,-90.70929,1723.32813
679.24487,-87.97004,1723.19385
676.2481700000001,-85.36848,1722.58667
674.6926900000001,-82.60858,1722.31616
672.02844,-79.72152,1722.1451399999999
669.96362,-76.49358000000001,1721.91785
668.2981,-73.8951,1721.84717
666.08331,-70.74348,1721.5002399999998
663.55969,-67.1695,1721.4248
661.6021099999999,-63.88399999999999,1720.93848
659.81287,-60.87285,1720.90698
657.5567,-57.44415,1720.80188
655.15607,-53.472319999999996,1720.8916
653.2271099999999,-49.6008,1721.10913
651.25824,-45.622690000000006,1721.70288
648.95831,-42.23922,1721.8974600000001
647.10138,-37.94845,1722.14905
645.36761,-34.02259,1722.3215300000002
643.43652,-30.38715,1723.8646199999998
641.6460599999999,-26.15425,1725.0231899999999
640.18542,-22.6525,1725.10559
638.8183,-18.8217,1725.9238300000002
636.92627,-15.40441,1726.54468
635.32227,-12.23657,1726.7247300000001
633.6293900000001,-8.47598,1727.10938
631.7644700000001,-4.96221,1727.45374
630.24139,-2.4584900000000003,1727.55688
628.02136,0.51352,1727.7943100000002
626.578,3.22045,1727.86719
624.90143,6.32785,1727.59363
622.57666,8.35993,1727.61829
621.09924,11.346169999999999,1727.63
619.02899,13.450510000000001,1727.40613
617.67297,16.11675,1726.9207800000001
616.6823099999999,18.351570000000002,1726.6715100000001
615.51068,20.36072,1726.3396
613.56281,22.714760000000002,1726.17322
612.4068,24.7668,1725.98877
610.51886,26.517870000000002,1725.6082800000001
609.1039400000001,28.11866,1725.6196300000001
608.47821,30.05327,1725.35864
607.6755400000001,31.93548,1725.3737800000001
606.33862,33.472640000000006,1725.3092
605.45502,35.3919,1725.35156
604.49725,36.89043,1725.32947
603.11914,38.416709999999995,1725.53223
601.9218099999999,39.69449,1725.61572
601.80804,40.91434,1725.8308100000002
600.48224,42.34243,1726.0607899999998
599.43439,43.34083,1726.09363
598.80719,43.82224,1726.1425800000002
598.43701,45.00013,1726.4117399999998
597.47772,45.550329999999995,1726.78955
596.41382,46.42241,1726.9473899999998
595.80536,46.742709999999995,1727.3214100000002
595.7583599999999,47.7055,1727.32727
595.02161,47.933479999999996,1728.0401600000002
594.255,48.17787,1728.2143600000002
593.79529,48.14631,1728.4016100000001
593.4906599999999,48.26167,1728.7460899999999
592.80975,48.27101,1729.01782
592.37628,48.09239,1729.32312
591.45654,47.6145,1729.39429
591.3519299999999,47.5346,1729.38721
590.6281700000001,46.96432,1729.61707
590.24396,46.50188,1729.6661399999998
590.0357700000001,45.84343,1729.92932
589.62079,45.12099,1729.8797600000003
589.0507200000001,44.426829999999995,1729.96863
588.9060099999999,43.49884,1730.19971
589.02185,43.12127,1730.07715
588.4884599999999,41.77948,1730.16077
588.88184,40.571529999999996,1730.3382600000002
587.9377400000001,39.20697,1730.4787600000002
588.4444599999999,38.09755,1730.3140899999999
588.10504,36.15902,1730.29688
587.7235099999999,34.278890000000004,1730.1619899999998
588.4566,32.37565,1730.0918
588.2896099999999,30.379179999999998,1729.9703399999999
588.03503,28.43245,1730.0125699999999
588.62518,25.53866,1729.82471
588.9018599999999,22.74491,1730.0992399999998
590.32977,20.44955,1729.3562
591.20374,17.95666,1729.50342
591.7912,14.621310000000001,1729.35034
592.34857,12.14306,1729.47693
593.3958700000001,9.61883,1729.46375
594.92902,5.64806,1729.45667
595.85181,2.78382,1729.45447
597.76422,-0.52981,1729.46582
598.5448,-4.17676,1729.4703399999999
600.07874,-7.336710000000001,1729.32275
601.9502,-10.36743,1729.4646
603.04828,-13.99668,1729.48206
604.92529,-17.37891,1729.2185100000002
606.2561599999999,-20.090310000000002,1729.21655
608.3548599999999,-23.83622,1729.02673
609.2619,-26.253659999999996,1729.00867
611.10632,-29.944290000000002,1728.8464399999998
611.8656,-32.67908,1728.3407
613.97321,-35.737559999999995,1727.97742
615.638,-39.60872,1727.5402800000002
616.86572,-42.47899,1727.14648
618.7771,-45.5682,1726.3254399999998
619.86902,-49.0251,1725.95337
621.69476,-52.12442,1725.3537600000002
622.85284,-55.312740000000005,1724.89978
624.40283,-58.65056,1724.3967300000002
627.07043,-62.04466,1724.0327100000002
628.28448,-65.25089,1723.88623
629.63281,-68.4834,1723.6340300000002
631.00262,-71.23261,1723.4306600000002
632.64655,-74.70917,1723.34082
634.84741,-77.86325,1723.32007
636.36298,-81.21925999999999,1723.4377399999998
638.21143,-84.13902,1723.61169
639.34747,-87.97916,1724.19043
641.10358,-91.01259,1724.44153
642.76617,-94.65335,1725.1700399999997
644.02692,-97.26366,1725.10144
645.86768,-100.91790999999999,1726.17542
647.26489,-104.06231,1726.4425
648.6188400000001,-107.06816,1726.76697
649.87262,-110.04213,1727.2616
652.1886,-113.24128,1727.74207
653.3433200000001,-116.55868999999998,1728.11072
654.7674,-119.83826,1728.0201399999999
656.09863,-122.63762,1728.1247600000002
657.3283700000001,-125.57955,1727.88293
658.4563,-128.29237,1727.9276100000002
660.41296,-131.7756,1727.38318
661.56146,-134.70001000000002,1726.91797
663.05627,-137.92026,1726.28784
664.1387900000001,-140.82289,1725.255
665.73035,-143.70131999999998,1724.0515100000002
667.25873,-146.30821,1722.69958
668.46222,-149.18567,1721.34937
669.22729,-152.58551,1720.0002399999998
670.83533,-155.35333,1718.4049100000002
672.41437,-158.31013000000002,1716.87146
673.4518400000001,-160.66119,1715.94971
675.1052900000001,-163.91945,1715.14343
676.69983,-166.21617,1714.76941
678.10162,-168.72755,1714.5255100000002
679.87958,-170.6658,1714.29248
681.25372,-173.17128,1714.46985
682.62329,-175.39227,1714.48975
683.4007,-177.76976000000002,1715.3634
685.64001,-180.11407,1716.15833
686.9408599999999,-181.7068,1716.97717
688.90234,-183.72627,1718.4989
690.2125900000001,-185.70369,1719.89197
692.14709,-187.63217,1721.30591
693.4227900000001,-189.29128,1723.05603
694.9259599999999,-191.26588,1724.71875
696.66656,-192.6759,1726.35583
697.38531,-194.28229,1728.01343
698.92542,-196.16365,1729.4215100000001
699.6178,-197.42671,1730.44885
700.5197099999999,-198.9308,1731.9106399999998
701.72797,-200.28427,1732.58862
702.7724599999999,-202.10074,1733.5841100000002
703.35992,-202.67654,1733.98083
704.23859,-203.99483,1734.4289600000002
705.67725,-205.41031,1734.7799100000002
706.12927,-206.60222,1735.17554
706.7999900000001,-207.55775,1735.3778100000002
707.88824,-208.22404,1735.4007600000002
709.07037,-209.03777,1735.30029
709.69305,-210.44957000000002,1735.2113
710.7713,-211.03197999999998,1734.91772
711.81616,-211.51071000000002,1734.44067
711.77716,-212.61255,1733.81616
712.91571,-213.44838,1733.62585
713.93146,-214.16295,1733.36584
714.4572099999999,-214.69447000000002,1732.9447
715.35974,-215.25929,1732.8419199999998
716.38391,-216.14775,1732.7403600000002
716.87793,-216.75024,1733.23352
717.9693,-217.03635,1733.4506800000001
718.78552,-217.68941,1734.01892
719.1752299999999,-218.56175,1734.7893100000001
720.19183,-219.25415,1735.03528
721.4855299999999,-219.72984,1736.02625
721.82507,-220.25717000000003,1736.8608399999998
722.69171,-220.42029,1737.32178
723.4683200000001,-220.54477999999997,1738.48059
724.06616,-221.35271,1739.24951
724.23456,-221.64345,1739.72302
724.73285,-222.55865,1740.04663
725.1474,-222.7778,1740.4896199999998
725.54602,-223.17587000000003,1740.5371100000002
725.4293200000001,-224.46629,1740.2012899999997
725.7567700000001,-224.80097999999998,1739.78625
726.3070700000001,-225.07814,1739.05481
726.4115,-225.53534,1738.4711899999998
726.45142,-225.52247999999997,1737.70947
726.36359,-226.22401000000002,1736.71802
726.76978,-226.90886,1735.94128
726.78198,-227.61646000000002,1734.6593
726.8446,-228.07677999999999,1733.15637
727.4245,-228.38827999999998,1732.24963
727.25232,-229.68341,1731.37854
727.10382,-230.11455,1730.0212399999998
727.42365,-230.59367000000003,1729.01501
727.68182,-230.88367000000002,1728.2872300000001
727.94781,-231.11526,1727.4956100000002
727.83887,-231.5211,1726.8737800000001
727.5740400000001,-232.16718999999998,1726.85718
727.6503299999999,-232.63539,1726.75366
728.05847,-233.25894,1726.89404
728.35382,-233.38768,1727.02722
728.8624900000001,-233.70859,1727.6340300000002
729.0249,-234.09941,1728.50757
729.34869,-233.94513999999998,1729.6691899999998
729.68402,-234.14767,1731.1831100000002
730.45728,-233.34366,1732.7926
730.88568,-233.405,1734.5072
731.80646,-233.26627000000002,1736.3107899999998
732.72687,-232.98087,1737.90662
733.49902,-232.48396,1739.5596899999998
734.11688,-231.87287999999998,1740.8659699999998
735.24176,-231.45438,1742.29712
735.25842,-231.12436,1743.14136
735.89435,-231.12854,1743.85718
736.4137,-230.81931,1744.4869399999998
736.7771,-230.4834,1744.73035
737.56555,-229.93332,1744.2286399999998
737.78992,-229.85056,1743.44678
738.14716,-229.89722999999998,1742.8798800000002
738.5967400000001,-229.48395,1741.83313
738.82758,-229.01152000000002,1740.08606
738.9856599999999,-229.07211,1738.401
739.58002,-228.70781000000002,1736.2133800000001
740.16986,-227.78461000000001,1733.40405
740.01941,-227.40559,1730.42212
741.08038,-227.04442999999998,1727.3023699999999
740.77258,-226.77397000000002,1723.83716
741.29224,-225.97932000000003,1720.0596899999998
741.85175,-225.24247999999997,1715.8501
742.1225599999999,-225.04942000000003,1711.7395
742.76495,-224.8195,1706.9917
743.01129,-224.36338999999998,1702.46094
743.37964,-223.87557999999999,1697.3619399999998
743.86469,-223.48578999999998,1692.51587
744.54651,-223.29788,1687.51904
744.71747,-223.43771,1683.49207
744.59583,-222.86105,1679.58142
745.24451,-221.8372,1675.56409
745.14856,-221.63042000000002,1673.97668
746.12347,-221.32001,1672.27515
746.63983,-220.91786000000002,1672.40198
747.52795,-220.65094,1673.54651
748.66425,-220.45623999999998,1676.0805699999999
749.65039,-220.10716000000002,1679.65332
751.17645,-219.25311000000002,1684.7074
752.1499,-219.13916,1691.2672100000002
753.55402,-218.34248,1698.1106
754.8418,-217.74157999999997,1706.14795
756.92877,-216.69817999999998,1715.37708
759.0153799999999,-216.10587,1724.52747
761.05426,-214.47067,1734.0523699999999
762.4588,-214.37666000000002,1743.81982
765.31,-213.45012999999997,1753.17102
766.58704,-212.34962000000002,1762.07483
768.7927900000001,-211.39462000000003,1770.30505
769.63007,-210.47907999999998,1777.6463600000002
771.07397,-209.73311,1784.69165
772.0756200000001,-208.40292,1790.3620600000002
773.05695,-207.66249,1795.71265
773.88037,-207.22086000000002,1800.4398199999998
774.68378,-206.01747,1804.1438
775.1629,-205.00821000000002,1807.5335699999998
775.4812,-204.54736,1810.40247
776.33154,-203.29294,1812.4942600000002
777.02216,-202.47146999999998,1813.96375
777.5480299999999,-201.97443,1815.21667
778.5072,-200.84526,1815.6574699999999
779.35022,-200.30986000000001,1815.48462
780.36395,-199.44163999999998,1814.1857899999998
781.27197,-198.59157,1812.7923600000001
781.43005,-197.94749,1810.4940199999999
781.4749099999999,-196.66541,1807.74023
782.19135,-196.18332,1803.7829600000002
782.01544,-195.80733999999998,1798.7810100000002
782.67328,-195.02066000000002,1793.69495
783.17773,-194.4232,1788.18225
783.35187,-194.03513,1781.4558100000002
783.76599,-193.66451999999998,1774.12927
782.8314799999999,-192.54684,1766.17175
782.73932,-191.64685,1758.0095199999998
782.29095,-191.19481000000002,1748.57886
782.24896,-191.05174,1739.86218
781.41107,-190.70497,1730.47949
780.01624,-190.38118,1722.2867399999998
779.1610099999999,-190.40431,1715.26428
778.9585599999999,-189.6422,1710.08545
779.11151,-188.93149,1707.25354
779.96643,-187.34364,1706.19885
781.15356,-186.1942,1707.6145
783.0567,-184.26262,1709.9705800000002
785.18561,-182.46957,1714.19873
786.88495,-181.02727,1720.19971
789.6178,-179.32856999999998,1727.2639199999999
792.85815,-177.1757,1734.6405
796.30176,-174.93382,1742.6864
799.7531700000001,-173.03682,1750.06567
802.2178299999999,-170.71274,1757.7011699999998
805.41516,-169.26856999999998,1763.7215600000002
808.0450400000001,-168.24702,1768.58459
810.2056299999999,-166.98883,1772.51196
811.14612,-166.34616,1775.20227
811.14215,-166.10461,1777.59741
811.73712,-165.27598999999998,1779.7768600000002
812.16864,-164.96375,1781.1283
812.68921,-164.19281,1782.1965300000002
812.81525,-163.7394,1782.7467
812.9884599999999,-163.02581999999998,1782.78882
813.4468400000001,-161.69098,1782.69519
813.89142,-161.06439,1781.7117899999998
814.1721200000001,-160.15544,1780.69409
813.72003,-159.33553999999998,1778.4541
812.9010599999999,-158.17667,1775.38477
812.9928,-157.39943,1772.2596399999998
812.3407,-156.36923000000002,1768.0741
811.05524,-155.5014,1763.1191399999998
809.71252,-154.09967,1757.54407
808.08661,-153.33969,1751.5888699999998
805.0833700000001,-152.47804,1745.23938
803.59265,-151.46617,1739.89502
801.12329,-150.48276,1735.1167
799.12415,-149.95914,1731.69934
798.2702,-148.69658,1729.51489
797.72357,-147.83389,1729.4458
798.13123,-147.5034,1730.5766600000002
799.7262,-147.30338,1733.02515
800.25269,-147.4239,1735.74963
801.3539400000001,-146.88271,1739.7370600000002
803.27795,-146.7619,1743.56982
804.26184,-147.28964,1748.04456
806.51593,-147.35188,1751.94873
808.4058200000001,-147.64844,1755.6319600000002
810.83215,-147.8764,1758.0481
812.2171,-148.4048,1760.10132
813.34613,-149.11761,1761.6738300000002
813.3706099999999,-149.76697,1762.53076
812.91815,-150.42186,1762.95215
812.3114,-151.2709,1763.0736100000001
811.3580900000001,-151.67494,1762.4005100000002
810.93121,-152.20001000000002,1761.66052
809.46826,-152.77374,1760.0216100000002
808.84882,-152.97418000000002,1758.0534699999998
808.05902,-153.77486000000002,1755.8369100000002
806.52643,-153.73775,1752.9274899999998
805.08234,-153.57991,1749.6267100000002
803.6015,-153.58125,1745.6416
801.82556,-153.83746000000002,1740.80933
800.0202,-153.16228,1735.8172600000003
798.4556299999999,-153.19069,1729.63269
795.57111,-152.94951,1723.37
792.96747,-152.41629,1716.8526600000002
789.78339,-152.22928000000002,1710.49707
786.15112,-152.40866,1704.8925800000002
783.42645,-152.16194,1700.5358899999999
780.56915,-151.526,1697.76196
778.45789,-151.21223,1697.36975
777.0683,-151.09386999999998,1697.72791
775.05621,-150.85063,1699.9078399999999
773.60956,-151.10518000000002,1703.18433
772.7713,-151.18839,1708.0721399999998
771.88141,-150.95171000000002,1714.6261
771.3972200000001,-150.91875,1722.36035
771.34631,-151.07414,1730.13623
771.10919,-151.0137,1738.86035
770.263,-150.84065,1746.6709
770.17474,-150.44623,1754.64856
769.9932299999999,-150.28464,1761.7233899999999
769.75305,-150.33699,1767.6722399999999
767.97528,-149.99974,1772.8024899999998
766.6990400000001,-150.24951000000001,1776.91907
764.3134200000001,-150.44073,1780.45081
762.92297,-150.91411000000002,1783.2616
760.96893,-151.1638,1785.58533
758.22644,-151.78186000000002,1787.2944300000001
756.53827,-151.9976,1788.54553
754.46045,-152.54686,1789.28467
752.89478,-152.84041000000002,1789.2526899999998
751.6886,-153.81918000000002,1788.90515
749.4201,-154.21083000000002,1787.62207
747.90143,-154.63158,1785.4047899999998
745.5061,-155.75128,1783.03552
743.85388,-156.34123,1779.5848399999998
741.177,-156.90901000000002,1775.4542199999999
738.83875,-157.61809,1770.69202
736.83447,-158.7527,1765.50842
735.02417,-159.22142,1759.05872
732.46405,-160.3878,1752.3064
729.83795,-160.82288,1744.7784399999998
727.65375,-161.62082,1736.7699
724.90863,-162.54193,1727.5578600000001
722.39728,-163.47069,1718.5600600000002
718.79517,-164.09698,1709.3388699999998
716.42493,-165.10133000000002,1700.33325
712.81458,-166.16055,1691.4046600000001
709.8630400000001,-167.62881000000002,1683.0609100000001
706.81171,-168.47728999999998,1676.08997
703.75055,-170.07895,1670.55176
701.54492,-170.7699,1666.59534
699.2265,-172.21936000000002,1664.2667199999999
697.43823,-172.47548999999998,1663.9906
696.02783,-173.22551,1665.69446
694.37469,-173.99315,1669.1261
692.90552,-174.19868,1675.07117
692.61725,-174.41763,1682.6293899999998
691.8630400000001,-174.50977,1691.5813
691.5014,-175.13931000000002,1700.8450899999998
690.6181,-175.66483,1711.66895
690.84229,-176.21446,1722.23511
690.4444599999999,-176.68233999999998,1732.8796399999999
690.16333,-178.23355,1743.0289300000002
690.4613,-178.9066,1752.37854
689.8688400000001,-180.64819,1760.82898
689.5892299999999,-182.1743,1768.5263699999998
688.88287,-184.36032,1775.5054899999998
688.80505,-186.20451,1781.8966100000002
687.77161,-188.54588,1787.3905
687.19006,-191.06128,1792.21204
686.08374,-193.84067,1796.9527600000001
685.00726,-196.50722,1800.9399399999998
685.00555,-198.96138,1804.2999300000001
683.83643,-201.44606000000002,1806.87451
683.8656599999999,-204.47955,1809.30579
681.9681400000001,-207.57628,1810.53162
681.12427,-210.89972000000003,1811.2701399999999
680.2608,-213.78082,1811.20386
678.3493,-217.36261000000002,1810.11414
676.87677,-220.99337999999997,1808.5484600000002
674.68616,-225.1422,1806.6273199999998
672.86688,-228.20584,1803.60242
671.6478900000001,-232.20171000000002,1799.9777800000002
669.19159,-235.89128,1795.6864
666.8242799999999,-239.32304,1790.6350100000002
664.5257,-242.9581,1784.78784
661.78143,-246.8044,1778.63245
658.47876,-250.70395,1771.66809
654.93652,-254.67375,1763.3522899999998
651.6968400000001,-258.48822,1754.8327600000002
647.60236,-262.41547,1745.7717300000002
643.7243,-266.73187,1735.8065199999999
639.03156,-270.63712000000004,1725.25342
634.2033700000001,-275.05191,1714.05957
628.80121,-278.59094,1702.9552
624.26648,-282.89499,1692.2677
618.21667,-286.63647000000003,1681.5849600000001
612.55261,-290.13507000000004,1671.9851099999998
606.67529,-292.63181000000003,1663.1027800000002
601.30457,-294.69714,1656.50586
595.2957200000001,-296.2309,1651.39697
590.01007,-297.57339,1648.3656
585.29755,-297.95459,1646.14929
580.35864,-298.84262,1645.73279
575.08051,-298.73544,1647.4491
570.18182,-298.44153,1650.95764
565.94012,-297.42859,1656.51917
564.2515900000001,-296.58907999999997,1664.03125
559.60535,-294.29416000000003,1673.43457
557.14813,-292.17145,1684.30737
555.7810099999999,-289.69046000000003,1696.54272
554.3688400000001,-286.93557999999996,1709.2163100000002
554.51123,-283.71701,1722.62903
555.35181,-281.16635,1736.06311
556.3446700000001,-278.11044,1749.6828600000001
558.4880400000001,-275.08627,1763.00415
560.38855,-272.48962,1775.28479
562.7366900000001,-270.46786000000003,1786.92505
565.2905900000001,-268.34985,1798.39197
568.0330799999999,-266.897,1808.1276899999998
570.26202,-266.05795,1817.18103
572.89624,-265.30203,1825.1666300000002
575.20599,-263.92517000000004,1832.3575399999997
578.10474,-263.15244,1839.1027800000002
580.1076,-262.30688,1844.55176
584.03455,-260.50009,1849.35559
586.15594,-259.52579,1853.71545
589.73871,-257.41791,1857.49243
592.86438,-255.42383999999998,1860.24255
595.63354,-253.70125,1862.79358
599.58533,-251.20547000000002,1864.7912600000002
603.7514,-248.92856,1865.71033
607.14526,-247.1284,1866.3768300000002
611.7767299999999,-244.5799,1865.8588899999997
614.95459,-242.89905,1864.3369100000002
618.30267,-241.18187000000003,1862.2359600000002
621.74512,-239.65347000000003,1859.7141100000001
624.96069,-238.21672,1856.1394
627.87372,-237.29439,1851.6162100000001
631.68719,-236.24286,1846.6812699999998
633.54675,-235.35342000000003,1840.89294
636.4375,-234.47862,1834.4110100000003
639.64905,-233.67252000000002,1827.60242
641.6166400000001,-233.25083999999998,1820.22302
643.3493,-233.32701,1812.5964399999998
645.54242,-232.9024,1804.0784899999999
646.42853,-233.22462000000002,1795.2074
646.9005099999999,-233.92302999999998,1786.2119100000002
647.25665,-234.68175,1776.27417
647.0416299999999,-236.04758999999999,1766.59045
645.71472,-238.13322000000002,1756.2412100000001
644.09161,-240.06038999999998,1746.0805699999999
641.8999,-242.32907000000003,1735.97644
639.9422599999999,-244.9552,1725.9674100000002
636.5344200000001,-247.77123999999998,1716.4536100000003
633.61267,-250.36867,1707.9223600000003
631.10559,-253.14203999999998,1699.9191899999998
628.10504,-255.10578999999998,1692.89465
625.04138,-257.16193,1686.7652600000001
622.55548,-258.55255,1681.32227
619.5921599999999,-260.1564,1677.7446300000001
615.6073,-261.42099,1675.48352
613.64636,-262.06696,1674.85779
611.37793,-262.30359,1675.59302
609.8772,-261.79242,1678.03015
608.37231,-260.73392,1682.4597199999998
607.42133,-259.60461000000004,1687.81201
606.13605,-257.69989,1693.74707
605.72992,-255.94588,1701.10559
604.45557,-254.56444,1709.41895
602.98065,-252.97527000000002,1717.71045
601.7112400000001,-251.71831,1726.7329100000002
599.4707,-250.79047999999997,1735.1401399999997
598.34161,-250.01442000000003,1743.73938
596.70526,-249.85439,1752.0567600000002
595.0445599999999,-249.40106,1760.1145
592.95728,-249.75667,1767.63977
590.63776,-250.0063,1774.3455800000002
587.98114,-250.58586,1780.18225
585.85297,-251.11643999999998,1785.9556899999998
583.7302900000001,-252.11122000000003,1790.3890399999998
580.34796,-253.6826,1794.28162
577.33813,-254.59224,1797.33533
574.48157,-256.55099,1800.07739
571.97095,-258.24332000000004,1802.14063
569.20532,-259.74118,1803.55688
565.9787,-262.05334,1803.9707
563.65063,-264.38281,1803.9101600000001
560.64667,-266.65878,1803.30945
557.53809,-269.07263,1802.0361300000002
554.8822,-271.61823,1799.7680699999999
552.25256,-274.47012,1796.7204600000002
549.3911099999999,-277.39423,1792.75305
545.9956099999999,-280.59921,1787.96423
542.77771,-284.08975,1782.42517
539.25488,-287.62561,1775.59717
535.86511,-291.392,1767.6344
531.92889,-295.22745,1759.23804
528.86877,-299.1705,1750.0898399999999
525.4256,-303.61252,1740.1787100000001
521.98676,-307.75467000000003,1730.66907
518.89496,-312.00872999999996,1721.5173300000001
515.89282,-315.9884,1713.0173300000001
513.21417,-319.83038,1706.7965100000001
511.60922,-322.83551,1702.3691399999998
510.24115,-325.10571,1700.18237
509.798,-326.94232,1700.3422899999998
510.07709000000006,-328.36176,1702.6925
509.91345,-328.90682999999996,1706.9942600000002
510.47675,-329.01052999999996,1713.21057
510.8002,-329.28235,1720.59875
511.93362,-328.82156000000003,1729.7235100000003
513.26508,-328.2305,1739.42505
514.40063,-327.19455,1750.09082
516.44531,-326.20212000000004,1760.5542
518.2157,-325.81131,1770.51172
519.64832,-325.00052,1780.68811
521.0210599999999,-324.78845,1789.83215
522.07739,-325.5498,1797.65613
522.3811,-326.79266,1804.74585
523.31854,-328.34689,1811.3687699999998
522.87463,-330.58926,1816.64343
522.42493,-332.44727,1821.69873
522.40613,-334.65036000000003,1825.9104
522.4207200000001,-336.60742,1829.8577899999998
522.83588,-338.34882000000005,1833.10083
521.86151,-340.48706,1836.0340600000002
521.85535,-342.05731000000003,1837.98572
521.53839,-343.64996,1839.87866
521.91431,-345.30414,1840.8377699999999
522.2587900000001,-346.548,1841.42578
521.58942,-347.84912,1841.21582
520.41754,-349.06927,1840.69128
520.65356,-350.19489,1839.2255899999998
520.04346,-351.51981,1837.3949
520.20844,-352.77512,1833.7672100000002
518.98608,-354.36105,1830.3938
517.98859,-356.15213,1826.1311
516.8768299999999,-357.30981,1821.1734600000002
516.7374900000001,-358.79892,1814.7086199999999
515.4010599999999,-360.44597999999996,1808.0769
514.79797,-361.40482000000003,1800.2257100000002
513.7062400000001,-363.15689,1791.3455800000002
512.34393,-364.44934,1781.8608399999998
510.87863,-365.73929,1771.99365
509.56155,-367.16376,1761.3035899999998
508.11212,-368.84015,1750.33215
506.54669,-370.43436,1739.90576
504.53503,-372.16727000000003,1730.5402800000002
503.43414,-373.52655,1723.54602
502.18732,-374.74347,1718.98877
502.31888,-375.11111,1716.7901600000002
502.42499000000004,-375.25052,1716.74597
502.42938,-375.02231,1718.3236100000001
502.25925,-374.62723,1721.14832
502.11462,-374.4418,1726.48083
502.07693,-373.66537,1733.4165
502.02590999999995,-372.76312,1741.97583
503.14194000000003,-371.67633,1751.33875
503.07937999999996,-370.62976000000003,1761.0841100000002
504.48141,-369.34082,1770.5443100000002
505.13058,-367.97809,1779.7764899999997
506.73065,-366.68665,1788.60999
507.21990999999997,-365.69592,1796.8702399999997
508.71741,-364.57083,1803.16809
509.14856,-364.57111000000003,1809.05432
509.35953,-364.05386,1814.10559
,,
510.44766,-364.21854,1822.0136699999998
511.14584,-364.05548,1825.53027
512.4436,-363.5961,1828.63733
513.40863,-363.34778,1830.9422600000003
513.9054,-363.42728,1833.0227100000002
515.46777,-363.53058,1834.4425
515.88416,-363.62814,1835.5356399999998
517.6884200000001,-363.46881,1835.92322
518.63446,-363.64001,1835.73816
518.87134,-364.10382000000004,1835.1794399999999
520.28278,-364.19489,1833.39453
521.80829,-364.40692,1830.7589100000002
522.2561,-364.69852000000003,1827.86353
523.32397,-365.09225,1823.7301
523.3065799999999,-365.94104,1819.0175800000002
524.51489,-366.89609,1813.58325
525.71722,-367.73636,1807.03125
525.56696,-368.55978,1800.03162
525.8127400000001,-369.28125,1792.09888
526.53497,-370.78533999999996,1783.55383
526.48334,-371.71957000000003,1773.9162600000002
526.88983,-373.03732,1763.46667
526.3606599999999,-374.51245,1753.1688199999999
526.3837900000001,-376.20337,1742.44958
525.92505,-378.01727,1732.5565199999999
525.90552,-379.87296000000003,1724.6979999999999
526.6365400000001,-381.92502,1718.43457
527.26959,-382.85007,1714.2409699999998
528.1713900000001,-383.51785,1712.6425800000002
529.52692,-384.07394,1712.28442
530.27753,-384.3576,1713.45227
532.4046599999999,-384.54376,1717.0089100000002
534.01758,-384.41913,1721.83228
535.69019,-384.1456,1728.5647
538.38245,-383.55203,1736.1140100000002
540.60645,-383.15027000000003,1744.1318399999998
544.3811,-381.94601,1752.0139199999999
546.64886,-381.48208999999997,1759.99133
550.31299,-380.14462000000003,1766.76648
553.85834,-379.31415,1772.8961199999999
556.7656900000001,-378.35623,1778.0011
558.65833,-378.13959,1781.78625
560.00433,-378.19347999999997,1784.29895
560.72876,-378.1011,1786.29749
560.34241,-377.72128,1787.73206
561.0697,-377.32018999999997,1788.82458
561.03973,-376.76912999999996,1789.6375699999999
560.64886,-375.78583,1789.81189
561.02972,-374.96227999999996,1789.3380100000002
561.61133,-373.98633,1788.16455
561.2246700000001,-373.25052,1786.5675
561.84552,-372.15509,1784.41077
561.9630099999999,-371.55568999999997,1781.44397
562.52002,-370.4884,1777.88159
562.7637900000001,-369.4635,1773.7374300000001
562.26141,-368.73651,1768.73413
561.4749099999999,-367.56793,1762.96777
561.14233,-367.00838999999996,1757.1162100000001
560.43402,-366.17992999999996,1750.2388899999999
558.77209,-365.54004,1743.901
557.6496,-365.67819,1738.15576
555.41254,-365.15216000000004,1732.7262
554.67889,-364.49304,1728.73767
554.75604,-364.13065,1726.2168
554.1055299999999,-363.43466,1725.0710399999998
555.17505,-362.4191,1725.54321
556.1361099999999,-361.59161,1726.56763
557.78137,-360.42217999999997,1729.64075
559.2181400000001,-359.53015,1734.24646
561.33978,-358.09412000000003,1739.6729699999999
564.02252,-356.90652,1745.72302
566.6680299999999,-355.99899,1752.43787
569.7959,-354.83917,1759.0636
572.1845099999999,-353.72623,1766.16748
575.22876,-353.0625,1772.6722399999999
578.04926,-352.4787,1778.72485
580.08673,-352.35703,1784.2113
582.6405,-352.5264,1789.01624
583.8642,-352.63498,1793.2439
584.91113,-353.22665,1796.9085699999998
586.3915400000001,-353.68903,1799.89478
586.96582,-354.79211000000004,1802.2666
587.4046,-355.87888,1804.1195100000002
587.85785,-356.81009,1805.4360399999998
588.2119799999999,-357.85941,1805.9854699999999
588.6441,-359.08606000000003,1806.4229699999999
588.474,-360.23553,1806.1425800000002
588.97186,-361.69675,1804.9455600000001
588.96503,-363.02985,1803.27466
588.96802,-363.85922,1800.9470199999998
588.13513,-365.27521,1797.5798300000001
587.7601900000001,-366.28677000000005,1793.9860800000001
586.4657599999999,-368.02042,1789.20288
585.49902,-369.07892000000004,1783.6848100000002
584.2730700000001,-370.56744,1777.76428
582.31396,-372.28436,1770.4244399999998
580.90527,-373.39285,1762.6263399999998
579.4948099999999,-375.03817999999995,1754.1390399999998
576.97748,-376.81647000000004,1745.17603
575.2619,-377.99542,1735.6971399999998
572.84607,-379.83374,1726.25085
569.80975,-381.37177,1717.3507100000002
567.40643,-382.49506,1708.7085
565.1451400000001,-383.55008,1702.03162
563.30164,-385.00174,1696.75635
562.28815,-385.85904,1693.39441
561.6102900000001,-386.20724,1691.16602
559.99377,-387.64484,1691.2246100000002
559.04553,-388.16379,1693.6098600000003
558.81171,-388.78915,1697.9661899999999
559.37567,-389.46854,1704.6297600000003
559.4519700000001,-389.74301,1712.68823
560.49255,-389.99422999999996,1722.2412100000001
561.43066,-390.39993,1733.21838
562.74005,-390.93964,1743.90942
564.71857,-391.52898999999996,1755.19275
566.5989400000001,-391.97182999999995,1766.1735800000001
568.2199099999999,-392.16333,1776.46533
570.09637,-392.52411,1786.2440199999999
571.71613,-393.34299,1794.6806600000002
572.8353900000001,-394.09311,1803.11316
574.31097,-394.17157000000003,1809.5675
575.76923,-393.89172,1815.5833699999998
576.20007,-393.9368,1821.1297600000003
577.9426900000001,-394.22055,1825.6431899999998
580.13202,-394.19901,1829.8450899999998
580.8149400000001,-393.87146,1833.52832
582.50446,-393.92831,1836.4469
584.66254,-393.24136,1838.3015100000002
585.2674599999999,-393.37424,1839.8850100000002
586.77722,-393.11246,1841.1318399999998
588.66119,-392.77597000000003,1841.12537
590.40198,-391.94357,1840.1765100000002
591.2244900000001,-392.23922999999996,1838.76636
593.3808,-391.96896,1836.32935
594.33661,-391.62799,1833.65271
595.617,-391.16962,1830.0090300000002
597.02386,-391.33243,1825.7288800000001
597.93604,-390.95772999999997,1820.48071
599.54431,-390.70905,1814.29211
600.8703,-389.965,1808.4403100000002
602.00891,-389.53754,1801.04297
602.41669,-389.24088,1793.16797
603.92334,-388.15021,1784.6153600000002
604.08026,-387.04712,1775.01184
604.37549,-386.39246,1765.0295399999998
603.70325,-385.68481,1754.2481699999998
603.54932,-384.78506,1743.67273
602.51721,-383.95477,1734.2467
601.40692,-383.63831,1725.78687
601.06799,-382.07321,1719.35547
601.42804,-381.41455,1715.3158
603.08307,-379.91247999999996,1713.9176
604.3002299999999,-378.90988,1713.6698
605.10095,-378.15758999999997,1714.34302
606.4852900000001,-377.15674,1716.76086
607.46429,-376.47501,1720.34338
609.25372,-375.53549,1725.60803
611.60699,-375.24142,1731.9248
614.05792,-373.97656,1739.1069300000001
616.7973599999999,-373.78817999999995,1747.2268100000001
620.01233,-373.03922,1755.20691
623.60229,-372.17899,1763.26196
627.2142299999999,-371.86224,1770.7713600000002
630.4164400000001,-370.72902999999997,1777.79407
632.89734,-370.37683,1784.0095199999998
634.78864,-370.51038,1789.10205
636.42322,-370.33563,1793.5336899999998
637.5668900000001,-370.61593999999997,1797.21973
638.3418,-371.01013,1799.604
639.1478900000001,-371.40662000000003,1801.65259
639.8190900000001,-372.25527999999997,1802.73462
640.24158,-373.65924,1803.1224399999999
640.81561,-373.99672999999996,1803.2514600000002
641.42657,-375.53491,1802.5714100000002
642.1990400000001,-376.53366,1801.27393
643.46478,-377.625,1799.50061
644.1123,-378.40488,1796.99329
645.4470200000001,-379.58333999999996,1793.9198
646.32471,-380.30862,1790.18542
647.25537,-381.27692,1785.77295
647.65356,-382.33105,1780.7659899999999
647.79089,-383.1355,1774.7589100000002
648.4223,-383.89066,1768.0340600000002
647.2717299999999,-385.03015,1760.5222199999998
646.81818,-386.2132,1752.2596399999998
645.56427,-387.75729,1744.53491
644.20746,-388.41101000000003,1736.9558100000002
642.17529,-389.67361,1729.9942600000002
641.44037,-390.49197000000004,1724.9733899999999
641.2454799999999,-391.29361,1721.5693399999998
641.43805,-391.96695,1719.4147899999998
642.97589,-392.43917999999996,1719.2354699999999
644.64252,-392.66443,1720.7414600000002
647.25946,-393.1044,1724.12842
651.3845200000001,-393.04489,1729.7916300000002
656.4762,-393.35318,1736.40198
660.61011,-393.30655,1744.1877399999998
665.9741799999999,-393.59143,1752.69202
672.8219,-392.82526,1761.3136
678.74445,-393.25861000000003,1769.67529
684.5423599999999,-393.40758999999997,1777.93384
690.97223,-393.25809,1785.10815
696.51117,-393.63824,1791.2345
701.02313,-393.57562,1796.53076
705.36218,-394.0322,1800.7985800000001
708.91187,-394.63802999999996,1804.5893600000002
712.69525,-394.76172,1807.9119899999998
716.2998,-395.04868,1810.3772
719.5722,-395.06265,1812.66077
723.33105,-395.24161000000004,1814.04309
726.40753,-395.18883999999997,1814.7340100000001
730.4880400000001,-395.54669,1814.73792
733.41718,-395.61292000000003,1814.2409699999998
736.98578,-394.96872,1813.21582
739.5280799999999,-394.94931,1810.9259
742.24713,-394.83224,1808.4854699999999
744.88031,-394.34872,1805.24988
746.65314,-393.91052,1801.0175800000002
748.82147,-393.53112999999996,1796.5811800000001
749.78455,-393.01138,1791.6303699999999
750.8606,-392.49649,1785.8737800000001
751.1582,-391.72232,1779.6427
751.70026,-390.98059,1772.7683100000002
751.34052,-390.12552,1765.54346
750.46246,-389.07477,1757.79358
749.1379400000001,-387.7894,1749.79065
746.7341299999999,-386.57877,1741.14539
744.3793900000001,-384.93273999999997,1732.9776600000002
741.2557400000001,-383.87149,1724.5981399999998
737.49969,-381.80801,1717.14856
734.66022,-380.83545,1710.651
732.3172599999999,-379.16446,1705.2077600000002
730.3043200000001,-377.92587000000003,1701.5544399999999
729.94647,-376.02524,1699.36792
730.07056,-374.20482999999996,1697.9151600000002
730.1530799999999,-372.60898,1698.23364
730.74774,-370.40732,1699.95215
731.39008,-368.4252,1702.7441399999998
733.46527,-366.39746,1706.9552
735.4541,-364.79816,1712.3020000000001
737.93958,-363.35598999999996,1718.6928699999999
740.5481,-361.24258,1725.29041
743.00757,-359.20966,1732.3210399999998
745.79248,-357.12131,1739.43042
747.19385,-355.00513,1746.2338899999997
747.8219,-353.96393,1753.1344
748.073,-351.89139,1759.5408899999998
747.4566,-350.83377,1765.2200899999998
746.26855,-349.27493,1770.54346
743.85175,-348.54332999999997,1775.4157699999998
741.57196,-348.10611,1779.3807399999998
739.34497,-347.33547999999996,1783.00415
736.70251,-346.85516,1786.0484600000002
733.76862,-346.27657999999997,1788.1462399999998
730.72876,-345.87827000000004,1789.75
727.5357700000001,-345.49033,1790.4813199999999
723.92926,-345.42969,1790.8363
720.46533,-345.57122999999996,1790.3819600000002
716.2818599999999,-345.94693,1789.0356399999998
712.82959,-345.83362,1787.2445100000002
708.18353,-346.38919,1784.35938
703.82794,-346.85611,1781.25732
699.62262,-346.93634,1777.11523
694.5274,-347.6781,1772.16272
689.70795,-348.01706,1766.6108399999998
684.86835,-348.95346,1760.22168
679.7337,-349.3349,1752.8460699999998
673.69275,-350.80138999999997,1745.41235
668.20178,-352.4968,1736.8223899999998
662.8156700000001,-354.05908,1728.4888899999999
656.71075,-355.68991,1720.4377399999998
651.35406,-357.37518,1713.12561
646.44415,-359.12335,1706.56909
642.6815799999999,-359.68677,1702.0026899999998
638.7149,-360.51114,1698.47998
635.92395,-360.84018,1697.0217300000002
634.49146,-360.76691,1697.16467
632.21405,-360.42102,1699.36292
631.75647,-360.27441,1703.61768
631.45587,-359.38159,1709.82019
632.32373,-357.50952,1717.3308100000002
632.5758099999999,-356.54007,1725.7533
634.1383099999999,-354.43542,1734.98535
634.97607,-352.10776,1744.7675800000002
635.82776,-350.08383,1754.6784699999998
636.5826400000001,-347.95282000000003,1764.2058100000002
637.1673,-346.24606,1773.38843
637.39221,-344.37494,1781.7938199999999
637.67444,-343.05615,1789.8035899999998
636.15698,-341.31667999999996,1796.5465100000001
635.4621599999999,-340.90372,1803.02795
634.71417,-339.86602999999997,1808.43188
633.70605,-338.91116,1813.4549600000003
632.42865,-337.72192,1817.8660899999998
631.46729,-337.15842000000004,1821.6723600000003
630.95435,-336.06433,1824.7012899999997
630.07831,-335.36593999999997,1827.1923800000002
628.95294,-334.45859,1828.77185
627.97247,-334.02078,1830.3706100000002
626.51941,-333.57794,1830.7708699999998
626.42047,-333.12537000000003,1830.7616
625.53827,-332.33685,1829.6744399999998
624.4128400000001,-331.91098,1828.2764899999997
623.7857700000001,-332.05792,1825.5340600000002
622.24274,-332.05145,1822.7546399999999
620.78455,-332.41147,1818.55188
620.17938,-332.52133,1813.9547100000002
619.34875,-332.8291,1808.43323
617.7262599999999,-333.26263,1802.15527
616.64709,-333.41513,1795.1312300000002
615.45917,-333.49707,1787.63245
613.6805400000001,-333.86026,1778.93677
611.65771,-334.28021,1769.7557399999998
610.32794,-335.22665,1759.7288800000001
608.5720200000001,-335.91971,1749.3999
606.95691,-336.94394,1738.82178
604.93121,-338.15561,1728.7348600000003
603.49347,-339.64092999999997,1719.09424
602.11353,-341.04611,1710.4502
599.77832,-342.25201,1703.0043899999998
598.65192,-342.5231,1697.8595
597.28534,-342.35593,1694.66028
595.96252,-342.39377,1693.3429
595.1673599999999,-342.33307,1693.68542
594.1637,-341.77402,1695.87537
593.65277,-341.52597000000003,1699.8075
593.4269400000001,-340.86453,1705.5784899999999
593.0842299999999,-340.22186,1712.84045
593.46027,-338.98904,1721.3026100000002
593.98279,-337.60938,1730.43079
594.07367,-336.21898999999996,1740.3164100000001
594.4256,-334.26453,1750.09778
594.7918099999999,-332.60361,1759.58606
594.64117,-330.78165,1768.5330800000002
595.52844,-329.29379,1776.68665
595.3419200000001,-328.46747,1783.71667
595.9046,-327.87613,1790.50513
596.4563,-327.56125,1795.54041
596.43524,-327.19308,1800.1308600000002
597.6025400000001,-327.41721,1803.44946
598.1958599999999,-327.17847,1806.6232899999998
598.87726,-327.07468,1809.42212
599.11383,-327.13596,1811.47852
600.17285,-327.08591,1813.27795
601.2545200000001,-327.34875,1813.9945100000002
601.80792,-327.66292999999996,1814.4328600000001
602.16235,-327.74384,1814.3421600000001
603.07611,-328.07239,1813.6932399999998
603.5781900000001,-328.31866,1811.8067600000002
603.82959,-328.70117,1809.76172
604.9729,-329.43338,1806.5983899999999
605.05011,-330.11252,1803.05469
606.07281,-331.004,1798.42517
607.33246,-332.39447,1792.35706
607.58972,-333.47083,1785.80615
608.76733,-334.93942000000004,1778.69104
608.42426,-336.55893,1770.00818
608.5772099999999,-337.76892000000004,1761.6366
607.90021,-339.32653999999997,1752.1187699999998
608.07043,-340.78076,1742.82886
607.87213,-343.20087,1733.5535899999998
607.83795,-345.48416000000003,1725.51843
607.98895,-347.94088999999997,1718.3525399999999
608.84247,-349.27872,1712.5885
608.6944,-350.78192,1708.7246100000002
608.7271099999999,-351.56601,1706.5222199999998
609.15558,-352.15972999999997,1706.1848100000002
609.8642,-352.68222000000003,1707.98413
610.13782,-352.62482,1711.4628899999998
611.0268599999999,-352.30264,1717.6210899999999
611.0278900000001,-351.22437,1725.1617399999998
612.26532,-350.40268,1734.00305
612.93903,-348.72153,1743.9126
613.78711,-347.39221000000003,1754.1577100000002
614.4852900000001,-345.10831,1764.1502699999999
615.87677,-343.57027999999997,1773.99255
617.0799599999999,-341.43997,1783.52905
617.9144299999999,-339.81781,1792.09717
618.2495700000001,-338.31167999999997,1799.16846
619.43097,-337.20679,1805.1861600000002
620.2305299999999,-336.56453999999997,1810.67395
621.71411,-335.59398999999996,1814.7354699999999
621.95825,-335.09094,1818.7731899999999
623.44379,-333.94525,1821.7055699999999
622.91339,-333.54287999999997,1824.3053
624.6709,-331.82272,1826.6036399999998
625.11194,-330.53445,1827.5402800000002
625.50421,-329.08279,1828.60425
625.38483,-328.47772000000003,1828.4726600000001
626.63141,-327.02572999999995,1827.9046600000001
626.6944599999999,-325.76587,1826.56958
627.71008,-324.45587,1824.32117
628.0368,-323.99069,1821.6461199999999
628.13586,-322.75604,1818.48315
628.91431,-321.42368,1814.25037
629.37268,-320.5701,1809.2012899999997
629.89661,-320.1059,1803.85498
631.09546,-318.68604,1797.33447
631.40503,-318.55945,1790.1148699999999
632.57385,-317.36258,1782.22644
633.12274,-317.20139,1774.13855
633.53088,-316.80057,1764.61414
633.85577,-316.93838999999997,1754.82532
634.34186,-316.88419,1744.6535600000002
635.53394,-317.23816,1734.5454100000002
636.2854,-317.63049,1724.95947
636.84802,-317.86978,1716.8590100000001
637.57898,-317.78369,1710.3311800000001
638.08398,-316.98764,1705.71497
638.4293200000001,-315.43667999999997,1703.1936
638.82452,-313.61413999999996,1701.86292
639.07648,-311.82849,1702.2749
639.4209599999999,-309.65079,1703.94177
639.89441,-307.14597000000003,1707.55823
640.3537,-304.24146,1712.7598899999998
640.67749,-301.73694,1718.98035
641.42566,-297.31305,1726.77405
641.5867900000001,-293.1965,1735.1224399999999
641.88013,-288.67026,1744.07178
642.90607,-283.93282999999997,1752.67908
643.43225,-279.27759,1761.50049
643.93378,-274.5708,1769.7326699999999
644.45709,-269.75821,1777.28772
645.07379,-265.28241,1784.41028
645.2119799999999,-261.46148999999997,1790.4335899999999
645.95569,-258.33929,1795.66467
647.29608,-255.13391000000001,1800.35242
648.82892,-252.64102000000003,1804.1390399999998
649.37549,-250.09042000000002,1807.2249800000002
650.58203,-247.63966000000002,1809.7160600000002
652.2934,-245.65805,1811.6731
653.4574,-243.92222999999998,1812.58997
654.8865400000001,-241.76196000000002,1813.19531
656.7520099999999,-239.90438999999998,1812.82117
657.9000900000001,-238.13592999999997,1812.09314
659.07867,-236.35943999999998,1810.48755
660.46704,-234.82323,1808.1630899999998
662.01208,-233.28511,1805.2598899999998
663.2239999999999,-231.84807999999998,1801.7858899999999
664.98132,-230.7522,1797.58875
666.48151,-229.72037999999998,1792.7086199999999
667.23737,-228.96958999999998,1786.9173600000001
668.86133,-228.47131000000002,1780.36682
670.31519,-228.78249,1773.0625
671.89221,-230.04256,1764.8793899999998
673.8349,-231.2292,1756.5058600000002
675.83972,-233.1582,1748.04614
677.60498,-234.69187999999997,1739.5784899999999
679.12421,-236.61636000000001,1731.7478
680.7262599999999,-238.01424,1724.43408
682.25287,-239.8288,1718.7810100000002
682.91248,-241.06561000000002,1714.02454
682.36469,-242.23926,1710.92688
682.51776,-243.18398,1709.5715300000002
682.80042,-243.52475,1709.7326699999999
681.78497,-243.52885,1711.9896199999998
681.26978,-243.15108999999998,1715.7959
680.7175900000001,-242.53538999999998,1720.80432
679.09869,-241.66125,1726.93701
678.23865,-239.89343,1734.06653
677.17267,-238.57363999999998,1741.8378899999998
675.84235,-236.47762999999998,1750.0921600000001
674.9432400000001,-234.89055,1758.0878899999998
673.31299,-233.35307000000003,1766.3566899999998
672.2056299999999,-231.89511000000002,1773.96777
671.5634200000001,-230.80518999999998,1781.3439899999998
670.6895099999999,-230.06186,1788.23047
670.25238,-229.61285,1794.2437699999998
670.45715,-229.22984,1799.61169
670.72485,-229.15243999999998,1804.25513
671.32239,-228.80615,1808.51355
671.94818,-228.66429,1811.9285899999998
673.87671,-228.67462,1814.9946300000001
675.49036,-228.33781000000002,1817.13416
676.95886,-228.55461,1818.8499800000002
678.51031,-228.28116,1819.6921399999999
679.9780900000001,-228.63159,1820.4696
681.9406700000001,-228.85502999999997,1820.24329
683.89703,-228.95224,1819.11304
685.99847,-229.20091000000002,1818.0976600000001
687.86151,-229.75095,1816.0544399999999
690.1174900000001,-229.83424,1813.31262
692.74518,-230.42981,1809.6779800000002
695.24292,-230.81828,1805.8407
697.90967,-231.48687999999999,1800.78479
700.69507,-232.39677000000003,1794.8966100000002
703.51355,-233.5238,1788.8492399999998
706.31042,-234.22847000000002,1781.57739
709.85724,-235.0826,1773.8977100000002
713.06256,-236.26205,1765.69727
716.4364,-237.75885,1756.69873
719.55365,-239.53191,1747.30066
723.5941799999999,-241.05362000000002,1738.5484600000002
726.84497,-243.04834,1730.24902
730.04492,-244.85027000000002,1723.18018
732.19751,-246.55943,1717.8597399999999
734.8161,-246.97342999999998,1714.55579
735.56848,-247.26862000000003,1712.4845
736.78046,-247.63717999999997,1711.771
737.7963900000001,-247.32442000000003,1713.1964100000002
738.2241799999999,-246.88235,1715.84875
738.46741,-246.6584,1720.8111600000002
738.43732,-245.17905,1727.0761699999998
738.61816,-244.05635,1734.38989
737.89063,-242.27647000000002,1742.71802
737.1637,-241.06354,1751.1661399999998
736.62653,-238.91331,1760.20947
736.38702,-236.80747999999997,1769.1738300000002
735.62268,-235.02097,1777.40955
735.42377,-232.95873999999998,1785.30042
735.31122,-230.91411000000002,1792.4801
735.34888,-229.03761,1798.8229999999999
735.75153,-227.68173,1804.29041
736.5330799999999,-226.07086,1809.0227100000002
737.1510000000001,-224.68703,1813.36938
738.11859,-223.35051,1816.76086
738.44299,-222.35077,1819.55005
739.74127,-220.97342999999998,1821.98926
741.0573099999999,-220.02782000000002,1823.83557
742.1616799999999,-218.74267999999998,1824.75818
743.90875,-217.44141000000002,1825.68555
744.90015,-216.80991,1825.56335
745.26105,-216.29102999999998,1824.43848
746.1256099999999,-215.66952999999998,1823.57434
747.65314,-214.63817000000003,1821.63171
748.7973,-213.4792,1819.0105
750.57312,-212.90717999999998,1815.6033899999998
751.52277,-212.55678999999998,1811.5479699999999
753.85907,-212.34525,1807.4561800000001
755.27332,-212.06257999999997,1801.62292
757.25134,-211.87187000000003,1795.51953
759.18982,-211.43944,1788.6735800000001
761.56232,-211.81442,1781.13428
763.85577,-212.27827000000002,1772.8250699999999
766.1823099999999,-212.4729,1763.7456100000002
768.15259,-213.40618999999998,1754.13696
770.70917,-214.19704,1744.0534699999998
772.9314,-215.55943,1733.203
776.27515,-216.86292000000003,1722.0653100000002
778.39954,-218.72855,1710.66345
781.32855,-221.18002,1700.1658899999998
784.56482,-223.81667000000002,1689.44067
787.0116,-226.65866,1679.7901600000002
788.9370700000001,-229.04993,1670.93201
790.49933,-232.44266000000002,1664.17834
791.53693,-234.43546,1659.58679
792.60101,-237.06439,1657.43994
793.31024,-239.03928,1657.1118199999999
792.83643,-240.95866,1658.4824199999998
792.03729,-242.5392,1661.25964
790.94965,-243.99982999999997,1665.96887
790.10333,-245.23254,1671.27307
788.7312,-246.16029,1678.23071
787.02643,-247.51782000000003,1684.7445100000002
785.38263,-248.55123999999998,1691.82458
783.99994,-249.66223,1699.89758
782.09167,-250.89319,1708.31311
780.0412,-250.93585,1718.1593
776.9519,-250.66956000000002,1728.64441
774.07874,-249.31578,1739.57727
769.78516,-247.86003,1751.45386
765.51172,-245.50499,1762.7164300000002
760.55829,-242.56587000000002,1774.35461
755.9892,-239.54201,1784.9577600000002
749.6261599999999,-236.1254,1795.2810100000002
744.2674599999999,-232.45228999999998,1804.18445
738.35077,-228.63782999999998,1812.1379399999998
732.31018,-224.9727,1818.72852
726.65753,-221.52754,1823.97595
721.4594099999999,-218.55898,1828.16394
715.14508,-216.71634,1831.1737100000003
709.40967,-214.42516,1833.98645
702.8081099999999,-211.97442999999998,1836.2941899999998
696.50171,-209.60721999999998,1837.88928
689.15912,-206.9166,1838.78955
682.57397,-203.64011000000002,1838.8292199999999
674.73511,-201.6377,1838.28735
667.4693,-199.04998999999998,1836.8861100000001
660.71545,-196.68362,1834.52051
653.8521099999999,-195.2262,1830.86353
647.11554,-194.09303,1827.05798
641.9284700000001,-193.11711,1822.30408
637.31232,-192.17302,1816.7036100000003
632.48523,-191.9061,1810.7210699999998
628.0274,-191.44412,1804.44458
623.5875900000001,-191.37506000000002,1797.0485800000001
619.88354,-191.48344,1789.4726600000001
616.44562,-191.53409,1781.48047
612.81982,-191.77852,1772.8796399999999
609.72607,-193.1142,1763.93555
607.09082,-193.92987,1754.88245
605.13263,-195.4738,1745.34985
603.27057,-197.67171000000002,1735.77917
602.24615,-199.55518,1726.0170899999998
601.76544,-201.74867,1716.0756800000001
601.1592400000001,-204.83792,1706.6488
601.53357,-208.38626000000002,1697.80322
602.6283599999999,-212.29486,1688.9939
603.77692,-216.4912,1680.92981
605.03845,-221.06117000000003,1673.9520300000001
606.5776400000001,-225.83837999999997,1667.16541
607.6596099999999,-229.89165,1661.4519
609.37482,-234.23256,1656.9877900000001
611.1231700000001,-237.70663,1653.72021
611.93079,-241.44455,1651.9165
612.94019,-244.07346,1650.92786
613.83008,-246.79546000000002,1651.7409699999998
614.37482,-248.89235,1653.92212
614.81024,-250.99587999999997,1657.5186800000001
614.50946,-252.48862999999997,1662.36658
614.22388,-254.05222,1668.63855
613.34406,-255.74638,1675.63147
613.1494799999999,-256.47327,1683.82813
612.88306,-257.7338,1692.48657
612.57104,-258.61411,1702.0227100000002
611.5675,-260.18991,1711.69946
611.60168,-260.72028,1721.6984899999998
611.1687,-262.11682,1731.59778
611.29285,-262.71542,1741.65125
611.62134,-263.45294,1751.3375199999998
612.18445,-264.08718999999996,1760.7764899999997
612.9164400000001,-264.36832000000004,1769.81543
614.341,-264.82974,1778.1422100000002
615.61853,-264.82159,1786.23157
617.61713,-265.31219,1793.0949699999999
619.4569700000001,-266.04492,1799.26147
621.35291,-266.79337000000004,1804.9491
623.98639,-267.49295,1809.64282
626.2857700000001,-268.11719,1813.69983
629.14716,-268.47995,1816.9548300000001
631.9693599999999,-268.80527,1819.03943
634.4306,-268.92856,1820.87866
637.8324,-268.43414,1821.68396
640.26599,-268.26151,1821.7804
643.05768,-267.86884,1821.28333
644.97882,-267.8808,1820.2959
647.63965,-267.09567000000004,1818.32458
651.0033599999999,-266.35332999999997,1815.55322
654.19525,-265.31183,1811.85193
656.2445700000001,-264.89621,1807.06995
660.65265,-263.53745,1801.67517
664.07739,-262.76077000000004,1795.1688199999999
667.68317,-261.33417000000003,1787.73047
671.52045,-260.14437999999996,1779.5553
675.87421,-258.64874,1770.61743
679.20422,-257.05966,1760.7674600000003
683.42963,-255.4771,1750.58179
687.45636,-253.50786000000002,1739.5929
691.69257,-251.15268999999998,1728.41797
696.26263,-248.44104,1717.5180699999999
700.1518599999999,-245.32462999999998,1707.203
703.09833,-242.50682,1697.526
706.55475,-238.48311,1689.5089100000002
707.89417,-234.40657000000002,1682.9742399999998
709.06323,-230.98911,1677.6749300000001
709.28137,-226.88545,1673.9478800000002
709.2271099999999,-222.53044,1670.6226800000002
708.72137,-217.96275,1668.5900900000001
707.9866900000001,-213.76032999999998,1667.29639
707.25305,-208.84274,1667.87756
705.91632,-203.43768,1669.83643
703.96271,-198.6136,1673.63354
702.2417,-193.34105,1678.27368
700.0537099999999,-188.13846999999998,1683.92993
697.71442,-183.75611999999998,1690.6481899999999
695.04285,-179.17641,1698.0750699999999
692.8793900000001,-175.04956,1706.30164
689.6467299999999,-170.8105,1714.97302
686.69763,-166.76765,1723.84888
682.79901,-163.48322,1733.4122300000001
678.87714,-159.58345,1742.3078600000001
674.72504,-156.84798999999998,1751.61987
670.15576,-153.78181,1760.5598100000002
665.04449,-151.3497,1769.2161899999999
660.24493,-148.73668999999998,1777.0600600000002
654.87427,-146.46272,1784.57751
649.55402,-144.14598,1791.16809
643.2255200000001,-141.63672,1796.9215100000001
637.96484,-139.43192,1801.72693
632.11542,-137.29946999999999,1805.8256800000001
627.03418,-134.65749,1809.0544399999999
621.5267299999999,-132.01752,1812.00525
614.94305,-129.82983000000002,1813.5658
609.85535,-127.18954,1815.2210699999998
603.17505,-125.1726,1815.9157699999998
597.53571,-123.14416000000001,1815.7087399999998
591.73328,-120.75471,1814.7061800000001
586.59375,-118.41196000000001,1812.9791300000002
581.99146,-116.10217,1810.09277
577.1485,-113.74763999999999,1806.6743199999999
572.86407,-111.53318,1802.8812300000002
568.44312,-109.5106,1798.00671
563.80829,-107.85902,1792.7596399999998
560.70453,-106.18303,1786.6549100000002
557.54944,-104.57043,1780.08545
554.28857,-102.62796999999999,1773.12585
551.02905,-100.6182,1765.4074699999999
548.81476,-99.00056,1757.29272
546.0024400000001,-96.87634,1749.1265899999999
543.69647,-94.81976,1740.5877699999999
541.40845,-93.30447,1731.74585
540.5356400000001,-91.104,1723.4331100000002
540.18127,-89.21585999999999,1715.41455
539.35284,-87.16386,1707.6308600000002
539.12708,-85.56348,1699.84595
539.69617,-83.51346,1692.39294
539.9462900000001,-81.97698000000001,1686.23828
540.14978,-79.95243,1680.7042199999999
540.05481,-78.02085,1676.91406
540.0567599999999,-76.43776,1673.90601
539.7871700000001,-74.11178000000001,1672.15771
539.71887,-72.38667,1672.09241
538.73883,-70.23669,1673.16968
537.8063400000001,-67.925,1675.37207
537.02258,-65.45329,1678.76147
536.19055,-63.04581999999999,1682.85144
534.9046599999999,-60.764959999999995,1687.7486600000002
533.82343,-58.83585,1693.7631800000001
532.46552,-56.85913000000001,1699.3973399999998
532.1240799999999,-54.87566999999999,1706.37927
530.8136,-52.96285,1713.4429899999998
530.23376,-51.75049,1720.8265399999998
529.56812,-49.89013,1727.96057
529.5542,-48.355509999999995,1735.5376
529.59784,-47.602990000000005,1742.81592
529.27856,-46.82595,1749.53442
529.97852,-46.32345,1756.11768
531.12115,-45.50966,1762.0769
532.24646,-45.45389,1767.65735
533.16925,-45.50861,1772.40271
534.90088,-45.72385,1776.3336199999999
535.96619,-46.202059999999996,1779.8547399999998
537.36127,-47.32587,1782.24231
538.8075,-48.28598,1784.0444300000001
540.44031,-49.19619,1785.21985
541.68732,-50.866009999999996,1785.88293
543.16486,-52.54934,1785.60425
545.45898,-53.79006999999999,1784.2893100000001
546.9462900000001,-56.36283,1782.56702
548.53467,-58.975609999999996,1780.16797
550.56958,-61.81515,1776.8414300000002
551.82458,-64.54784000000001,1772.47522
553.6494799999999,-68.0556,1767.4506800000001
555.59717,-71.30354,1761.50842
557.60632,-75.90575,1754.86316
559.6624099999999,-79.88351,1747.49597
561.35968,-84.79354000000001,1739.7171600000001
563.25018,-89.64065,1731.5321
564.48224,-94.83105,1723.96533
565.2691,-100.26408,1716.91907
565.19525,-105.10595,1710.8099399999999
565.69727,-109.32977,1706.2683100000002
564.31616,-113.39301,1702.0145300000001
563.8092,-117.24623999999999,1699.0101300000001
562.43958,-120.76026999999999,1697.22607
560.53162,-123.66054,1697.6925
557.9094200000001,-126.14663,1699.7052
555.07483,-127.73738,1703.41907
551.61133,-128.84476,1709.13232
548.7605,-129.79156,1715.70081
544.99567,-130.69298999999998,1723.15845
542.2246700000001,-131.2905,1731.47693
538.84766,-132.14359,1739.4869399999998
535.73096,-133.42445,1747.71521
533.83673,-134.43849,1755.37695
531.97131,-135.62506000000002,1763.25745
530.5672599999999,-137.23039,1770.47327
529.56561,-138.52936,1777.2329100000002
528.65302,-140.59724,1783.9119899999998
528.94922,-142.02581999999998,1789.73975
528.3681,-143.8613,1794.7077600000002
526.99377,-145.86778,1799.67395
527.1387900000001,-147.82916,1803.69873
526.3906900000001,-149.67155,1807.3778100000002
526.5105599999999,-151.55812,1810.27209
526.72101,-153.87386999999998,1812.8653600000002
525.62823,-156.34958999999998,1814.5161100000003
525.2594,-158.69016000000002,1815.8778100000002
525.23627,-161.59186,1816.12427
524.95343,-164.4632,1815.97327
524.94073,-166.89716,1815.23425
524.40363,-170.32436,1813.6330600000001
524.24054,-173.70438000000001,1811.29187
525.61157,-176.64101000000002,1808.2522
525.31995,-180.108,1804.8922100000002
525.3988,-183.51292,1800.3269
526.2135599999999,-186.52884,1795.2199699999999
525.61218,-190.22137,1789.16785
525.62634,-193.72742,1782.9244399999998
526.1059,-197.00055,1776.03894
525.9162,-200.48113999999998,1768.4014899999997
526.07648,-204.33058,1759.8797600000003
526.41748,-207.83649,1751.40686
526.27856,-211.57925,1742.55591
525.96796,-215.27666000000002,1733.5450399999997
525.9432400000001,-219.67148999999998,1725.0136699999998
525.97961,-223.34116,1718.09265
526.00922,-227.09727,1712.6007100000002
526.40857,-229.84193,1708.79553
526.75403,-232.40446,1706.67908
526.85333,-234.76203999999998,1705.7159399999998
527.57251,-236.9313,1707.2058100000002
528.32336,-239.06906,1710.05603
529.99969,-241.28612999999999,1715.4700899999998
530.44379,-242.43909,1721.8100600000002
531.71948,-244.29459,1729.6672399999998
532.81665,-245.80272000000002,1738.28833
533.92035,-247.67168999999998,1747.51465
534.91791,-249.24938999999998,1756.7788100000002
536.3937400000001,-251.87325,1766.07324
537.2217400000001,-253.91652000000002,1775.18042
538.29633,-256.05045,1783.453
539.26141,-258.6636,1791.31348
539.4777799999999,-261.41028,1798.3183600000002
540.5521200000001,-263.98328,1805.18713
540.33374,-267.39993,1810.51892
541.31268,-270.97955,1815.29297
541.5296599999999,-273.79623,1819.7489
541.34387,-276.95267,1823.3454600000002
542.03412,-280.48126,1826.28882
543.2298599999999,-283.20551,1828.69971
542.57947,-286.2952,1830.70813
543.43469,-288.83994,1831.59473
542.9896200000001,-292.07394,1831.8905
544.5369900000001,-294.80405,1831.51929
544.31622,-297.74612,1830.96558
544.53955,-300.78432999999995,1829.25098
545.17157,-303.23717999999997,1826.8122600000002
544.3774400000001,-306.48517000000004,1823.82898
546.3431400000001,-308.47519,1820.0576199999998
545.87537,-311.41058,1816.22583
545.65851,-313.92346000000003,1811.03333
546.69879,-316.32748,1805.3732899999998
547.3114,-318.34692,1798.86938
547.3591299999999,-320.45715,1792.1590600000002
547.63892,-322.82675,1784.0173300000001
548.1297,-324.98706,1775.94983
548.0045200000001,-326.92004,1766.5697
548.6344,-328.68158,1756.99658
548.39282,-330.78522000000004,1746.8798800000002
548.25842,-332.52948,1735.9668
548.24451,-334.21857,1725.7723399999998
548.30939,-336.29348999999996,1715.71057
547.82605,-338.31311,1706.32397
547.18048,-339.79367,1698.9222399999999
547.48877,-341.34778,1693.13965
547.6829799999999,-341.74557000000004,1689.5416300000002
547.90344,-343.14505,1687.4104
547.9281,-343.99447999999995,1687.7856399999998
548.53949,-344.28842000000003,1689.78918
548.92487,-344.18814,1693.58557
550.12207,-344.51302999999996,1698.59778
550.5293,-344.7359,1704.45679
551.0631099999999,-344.58905,1711.3429
552.8255,-344.92749,1719.17273
554.29797,-344.74338,1727.38135
555.8355700000001,-344.88653999999997,1735.80115
557.34961,-344.40875,1743.93005
558.89264,-343.73273,1751.84802
560.40338,-342.63092,1759.1236600000002
561.47974,-342.08109,1765.65942
563.0491900000001,-341.33865,1771.17773
563.23376,-341.08612,1775.5808100000002
563.59943,-340.91492,1779.05603
563.71521,-341.18759,1781.64148
563.4184,-341.6879,1783.72205
563.37006,-341.43652000000003,1785.73926
563.16522,-341.87967000000003,1786.80872
563.5197099999999,-342.23682,1787.43738
563.3765900000001,-342.19446,1787.6202399999997
563.56519,-342.15903,1787.2686800000001
563.8240400000001,-342.15173,1785.7442600000002
564.0921,-341.99384,1783.9326199999998
563.90771,-341.92484,1781.62463
564.43915,-341.80859,1778.5577399999997
564.39221,-341.33157,1774.5566399999998
563.88531,-341.39734,1769.83813
563.6032700000001,-341.64124,1764.3731699999998
563.15063,-341.36292000000003,1757.9726600000001
563.09528,-341.69086,1750.5849600000001
562.7016,-341.8515,1743.32434
561.89624,-342.35995,1735.70447
561.13989,-342.91827,1728.0725100000002
561.00195,-343.17151,1720.70715
559.9187,-343.45694,1713.40942
559.16931,-343.99051000000003,1707.66565
558.4675900000001,-344.16171,1702.63562
557.77844,-344.4111,1698.1738300000002
557.52216,-344.64813,1695.0544399999999
556.41949,-345.02921000000003,1693.23865
555.98834,-345.18753,1693.1079100000002
555.83234,-345.23035,1695.1624800000002
555.17377,-345.16669,1698.7276600000002
555.54358,-345.33893,1703.79407
556.2275400000001,-344.98349,1710.46948
557.0093400000001,-344.88217000000003,1718.04553
558.05713,-344.24698,1726.2872300000001
558.90399,-343.06088,1734.48657
559.92834,-342.78333,1742.7215600000002
561.0545,-342.08212000000003,1750.46143
561.66901,-341.46445,1757.54822
562.3634599999999,-341.15259,1763.3028600000002
562.86743,-340.99426,1768.7011699999998
562.8331900000001,-341.05685,1772.7680699999999
562.87207,-341.26874,1776.1401399999997
562.62268,-341.78506,1778.9191899999998
562.4422,-342.31723,1781.0609100000001
562.52197,-342.65472,1783.10876
562.4801,-343.23511,1784.0186800000001
562.26245,-343.78278,1784.96472
562.45355,-344.05936,1784.625
562.5382099999999,-344.38492,1784.0999800000002
562.91742,-344.72382000000005,1782.6650399999999
562.99811,-345.10184,1780.70605
562.81354,-345.81036,1777.21948
562.05322,-346.57504,1773.5145300000001
561.9668,-346.95715,1768.7744100000002
561.29602,-347.50195,1763.40222
560.52893,-348.28726,1757.43372
559.43256,-348.73575,1750.5181899999998
558.4617900000001,-349.20833999999996,1742.93713
557.65411,-349.60222999999996,1734.49365
556.65271,-349.93549,1726.34583
555.242,-350.73764,1718.02148
554.10547,-351.88852,1710.47742
552.6668099999999,-352.45083999999997,1704.14282
551.85504,-353.42163,1699.0338100000001
551.38928,-354.06351,1696.4648399999999
550.9669200000001,-354.16129,1695.2172899999998
551.77576,-354.69571,1695.3110399999998
552.4675900000001,-354.96347000000003,1696.45544
552.70746,-355.01239,1699.19775
554.01239,-355.19736,1703.4043
555.29041,-355.32138,1708.2211899999998
556.90436,-355.20636,1713.78125
558.03229,-354.75562,1719.5282
559.9707599999999,-353.76328,1724.9222399999999
561.25781,-353.22855,1730.2595199999998
562.63361,-352.82297,1734.71521
563.80963,-352.24271,1738.1709
563.75146,-352.34814,1740.20959
563.5985099999999,-352.7446,1741.1467300000002
562.78503,-353.77487,1740.82031
561.70105,-355.11388999999997,1740.66394
561.06329,-356.18915,1739.99329
560.5103799999999,-357.4433,1738.63147
560.00415,-358.59862999999996,1736.5888699999998
559.19458,-359.50057999999996,1734.4627699999999
558.328,-360.10787999999997,1732.17188
558.26367,-360.6908,1728.78052
558.04291,-360.99307000000005,1724.86218
557.1955,-361.88518999999997,1720.7869899999998
556.31201,-361.92899,1716.3187300000002
555.60065,-362.31561,1711.4401899999998
554.95782,-362.56683,1706.6513699999998
552.72479,-363.35172,1701.7015399999998
552.6084,-364.29868,1697.9863300000002
550.91162,-365.18161000000003,1694.77344
549.96478,-365.72891,1693.9223600000003
549.1737099999999,-365.35941,1694.41394
548.99316,-365.20236,1696.40271
547.96869,-364.31476000000004,1699.46106
548.35645,-363.45624,1703.7629399999998
548.20276,-362.60956,1709.14124
547.69812,-361.08429,1715.06604
547.40625,-360.39731,1721.5531
547.5928299999999,-358.97946,1728.41907
547.26996,-357.63464,1735.47229
547.1705900000001,-356.76889,1742.0028100000002
547.7199099999999,-355.82339,1747.9726600000001
547.97656,-354.7934,1753.27209
548.36163,-354.58945,1757.36438
548.50006,-354.58263999999997,1761.17163
548.81934,-355.17102,1763.64124
548.58966,-355.68073,1765.8765899999999
548.34113,-356.42572,1767.3936800000001
547.95099,-357.22119,1768.28418
547.3692,-357.7319,1768.80115
547.16718,-358.79507,1768.5382100000002
546.97528,-359.43503,1767.96497
546.27441,-360.21896,1766.44202
545.68781,-361.28171000000003,1764.48083
545.1070599999999,-361.81903,1761.8479
544.54169,-362.77777000000003,1758.66187
544.31573,-364.14481,1754.4075899999998
542.9945700000001,-364.93677,1749.35852
542.15338,-366.01758,1743.6409899999999
541.51636,-366.7952,1737.24243
540.44592,-368.16443,1730.1588100000001
539.49915,-369.34902999999997,1722.39709
537.87347,-370.50513,1714.4953600000001
536.29041,-371.6918,1706.54553
534.35101,-373.33871,1699.44092
532.88757,-374.07425,1693.75317
530.28882,-374.69461,1689.6033899999998
528.82605,-374.76987,1687.75928
528.41675,-374.4606,1687.40723
527.52283,-374.55838,1688.69934
527.21252,-374.35437,1690.8173800000002
526.9422,-374.35263,1694.28455
527.60468,-374.34875,1699.4432399999998
527.85217,-373.90515,1705.4628899999998
529.29797,-373.24896,1711.88672
530.38135,-372.87772,1718.8562
531.36615,-372.591,1726.07813
532.94562,-371.89032000000003,1732.89148
533.8286099999999,-371.07315,1739.68433
534.92676,-370.35953,1746.1104699999999
535.2062400000001,-369.77047999999996,1751.2189899999998
536.38263,-369.32088999999996,1755.9321300000001
536.34375,-369.1315,1760.0332
536.20801,-368.8277,1763.16699
536.28979,-368.89221000000003,1765.30469
536.28967,-369.09082,1767.2171600000001
535.60596,-369.63698999999997,1767.81592
535.22845,-369.82912999999996,1768.4231
535.51141,-369.97369,1768.3492399999998
534.8468,-370.23792000000003,1767.9506800000001
534.5534700000001,-371.06311,1767.0622600000002
534.05579,-371.39639,1765.32434
533.7615400000001,-371.79971,1763.0729999999999
533.98138,-372.30334,1760.2800300000001
533.08429,-372.75821,1756.526
532.33234,-373.53612999999996,1752.3107899999998
532.14545,-373.99957,1747.6632100000002
531.50714,-374.29022000000003,1741.75781
531.0407700000001,-374.98224,1734.97192
529.7511,-375.44732999999997,1728.0299100000002
529.05792,-375.98607999999996,1720.51355
527.76984,-376.70901000000003,1712.72815
526.23993,-377.32397000000003,1704.5929
524.70123,-378.31375,1697.89844
522.6274400000001,-378.81702,1692.8439899999998
521.28479,-378.50562,1689.5571300000001
520.50989,-378.50931,1687.8692600000002
519.50763,-378.27438,1687.86316
518.71863,-377.72528,1689.8902600000001
518.06622,-377.24905,1692.5838600000002
517.94824,-377.15527000000003,1697.7041
518.53595,-376.42453,1704.0874
517.7856400000001,-375.40381,1712.1606399999998
517.56,-374.18408,1721.4279800000002
517.74042,-372.51315,1731.3717
517.9984099999999,-371.19232,1741.75562
519.15674,-369.55199999999996,1752.0255100000002
519.65607,-367.3905,1761.91455
519.44171,-365.35443,1771.96155
519.96112,-363.34711,1780.4997600000002
520.43085,-361.74318999999997,1788.22522
520.2590299999999,-359.48825,1795.33667
520.88892,-357.98172,1801.50098
520.68365,-356.11545,1806.90833
520.53857,-354.76251,1811.5991199999999
520.72028,-352.63718,1816.1722399999999
520.73584,-351.54117,1819.30945
520.59595,-349.77878,1822.5094
520.91785,-347.98669,1824.6123
521.08276,-346.39477999999997,1825.99292
521.7430400000001,-344.38559,1827.2006800000001
521.79242,-342.58759,1827.68079
521.95056,-341.92825,1827.5401600000002
521.6978799999999,-340.53732,1826.51477
522.66602,-338.62987999999996,1824.56567
523.36456,-337.36362,1822.15625
523.58008,-336.47531000000004,1818.8114
523.28851,-336.16681,1815.08582
524.08807,-335.40976,1810.44495
524.5059200000001,-334.72409,1805.22668
524.74475,-334.45068,1799.2244899999998
525.15399,-334.40753,1792.3851300000001
525.62488,-334.63821,1785.0766600000002
525.86499,-334.88177,1777.39063
525.47937,-335.1748,1768.3952600000002
525.33514,-336.06912,1759.45679
524.4082599999999,-337.06912,1749.81299
523.6897,-338.32495,1739.2410899999998
522.91315,-339.78064,1729.0105
521.7428,-341.63538,1719.99622
521.07434,-342.67249,1711.60046
520.47015,-343.49957,1703.4956100000002
520.32098,-344.29736,1696.6206100000002
519.83582,-344.95023,1691.1574699999999
519.76935,-345.26541000000003,1687.76074
519.51324,-344.93054,1685.26624
519.03046,-344.49203,1683.71912
518.79651,-343.57095,1684.16968
517.5971099999999,-342.202,1685.8139600000002
517.70782,-339.92239,1689.7325399999997
518.7792400000001,-337.52155,1694.13257
520.1358,-335.16309,1700.01624
521.57751,-332.327,1706.80115
523.16962,-329.32052999999996,1714.30579
526.17535,-326.01953,1722.39893
528.17804,-323.00177,1729.9418899999998
531.50421,-320.08133,1737.86987
534.29291,-317.30742999999995,1745.37817
535.93463,-315.39111,1751.6308600000002
538.51642,-313.5629,1757.82007
540.3291,-312.53961,1763.52454
542.41174,-311.86035,1768.00305
544.01422,-311.49033,1771.89832
545.71118,-311.37286,1775.55945
547.64642,-311.3349,1778.40259
549.65619,-311.48663,1781.4711899999998
552.43097,-311.5116,1783.6918899999998
554.789,-311.8793,1785.48315
556.84845,-311.9642,1787.13208
559.2099599999999,-312.49286,1787.5752
561.51099,-313.10184,1787.4919399999999
563.60175,-314.28622,1786.6467300000002
565.72388,-315.71533,1785.04626
567.27655,-317.2446,1782.47791
568.9425,-319.38797,1778.7562300000002
569.79327,-321.46972999999997,1774.1458699999998
571.78223,-323.33453,1768.7713600000002
572.24377,-325.84274,1762.70251
573.50629,-327.88547,1755.69995
574.13098,-330.41754,1747.66077
574.82013,-332.73688,1738.94666
575.2382200000001,-335.59061,1729.7401100000002
575.9574,-338.63129,1720.12402
576.5792799999999,-342.05962999999997,1710.1723600000003
576.7590299999999,-345.26727,1700.5728800000002
576.55426,-348.6311,1691.16602
576.38806,-351.49329,1682.7359600000002
576.1156599999999,-353.99866000000003,1674.6272
576.13141,-356.19518999999997,1668.6430699999999
576.65991,-357.50864,1663.79944
577.40887,-358.43503,1660.63904
576.9769299999999,-358.9617,1659.22375
577.36578,-359.20819,1659.43665
577.34747,-359.02158,1661.59106
578.21271,-358.47211,1665.86633
578.7699,-357.69644,1671.49365
579.96564,-356.58615,1678.64893
580.9128400000001,-355.23098999999996,1686.78113
581.7511,-354.31838999999997,1695.50647
582.97485,-352.42107999999996,1704.6744399999998
584.5103799999999,-350.48483,1713.76636
585.27539,-348.85654,1722.81152
586.83655,-347.21078,1731.33728
588.40558,-344.73227,1739.6436800000001
589.45966,-343.63254,1747.3880600000002
590.6146200000001,-341.77194,1754.51221
592.98401,-340.69922,1761.4433600000002
593.7064799999999,-339.80658,1767.67212
595.7558,-338.62137,1773.33997
597.729,-337.64694,1778.21765
599.63361,-336.88251,1782.7125199999998
601.34998,-336.20856000000003,1786.4777800000002
602.8081099999999,-336.14437999999996,1789.26917
603.7746599999999,-335.93588,1791.5159899999999
605.05219,-335.83594,1792.83325
606.5304,-335.70718,1793.49963
607.00531,-335.97507,1793.4901100000002
608.89801,-336.63083,1792.2938199999999
609.6220099999999,-337.07135,1790.82397
611.28949,-337.60825,1788.4314
612.39001,-338.0329,1785.21973
613.22937,-338.6217,1781.224
614.2878400000001,-339.45437999999996,1776.81763
615.10645,-340.44812,1771.3568100000002
616.36798,-341.23627,1765.67065
617.35474,-341.97604,1758.651
617.2454799999999,-342.96402,1751.19971
617.36157,-343.74149,1742.7027600000001
617.6886599999999,-344.60205,1733.9928
617.50745,-345.51178,1724.5535899999998
617.16455,-346.77588,1714.72583
616.84772,-348.0159,1704.88647
616.03729,-349.63541000000004,1695.83252
615.9892,-350.90305,1687.9858399999998
614.81323,-352.25412,1682.21985
614.67633,-352.52707000000004,1678.89551
614.3457599999999,-352.49066,1677.6254900000001
614.06488,-352.53619,1678.4545899999998
613.67566,-352.44214,1680.84338
613.69128,-352.44296,1684.6850600000002
613.96698,-352.36397999999997,1689.3808600000002
613.80786,-352.25894,1695.49634
613.51337,-351.81363,1702.59314
613.96088,-351.80112,1709.69983
614.70575,-351.6684,1717.2810100000002
615.2113,-351.12259,1724.62292
615.80133,-350.54794,1732.10583
616.47882,-349.81754,1739.0965600000002
616.56042,-349.46622,1745.07422
616.55389,-348.63522,1751.0642100000002
617.27094,-348.39441,1756.0332
617.42432,-348.25504,1760.24963
617.90027,-347.93051,1763.5848399999998
618.6925,-347.87487999999996,1766.4744899999998
618.5103799999999,-348.02454,1768.4237100000003
618.6958,-348.27158,1769.94055
619.08521,-348.39551,1770.51636
619.05383,-348.34412000000003,1770.83997
619.72797,-348.56378,1770.42664
620.23065,-348.59015,1769.78967
619.84595,-348.6712,1768.42188
620.47961,-348.22336,1766.5919199999998
620.73779,-347.90448,1763.74707
621.18323,-347.43396,1760.90588
620.96686,-347.37125,1756.65295
620.68469,-346.96664,1751.8286100000003
620.83344,-346.87585,1746.26904
620.5918,-347.45914,1740.2655
620.22247,-347.44518999999997,1734.2548800000002
619.75128,-348.3009,1728.99255
618.91418,-349.22815,1724.5755600000002
618.64594,-349.42868,1721.89001
618.39392,-349.371,1720.58154
618.62244,-348.57925,1720.6262199999999
618.88953,-347.81506,1721.6505100000002
618.90302,-347.44363,1723.58643
618.39581,-346.89276,1726.7916300000002
618.3453400000001,-346.08853,1730.12561
618.49103,-345.22433,1734.91333
618.46552,-344.51886,1739.65112
617.93225,-343.93027,1744.4357899999998
618.12177,-342.47174,1749.0649399999998
619.0790400000001,-341.73278999999997,1753.57532
619.7902799999999,-340.44342,1757.7795399999998
620.58795,-339.27423,1760.9707
621.19635,-338.80773999999997,1763.6466100000002
621.4465299999999,-338.34262,1765.57935
621.828,-338.2695,1766.3454600000002
621.92102,-338.41098,1766.3619399999998
621.7470099999999,-339.0744,1765.71814
620.9912099999999,-339.41852,1764.49207
620.77271,-340.1236,1762.6346399999998
619.97919,-340.99631,1760.17883
619.0303299999999,-342.05255,1756.96814
618.22473,-342.94989,1753.46863
617.40491,-343.78174,1749.1765100000002
616.92645,-344.29453,1744.5249
616.64349,-345.27271,1739.1330600000001
615.12775,-346.26773,1733.00513
614.52136,-346.88901,1726.29456
612.8745700000001,-347.92699999999996,1719.45227
611.44299,-348.73462,1711.4392100000002
610.37488,-350.00667999999996,1704.1084
608.41571,-351.38266,1696.30615
606.32947,-353.19055,1690.1574699999999
605.15167,-354.58017,1684.7451199999998
603.34381,-356.18384,1680.8548600000001
602.25482,-357.39389,1679.4321300000001
601.52271,-357.67725,1678.9838899999997
601.3702400000001,-358.41373,1680.49341
600.80841,-359.13412,1683.05078
600.84503,-359.67599,1687.6309800000001
602.22833,-360.52225,1693.0581100000002
603.33478,-360.71002000000004,1700.1202399999997
604.3392299999999,-360.92261,1707.5673800000002
605.59473,-361.33008,1715.84277
607.36359,-361.60303,1723.8076199999998
609.25433,-362.01236,1732.51697
610.78986,-362.16827,1740.2312
611.9617900000001,-362.75879,1747.5022
613.11493,-363.27994,1754.26929
613.8385,-364.13306,1760.25769
614.8322099999999,-365.45004,1765.20813
615.26068,-366.7597,1769.3333699999998
616.09381,-368.04278999999997,1773.11316
616.20789,-369.53354,1775.6820100000002
616.67682,-371.08002,1777.5526100000002
616.2058099999999,-372.69455,1779.10913
616.86615,-374.24523999999997,1779.93652
616.6637,-375.60861,1780.4834
617.23676,-377.34402,1780.26794
618.0776400000001,-378.44321,1779.8391100000001
617.81738,-379.63989,1778.6309800000001
618.35736,-380.81799,1777.29346
618.50067,-381.91501,1775.1138899999999
618.9558099999999,-383.10867,1772.37463
619.01166,-383.90051,1768.57727
619.03906,-385.64282000000003,1764.41565
619.06116,-386.40173,1759.3153100000002
618.56598,-387.97803,1753.3208
618.95868,-389.04166000000004,1746.60461
618.8272099999999,-391.03976,1739.10522
617.6517299999999,-393.04373,1731.2098399999998
616.57611,-395.21811,1722.7056899999998
616.03925,-397.68652000000003,1715.04407
615.12598,-400.18594,1706.8096899999998
614.3299599999999,-403.23489,1699.0483399999998
613.9599599999999,-406.76732999999996,1692.44104
613.14142,-409.04857999999996,1685.6715100000001
612.7097200000001,-413.35321,1680.43408
613.09955,-416.71213,1676.04565
612.40576,-420.55322,1672.6991
612.74493,-423.91327,1670.84961
612.3783599999999,-427.01889000000006,1670.07556
611.8894700000001,-429.93405,1670.65515
611.8349599999999,-433.36649000000006,1673.04626
612.62225,-436.32837,1676.14648
614.1890900000001,-439.29492,1680.9906
615.3559,-442.74945,1686.1345199999998
617.44562,-446.44208,1692.42554
620.32727,-449.75497,1699.51025
622.69421,-453.44199000000003,1706.93677
625.08173,-456.77393,1715.3689
627.63495,-459.4621,1723.5603
630.87463,-461.56747,1732.8298300000001
633.35016,-463.16772000000003,1741.4699699999999
635.66205,-464.0849,1750.10913
639.22321,-464.83987,1759.06335
642.34045,-464.65283,1767.7262
645.89844,-464.81235,1776.1104699999999
649.1550900000001,-464.64157,1784.1898199999998
652.93683,-464.22827,1791.66956
656.3861099999999,-463.43255999999997,1798.3446
659.8855,-462.81543,1805.06897
663.19708,-461.77410999999995,1810.01929
667.66656,-460.66327,1814.9013699999998
669.99658,-459.95885999999996,1818.33618
673.2757,-458.92398,1820.98792
675.65796,-458.07437000000004,1823.19666
679.67902,-457.19073,1825.25793
681.99139,-457.0144,1825.9469
685.435,-456.03195,1826.7324199999998
688.02319,-455.27365,1826.75928
691.11182,-454.79327,1826.1192600000002
694.07159,-454.40662000000003,1824.4746100000002
696.55103,-453.59219,1822.1104699999999
698.9146099999999,-452.73375999999996,1819.1274399999998
701.06073,-451.44394000000005,1815.6160899999998
702.6673599999999,-450.91930999999994,1811.22852
703.92944,-449.40466,1806.1462399999998
705.0418099999999,-448.32217,1800.5286899999999
705.8612099999999,-447.23077,1793.8455800000002
707.1677900000001,-445.9859,1786.7858899999999
707.5541400000001,-444.69464000000005,1778.93372
708.15045,-443.64954000000006,1770.37842
708.03815,-443.0246,1761.28015
708.5450400000001,-441.99982,1751.65405
708.26001,-441.3931,1741.41846
707.29047,-440.97305,1730.9080800000002
706.3429,-440.20514000000003,1720.03906
705.23151,-439.50204,1709.6225600000002
703.80725,-439.44046,1699.33704
702.77948,-439.27356,1689.9000199999998
700.46777,-439.14807,1680.7124
700.74591,-439.30935999999997,1672.99854
700.1607700000001,-439.29749000000004,1667.15198
699.65594,-439.28365999999994,1662.69031
699.06903,-439.21222,1659.89966
698.57751,-438.72805999999997,1658.33386
698.4801,-437.96646,1658.52625
698.7616,-437.55875,1660.3768300000002
699.62885,-437.00974,1663.63159
700.73969,-435.6315,1668.23291
701.1920200000001,-434.5231,1674.17761
701.87903,-433.09912,1680.57898
703.7493900000001,-431.75052,1688.04248
704.18787,-429.49069000000003,1695.7948
705.32458,-427.79309000000006,1704.32373
706.15063,-425.99575999999996,1712.4863300000002
707.6340299999999,-424.35767000000004,1721.09058
707.77661,-421.9649,1729.4591100000002
709.31915,-421.00665,1737.3492399999998
709.6922,-419.26807,1744.8062699999998
710.66608,-417.754,1752.14087
711.6929299999999,-416.43039,1759.12952
713.0487099999999,-414.92365,1765.4838899999997
712.92535,-413.96072000000004,1770.7398699999999
713.69275,-412.56503,1775.38477
713.8570599999999,-411.45126,1779.1737100000003
714.6881099999999,-409.99515,1782.4292
714.54047,-408.67343,1784.4274899999998
714.9881,-407.75757000000004,1786.1734600000002
715.76648,-406.54581,1786.80383
715.34204,-405.08112,1786.4491
715.66931,-404.05948,1785.3924600000003
715.12531,-403.25021,1783.40332
715.64618,-402.27576,1780.89758
715.5426,-401.62633999999997,1777.39148
715.9649,-400.50037000000003,1773.6875
716.19489,-399.6261,1768.69495
716.53894,-399.22897,1763.40283
716.7629400000001,-398.03424,1757.3966100000002
717.1188400000001,-397.24811,1750.69727
717.49493,-396.23852999999997,1743.3747600000002
717.31238,-395.35541,1734.26123
717.13757,-394.77509,1725.7092300000002
716.65179,-393.51346,1716.72852
715.72125,-393.38034,1707.71533
714.42249,-393.09259,1700.1405
713.47699,-392.64687999999995,1693.7951699999999
713.7133200000001,-391.69277999999997,1689.07532
712.57922,-390.52896,1685.5957
714.09552,-388.87847999999997,1683.4085699999998
714.85016,-388.07214,1682.49353
715.25995,-386.71109,1683.84875
715.76288,-385.54077,1686.1637
717.5067700000001,-384.1113,1690.37903
718.61475,-382.94202,1696.0426
720.94116,-381.65173,1703.23376
722.14392,-381.12307999999996,1711.0835
724.2081900000001,-380.18814,1719.51953
726.4342,-379.48926,1728.27917
727.6206099999999,-379.19229,1737.26501
729.38928,-379.33286,1746.2268100000001
729.85059,-379.56912,1754.98657
730.9789999999999,-379.38318,1763.30322
731.89264,-380.34052,1771.5848399999998
731.95386,-380.95932,1779.1466100000002
733.08875,-381.69739,1785.0531
733.85608,-382.8183,1791.55725
733.9508099999999,-383.90265,1796.57227
734.63263,-384.6329,1801.16748
734.07434,-386.17874,1804.57324
735.01172,-386.86478,1807.7524399999998
735.07111,-388.09152,1810.33228
735.13428,-389.24753,1811.99353
735.16046,-390.44574,1812.79602
735.73657,-391.34317000000004,1813.5874
735.61267,-392.85245,1813.4003899999998
736.16187,-393.86975,1811.75366
736.0826400000001,-394.85904,1810.3703600000001
735.92682,-396.2186,1807.76538
735.94482,-397.24973,1804.05481
736.58667,-398.83871,1800.6698
736.34912,-399.60587000000004,1795.99939
736.2973,-401.21367999999995,1790.71143
736.14838,-402.28817999999995,1784.3811
736.14288,-403.23398,1778.24255
736.14423,-404.84442,1770.64539
735.8938,-405.65088,1762.62549
735.2430400000001,-407.09508999999997,1753.9158899999998
734.4556299999999,-407.96075,1744.41797
734.04034,-409.08411,1734.94421
733.4231599999999,-410.47897,1725.60925
732.2416400000001,-411.76977999999997,1716.7800300000001
731.7724,-413.03891,1708.61584
730.74542,-413.88245,1701.81445
730.51617,-413.95966,1696.0999800000002
729.88983,-414.31235,1692.0961899999998
729.74176,-415.16901,1689.55457
728.65771,-415.82025,1688.2251
729.1154799999999,-416.26937999999996,1689.01575
729.32019,-416.13986,1690.6337899999999
729.60876,-417.07718,1694.6820100000002
729.58813,-417.42542000000003,1700.30115
730.02728,-417.55801,1707.0766600000002
730.9389,-417.79889,1714.68005
732.0105,-417.71982,1723.29395
733.08087,-418.15265,1732.49683
733.46033,-417.90628,1741.3153100000002
734.48041,-417.55609,1749.6264600000002
735.33142,-416.97751,1758.2912600000002
735.92621,-416.36533,1765.8264199999999
736.21796,-416.2139,1772.37952
735.9068599999999,-416.63651,1778.44165
735.64417,-416.93674,1783.0715300000002
735.21161,-417.0986,1786.82581
734.60272,-417.81985,1789.5413800000001
733.2543900000001,-418.69077000000004,1791.99341
732.66327,-419.22485,1793.8338600000002
731.4328,-420.38638,1794.47217
729.9492799999999,-421.15097000000003,1794.7401100000002
729.4802900000001,-421.88962000000004,1794.8762199999999
728.72675,-422.71435999999994,1793.8952600000002
727.73151,-423.75003,1792.3747600000002
726.7701400000001,-424.29965,1790.1693100000002
725.9010000000001,-425.28217,1787.6624800000002
725.5293,-425.7691,1784.5043899999998
725.00861,-425.92838,1780.1864
724.22357,-426.47725999999994,1775.82886
723.7842400000001,-426.99545,1770.6032699999998
722.6218299999999,-427.51929,1764.8142100000002
721.63263,-427.9454,1757.7390100000002
720.6926900000001,-428.58691,1750.6535600000002
719.5921,-428.54364000000004,1742.4464100000002
718.44208,-428.93634000000003,1734.26575
716.62415,-429.41452000000004,1725.88708
715.2502400000001,-430.08249000000006,1717.39429
714.4042400000001,-430.80475,1709.6608899999999
712.88837,-431.12225,1703.4478800000002
711.9948099999999,-431.50060999999994,1698.63843
710.9845,-431.84542999999996,1695.0340600000002
710.88721,-432.10357999999997,1693.7609899999998
710.29492,-432.42029,1693.6588100000001
709.86115,-432.52396,1695.13574
709.84448,-432.48145,1698.80176
709.94891,-432.3407,1702.75635
710.05145,-431.39212000000003,1708.7163100000002
709.96838,-430.94635,1714.98828
710.1015,-430.46237,1722.18738
710.3063400000001,-429.84542999999996,1729.50781
710.3999,-429.41449000000006,1737.12402
710.94318,-428.94904,1744.59436
711.25018,-428.2713,1752.46509
712.0430299999999,-427.50793,1759.60876
712.61914,-427.08585,1766.46045
712.34698,-426.24689000000006,1772.55273
713.3825099999999,-426.04776,1778.19116
713.1929299999999,-425.65442,1782.7639199999999
713.48999,-425.21475,1786.2659899999999
713.26422,-425.25662,1789.61145
713.53174,-425.21590999999995,1792.0443100000002
712.72937,-425.47729000000004,1793.8044399999999
712.99194,-425.56125,1795.10168
712.72412,-425.46133,1795.64502
712.84723,-425.30609000000004,1795.96838
712.58978,-425.3454,1795.5356399999998
712.71313,-425.39502000000005,1794.12048
712.81848,-425.20856,1792.1897
712.71533,-425.28545999999994,1789.5437
712.3363,-425.01815999999997,1786.2117899999998
712.1657700000001,-424.97769000000005,1781.63989
712.05688,-424.9494,1776.75928
711.93701,-425.20032000000003,1770.9541
711.90619,-425.2515,1764.2786899999999
711.29474,-425.30231,1756.79358
710.28979,-425.52865999999995,1748.9163800000001
710.13495,-425.49282999999997,1740.4646
709.31445,-425.65427,1731.98047
708.6377,-425.66882000000004,1723.3879399999998
707.45953,-426.47641,1715.05823
706.2966299999999,-426.86703,1708.1661399999998
705.04565,-427.21716,1702.4317600000002
704.69141,-427.1488,1698.19531
704.37109,-427.26242,1695.52405
704.82343,-427.3533,1693.97815
705.0917400000001,-427.79187,1694.0675
705.08435,-428.23540999999994,1695.6074199999998
705.6184099999999,-428.19131,1699.18103
706.68304,-429.28045999999995,1704.33252
707.64325,-429.49136,1710.49646
708.8314799999999,-429.55084000000005,1717.5208699999998
710.2005,-429.68527,1725.2174100000002
711.6695599999999,-429.46219,1733.49353
713.03558,-429.52438,1741.19617
714.47052,-429.46634000000006,1749.0109899999998
714.9259,-429.3356,1755.98035
716.21893,-429.46204000000006,1762.65247
716.54266,-429.38147000000004,1767.922
717.17535,-429.8053,1772.97607
717.2629400000001,-430.10074000000003,1776.76685
716.9000900000001,-431.08190999999994,1780.11157
717.4705799999999,-431.85720999999995,1782.68372
717.26398,-432.24225,1784.6890899999999
716.5892299999999,-433.18457,1785.78455
715.88635,-433.84079,1786.1462399999998
715.24969,-434.50012000000004,1786.17908
714.97272,-434.77264,1785.44092
713.71686,-435.59802,1783.7825899999998
713.25348,-436.16540999999995,1781.7546399999999
712.4542799999999,-436.59668,1779.0151399999997
711.91901,-436.69888,1775.64294
711.13593,-437.47708,1771.44312
710.17535,-437.42972000000003,1766.66284
709.43329,-437.72958,1761.4825399999997
708.22943,-438.15402,1755.2916300000002
707.71521,-438.16943,1748.6235399999998
707.0346099999999,-437.99442,1741.19165
705.76941,-437.58557,1732.8736600000002
704.61761,-437.47818,1724.8150600000001
703.57727,-437.66785,1715.40417
702.0459,-438.1748,1706.93396
700.6827400000001,-438.32388,1698.11731
699.65558,-438.7099,1691.00317
698.8021200000001,-438.83884000000006,1685.26062
698.30817,-439.11417,1680.8963600000002
697.8656599999999,-439.10953,1678.5687300000002
696.92688,-439.24002,1677.80273
696.49072,-439.25833,1678.20752
696.07513,-439.55002,1680.6513699999998
695.91357,-440.10004000000004,1684.70959
695.39001,-439.94769,1690.63147
695.43201,-439.98532,1697.7141100000001
695.35638,-440.18454,1705.91467
695.5423,-439.99207,1714.65833
696.39886,-439.85107,1724.1353800000002
696.53894,-439.69678,1733.3262899999997
697.2004400000001,-439.24774,1742.3140899999999
697.6582,-438.75543,1751.45447
698.77759,-437.68802,1759.91846
699.10779,-436.8891,1766.9399399999998
698.8594400000001,-436.72079,1774.02917
698.9317599999999,-436.29242,1779.6650399999999
698.16858,-435.92499000000004,1784.9586199999999
698.1154799999999,-435.74242999999996,1789.3338600000002
696.61676,-435.57703,1792.73352
695.68518,-435.20279000000005,1795.94507
694.9074099999999,-434.98859000000004,1798.30884
693.9599599999999,-434.37369,1799.97437
692.91931,-433.83984000000004,1800.84937
691.27594,-432.78629000000006,1801.15833
690.05975,-432.21088,1800.73083
688.20325,-431.76349000000005,1799.62097
686.64648,-431.13474,1797.8147
685.05829,-430.30167,1795.4856
683.16498,-429.1882,1792.2824699999999
682.09265,-428.49854000000005,1788.44495
680.27435,-427.71555,1783.70789
678.7092299999999,-426.92197000000004,1778.4249300000001
677.04822,-425.86526,1772.1337899999999
675.2522,-425.31439000000006,1765.23804
673.76703,-424.25710999999995,1757.55957
671.96912,-423.14807,1749.1831100000002
669.65039,-422.31057999999996,1740.59338
668.7816799999999,-421.79953,1731.3252
666.77362,-420.54529,1722.1554
663.85437,-419.90839000000005,1713.4888899999999
661.9476900000001,-419.41132000000005,1705.77563
659.7558,-418.75635,1699.14429
659.10297,-417.94702,1694.14709
657.5314900000001,-417.233,1690.76477
656.56647,-416.99557000000004,1688.6228
655.18109,-416.40398999999996,1688.60193
654.32916,-416.13791000000003,1690.41077
653.76733,-416.11932,1693.6090100000001
652.23969,-415.76059,1698.72668
651.9932299999999,-415.60126,1705.1169399999999
651.4855299999999,-415.76941,1713.0592
650.9906,-415.35721,1721.24268
650.2543900000001,-414.79221,1730.46521
650.30743,-414.88345,1739.47791
650.08014,-414.75378,1748.5799600000003
650.28198,-414.70169,1757.6850600000002
650.3316,-414.97433,1765.8776899999998
650.04333,-415.57755,1774.0965600000002
649.95245,-415.68268,1780.7750199999998
649.39911,-416.28302,1787.18835
649.56146,-417.06638,1792.2901600000002
648.89532,-417.53958,1796.78845
647.61523,-417.75632,1799.87122
647.11835,-418.4292,1802.79712
646.67157,-419.38034,1805.3168899999998
645.74292,-419.79224000000005,1807.6303699999999
645.5675,-420.18039000000005,1808.55469
644.27612,-421.12906,1809.6816399999998
643.91809,-421.5369,1809.8081100000002
643.0011,-421.81754000000006,1809.30042
642.58344,-422.35294000000005,1807.26685
641.84369,-422.91415,1805.9975600000002
640.8103,-423.09964,1803.1543
640.4115,-423.63907,1799.27698
639.57593,-423.64847000000003,1795.52405
638.29553,-424.03641,1789.9973100000002
638.35114,-424.47433,1784.9834
637.26965,-424.52646,1778.15405
636.50165,-424.81613,1771.16296
636.00732,-424.91812000000004,1763.2667199999999
634.72607,-424.85305999999997,1754.4702100000002
633.13684,-424.29614000000004,1746.11292
632.6295200000001,-424.1066,1736.40063
631.34839,-424.02985,1726.9511699999998
629.66016,-423.96990999999997,1717.5935100000002
628.52502,-423.61368,1709.1012
627.49597,-423.61624000000006,1701.9152800000002
625.73798,-423.07813,1695.51282
625.0163,-422.2381,1691.6063199999999
624.1621700000001,-421.49987999999996,1688.1027800000002
623.13776,-420.64581,1687.31213
621.65167,-420.17899000000006,1687.9797399999998
620.43079,-418.81032999999996,1689.9122300000001
619.45862,-417.79208,1693.66785
618.05249,-417.14342999999997,1699.0015899999999
617.4329799999999,-416.08752000000004,1705.4486100000001
616.6084,-414.98999,1713.20728
616.3371599999999,-413.9968,1722.0531
615.8541299999999,-413.75281,1731.36023
615.6748,-412.77811,1740.2858899999999
616.1664400000001,-412.49817,1749.9204100000002
616.7900400000001,-411.64563,1759.18738
616.67224,-411.07592999999997,1768.0575
616.78302,-410.95425,1775.93372
616.62598,-410.70377,1783.3277600000001
616.62708,-410.34143,1789.9755899999998
614.67877,-410.31094,1795.4548300000001
614.638,-410.40594,1800.0798300000001
613.76031,-410.74451,1803.56445
613.03229,-410.79526,1807.17065
611.99969,-411.01205,1809.6914100000001
610.66516,-411.14481,1811.31152
609.80908,-411.42249,1812.69568
608.63007,-411.72006,1813.32947
607.17426,-412.01004,1813.5571300000001
607.04968,-412.62372,1812.61426
606.51086,-412.82086,1811.6473399999998
605.36212,-412.7536,1809.75049
604.3568700000001,-413.42151,1806.68323
603.2749,-413.71143,1803.6688199999999
602.5747700000001,-413.74627999999996,1799.38989
601.7713,-414.10724,1794.81604
600.83917,-414.13492,1789.39844
600.35901,-414.42441,1783.2133800000001
599.13959,-414.19217000000003,1776.4906
598.37811,-414.47272000000004,1768.8703600000001
597.3562,-414.54044,1760.8669399999999
595.95416,-414.71117999999996,1752.1217
596.0208700000001,-414.54044,1743.12927
594.94104,-415.17599,1734.6145
591.75262,-415.60266,1727.4349399999999
592.01941,-415.87759,1719.6001
590.74042,-416.40347,1713.65527
590.52972,-416.66119,1708.61523
589.28754,-417.75662,1705.47791
588.1741900000001,-418.72125,1703.3333699999998
588.6093099999999,-418.90775,1702.9856
587.92908,-419.56705,1704.4989
586.86743,-420.98514000000006,1706.9331100000002
587.72662,-422.60855,1710.79565
587.52441,-423.38562,1715.8122600000002
586.63513,-425.45319000000006,1721.3435100000002
586.85632,-426.46340999999995,1728.0686
587.0883200000001,-427.76849000000004,1734.79041
587.62866,-429.26302999999996,1742.18372
587.5941799999999,-430.78240999999997,1748.5090300000002
588.84686,-432.27734000000004,1754.7764899999997
589.86731,-433.83533,1760.5125699999999
590.67548,-435.67290999999994,1765.6066899999998
591.15314,-437.7572,1769.7559800000001
591.22766,-439.95853,1773.20715
591.43872,-441.93535999999995,1775.91467
591.57782,-443.8089,1778.22742
592.7669099999999,-446.37185999999997,1779.99707
593.06879,-448.7926,1781.4110100000003
593.4094200000001,-450.84542999999996,1781.72925
593.7179,-454.01602,1782.03833
594.46924,-456.43115,1780.6535600000002
595.2536,-459.19476,1778.70642
595.68677,-462.29453,1776.0919199999998
596.49292,-464.40417,1773.03638
597.26855,-467.82993,1769.5180699999999
597.72498,-470.52377,1764.4659399999998
597.91992,-473.12417999999997,1759.1713899999997
597.68787,-475.46469,1752.96313
597.18945,-478.07516,1746.26941
598.03271,-479.76926,1740.06238
597.47644,-482.5101,1733.23499
598.45605,-484.68549,1726.1012
598.21533,-486.88647000000003,1719.8291
598.2778900000001,-489.14331,1713.6779800000002
599.47375,-490.81265,1708.07605
598.84644,-492.50415,1703.4165
598.7955900000001,-494.34833,1700.1918899999998
599.81787,-495.29849,1698.6401399999997
600.36163,-496.06662,1697.5961899999998
601.02045,-496.59027000000003,1698.8276399999997
601.62708,-497.32437000000004,1699.74963
601.84796,-498.29343,1701.67554
602.3703,-498.44333,1703.86292
603.0529799999999,-498.9115,1706.50745
603.86224,-500.41837000000004,1710.08875
604.5935099999999,-500.93082000000004,1713.62122
606.0169099999999,-501.15594000000004,1717.5289300000002
606.13629,-501.42135999999994,1721.2297399999998
606.94617,-501.38614,1725.2128899999998
606.914,-501.50137,1728.60876
607.05865,-500.91934000000003,1732.03906
606.9689900000001,-501.06931,1735.01221
606.55487,-500.86792,1737.50085
604.71033,-500.02880999999996,1739.42664
603.92041,-500.44232,1740.7559800000001
602.5480299999999,-499.80010999999996,1741.94873
601.75507,-499.6554,1742.24622
600.0249,-499.32037,1742.25085
598.7431,-498.93073,1741.34412
596.72888,-498.45505,1740.84302
595.5896,-498.01599000000004,1739.2681899999998
594.6629,-497.56458,1737.96838
593.5166,-497.1832,1735.5761699999998
591.97479,-496.60989000000006,1732.73352
591.2239400000001,-496.03815,1729.78418
589.5778799999999,-495.48322,1726.37537
588.66895,-495.16843,1722.43677
