X3,Y3,Z3
666.94678,-100.99263,1625.9238300000002
662.26147,-96.7542,1625.78918
661.2631200000001,-94.43165,1625.36572
657.51935,-93.11112,1625.02576
658.12762,-89.83610999999999,1624.3075
654.18652,-88.23037,1624.80872
652.67151,-85.61270999999999,1623.8053
651.09869,-82.89603000000001,1623.25781
650.02197,-80.35611999999999,1623.25354
648.00702,-77.79703,1623.06628
645.86041,-75.29134,1622.2675800000002
644.31848,-72.20275,1622.4635
641.9675900000001,-69.71902,1622.02832
639.89392,-67.11539,1622.0800800000002
,,
636.6383099999999,-60.98001,1621.52405
635.53418,-57.36855,1621.4627699999999
633.5166,-54.46131999999999,1621.5752
631.82031,-51.296620000000004,1621.66895
629.41125,-48.38906,1622.31897
627.58398,-45.20046,1622.56421
626.19513,-41.54096,1623.62402
624.34454,-38.71024,1624.25427
622.3646200000001,-36.066309999999994,1624.6525900000001
620.7554299999999,-32.99688,1625.50781
618.20935,-30.51953,1626.50037
617.2755099999999,-27.12775,1627.1893300000002
614.80652,-24.55326,1627.97864
,,
610.80975,-19.53088,1628.8768300000002
610.5941799999999,-15.98535,1628.91919
608.2511599999999,-14.430570000000001,1629.29846
607.32672,-11.6202,1628.81653
605.81854,-9.18807,1629.22119
605.4816900000001,-6.50968,1628.6311
602.45953,-4.96544,1628.27747
601.09064,-2.45739,1628.30823
599.6478900000001,0.01314,1628.14929
599.04761,1.46082,1627.70178
597.64026,3.8636199999999996,1627.43726
595.75378,5.53411,1627.30676
594.82623,7.74437,1626.7146
593.38849,9.76675,1626.77795
590.77588,10.465069999999999,1627.2463400000001
590.18768,12.92707,1626.78979
588.98914,14.18476,1626.88342
587.73376,15.57215,1626.59082
585.8580900000001,17.06273,1626.67603
586.53864,19.26281,1626.5883800000001
585.16962,20.37395,1626.71606
583.23059,21.00048,1627.06091
581.9612400000001,22.04541,1627.39685
580.22961,23.17507,1627.55176
579.47406,24.653170000000003,1627.7993199999999
578.5683,25.33726,1628.20776
576.89648,25.80134,1628.8985599999999
575.96167,26.9356,1629.3514400000001
575.63922,27.3227,1628.98828
574.7318700000001,27.7531,1629.56958
574.34125,28.160659999999996,1629.77368
572.75146,28.72383,1630.33984
572.30884,28.795009999999998,1630.60168
571.96454,28.84017,1630.7553699999999
571.60681,28.86175,1630.79004
570.27002,28.645329999999998,1631.10522
569.61639,28.09057,1631.54395
568.54889,27.86727,1631.96301
568.83252,27.805840000000003,1631.7175300000001
,,
567.53143,26.61719,1632.77307
568.2794200000001,26.58558,1632.7694099999999
567.7674,25.79344,1632.86401
566.90271,24.77419,1633.07654
566.93646,24.32771,1633.26233
566.04193,22.83739,1633.52344
566.51202,21.94247,1633.3136
567.00623,20.72234,1633.35193
565.9880400000001,18.709210000000002,1633.26465
566.25623,17.61869,1633.36096
566.5137900000001,15.49821,1633.0053699999999
566.4386,13.470239999999999,1633.1815199999999
568.34393,12.064689999999999,1632.62756
567.99176,8.854410000000001,1632.73572
569.83374,7.1745399999999995,1632.67322
570.0625,3.8862,1632.60706
571.1884200000001,1.75327,1632.47693
570.80847,-2.0798200000000002,1632.5620099999999
572.3717,-5.16177,1632.54321
574.24951,-8.3525,1632.50879
574.64093,-11.97204,1632.65906
575.31604,-15.97339,1632.66382
575.0274,-20.16858,1632.31885
577.20929,-24.003420000000002,1632.25342
579.3606599999999,-27.5866,1631.98254
581.57617,-30.824540000000002,1632.08923
583.36554,-33.926840000000006,1632.38245
585.09113,-37.85815,1632.43726
586.8256200000001,-40.83297,1632.42822
588.94507,-43.7761,1632.40149
590.95215,-47.250170000000004,1632.30859
592.3770099999999,-49.81535,1632.2055699999999
594.16986,-53.16899,1632.0361300000002
595.987,-55.82192,1631.55151
597.32782,-58.668,1631.3106699999998
599.16968,-62.22608,1630.9500699999999
600.9588,-65.02221999999999,1630.59509
601.99854,-68.05693000000001,1629.7887
604.09985,-71.17499000000001,1629.2354699999999
606.22443,-73.97639000000001,1628.56824
607.8624900000001,-77.20111,1628.1148699999999
608.79211,-80.20992,1627.55127
610.24225,-83.30423,1627.21912
612.53986,-86.40331,1626.89905
613.96246,-89.50355,1626.52869
615.2900400000001,-92.67412,1625.8961199999999
616.51276,-95.73345,1625.9080800000002
618.35663,-98.84719,1626.01514
619.8197,-101.86565,1625.85364
621.3743900000001,-104.86683000000001,1625.98047
622.62787,-108.12713000000001,1626.16101
624.18201,-111.21233000000001,1626.6458699999998
625.51996,-114.7789,1626.86145
626.8242799999999,-117.52691999999999,1627.5449199999998
628.1662,-120.55827,1627.9408
629.53986,-124.09335,1628.61084
631.12396,-127.08415,1628.8120099999999
632.4556299999999,-130.45493000000002,1629.49915
633.93921,-133.34023,1630.11682
635.21277,-136.34297,1630.55603
636.27484,-139.49889,1630.50684
637.73352,-142.43515,1630.45605
638.9184,-145.7256,1630.9932900000001
640.55621,-148.63988999999998,1630.95776
641.93365,-151.57855,1630.7782
643.12134,-154.53728,1630.42969
644.50098,-157.58226000000002,1629.60669
645.9594099999999,-160.51109,1628.93445
647.51581,-163.36287,1627.87402
648.7520099999999,-166.36725,1627.0637199999999
650.28406,-168.82393000000002,1625.31006
651.88623,-172.15097,1623.87891
652.86627,-174.1254,1622.1979999999999
654.35938,-176.91638,1620.5090300000002
655.87708,-179.29836,1619.2843
657.53595,-181.69013999999999,1617.79639
659.01129,-183.86659,1616.98389
660.27081,-186.35762,1616.2092300000002
661.7689799999999,-188.76445,1616.14624
663.90259,-191.29727,1616.005
665.10803,-193.34775,1615.92908
666.38983,-195.25386,1616.19104
668.0387,-197.44571000000002,1616.84021
669.68555,-199.26111,1617.60193
671.39301,-201.0386,1618.79089
672.1666299999999,-203.14729,1620.1991
673.49591,-204.75365,1621.24756
674.65253,-206.04131999999998,1623.22205
676.00153,-208.10756999999998,1624.8288599999998
676.82892,-209.77756000000002,1626.66455
678.6118799999999,-211.39387999999997,1628.41333
679.8347200000001,-212.89577000000003,1630.01001
680.58997,-213.97498,1631.31445
681.15759,-215.36346,1632.6182900000001
682.80908,-216.56852999999998,1633.7622099999999
683.90399,-218.35641,1634.52722
685.01923,-219.23873999999998,1635.34851
685.7843,-220.40852,1636.04468
687.15479,-221.4626,1636.39966
687.85815,-222.36043999999998,1636.4326199999998
688.52393,-223.73705,1636.94263
689.39282,-224.96835,1636.85095
690.35461,-225.56935,1636.97131
691.37677,-226.98993,1637.32117
692.2701400000001,-227.69244,1636.93994
692.88153,-228.82642,1636.42786
694.30682,-230.01352999999997,1636.36926
694.24902,-230.43895,1636.09448
695.11279,-231.64893999999998,1635.95679
696.20557,-232.39661,1635.38232
697.2312599999999,-232.78793,1634.85022
697.92584,-233.42451,1634.65466
698.70734,-234.35695,1634.94409
699.50812,-235.21555,1635.3226300000001
699.99109,-236.01302,1635.5203900000001
700.75012,-236.74129,1636.01721
701.1012599999999,-237.64937999999998,1636.7648900000002
701.36438,-237.95181000000002,1637.25427
701.95612,-238.59894,1637.96594
702.69116,-239.21811,1639.21265
703.06665,-239.85361,1640.104
703.37762,-240.54552999999999,1640.9863300000002
703.57385,-240.94283,1641.58276
704.2054400000001,-241.9519,1642.3866
704.6906700000001,-242.41648999999998,1642.92163
705.08087,-242.85301,1643.3868400000001
705.23236,-243.49092000000002,1643.59485
705.24518,-243.72517000000002,1643.39893
705.1275,-244.43863,1642.59131
706.15692,-244.96442000000002,1642.2616
706.65271,-245.40132000000003,1641.74438
706.67737,-246.09528999999998,1640.45325
707.18109,-246.57036000000002,1639.5675
707.63562,-246.89854,1638.47266
707.90118,-247.76854,1637.40198
707.99261,-248.14893999999998,1636.06445
708.03613,-248.44214,1634.78101
708.53967,-248.76727000000002,1633.34753
709.30042,-249.15395,1632.50171
708.83954,-249.23658999999998,1630.95959
709.46454,-249.1945,1630.46729
709.83478,-249.11661,1629.37646
710.16687,-249.3896,1628.68311
710.56561,-249.46591,1628.09412
711.0463900000001,-249.50422999999998,1627.9963400000001
712.00348,-249.69179,1627.93579
712.08826,-249.64606,1627.9375
712.37134,-249.71184,1628.55872
712.57733,-249.71747000000002,1629.98975
712.8783599999999,-249.81381000000002,1630.79956
713.3879400000001,-249.86006,1632.40552
713.6344,-249.89922,1634.33643
713.87073,-249.82501000000002,1636.0824
714.19171,-249.77688999999998,1637.74902
714.6027799999999,-249.67067999999998,1639.69177
714.92688,-249.63966000000002,1641.29297
715.32587,-249.52687000000003,1643.20886
715.90918,-249.18857000000003,1644.5
716.5036,-248.85551,1645.3648699999999
716.95099,-248.28236,1646.19299
717.62238,-247.79317999999998,1646.55933
717.75226,-247.38952999999998,1646.47583
718.8634599999999,-246.89822,1645.63745
719.48047,-246.68671,1645.5502900000001
719.87823,-245.90157000000002,1644.48145
720.8421,-245.97267000000002,1643.6351300000001
720.87909,-245.58205,1641.77234
721.08282,-244.93097000000003,1640.2631800000001
721.63763,-244.4205,1637.98254
722.06885,-244.08516,1635.22864
722.54095,-243.47986,1632.42273
722.86859,-242.7644,1629.11121
723.12598,-242.1064,1625.44299
723.86035,-241.48541,1621.5011
724.21509,-241.00726,1617.67346
724.92926,-240.52867,1613.1687
725.65698,-240.02956,1608.57581
726.07751,-239.25363,1603.53577
726.98877,-238.89678999999998,1598.6729699999999
728.00787,-237.81933999999998,1593.3425300000001
727.96106,-237.17331000000001,1588.31885
728.5813,-236.56435,1583.55798
728.93732,-235.37657000000002,1579.36255
729.8894700000001,-235.00706,1576.1182900000001
730.47345,-234.62900000000002,1573.9447
731.6564900000001,-234.15472000000003,1572.3220199999998
732.46973,-233.3645,1572.47046
733.1524,-232.85448,1573.90417
734.44672,-232.33606,1576.32227
735.27863,-231.91928,1579.54907
736.4538,-231.13,1584.54626
737.50055,-230.64303999999998,1590.80896
738.20465,-230.31617999999997,1598.18018
739.57715,-229.96059,1606.64026
741.20422,-229.7915,1615.61035
742.73541,-229.06775,1625.28687
743.72235,-228.96071,1635.07324
744.7633099999999,-228.66179,1645.41687
745.6677900000001,-228.30196,1654.8584
746.46075,-228.1731,1664.20801
747.08612,-227.51227999999998,1672.51208
748.12854,-227.3555,1681.01843
748.72748,-226.55171,1688.27832
749.27618,-225.92946,1694.01782
749.6718099999999,-225.02251,1699.58301
750.53015,-224.50582999999997,1704.39075
750.79474,-223.69078,1708.2944300000001
751.65076,-223.40102000000002,1711.5535899999998
751.94714,-222.33857999999998,1714.4768100000001
752.2380400000001,-221.82549,1716.8341100000002
752.61017,-221.06516000000002,1718.1079100000002
753.16614,-220.77673,1719.1303699999999
753.95233,-219.91202,1719.62598
754.32324,-219.62412999999998,1719.4046600000001
755.19708,-218.9437,1718.8597399999999
755.5885,-218.15413999999998,1717.39954
756.27313,-217.61409,1715.22705
756.5443700000001,-217.0746,1712.08459
756.6875,-216.28387,1708.41809
757.1934200000001,-215.25871,1703.93762
757.11688,-214.8185,1698.7843
757.46741,-214.12691,1692.94482
757.4068,-213.68045,1686.3833
757.88342,-213.05662999999998,1679.27783
757.75006,-212.16246,1671.14465
756.86652,-211.78416,1662.53809
757.12756,-211.04456000000002,1653.6226800000002
756.86359,-210.05579,1644.4696
755.70154,-209.46936000000002,1634.8418
755.27185,-207.98668999999998,1625.3336199999999
755.10901,-206.72914,1616.75415
755.61993,-205.28386,1610.86255
755.67206,-204.49509,1607.9423800000002
756.08185,-203.43216,1608.1245099999999
757.31378,-202.35641,1609.5548099999999
758.17255,-201.06525,1611.8407
759.64838,-200.13863999999998,1616.45313
761.2356599999999,-199.08893,1622.43909
764.05664,-198.36783,1630.00806
765.74396,-197.64822,1637.76074
768.15631,-196.09122,1647.07898
769.41351,-195.70473,1656.11267
771.0307,-194.67085,1664.13074
772.35577,-193.56502,1671.48486
772.9997599999999,-192.52963,1676.96057
772.9256,-191.42223,1681.4172399999998
773.84357,-190.71881000000002,1684.24951
774.48859,-189.5984,1686.2083699999998
774.7178299999999,-188.79538,1687.87451
774.57196,-187.5195,1689.1554
774.1449,-186.51213,1690.2554899999998
776.87927,-184.42166,1690.67822
774.59863,-184.45064,1691.05518
774.54889,-182.57439,1690.8261699999998
773.6413,-181.49883,1690.3850100000002
775.52063,-178.77968,1688.80591
775.49878,-177.38225,1686.67065
773.5932,-176.04426999999998,1684.08154
772.21429,-174.91467,1681.40125
771.31146,-172.80006,1677.05847
769.20673,-171.36484,1672.86035
767.32886,-169.93147,1666.80725
765.82458,-168.16718,1660.72302
,,
763.39868,-164.55553,1647.2069099999999
762.3734099999999,-163.17638,1641.23169
,,
762.00482,-159.80382,1634.14294
762.0808099999999,-159.49773000000002,1634.4243199999999
762.3281900000001,-159.05258,1635.4099099999999
762.59888,-158.57262,1637.69324
764.5505400000001,-157.81355,1640.53223
765.51477,-157.48405,1644.8186
767.1181,-157.37637,1649.0282
768.90253,-157.48196000000002,1653.60754
769.5999099999999,-157.85128999999998,1658.69592
770.7063,-157.5912,1662.81604
770.32568,-158.79855,1666.61865
771.14148,-158.42987,1668.84521
771.82245,-158.22975,1670.07971
771.07166,-158.83798000000002,1671.10938
771.1806,-159.26613999999998,1671.34521
770.38055,-159.76945,1671.11914
770.93915,-159.49077,1670.24219
769.7033700000001,-159.95322,1669.35034
769.21802,-159.92775,1667.33228
768.0989400000001,-159.92365,1666.42993
767.60699,-159.8681,1664.06384
766.3212900000001,-160.26762,1661.08679
764.58911,-160.34018,1657.6059599999999
762.4422,-160.28615,1654.13965
760.5893599999999,-160.44984,1649.46533
758.91705,-160.44319,1644.12585
757.04565,-159.73959,1638.03162
753.96698,-160.11678,1631.8927
,,
,,
747.13708,-159.65802,1611.25281
744.87646,-160.29349,1605.5557900000001
742.841,-160.44748,1602.2048300000001
741.2572,-160.7112,1601.9788800000001
739.61725,-161.01623999999998,1602.46289
738.8042,-161.37025,1604.64209
737.8331900000001,-161.72412,1607.47559
735.96997,-161.88742,1612.6580800000002
,,
734.29773,-162.12798,1627.26001
734.9530599999999,-161.54411000000002,1635.69019
733.5521200000001,-162.23418,1644.57007
732.29333,-162.72429,1653.65479
,,
730.11584,-163.26758,1669.40381
729.5072,-163.1347,1676.04272
728.0344200000001,-163.45897,1681.58301
725.73004,-163.85801999999998,1685.9234600000002
723.87231,-163.94754,1688.8701199999998
722.56573,-164.74791000000002,1691.87585
721.4353,-164.66661000000002,1693.47534
719.13135,-164.81961,1695.3721899999998
718.1773099999999,-165.52795,1696.3837899999999
717.42041,-165.58337,1696.67517
714.88574,-167.28783,1696.8226300000001
712.54889,-167.60001,1696.4906
711.0230700000001,-167.82935,1695.35242
709.97815,-168.37418,1693.2334
707.39844,-169.38205,1690.2113
705.72876,-169.8804,1687.1275600000001
703.88257,-170.73772,1682.49219
701.91022,-171.5762,1677.8522899999998
700.41455,-172.01973,1672.33716
699.19287,-172.83736000000002,1665.7572
697.49371,-173.61696,1658.7533
695.13446,-175.02121,1651.05115
693.1309200000001,-175.87653999999998,1642.9736300000002
691.47656,-176.85218999999998,1633.67395
688.90271,-178.2347,1624.28406
687.10852,-178.98761000000002,1614.52344
684.8283700000001,-180.80577,1604.9116199999999
683.81781,-181.30185,1594.98071
682.54492,-182.52989,1586.2305900000001
681.0246599999999,-183.6412,1578.38391
679.73303,-184.71713,1572.04004
677.90997,-185.96666000000002,1567.96094
676.74634,-186.37866,1565.5275900000001
674.5871,-187.82133000000002,1565.1699199999998
673.14301,-188.7444,1566.52734
671.1693700000001,-189.59631000000002,1570.4939
670.59973,-190.0376,1576.50586
668.43262,-191.72295,1584.2127699999999
666.74365,-193.03916999999998,1593.61304
665.91583,-194.22868,1604.40417
664.2854,-195.91319,1615.2363300000002
662.90479,-197.58539,1626.58093
662.7370599999999,-198.89471,1637.47375
660.42432,-201.7516,1648.78271
659.6879299999999,-204.07256999999998,1658.59167
657.94104,-206.27209,1668.48303
658.14221,-208.59662,1676.28711
656.7121,-210.82425,1683.79688
654.85046,-213.39861000000002,1690.53857
653.04016,-216.66325,1696.71887
650.3566900000001,-220.73997000000003,1701.85645
651.85248,-222.32777000000002,1706.47522
647.94879,-226.41431,1711.14868
646.5051900000001,-229.74383999999998,1714.8830600000001
645.5991799999999,-232.63992000000002,1718.2218
646.8449099999999,-235.24722000000003,1720.31958
643.83673,-238.39781000000002,1722.4346899999998
642.93628,-241.74239,1723.2063
641.16742,-245.47043,1723.4152800000002
638.42297,-249.73843,1722.5729999999999
636.9816900000001,-253.4894,1721.1234100000001
635.4877299999999,-257.38147000000004,1719.16455
633.91516,-260.66989,1715.64465
631.74634,-264.4169,1712.43188
629.75079,-267.94849,1707.8499800000002
626.54767,-271.42545,1702.8147
626.24835,-274.17984,1696.89075
623.3645,-278.23309,1690.54175
619.9432400000001,-282.82486,1683.2052
617.66333,-286.55511,1675.0658
614.3781700000001,-290.29919,1666.11951
611.70123,-294.36292000000003,1656.50037
608.03754,-298.04263,1646.02612
604.45642,-301.8887,1635.0018300000002
600.90277,-305.11008,1623.20959
597.21008,-308.89822000000004,1611.2603800000002
594.7702,-311.51862,1599.09412
591.25085,-313.67667,1586.90833
584.99518,-317.55731000000003,1576.66687
581.78809,-318.87759,1567.12476
574.81995,-321.26852,1560.3048099999999
570.62018,-322.85666000000003,1554.75916
565.03345,-323.99844,1551.57751
561.4753400000001,-324.23059,1549.60583
556.03571,-324.16119,1549.3995400000001
550.80219,-324.70706,1550.01379
545.7275400000001,-324.13965,1553.93555
541.28192,-323.2211,1559.9370099999999
537.05603,-321.90167,1567.81775
532.4699099999999,-320.99393,1577.39343
528.81738,-319.97348,1589.0661599999999
527.73969,-317.65631,1601.74731
524.67877,-316.40631,1615.97693
521.60791,-315.94513,1630.33557
520.66248,-314.58643,1645.77881
519.6424,-313.56165,1661.2782
518.50977,-312.7739,1676.505
518.9168099999999,-311.86902000000003,1691.05542
519.00507,-310.93671,1704.2717300000002
520.32843,-309.97946,1716.97668
521.27271,-309.23001,1728.1593
522.52209,-308.53362999999996,1738.05164
523.9404900000001,-307.38159,1746.71118
525.32654,-306.62253,1754.6848100000002
527.42615,-305.60857999999996,1761.17407
528.83026,-304.5246,1767.2832
530.8786,-303.12592,1773.0985100000003
532.60107,-301.41763,1778.13416
535.0766,-299.74231000000003,1782.6851800000002
538.09387,-297.73483,1786.97375
539.05756,-296.2851,1790.32336
541.51733,-294.31662,1793.5719
544.24286,-292.70642000000004,1795.9550800000002
546.72516,-290.86987,1797.52332
549.62494,-289.56616,1798.5144
553.50958,-287.56732,1798.1355
555.92102,-285.94925,1797.48828
558.65399,-285.55676,1795.6534399999998
560.10419,-284.79688,1793.11072
562.5069599999999,-283.70996,1789.66394
565.9157700000001,-282.94876,1785.13684
567.72253,-282.32184,1779.85449
570.48926,-282.25726000000003,1774.17505
572.2488400000001,-282.01959,1768.22925
574.0330799999999,-281.78821,1761.5528600000002
576.2793,-281.35001,1754.4591100000002
577.9873,-281.64569,1746.48877
578.75763,-282.40491000000003,1738.31897
579.84106,-283.5799,1729.2168
580.18854,-284.4931,1719.39136
579.61646,-286.41818,1709.31812
579.39868,-288.86404,1698.77148
578.1355,-290.72101000000004,1687.29175
577.18927,-293.11383,1676.05615
576.0931400000001,-295.80826,1665.3731699999998
573.3501,-298.17325,1654.49121
571.9046599999999,-301.05585,1644.4805900000001
569.21265,-303.0961,1635.21484
567.39734,-304.5499,1627.29688
565.0928299999999,-306.37219,1620.4398199999998
562.2254,-308.16747999999995,1614.1870099999999
559.8091400000001,-309.16187,1609.42346
557.60925,-310.58267,1606.28064
555.45313,-311.48593,1605.2175300000001
553.26361,-311.23041,1605.80725
552.37665,-311.228,1608.2979699999999
550.2072099999999,-310.29984,1612.3949
549.14795,-309.08331,1618.13843
548.14349,-307.94077000000004,1625.06677
546.71661,-307.02759,1633.46582
546.28503,-306.13982999999996,1642.03235
545.06647,-305.36252,1650.8999
543.82855,-304.30386,1660.1499
543.14209,-304.13739,1669.57349
541.56354,-303.6781,1678.2605
540.00604,-303.37838999999997,1686.70313
538.7343099999999,-303.46802,1694.48035
536.84027,-303.17028999999997,1701.8276399999997
534.96045,-303.54787999999996,1708.78162
533.22852,-303.92871,1714.3382600000002
531.1325099999999,-304.48032,1719.38831
528.86688,-305.59622,1723.6307399999998
526.71527,-306.3855,1726.75452
524.80176,-307.5939,1729.3880600000002
522.32391,-309.21091,1731.36377
520.06317,-310.44424,1732.74231
517.89783,-312.02407999999997,1733.73645
516.16516,-313.68054,1733.42688
514.15643,-315.37703999999997,1732.8723100000002
511.65622,-317.63018999999997,1731.29102
509.96472,-319.57473999999996,1729.1289100000001
507.59357,-321.74615,1726.21143
505.11752,-323.80154,1722.0983899999999
502.86163,-326.21814,1717.59058
500.72763,-329.0137,1711.7753899999998
498.79028,-331.67053,1704.89648
497.13339,-334.80637,1697.1079100000002
494.65384000000006,-337.47958,1688.1231699999998
492.47345,-340.65018,1678.3324
490.39108,-344.03958,1667.97229
489.42905,-347.18542,1656.8360599999999
487.26648,-350.4046,1645.74524
486.00365999999997,-353.53909,1634.02856
485.12015,-356.5343,1624.03394
484.43480999999997,-358.98257,1615.29114
484.42044000000004,-360.98447000000004,1610.22046
483.71747,-361.58047,1607.77466
483.00055,-362.92587000000003,1607.51416
482.83795,-363.37476000000004,1609.34265
483.13699,-363.2663,1613.06274
483.1142,-362.90292,1618.91748
484.11440999999996,-362.40146,1626.6413599999998
484.66147,-361.79257,1635.53833
485.36588,-361.31183,1645.8958699999998
485.67685,-360.57928,1657.31323
486.72028,-360.13707999999997,1668.53455
486.90445,-360.10318,1679.7332800000001
487.03229000000005,-360.35562000000004,1690.8457
488.15200999999996,-360.43384,1700.4782699999998
488.93158,-361.67458999999997,1709.13135
488.84677,-362.5043,1716.5059800000001
488.70584,-363.72567999999995,1722.4643600000002
488.97750999999994,-364.83263999999997,1727.3808600000002
489.52673,-366.16495,1731.8703600000001
489.06458,-367.72513,1735.85437
488.89264000000003,-368.73862,1739.6601600000001
488.9696,-370.0191,1742.2872300000001
488.74355999999995,-371.25845,1744.80603
489.43704,-372.16351000000003,1746.6738300000002
488.39444000000003,-373.75806,1748.17419
488.58977999999996,-374.34479,1749.1964100000002
488.00818,-375.7218,1749.6124300000001
487.33102,-376.79095,1749.7083699999998
487.32446,-377.63982999999996,1748.9775399999999
486.49182,-378.87601,1747.0351600000001
486.61957,-380.06032999999996,1744.94775
485.34552,-381.05255,1742.31995
484.79584000000006,-381.50588999999997,1738.2600100000002
483.9277,-383.02756,1733.9194300000001
483.84988,-383.95203,1728.65564
482.75092,-385.51782000000003,1722.57898
482.62479,-386.31917999999996,1715.0678699999999
481.58109,-387.3873,1707.43762
480.54391,-388.08898999999997,1698.53125
479.79155999999995,-388.76819,1688.95679
479.6015,-389.91177000000005,1678.4661899999999
478.97437,-391.12567,1667.32581
479.02438,-391.99106,1655.6055900000001
477.5379,-392.64273,1644.1082800000001
477.76242,-393.04071,1633.04651
477.60430999999994,-393.3168,1624.43909
476.61728,-393.47943,1619.8582800000001
476.32214000000005,-393.27316,1618.06189
476.0975,-393.03042999999997,1618.09705
476.72943,-391.82581,1619.46777
474.97327,-392.27972,1622.41699
474.3685,-391.7821,1628.21667
475.49231,-390.21573,1635.37219
477.23422,-388.49893,1643.89478
474.02634000000006,-389.31198,1653.5116
476.6998,-387.06189,1663.55103
474.88605,-387.6944,1673.6381800000001
477.04282,-385.07629,1684.2316899999998
477.5629,-384.92352,1693.6744399999998
478.27713,-384.51169,1701.7338899999997
477.93325999999996,-384.31705,1708.7026399999997
478.66170999999997,-383.25656000000004,1714.70642
479.60250999999994,-382.6163,1719.3261699999998
479.99435,-382.0289,1723.54761
480.51800999999995,-381.63876,1727.04919
480.90880999999996,-381.62115,1730.30688
481.45197,-381.08734,1733.64185
482.71340999999995,-380.54141,1735.8909899999999
483.83688,-380.37872000000004,1737.96973
484.51038,-380.4581,1740.16394
485.84964,-380.56557999999995,1740.53345
485.52050999999994,-380.9472,1741.11841
485.46582,-382.02013999999997,1741.1737100000003
487.04427999999996,-382.12234,1740.4674100000002
487.92807,-382.95776,1739.2092300000002
488.3663,-383.40952000000004,1737.08398
489.17737,-384.40121,1733.80176
489.59418,-385.47577,1730.46155
490.98026,-386.38287,1725.3924600000003
491.1264,-386.93375,1720.1723600000003
491.73565999999994,-388.39038,1713.8098100000002
493.27267,-389.41031,1706.70935
493.44614,-390.53427,1698.8931899999998
494.7829,-392.1969,1689.76086
494.33197,-393.81317,1680.15625
495.81766,-395.50787,1670.0177
495.61209,-397.51434,1658.8048099999999
497.8938,-398.90878,1647.93176
499.01627,-400.3244,1637.00964
499.88248,-401.83179,1627.28186
500.79324,-402.44214,1619.76355
501.24152000000004,-402.99759,1616.51001
502.29407000000003,-403.65799,1615.20581
500.68375,-406.04904,1615.0307599999999
504.31512000000004,-405.23087000000004,1615.98083
503.59335,-406.91317999999995,1619.6389199999999
505.63339,-407.08981,1624.72278
506.98462,-407.25302,1631.3701199999998
508.11182,-407.41797,1639.54297
510.51610999999997,-407.16492,1648.26782
511.8627,-407.02795,1657.14478
513.90057,-407.39948,1666.38489
515.25378,-407.35287,1674.95093
515.94061,-407.45959,1682.50671
515.7155799999999,-408.46112,1688.59326
,,
,,
,,
,,
516.24951,-405.41095,1700.1112100000003
515.6001,-404.80292000000003,1700.6630899999998
519.21533,-400.73047,1700.67517
519.7750900000001,-399.63812,1700.2214399999998
519.0675,-398.45346,1699.0961899999998
519.03656,-397.31949,1698.2645300000001
518.62946,-396.16168,1696.1626
519.23712,-394.88068,1693.1337899999999
517.8847,-394.02893,1690.12915
516.97003,-393.09225,1686.64844
516.54102,-391.84628,1681.7011699999998
515.3557099999999,-391.28397,1676.33655
515.26892,-389.87335,1670.00452
514.29675,-388.89685,1663.5614
513.20276,-388.69031,1656.0833699999998
513.22681,-387.77032,1649.1182900000001
512.6309200000001,-387.22733,1642.401
512.1463,-386.733,1637.5413800000001
511.94226,-385.33554,1634.48657
511.35849,-384.54742000000005,1634.39478
512.51617,-382.93917999999996,1634.29688
512.95416,-382.29956,1636.07727
514.44537,-380.35901,1639.12878
515.22308,-379.89951,1643.4909699999998
516.51849,-379.18695,1649.09753
518.80017,-378.0141,1655.9868199999999
520.88904,-377.88419,1663.4469
522.83551,-376.91568,1671.31506
524.46368,-376.24518,1679.09021
527.13568,-376.3468,1686.41797
528.24835,-376.39142000000004,1693.35706
530.66095,-376.28713999999997,1699.62292
531.40216,-376.58557,1705.1828600000001
532.0790400000001,-376.5889,1709.8812300000002
533.54645,-376.92706,1713.4284699999998
533.26733,-378.26999,1716.4276100000002
533.50311,-378.63324,1718.8706100000002
535.0967400000001,-379.1767,1720.6149899999998
535.34601,-379.56305,1721.79907
534.86688,-380.71274,1722.7481699999998
536.21753,-381.28635,1722.5705600000001
536.2346200000001,-381.72617,1722.45654
536.67651,-382.29211000000004,1720.88574
536.53021,-383.51822000000004,1719.12488
536.26416,-383.97848999999997,1716.27393
535.4997599999999,-384.53348,1713.18335
536.15088,-385.26968,1708.8574199999998
535.6911,-386.41895,1703.8439899999998
535.41846,-387.00543,1698.0161100000003
536.1485,-387.70569,1691.0562699999998
533.96735,-389.30685,1683.16797
533.03497,-389.88644,1675.14246
532.6057099999999,-390.26877,1665.90979
532.15143,-391.52921000000003,1656.11926
531.64642,-392.17859,1645.39697
,,
529.5155599999999,-394.33243,1624.5883800000001
528.8045,-395.50107,1614.87488
528.34564,-396.01108,1606.51416
528.4562400000001,-396.13812,1600.32312
527.29462,-396.88268999999997,1596.88379
527.3405799999999,-397.03513,1594.56702
527.61261,-396.83182,1593.8995400000001
527.06525,-397.70633,1595.79956
527.84656,-397.6076,1599.72217
527.94141,-397.88995,1606.3559599999999
528.33325,-398.37756,1614.995
528.6145,-399.05102999999997,1624.6947
529.27283,-399.20142000000004,1635.85779
530.07135,-399.48438,1647.09827
530.4257200000001,-400.09952000000004,1659.44482
531.2348599999999,-400.54193,1671.21594
532.23492,-400.69568,1682.19836
532.64594,-400.96322999999995,1692.58765
533.2575099999999,-400.88187,1701.8848899999998
534.06708,-400.75162,1709.77356
534.0210599999999,-400.89832,1717.1379399999998
534.75238,-400.6282,1723.1474600000001
536.11932,-400.59311,1728.1861600000002
537.38104,-400.35507,1733.42468
538.72736,-399.92319,1737.24963
540.5708,-399.31982,1741.0387
540.71521,-399.22031,1744.1826199999998
541.55884,-399.00948999999997,1746.31165
542.12927,-398.85297,1748.53125
544.52539,-398.68359,1748.9387199999999
545.94287,-397.81296000000003,1749.2020300000001
546.76453,-397.55298,1748.7430399999998
547.14575,-397.55798,1747.3645
548.6118799999999,-397.34702000000004,1745.2872300000001
550.46289,-397.11557,1742.3378899999998
551.50305,-396.42032,1738.77258
552.32147,-396.53182999999996,1734.69934
554.33435,-396.00095,1729.6113300000002
556.15765,-394.90439,1723.71777
556.41315,-394.75085,1717.6346399999998
557.18066,-394.11194,1710.61829
557.72089,-393.49062999999995,1702.8812300000002
558.1105299999999,-393.3584,1694.0795899999998
558.5451,-393.29575,1684.77063
560.22937,-391.82703,1674.1701699999999
559.74072,-391.62102999999996,1663.3648699999999
560.23779,-390.90555,1652.10364
559.95038,-390.86411,1641.48218
561.0541400000001,-389.72601000000003,1631.41211
561.58594,-388.72195,1623.92615
563.0155,-387.45782,1619.80432
563.75256,-386.76364,1619.1671099999999
563.81378,-385.65567000000004,1619.15063
564.79626,-384.69946,1620.00464
566.4317599999999,-384.59372,1622.11926
568.15039,-383.746,1625.9194300000001
569.2887599999999,-383.31302,1630.71045
570.15796,-383.27185,1637.9578900000001
571.80457,-382.17056,1646.05139
574.1865799999999,-381.92508,1654.72375
576.1007099999999,-381.59052,1663.7135
577.4218099999999,-381.25317,1672.74609
579.2125900000001,-381.10565,1682.0100100000002
580.88104,-380.95987,1690.2702600000002
582.4363400000001,-380.69998,1697.4201699999999
582.40936,-380.9025,1703.7282699999998
583.70966,-380.59125,1708.4617899999998
584.57343,-380.66143999999997,1711.95215
583.55859,-381.86771,1715.2048300000001
584.5396099999999,-382.30856,1717.0017100000002
585.36975,-382.26297,1718.0208699999998
585.54175,-383.01825,1719.2363300000002
586.83582,-383.21988,1719.15662
586.2088,-384.07745,1718.7419399999999
586.12463,-384.9971,1717.5175800000002
587.24762,-385.17212,1715.69092
587.31317,-386.03656,1713.7804
588.0777,-386.58569,1711.1582
587.54517,-387.77115,1708.05005
587.47906,-388.20349,1704.0310100000002
587.68018,-388.71297999999996,1699.7324199999998
588.78125,-389.48767000000004,1693.8250699999999
587.40393,-390.83437999999995,1687.6709
587.3457599999999,-391.35226,1680.34827
586.18439,-392.04694,1671.9724099999999
584.44983,-392.84805,1663.38416
583.64185,-393.45041000000003,1654.66919
582.57617,-394.05899,1646.80042
582.9408,-393.92566,1640.0506599999999
581.9068599999999,-394.16315,1637.20361
581.96027,-393.92374,1636.20581
582.69379,-393.70557,1635.93835
582.5812400000001,-393.95642000000004,1637.5217300000002
585.0141,-393.27866,1642.2463400000001
586.85425,-392.60544,1648.5387
590.14075,-392.27792,1656.19006
593.45703,-392.4166,1666.0173300000001
596.5018299999999,-392.07751,1676.8504599999999
600.22217,-391.99133,1687.7680699999999
604.2002,-391.95831,1698.9484899999998
608.47278,-391.90701,1709.61841
611.93475,-391.69284,1719.47083
616.26648,-391.70535,1727.7301
619.94171,-391.31338999999997,1734.58447
623.1843299999999,-391.18015,1740.13159
627.0451,-391.11172,1744.7384
628.40179,-391.2312,1749.4458
631.44214,-390.96884,1753.0140399999998
634.57379,-390.89655,1756.27051
637.12671,-390.4017,1759.2202100000002
640.22217,-390.27512,1761.05115
642.80505,-390.47592000000003,1762.62427
645.2962,-389.47983,1763.69067
646.64594,-389.27637000000004,1763.70105
649.38849,-389.45367000000005,1762.5693399999998
652.55273,-389.4855,1760.9320100000002
653.99969,-388.66763,1758.52295
655.0103799999999,-388.63541000000004,1755.7639199999999
656.9693,-388.46191,1751.33655
657.70538,-388.19012000000004,1747.04919
659.3916,-387.16525,1741.64685
659.03394,-387.01645,1735.8066399999998
659.50433,-386.57623,1729.0264899999997
658.4621,-385.66037,1721.96106
658.16589,-384.83804,1713.9704600000002
656.95587,-384.47305,1705.3747600000002
655.38123,-383.07623,1696.30688
652.78735,-382.3884,1686.6733399999998
650.62286,-381.19057999999995,1676.7622099999999
647.10107,-380.82764,1667.3468
644.59698,-379.5311,1658.65515
642.43768,-378.66724,1651.9259
641.9693599999999,-376.53467,1647.20532
641.47504,-375.53571,1645.1127900000001
641.19122,-374.63852,1644.01331
641.88507,-373.29129,1644.0012199999999
,,
644.21344,-370.29755,1648.06409
644.69678,-369.82776,1652.47852
647.96118,-368.19461,1657.92151
650.9273099999999,-367.08936,1663.8187300000002
652.94019,-366.16913,1671.73035
654.92938,-365.25449,1679.6076699999999
656.30646,-364.87457,1687.43713
,,
660.03937,-362.87847999999997,1701.84729
659.68347,-363.14673,1708.4314
660.30005,-362.47455,1713.94385
659.97375,-362.31314,1718.06238
658.3588900000001,-361.9303,1721.87305
657.96362,-361.80328,1724.4249300000001
655.91675,-361.96976,1726.7127699999999
653.58655,-362.58929,1728.5520000000001
652.28094,-363.315,1729.78442
650.32019,-363.52927,1729.67603
648.47205,-364.01895,1729.5824
646.6496,-364.94723999999997,1727.94067
644.43066,-365.72174,1726.1691899999998
641.53955,-366.71671000000003,1723.5725100000002
638.9341400000001,-367.67725,1720.73218
636.86108,-368.60992000000005,1716.69836
633.60535,-369.94073,1712.1826199999998
630.69952,-370.90042,1706.97534
627.74518,-372.44763,1700.6492899999998
624.1496,-373.96835,1694.2951699999999
621.2583,-374.99093999999997,1686.5285600000002
617.68066,-376.58117999999996,1678.2169199999998
613.90057,-379.02347000000003,1668.8809800000001
610.8353900000001,-380.5062,1658.83948
607.31085,-382.69943,1649.15686
603.98376,-384.18387,1638.81531
600.27698,-385.97891,1629.09131
597.44812,-386.94043,1620.8949
592.6606400000001,-389.58554,1615.17175
591.1644299999999,-390.02451,1611.26721
590.27783,-390.11111,1608.80518
589.69696,-390.96948,1608.09546
588.92859,-391.39941,1609.65735
588.43622,-390.65297999999996,1613.65051
589.6168200000001,-389.75775,1619.7944300000001
590.2918099999999,-389.02789,1627.52722
591.85663,-388.00802999999996,1636.97595
592.99359,-386.98508,1647.1731
594.03888,-385.78351000000004,1657.58325
594.94672,-384.65631,1668.3731699999998
596.21826,-383.97845,1678.9078399999999
596.59143,-383.00522,1688.78638
596.6538099999999,-382.40033,1697.46777
597.35107,-381.46439,1705.88477
597.84521,-380.94531,1712.47095
598.2581799999999,-380.60849,1718.38025
598.17151,-379.81326,1723.66602
597.16992,-379.25684,1728.60303
597.58868,-379.04587000000004,1732.9187
596.9986,-378.56448,1736.4397
596.81018,-377.68207,1739.48877
596.26166,-377.31458,1741.92688
596.23834,-377.10446,1743.8916
595.93237,-376.72104,1745.0914300000002
595.37854,-376.33435,1745.6571
595.02441,-376.26624,1745.4707
594.8378299999999,-376.09698,1744.56677
594.77228,-376.09711,1743.0515100000002
594.35815,-376.24301,1740.2872300000001
594.30579,-376.13467,1736.84338
593.8596200000001,-376.33884,1732.62927
593.4843099999999,-376.29992999999996,1727.3845199999998
593.10895,-376.26132,1721.62146
592.7231400000001,-376.28612999999996,1715.21973
592.1596099999999,-376.0788,1707.54199
591.07703,-376.38391,1699.59448
590.49188,-376.1373,1690.5140399999998
589.76935,-376.15857,1681.1702899999998
589.24152,-376.74712999999997,1670.9868199999999
588.6062599999999,-377.36462,1659.90649
587.89709,-377.54626,1648.65784
587.56256,-377.79034,1636.62708
586.4480599999999,-377.45596,1626.15942
585.36414,-377.1246,1616.39514
584.92767,-377.33652,1607.95288
584.54443,-376.8475,1602.40649
583.58575,-376.83542,1599.01208
582.61047,-376.32959,1597.3129900000001
582.24072,-376.10028,1597.4111300000002
582.4182099999999,-375.61349,1599.61572
581.8421,-374.54865,1603.4082
582.64215,-373.31995,1609.08069
582.5354,-372.5889,1616.49744
582.37451,-371.62307999999996,1625.02698
583.20813,-370.38302999999996,1634.54089
583.33978,-369.26935,1644.78516
583.63513,-368.46115,1655.1159699999998
584.14551,-368.18414,1665.29907
584.8951400000001,-367.2919,1674.91357
585.18512,-366.37143,1683.5719
585.51727,-366.11694,1691.0223399999998
586.06,-365.81557999999995,1697.70215
586.41425,-365.58822999999995,1702.94971
587.15546,-365.62857,1707.19568
588.03235,-365.45935,1710.82458
588.5296,-365.25577000000004,1714.08508
589.77997,-364.97472999999997,1716.76221
590.2249099999999,-365.0495,1718.79175
590.90448,-365.18744,1720.45935
591.5647,-365.16846,1721.42615
591.69489,-365.18826,1721.6771199999998
592.67505,-365.52081,1721.48816
593.3568700000001,-366.30301000000003,1720.97949
594.06854,-366.6709,1719.2722199999998
595.25256,-367.33661,1717.3151899999998
596.3515,-368.13437000000005,1714.25378
597.46979,-369.23264,1710.4080800000002
598.29199,-370.13559,1705.9591100000002
599.5125099999999,-371.28528,1699.91284
599.4721099999999,-372.51608,1693.43848
600.01074,-373.40985,1685.87927
600.2430400000001,-374.565,1677.72131
600.9279799999999,-375.74832000000004,1668.57117
601.3905599999999,-376.92255,1659.2824699999999
601.85834,-378.24182,1649.55188
602.7135,-379.08945,1639.42859
603.35059,-380.19244,1629.72839
603.40131,-380.05328,1621.23828
604.02161,-380.99719,1614.83826
603.94354,-381.60059,1610.98071
604.4132099999999,-381.89898999999997,1608.8029800000002
605.30615,-382.13382,1608.01709
605.94934,-382.65103,1609.14026
606.53351,-382.25543,1613.44006
606.8425900000001,-381.71915,1619.4555699999999
607.3743900000001,-381.4675,1627.13843
607.5925900000001,-381.21967,1636.54272
608.0364400000001,-380.93515,1646.9620400000001
608.49945,-380.74197000000004,1658.26978
609.22406,-380.37036,1668.96472
609.85773,-380.29703,1680.15063
610.7874099999999,-380.11871,1690.2340100000001
611.95752,-379.37228,1699.1903100000002
613.13361,-379.0455,1706.91858
613.93121,-378.42181,1713.61035
614.43121,-378.02594,1718.8029800000002
615.3378299999999,-377.3902,1723.07324
615.99854,-376.42007,1726.6546600000001
616.64972,-375.54834,1729.8313
616.89984,-374.9007,1732.7076399999999
617.6528900000001,-374.45763999999997,1734.79407
618.5918,-373.71682999999996,1736.42908
619.2478,-372.9722,1737.19385
619.87012,-371.87878,1737.6082800000001
620.62445,-371.15308,1737.2814899999998
621.43488,-370.21063,1736.24365
622.42426,-369.48001,1733.71924
622.95343,-368.70993,1731.36975
623.75073,-367.74701,1728.10132
624.9046599999999,-367.224,1724.13257
625.82147,-366.24496,1719.7716100000002
626.82336,-365.89359,1714.19507
627.6261599999999,-365.28027000000003,1707.7943100000002
628.71069,-364.37027,1700.8923300000001
629.46362,-363.84061,1693.00342
630.40411,-363.67537999999996,1684.33533
630.9562400000001,-363.22379,1675.32874
632.6619900000001,-362.97165,1665.14319
633.68396,-362.90237,1654.77478
634.14172,-362.92661,1644.29688
635.25354,-362.52859,1633.4751
636.6929299999999,-361.69638,1624.0379599999999
637.16589,-360.95004,1616.8375199999998
638.1680299999999,-360.54312000000004,1612.14941
639.19922,-359.33777000000003,1609.9710699999998
640.0,-357.81183,1609.26648
640.58142,-356.38898,1609.4298099999999
641.78619,-354.90744,1611.52979
642.9990799999999,-352.62296000000003,1615.224
644.50104,-350.57468,1620.74585
645.75446,-348.00684,1627.8264199999999
646.63068,-345.44061,1636.49988
648.45313,-342.97989,1646.0258800000001
649.53278,-340.3316,1656.0531
650.57465,-337.51355,1666.16138
652.28503,-335.0556,1676.81824
653.54083,-331.96594,1686.7583
655.48993,-329.15881,1696.15637
656.87537,-326.1748,1704.66138
658.42688,-323.59589,1712.16125
660.57758,-321.18655,1718.58643
662.69952,-318.9928,1723.6513699999998
664.20074,-317.30962999999997,1728.13696
666.56104,-315.04376,1731.74438
668.56299,-313.06247,1734.59009
670.01459,-311.71477999999996,1736.85815
672.51074,-309.65252999999996,1738.42163
674.28528,-307.94183,1739.08533
676.2135,-306.49326,1739.49573
678.698,-304.4855,1738.67688
680.52869,-302.63879,1737.02332
682.22925,-301.4534,1735.85303
685.10291,-299.64639,1732.49683
687.2506099999999,-298.23917,1729.37549
689.09381,-296.91568,1725.31262
691.6908599999999,-296.10717999999997,1720.7784399999998
693.4221200000001,-295.46725,1715.3414300000002
696.05145,-295.0704,1708.63318
697.89343,-294.40277000000003,1700.9515399999998
700.63635,-294.63181000000003,1692.55872
703.19604,-294.90932999999995,1683.47522
705.24261,-295.68671,1673.71326
707.41388,-296.06686,1664.0335699999998
708.99646,-296.81332000000003,1654.9074699999999
710.13818,-297.55881,1646.69385
713.5365,-298.73373,1639.97656
714.40338,-298.99039,1634.64038
714.8808,-299.35162,1630.93921
715.4630099999999,-299.53119,1628.7583
715.6707200000001,-299.10471,1628.79456
715.6265900000001,-298.52398999999997,1630.90076
715.6543,-297.3421,1634.89001
716.28058,-296.01736,1639.6272
715.30988,-294.39551,1646.4044199999998
715.22614,-292.75369,1653.9054
714.7442599999999,-291.13953,1662.05469
714.52521,-289.39581,1671.00024
713.9675900000001,-287.91247999999996,1679.96497
713.84924,-286.04376,1688.85217
713.8809200000001,-284.54422,1697.09045
714.19379,-283.08755,1705.3110399999998
714.60565,-282.08142000000004,1712.6113300000002
715.23438,-281.05859,1719.05481
716.1243900000001,-279.98267000000004,1724.86792
717.25775,-279.05568999999997,1729.5523699999999
718.56281,-278.54089,1733.6932399999998
719.95233,-277.58109,1737.2675800000002
721.8347200000001,-276.64557,1739.95898
723.57611,-276.01859,1742.1359899999998
725.10425,-275.7475,1743.7113
727.02411,-274.99585,1744.69885
728.78711,-274.25079,1744.69568
731.05859,-273.63895,1744.2742899999998
732.9533700000001,-272.90411,1743.07581
735.2522,-272.41528,1741.2189899999998
737.5606700000001,-271.79483,1738.6901899999998
739.8729900000001,-271.28531,1735.2399899999998
741.43005,-270.92072,1731.1842
743.88501,-270.76135,1726.43958
746.43304,-270.60143999999997,1720.9312699999998
748.46777,-270.23602,1714.64954
750.92328,-270.39264,1707.73572
753.0697,-270.81674,1699.96667
755.6347,-270.81183,1691.58459
758.45746,-271.63248,1682.48108
761.05579,-271.82236,1672.89502
763.87152,-272.57086,1662.28149
766.43964,-273.19827000000004,1651.88025
768.76367,-273.75777999999997,1641.9271199999998
770.71613,-274.60332999999997,1633.2717300000002
772.1355,-274.91138,1626.66736
773.5498,-275.09515,1623.3143300000002
774.6307400000001,-275.00751,1621.48438
775.85504,-275.117,1620.4284699999998
776.2816799999999,-274.91165,1621.08044
776.97437,-274.3847,1624.28857
777.12244,-273.37946,1629.20129
777.1651,-272.0835,1635.49316
778.1487400000001,-270.32837,1643.17932
777.71649,-268.99902000000003,1651.5925300000001
778.69141,-267.42877000000004,1660.89124
778.57733,-265.3461,1670.58215
778.90356,-263.97821,1680.18811
779.29156,-262.03226,1689.4080800000002
779.98236,-259.67126,1698.12537
780.43042,-258.03445,1705.7524399999998
781.38422,-256.06665,1712.7319300000001
782.00366,-254.6041,1718.5145300000001
782.69257,-253.17944,1723.18103
783.70349,-251.68287999999998,1727.0202600000002
785.02563,-250.25538999999998,1730.76648
786.3092,-248.6055,1733.83643
787.12671,-247.38103999999998,1736.0963100000001
787.8457,-246.2184,1737.62878
789.25073,-244.69657999999998,1738.95959
789.7265,-243.8197,1739.22278
790.9151,-242.37251,1739.16125
792.20502,-241.18976,1738.3078600000001
793.32947,-240.31505,1736.9549600000003
794.73517,-239.13445,1734.94312
796.2874099999999,-238.63295,1732.3337399999998
797.61328,-237.39742999999999,1729.11365
798.9230299999999,-236.92039,1725.2912600000002
800.67535,-235.93382000000003,1720.10608
802.32123,-235.35242999999997,1714.9166300000002
804.1439799999999,-235.20987999999997,1708.5376
804.0059200000001,-233.81212000000002,1700.474
806.27209,-233.73762999999997,1692.8880600000002
807.97766,-233.42126000000002,1684.2313199999999
809.69104,-233.46759,1674.95105
812.11102,-234.10183999999998,1664.93311
813.72485,-234.20857,1654.35071
816.12494,-235.57338,1643.2006800000001
817.6994,-236.21141,1631.50342
819.54962,-237.41756,1619.5614
821.35156,-238.78548999999998,1607.18201
822.50385,-240.23045,1595.71301
823.6517299999999,-242.09058,1584.67334
825.17743,-244.02861000000001,1575.49316
826.11487,-246.39838999999998,1568.422
827.07251,-249.38625,1563.8773199999998
826.90607,-251.53215,1561.45215
827.12,-253.86872999999997,1561.01611
827.99835,-256.67435,1562.9613
827.0742799999999,-259.04852,1566.11743
827.1920200000001,-261.83142000000004,1571.17883
826.35718,-264.63766,1577.26746
826.17145,-267.65698,1584.54504
824.99487,-270.34262,1591.96411
823.7605599999999,-272.27036,1599.38916
822.36365,-274.61734,1607.52917
821.16431,-275.88107,1616.72998
819.07318,-277.14645,1626.64795
817.1528900000001,-277.2793,1637.87463
814.54041,-276.91327,1649.79297
811.88629,-276.25357,1662.37817
808.72833,-275.54819,1675.09985
805.2907700000001,-274.29898,1688.2164300000002
802.09369,-272.93115,1700.97644
797.8557099999999,-271.00027,1713.22595
794.00214,-269.15808,1724.4356699999998
789.92365,-267.23328,1734.74487
785.72028,-265.37946,1743.2851600000001
781.8089,-263.82712000000004,1750.4832800000001
776.6460599999999,-262.284,1756.34045
772.02124,-261.19617,1761.18433
768.83862,-260.10065,1765.9659399999998
763.76965,-258.31265,1769.72656
758.47443,-256.74396,1773.0224600000001
752.2054400000001,-254.86952000000002,1775.46216
746.95398,-253.04674,1778.5836199999999
741.38959,-251.2059,1780.44727
735.44818,-249.36217000000002,1781.31311
729.18646,-247.91679,1781.1979999999999
723.8327,-246.68336000000002,1779.8840300000002
718.31152,-245.42522000000002,1777.62183
713.96094,-244.7128,1773.9229699999999
709.77631,-244.1093,1769.5095199999998
705.60895,-243.58389,1764.47949
701.12891,-243.48357000000001,1758.4433600000002
697.60425,-243.25894,1752.22852
694.14917,-243.26913,1745.69617
690.9323099999999,-243.74318,1738.67395
688.0380200000001,-244.24561,1730.67468
685.34607,-244.88567,1722.354
683.3258099999999,-245.71727,1713.3909899999999
681.83826,-246.70198,1704.09668
680.71204,-248.26761000000002,1694.77625
679.21655,-249.90988,1684.8958699999998
678.6052900000001,-251.90221,1674.89185
678.78955,-254.84537999999998,1664.9259
678.85565,-258.04889,1654.99158
679.65015,-261.14297,1644.67627
680.93494,-264.71732000000003,1635.2789300000002
681.5364400000001,-267.97549,1625.98706
683.51373,-271.49481000000003,1617.9104
685.02197,-274.55917,1610.9519
685.98743,-277.41275,1605.0144
687.7665400000001,-279.98969,1600.62146
688.90057,-282.56955,1598.16211
690.25488,-284.46657999999996,1596.73853
691.20068,-286.00757000000004,1596.86951
691.81299,-287.58286,1598.60242
692.60162,-288.68781,1602.2590300000002
693.1994,-289.51755,1606.8574199999998
693.45367,-290.11078,1613.02136
693.21747,-291.39153999999996,1620.03284
693.21136,-291.04971,1628.78406
692.8342299999999,-291.58371,1637.7041
692.96246,-292.01996,1647.49585
692.6854900000001,-292.62753,1657.68005
692.25946,-292.77634,1667.4362800000001
693.04626,-292.86287999999996,1677.54834
693.24152,-293.05869,1687.7298600000001
693.909,-292.73682,1697.38696
693.81775,-292.42297,1706.35425
694.39642,-292.5408,1714.81348
695.0614,-292.34839,1722.8689
697.16858,-292.1687,1731.0454100000002
698.80121,-292.26648,1737.6041300000002
698.9497700000001,-291.9809,1742.24695
700.48907,-291.4581,1746.4827899999998
702.62219,-291.54446,1750.2047100000002
703.93884,-291.2692,1752.93188
705.9365799999999,-291.22144,1754.6427
708.2717299999999,-290.83286,1755.81189
710.0591400000001,-290.28348,1756.45654
711.48541,-289.57721000000004,1755.86975
713.32043,-289.00571,1755.1462399999998
715.2356599999999,-287.93256,1753.6267100000002
716.26758,-286.6228,1751.3015100000002
718.6106599999999,-285.33975,1748.0686
721.0541400000001,-284.27167000000003,1744.37708
723.00128,-283.08969,1739.47168
724.44147,-281.41696,1733.8690199999999
726.59875,-280.40808,1726.90698
729.10657,-278.05917,1719.2524399999998
731.26361,-276.37436,1710.55115
733.9157700000001,-275.00287000000003,1701.3507100000002
736.36401,-272.71692,1691.2373
739.4281,-270.77609,1680.4281
741.82526,-267.69894,1668.53198
743.8938,-265.06073,1656.1676
747.20789,-261.66876,1643.68286
748.93781,-258.21277000000003,1630.78455
750.53925,-254.6161,1618.80981
752.40948,-250.61514,1607.85938
753.54657,-246.03217999999998,1598.27148
754.09241,-241.55786,1590.69495
754.31238,-237.00015,1585.2241199999999
754.27832,-232.56961,1581.4851099999998
754.61871,-227.88141000000002,1578.72229
753.98181,-222.72413999999998,1576.38281
753.49609,-218.01157999999998,1575.37354
753.1940900000001,-212.4055,1575.90405
752.59448,-207.51033,1578.35229
751.81232,-202.37276,1582.51355
751.53131,-197.86389,1587.77441
749.46582,-192.64961,1594.2750199999998
748.6553299999999,-187.34483,1601.19629
746.7663,-182.75967,1609.36694
745.14435,-178.4487,1618.11499
743.11487,-174.13835,1627.5708
741.39935,-170.51196000000002,1637.5173300000001
738.65912,-166.70051999999998,1647.21533
735.4572099999999,-163.48615,1657.67041
732.7746599999999,-160.68138000000002,1668.00635
729.77472,-158.02351000000002,1677.79346
726.36487,-155.47101999999998,1688.04199
722.77118,-153.1636,1697.22253
719.08752,-150.9189,1706.07117
715.75391,-148.55792,1714.59473
711.6564900000001,-146.66942,1721.8066399999998
707.7005,-144.60391,1728.59436
703.6719400000001,-142.76845,1734.3772
699.43744,-140.47884,1738.74951
695.65131,-138.58105,1742.94409
690.9317,-136.76797,1746.8525399999999
686.30078,-134.77295,1750.0400399999999
681.56354,-133.15344,1752.3388699999998
677.4209599999999,-131.41255,1754.2973600000003
673.03906,-129.84402,1754.7286399999998
669.10059,-128.64021,1754.6886
665.1383099999999,-126.94767,1753.8150600000001
661.06262,-125.94201000000001,1751.8302
657.07935,-124.81265,1749.0452899999998
653.44745,-123.9854,1745.7515899999999
650.57892,-123.02698999999998,1741.50781
647.47052,-122.14521,1736.34167
644.328,-121.32853,1730.46216
641.7561599999999,-120.58836000000001,1724.328
638.9231,-119.55791,1717.2319300000001
636.40155,-118.52293,1709.9940199999999
633.6093099999999,-116.9631,1702.1181600000002
632.11578,-115.86818999999998,1694.19727
630.51727,-115.03616000000001,1686.07007
629.01349,-113.68791,1677.40051
628.2380400000001,-112.55487,1669.11572
626.99243,-111.58788,1660.39246
626.66138,-110.72617,1652.0374800000002
626.07648,-109.91633999999999,1643.82764
625.39325,-109.04688999999999,1636.55664
625.6032700000001,-108.02996999999999,1630.58826
624.4245,-107.04468,1625.90125
624.40637,-106.00742,1622.09692
623.87909,-104.91515,1620.03809
622.58514,-103.55274,1619.27734
621.12323,-101.79935,1620.20056
620.22992,-100.28781,1622.32654
618.76147,-98.95785,1625.68494
617.09381,-97.48267,1630.01575
615.50134,-95.81985,1635.16772
615.5346099999999,-94.9151,1641.55908
614.5473,-93.89981,1648.16052
611.92401,-92.58001999999999,1653.77429
610.83374,-91.45158,1661.24609
610.2468299999999,-90.07811,1669.65112
609.41327,-89.35921,1676.88782
608.64453,-88.6961,1684.45605
607.74475,-88.19204,1691.24292
607.80438,-87.74302,1698.3640100000002
607.47968,-87.4529,1704.6344
607.15302,-87.39919,1709.8604699999999
607.42462,-87.88976,1714.56543
607.53772,-88.73049,1718.36157
608.13763,-89.39159000000001,1721.6964100000002
607.98163,-90.72507,1724.15247
608.17358,-91.99046,1726.0023199999998
608.74847,-93.33176,1726.9951199999998
609.41492,-95.67079,1727.49231
609.58862,-97.58946999999999,1727.1351300000001
610.4780900000001,-99.77035,1726.24683
610.48199,-102.10283000000001,1724.2675800000002
610.86731,-105.15073000000001,1721.65662
611.21106,-107.95528,1718.09937
611.3774400000001,-111.48431000000001,1713.82373
611.7146,-114.81376000000002,1708.7026399999997
612.34442,-118.6302,1702.3855
612.1817,-122.89681999999999,1695.48108
611.82483,-127.43314,1687.52417
612.02264,-132.2941,1678.9002699999999
611.90521,-136.90025,1669.11804
610.8706099999999,-142.38683,1659.55103
610.2163099999999,-147.43298000000001,1649.82959
608.80585,-152.63422,1640.34937
607.46387,-157.43634,1632.99353
604.185,-161.97276000000002,1626.90527
601.6393400000001,-166.14987,1622.1353800000002
598.84424,-169.80775,1617.76831
595.93457,-173.7086,1614.95093
592.57397,-176.9928,1614.41565
586.93964,-179.44342,1616.54321
582.63629,-181.86624,1620.07007
577.74359,-183.8165,1625.97217
573.24963,-185.05087,1633.2644
569.21735,-187.77972,1641.40918
565.52179,-188.37157,1649.68396
561.45618,-189.69699,1658.3064
558.79034,-190.68231,1666.63733
555.6870700000001,-191.98711,1674.65845
552.74896,-193.49998,1682.24548
550.23578,-194.69516000000002,1689.3142100000002
548.26025,-195.96562,1695.86719
546.05322,-197.72586,1701.85815
543.99146,-199.47473,1707.33643
541.98499,-200.57933,1712.4089399999998
540.24377,-202.33581999999998,1716.59827
537.75549,-204.28236,1720.401
535.62567,-205.66798,1723.5498
534.02399,-207.41376,1726.35095
532.22009,-209.62929,1728.13855
530.24689,-211.34746,1729.5048800000002
528.612,-213.33441000000002,1730.3972199999998
527.30017,-215.48996,1730.3525399999999
525.53119,-217.76041,1729.7546399999999
524.51105,-220.2341,1728.43835
523.1718099999999,-221.83112000000003,1726.46313
521.93066,-224.65708999999998,1723.8110399999998
520.41418,-226.00718999999998,1720.4506800000001
519.71954,-228.53487,1716.23145
518.6369599999999,-230.29692000000003,1711.3398399999999
517.66907,-233.03672999999998,1705.9238300000002
516.79669,-235.12002999999999,1699.63562
516.36774,-237.95512000000002,1692.7603800000002
515.78735,-240.56699,1685.4978
515.1815799999999,-242.98312,1677.1893300000002
515.16742,-245.76981,1668.58875
514.91571,-248.09738,1659.24646
514.54285,-250.63057,1649.85107
514.17401,-253.09232999999998,1640.33081
514.6856700000001,-254.94032,1630.64783
513.99487,-257.35104,1622.12854
514.05341,-259.03348,1615.4211400000002
514.0999099999999,-261.06464,1611.5960699999998
513.79407,-262.66196,1609.44141
514.26074,-264.30515,1608.60645
514.47009,-266.28662,1609.4442099999999
514.58026,-267.75385,1612.46118
514.83636,-269.56036,1617.57141
515.54553,-270.97652999999997,1624.60522
515.7590299999999,-272.59747000000004,1632.18201
517.16711,-274.54755,1641.57959
517.39563,-276.61707,1650.9497099999999
518.42773,-278.77872,1660.92249
519.2963900000001,-281.30557000000005,1670.64355
519.92822,-283.45251,1679.8341100000002
520.43365,-286.3378,1688.83142
520.9205900000001,-288.92542000000003,1696.51685
521.31708,-291.5321,1703.92834
521.88232,-294.43457,1710.1643100000001
522.15436,-296.81982,1715.7559800000001
522.9605700000001,-299.61963,1720.3695100000002
522.8208599999999,-302.06622000000004,1724.64807
522.90216,-304.95441,1728.1735800000001
523.68146,-307.45639,1731.0054899999998
524.0043900000001,-310.26052999999996,1733.4046600000001
523.6256099999999,-312.18484,1734.9422600000003
524.18323,-315.3147,1736.13318
524.12329,-317.17407000000003,1736.3076199999998
524.33051,-319.89267,1735.8938
524.3212900000001,-322.14288,1734.8879399999998
524.4934099999999,-324.5997,1733.1431899999998
524.64685,-326.79073999999997,1730.98145
524.6718099999999,-329.10739,1727.4080800000002
525.23816,-331.3739,1724.0824
525.27484,-333.55811,1719.57434
525.61865,-335.70361,1714.6615
525.85358,-337.5369,1708.86829
526.15198,-339.47083,1702.3689
526.12738,-341.28,1695.58215
525.87958,-342.84055,1687.49548
525.92633,-344.65463,1679.16711
526.5604900000001,-346.25009,1670.23853
526.66437,-347.80472000000003,1660.3601099999998
526.9116799999999,-349.45395,1650.09363
526.84882,-350.55084,1639.23438
527.4281,-351.89575,1628.20679
527.92389,-352.75408999999996,1617.32312
527.62781,-353.38248,1607.07251
528.55377,-354.29855,1599.11255
528.02936,-354.95703,1592.94434
527.45148,-355.88422,1589.56653
527.91797,-356.46005,1587.54712
528.7218,-357.29135,1587.6604
529.33728,-357.67834,1589.82556
530.0647,-358.19019,1593.69055
530.56061,-358.33511,1598.68726
531.3242799999999,-358.57306,1604.5658
531.97198,-358.67972000000003,1611.77795
533.2590299999999,-359.06369,1619.80322
534.47241,-359.56818,1628.35083
535.03772,-359.25133999999997,1636.9039300000002
535.7132,-359.84985,1646.00256
536.60107,-360.17615,1654.6358599999999
537.30127,-360.6958,1662.6355
537.302,-360.88397000000003,1669.96582
537.65729,-360.79398,1675.37878
537.7181400000001,-360.79501,1679.97998
538.0009200000001,-361.03412000000003,1683.48071
538.073,-361.11731000000003,1686.29297
538.01508,-361.41213999999997,1688.42542
538.17682,-361.3941,1689.8171399999999
538.50433,-361.6969,1691.1431899999998
538.646,-362.10745,1691.6825
538.80243,-362.1907,1691.7524399999998
539.3646200000001,-362.49985,1691.4108899999999
539.4370700000001,-362.76833999999997,1690.36938
539.74707,-362.87521,1688.86279
539.84015,-362.83835,1686.46924
539.82056,-362.76678,1683.2313199999999
539.89661,-362.85294,1679.3153100000002
539.9404900000001,-362.76596,1674.34314
539.91119,-362.69818,1668.99084
539.5769,-362.71225,1662.67371
538.9093,-362.41602,1655.24011
539.39618,-362.30612,1647.5061
538.81079,-362.04332999999997,1639.5979
538.8756099999999,-362.24994,1631.33032
538.5537099999999,-362.20779,1623.9937699999998
538.62219,-362.07736,1616.1925
538.6518599999999,-361.83633,1609.6593
538.1198099999999,-361.27797999999996,1603.93433
537.74176,-360.89777000000004,1599.60474
536.4165,-360.58734,1595.97693
536.4530599999999,-359.88947,1594.2157
535.96429,-359.67969,1593.41504
536.3931299999999,-359.2229,1595.30994
535.58374,-358.82104,1599.15161
534.7887,-358.5657,1604.45947
535.31812,-358.42499,1611.2006800000001
535.53076,-358.39617999999996,1619.24304
535.66931,-358.74109,1627.89941
534.95422,-358.90619,1636.99927
535.86499,-359.04495,1646.08252
535.73267,-359.54883,1654.4592300000002
535.5371700000001,-359.78087999999997,1661.62207
535.28406,-360.24643,1668.44666
534.72687,-360.48053,1673.78638
534.47821,-360.66898,1678.03992
534.51801,-360.67908,1681.56665
533.65936,-360.85706,1684.1577100000002
533.82349,-361.30008,1686.44727
533.70325,-361.51867999999996,1687.9116199999999
533.67157,-362.03308,1689.4985399999998
533.26459,-362.43677,1690.16394
532.98474,-362.80753,1690.19409
533.2605,-364.009,1689.7523199999998
533.2287,-364.57578,1688.28113
532.87708,-364.95947,1686.2511
532.2581799999999,-365.38229,1683.3114
531.70984,-365.79761,1679.2547600000003
531.8349599999999,-366.29254,1674.74426
531.32672,-366.56369,1669.07959
530.4381099999999,-366.62997,1663.27148
529.815,-367.23575,1656.04785
528.72723,-367.38657,1648.13879
528.01666,-367.65936,1639.85034
527.3855,-367.93802,1630.94104
526.8031599999999,-368.29984,1622.44568
526.30945,-368.18408,1613.83484
525.55804,-368.18915,1606.42102
526.1460599999999,-368.73734,1601.1453900000001
525.52948,-369.02365,1598.3546099999999
525.85718,-369.24518,1596.7677
526.00739,-369.72235,1597.1699199999998
525.73157,-369.69417999999996,1598.55786
526.20953,-370.01166,1601.16724
526.72681,-370.14687999999995,1605.4451900000001
527.4078400000001,-370.36792,1610.96484
528.50958,-370.4606,1616.85107
528.9408599999999,-370.8129,1623.64026
529.5387599999999,-370.9942,1629.9548300000001
530.16412,-371.42822,1635.96167
531.22131,-372.28171000000003,1640.98047
530.67548,-372.88141,1644.95813
530.86652,-373.66751,1647.4188199999999
531.24017,-374.61069,1648.19617
530.73108,-375.44379,1648.15356
530.47589,-376.19989,1647.15686
531.46375,-377.09921,1645.80554
531.85712,-378.00003,1644.3241
532.159,-379.11728,1642.28699
531.52197,-380.00928,1639.75171
531.2948,-380.59424,1637.3624300000001
531.69745,-381.84348,1634.19727
531.59308,-382.70459,1630.33569
531.33655,-383.56696,1626.41467
530.68921,-384.63412,1621.73035
530.2074,-385.25385,1616.75256
529.23035,-385.95425,1611.50879
528.4541,-386.7002,1606.46118
527.98914,-387.36438,1601.74487
527.41016,-387.57198999999997,1598.3023699999999
527.48297,-387.88931,1596.39575
527.34625,-388.25491,1597.1004599999999
527.60699,-388.63498,1599.59204
528.0097,-388.30734,1602.63489
527.84869,-388.0607,1606.78467
527.98865,-387.50534,1612.2199699999999
528.23041,-387.07465,1618.51599
528.6757200000001,-386.77365,1625.4166300000002
529.34338,-386.47778,1632.37659
529.79102,-386.18964,1639.7655
530.19098,-386.17337000000003,1646.9271199999998
530.30719,-386.10373,1653.49304
530.4444,-386.42584,1659.2824699999999
529.94257,-386.75027,1663.94397
530.12378,-386.91832999999997,1667.74341
530.00421,-387.21246,1670.43811
529.87451,-387.56323,1672.32007
529.09521,-388.28027000000003,1673.8273900000002
528.9060099999999,-388.57529,1674.4442099999999
529.2828400000001,-389.34753,1675.0033
528.8226900000001,-389.99362,1674.5960699999998
528.39282,-390.64513999999997,1673.8184800000001
527.8429,-391.57898,1672.69495
527.01428,-392.60455,1670.97034
526.45844,-393.60402999999997,1668.33533
526.34735,-394.26346,1664.70154
525.09045,-395.26412999999997,1660.62036
523.91022,-395.82889,1655.7667199999999
522.71082,-396.1572,1649.99036
521.49847,-397.25754,1643.50281
519.8606599999999,-397.72812000000005,1636.0502900000001
517.91327,-397.86655,1628.28955
516.51007,-397.81534,1619.64124
514.27405,-397.52722,1611.0217300000002
512.93048,-397.61734,1603.19092
511.18692000000004,-397.30957,1595.9483599999999
509.57291,-396.81366,1591.28162
508.61425999999994,-396.71216,1589.50476
507.62885,-396.34216000000004,1589.4834
507.25439000000006,-396.11044,1590.1851800000002
506.11432,-395.86075,1592.06665
506.04105,-394.90173,1595.90198
505.99414,-394.52237,1600.98279
506.38043,-394.13989,1607.1273199999998
507.20212000000004,-393.95178,1614.05396
507.36115,-393.6925,1621.34546
507.91345,-393.63977,1629.11035
508.64755,-393.43805,1636.2374300000001
509.22974000000005,-393.5882,1644.11536
508.95273,-393.67972000000003,1650.50403
509.56917999999996,-393.64763999999997,1656.59937
509.50323,-393.47787,1661.79236
509.51207999999997,-393.62122,1665.89868
509.93842,-393.98843,1668.95703
509.97797,-393.99106,1671.21411
509.71117999999996,-394.42888999999997,1673.0275900000001
509.3284,-395.02106000000003,1673.8845199999998
509.71902,-395.28815,1674.37915
509.94064000000003,-395.89374,1673.9592300000002
509.6839,-396.21047999999996,1673.58093
509.79218,-396.56595,1672.63391
509.6467,-397.13437000000005,1670.8313
509.15630999999996,-397.43549,1668.41455
509.24573,-398.2952,1665.7843
509.34157999999996,-398.60651,1662.08093
508.8649,-399.45883,1657.93713
509.10165,-400.33261,1652.9129599999999
509.23787999999996,-400.92703,1647.2097199999998
508.49338,-401.48306,1640.76428
507.40955,-402.18582000000004,1633.39758
506.8136,-402.46851000000004,1625.72717
506.14038,-402.85266,1617.4039300000002
505.10245,-403.44833,1609.1488
504.00128,-404.03387000000004,1601.71094
503.36307,-404.4285,1595.41187
502.4577,-405.06287000000003,1591.49487
501.92978,-405.66275,1590.40845
501.15615999999994,-406.0712,1591.14319
500.66475999999994,-406.42865,1592.6934800000001
500.25009000000006,-406.49698,1595.66052
499.76849000000004,-406.60284,1600.7313199999999
500.25885,-406.66129,1607.61365
499.88852,-406.15622,1615.82556
499.34659000000005,-405.67059,1625.49475
499.48758,-405.30646,1636.15515
498.702,-404.29181,1647.30249
499.19989000000004,-403.94388,1658.12305
498.77808,-403.07339,1669.08789
498.66397,-402.06476000000004,1679.33313
498.5069,-400.82657,1689.27002
498.4418,-400.21164,1697.7766100000001
498.1283,-398.84161,1705.40112
497.38644000000005,-397.50345,1711.96106
496.96127,-397.02103,1717.7814899999998
495.95212000000004,-395.63828,1722.69397
494.94904,-394.3566,1727.40405
495.05707,-393.04684,1731.51501
494.5878,-391.99191,1734.5494399999998
493.36688,-390.62729,1737.38782
494.0015,-389.30304,1739.47949
493.5643,-388.53769,1741.04919
492.75625999999994,-387.68158,1742.01794
492.61395,-386.60516,1742.02563
492.61517000000003,-385.9924,1741.5094
492.48328,-385.37912,1740.35547
492.90722999999997,-384.21469,1738.3486300000002
492.44277999999997,-383.61492999999996,1735.50513
492.07138,-383.33496,1732.0867899999998
492.00847999999996,-383.33887000000004,1727.7985800000001
492.65002000000004,-383.03265,1723.0592
492.33401,-383.21752999999995,1717.4670399999998
492.49442,-383.39575,1711.1481899999999
492.13855,-383.96286000000003,1704.0515100000002
492.20737,-384.5011,1696.36658
491.53033,-384.9389,1687.93762
491.15542999999997,-385.68594,1679.05493
490.03461,-386.86868,1669.2667199999999
489.92194000000006,-387.68887,1658.6544199999998
489.54360999999994,-388.90726,1647.50269
488.69308,-389.70361,1636.5476099999998
487.69409,-390.1557,1626.99622
487.11197000000004,-390.46689,1619.34106
486.29427999999996,-390.49982,1612.23975
485.01468,-390.11679,1605.49658
484.33984000000004,-389.21799,1601.58655
483.24935999999997,-388.25287000000003,1599.86169
482.82959000000005,-387.47964,1598.2241199999999
481.52759000000003,-385.50766,1597.86658
481.62003,-383.82077000000004,1599.53857
480.94702,-381.91427999999996,1603.04175
481.19525,-379.52597000000003,1607.96484
481.95581,-377.18661000000003,1614.2926
483.38504000000006,-374.51552999999996,1621.74597
484.85898,-372.40219,1629.63379
485.76552999999996,-369.73474,1638.40918
487.6467,-367.04614,1647.57422
488.88382,-365.19382,1656.65942
491.41402999999997,-363.75372000000004,1664.6694300000001
493.51510999999994,-362.08797999999996,1672.38062
495.7662,-360.98804,1678.88477
497.6091,-360.28629,1684.5255100000002
499.98395,-359.94876,1689.36682
502.45779000000005,-359.89896,1693.2512199999999
504.88242,-359.93967000000004,1696.14087
507.659,-360.2713,1699.26624
510.56296,-360.58648999999997,1701.75769
512.9567900000001,-360.73395,1704.43958
515.7185099999999,-361.25467000000003,1706.27771
517.5777,-361.61742999999996,1707.78687
520.40222,-362.2236,1708.7742899999998
523.05078,-362.72693,1708.60095
525.11011,-363.81335,1707.7515899999999
527.28204,-364.86602999999997,1705.5705600000001
529.54755,-366.14511,1702.7512199999999
533.19714,-367.58051,1698.3139600000002
534.09839,-369.52218999999997,1693.4971899999998
535.5523099999999,-370.88022,1688.0567600000002
536.1429400000001,-372.54535,1681.3455800000002
537.25311,-374.05273,1673.99365
543.04858,-376.69244,1664.22864
544.97644,-378.4747,1654.5387
546.5943,-380.34622,1644.63879
548.34381,-382.56369,1634.05554
549.53333,-384.64804,1623.18787
550.90552,-386.17166000000003,1612.00256
552.7428,-388.06557999999995,1600.8803699999999
553.36133,-389.04398,1590.5199
555.15875,-390.02411,1581.20715
556.82385,-390.79086,1574.55505
557.27344,-390.95923,1569.07825
558.57343,-391.4566,1565.42468
559.6030900000001,-391.07336000000004,1563.62659
560.51501,-390.65097000000003,1563.5451699999999
561.26788,-389.75827000000004,1565.14551
562.42529,-389.04263,1569.4021
563.4043,-387.73724,1575.17639
564.2653799999999,-386.3743,1582.01331
565.54474,-384.82666,1590.47339
566.8786,-383.50167999999996,1598.99121
567.6662,-381.79034,1608.1965300000002
568.71912,-380.22522000000004,1617.97571
569.59198,-378.47713999999996,1627.12097
571.19397,-377.25705,1636.16675
572.5812400000001,-375.89883,1644.34338
574.30804,-374.98715,1652.6580800000002
575.9320700000001,-373.99844,1659.9469
577.6275,-373.12976000000003,1666.86072
578.85205,-372.24182,1673.21094
580.1558200000001,-371.41125,1679.2255899999998
581.7615400000001,-370.95984,1684.48108
582.5672,-370.51047,1688.93091
583.72162,-370.17804,1692.9583699999998
584.79218,-369.81113,1696.0369899999998
586.12769,-369.86026,1697.98877
587.3045,-369.73712,1699.8026100000002
588.4325,-369.52194,1700.297
590.15094,-370.00784,1700.23499
590.633,-370.18807999999996,1699.3435100000002
591.70532,-370.58319,1697.4478800000002
593.88464,-370.76434,1694.83179
594.63904,-371.29361,1691.4504399999998
595.2603799999999,-371.61392,1687.51123
596.20685,-372.1145,1683.03552
597.75427,-372.53949,1677.50757
597.95801,-372.72042999999996,1671.50464
599.08929,-373.36826,1664.47668
599.0083599999999,-373.68854,1657.11621
600.1487400000001,-374.2359,1648.49902
599.9195599999999,-374.72037,1639.2708699999998
600.33301,-374.95172,1629.78931
601.06775,-375.63684,1619.2368199999999
601.1517299999999,-375.74609,1608.59021
601.38232,-375.89929,1598.5402800000002
601.97186,-375.59573,1589.39319
601.87634,-375.51385,1582.40784
601.69421,-375.11813,1579.15698
601.07013,-375.02261,1578.22754
601.69458,-374.88892000000004,1579.30603
601.651,-375.06705,1581.42212
601.6001,-374.81952,1584.82532
601.72565,-374.67194,1590.16589
602.0238,-374.50845,1596.6532
601.46454,-374.16107,1603.48303
601.5971099999999,-373.75436,1610.68286
601.56531,-373.43118,1618.85876
601.59503,-373.17746,1626.42395
602.3562,-372.78802,1633.94861
601.85303,-372.31049,1641.24756
601.43604,-372.29348999999996,1647.8407
601.62396,-372.29352,1653.9561800000001
601.67065,-371.94723999999997,1659.2522
601.65088,-371.96747,1663.45911
601.867,-371.72902999999997,1666.8538800000001
601.7719099999999,-371.9389,1669.8264199999999
602.10492,-371.67249,1671.74683
602.38477,-371.73278999999997,1673.09363
602.55725,-371.51923,1673.8065199999999
602.63098,-371.38443,1673.9624
603.336,-371.15994,1673.47314
603.53607,-370.76819,1672.54553
603.54724,-370.79785,1671.50977
603.45007,-370.63687000000004,1669.60913
603.9536099999999,-370.42191,1667.3103
604.02423,-370.19391,1664.1178
603.7778900000001,-370.29532,1660.16968
604.1447099999999,-370.12134,1655.0673800000002
604.02917,-369.95743,1649.69556
604.4237099999999,-370.21393,1643.65479
604.05615,-369.86612,1636.99963
604.28552,-369.35934,1630.85229
604.50354,-369.31265,1625.19434
604.3703,-369.08545,1621.71912
604.57098,-368.7749,1620.81543
604.8996599999999,-368.35315,1621.43848
604.6886599999999,-368.1572,1622.44458
604.3192700000001,-367.58926,1624.4563
604.11493,-366.88522,1627.6770000000001
604.03516,-366.15826,1631.04419
603.67719,-365.24429,1635.66235
603.90497,-364.54321,1640.84729
604.35864,-364.35355,1645.73438
604.6803,-363.85607999999996,1650.76282
604.8811599999999,-363.78668,1655.77991
604.46985,-363.83945,1660.40234
604.25348,-364.18314,1664.6449
604.2398099999999,-364.10522000000003,1667.77185
603.48865,-363.97042999999996,1669.90247
602.31958,-364.14929,1671.29041
601.88123,-364.30481000000003,1671.44824
601.49139,-364.62979,1671.01575
600.7943700000001,-365.1926,1669.60303
599.77283,-365.82495,1667.61328
599.3013900000001,-366.28204,1664.9067400000001
598.6854900000001,-366.59567000000004,1661.82068
597.5874,-367.60742,1658.19751
596.6202400000001,-367.96332,1653.84595
595.8175,-369.3028,1649.42004
594.8491799999999,-369.95145,1643.9243199999999
593.73096,-371.17365,1638.2959
592.72729,-371.62964,1631.47656
591.08636,-372.39703,1624.39197
589.72473,-373.34778,1616.72766
588.05762,-373.98312000000004,1608.2821
586.81561,-374.11773999999997,1600.66687
584.96155,-374.50128,1593.0208699999998
583.7330900000001,-374.88622999999995,1586.65125
582.43213,-374.89517,1582.42102
581.2808200000001,-375.11267000000004,1580.58447
580.28857,-375.97017999999997,1580.64221
579.94092,-376.18915,1581.70154
580.2066,-376.39395,1584.48352
580.02118,-376.86368,1589.1615
580.25568,-377.4559,1594.30981
580.62714,-378.13162,1601.79919
581.31665,-378.70477,1610.0321
581.677,-379.45987,1618.45447
581.78949,-380.2869,1627.52832
583.0636599999999,-381.40097000000003,1636.7224099999999
583.11652,-382.22815,1645.1680900000001
584.25757,-383.38959,1652.9479999999999
584.1472200000001,-384.24782999999996,1659.8913599999998
584.98132,-385.58325,1666.11853
585.2619599999999,-386.43908999999996,1671.20703
585.7583,-388.22565,1675.58875
585.73969,-389.01312,1678.66296
586.2804,-390.36264,1681.3234899999998
586.24274,-391.58981,1683.42834
586.72235,-392.9313,1684.6436800000001
586.61859,-393.66049,1685.58093
587.3539400000001,-394.90848,1685.58325
587.71802,-396.13434,1685.5177
587.4939,-397.09817999999996,1684.75012
587.41132,-398.46039,1683.89807
588.5672,-399.51937999999996,1682.2513399999998
588.90521,-400.71972999999997,1680.3067600000002
588.86707,-401.67458999999997,1677.5459
588.29529,-402.64722,1673.7854
588.9892,-404.21411,1669.36389
589.04156,-405.0585,1664.56165
588.73578,-406.21606,1658.50745
588.9594099999999,-407.78328999999997,1651.56824
588.48865,-409.16797,1644.11511
588.52704,-410.99323,1635.58325
588.77283,-413.01706,1626.60645
589.14594,-415.12039,1618.09033
588.51202,-417.64822000000004,1609.74194
588.64227,-420.11905,1601.57129
588.77765,-423.32523,1594.37854
588.48712,-426.25272,1587.4111300000002
589.22369,-429.60394,1581.92004
588.9104,-432.98102,1577.08643
589.6731,-436.46097000000003,1573.79102
589.7404799999999,-439.90283,1571.78284
590.08215,-443.25027,1570.78381
590.5882,-446.29868,1571.58972
592.164,-449.40759,1573.99158
592.39227,-453.70025999999996,1577.23413
592.8481400000001,-457.49387,1581.82556
594.94537,-461.42440999999997,1587.37842
596.17853,-465.17047,1594.22131
598.0324099999999,-468.81592,1601.36853
599.7737400000001,-472.3237,1609.42969
601.9592299999999,-474.91187,1617.7229
603.43579,-477.79690999999997,1626.25854
606.0143400000001,-479.50977,1635.36304
607.48956,-481.26312,1644.64038
609.96271,-482.60419,1653.87
611.80017,-483.56631,1662.8226300000001
614.0288099999999,-484.22742,1672.07214
615.63977,-484.366,1680.8612100000003
618.38257,-484.92822,1689.60938
620.0069599999999,-484.94232,1697.84583
622.52155,-484.79456,1705.4819300000001
624.89813,-484.59625,1712.5288100000002
626.98907,-484.3403,1718.77039
629.3638900000001,-483.9743,1723.5137899999997
632.07831,-483.28607,1727.4588600000002
634.03583,-482.88165,1730.67175
636.86633,-482.3396,1732.86169
639.3851900000001,-482.18057000000005,1734.9945100000002
642.07617,-481.93433,1736.6430699999999
644.47595,-481.6666,1737.2637899999997
647.2869900000001,-480.79062000000005,1737.8042
649.6827400000001,-480.30215,1737.4327399999997
651.98547,-479.64664000000005,1736.30835
654.14032,-478.57858,1734.2639199999999
655.95392,-477.40738,1731.49255
657.2307099999999,-476.30182,1728.12598
657.99438,-474.89975,1723.6051
658.6510599999999,-473.5639,1718.88843
659.84222,-472.74920999999995,1713.43542
661.37537,-471.33954000000006,1707.2559800000001
661.65619,-470.14175,1699.85449
661.83344,-468.61987,1692.02405
662.57983,-467.77117999999996,1683.35999
663.11511,-466.40435999999994,1674.05408
663.05267,-464.99672999999996,1663.97571
663.2611099999999,-464.21735,1653.5521199999998
662.55542,-462.89624000000003,1643.12476
662.50372,-462.159,1631.60754
662.03912,-460.53601,1620.21399
661.67444,-460.12075999999996,1609.13135
661.72528,-459.6716,1598.62854
661.2724,-459.2442,1588.7377900000001
661.4988400000001,-458.35101,1580.3826900000001
661.7167400000001,-457.81775,1573.66467
662.14008,-457.31640999999996,1568.8187300000002
662.15839,-456.52727999999996,1565.599
662.82593,-456.35739,1564.0282
663.03778,-456.06592,1563.96655
664.17511,-455.19287,1565.4963400000001
664.3745700000001,-453.93347,1569.01929
664.3526,-452.78323,1573.67542
664.83612,-451.19915999999995,1579.89355
665.19843,-449.54132000000004,1586.66479
665.2907700000001,-447.73618,1594.49133
666.3220200000001,-446.3389,1602.51843
666.44006,-445.12393,1611.23303
666.98212,-443.45690999999994,1619.84851
668.0376,-442.59317000000004,1628.90784
668.7869900000001,-441.13217000000003,1637.40527
669.80792,-440.37814000000003,1645.75269
670.26337,-439.23404000000005,1653.5675
670.6530799999999,-437.96179000000006,1661.16064
671.60748,-436.64645,1667.99866
672.3262900000001,-435.58563,1674.09546
673.19537,-434.91351,1679.71558
673.2810099999999,-433.68384000000003,1684.57886
673.95203,-432.84244,1688.8380100000002
674.7926,-431.78458,1691.96143
674.77295,-430.82748,1694.49988
674.7403,-429.89169000000004,1696.01221
675.4399400000001,-428.97958,1696.6156
676.17676,-428.33635999999996,1696.2268100000001
676.77332,-427.16585999999995,1694.9130899999998
676.65906,-426.14455999999996,1692.54712
677.64618,-425.43377999999996,1689.7938199999999
678.12982,-424.78638,1686.0687300000002
678.80109,-424.02450999999996,1681.77747
679.5318599999999,-423.45980999999995,1677.3809800000001
681.17169,-422.49905,1671.73071
681.8362400000001,-421.70895,1665.8868400000001
682.07483,-421.00845,1658.9000199999998
682.00604,-420.26870999999994,1651.1086400000002
682.7782599999999,-418.60211,1643.19641
683.15851,-417.61789,1633.66016
683.46106,-416.8132,1623.5678699999999
683.64307,-415.46008,1613.86621
684.0658599999999,-414.30444,1604.2636699999998
685.18292,-413.37744,1596.5062300000002
686.57422,-412.02069,1591.40417
687.48987,-411.41956,1588.43689
688.4305400000001,-409.59015,1586.41077
689.11084,-408.29691,1585.09631
690.31628,-407.09854,1585.18958
692.05035,-406.1698,1587.9868199999999
693.15735,-405.4108,1592.53906
694.66669,-404.84949,1598.77515
695.53528,-404.58597000000003,1605.8446
696.41711,-403.96069,1614.49524
697.57574,-403.93042,1623.49219
698.02856,-403.86444,1632.89893
699.01642,-404.08405,1642.4812
699.2916299999999,-404.27924,1651.90051
700.2062400000001,-404.57193,1661.16687
700.77435,-405.54395,1670.04944
700.92834,-406.64333999999997,1678.19312
701.04877,-407.55133,1686.0953399999999
701.6843299999999,-408.7959,1692.6887199999999
701.4450099999999,-409.67212,1699.02393
702.63495,-410.85617,1704.24634
702.0812400000001,-411.89081,1708.7403600000002
703.48816,-412.98141,1712.3220199999998
703.0756200000001,-413.86301000000003,1715.3735399999998
704.24615,-415.16827,1717.9303
703.50861,-416.62375,1719.48938
704.7254,-417.80707,1720.54822
705.41327,-419.13312,1720.896
705.37695,-420.15414000000004,1720.7019
706.1723599999999,-421.41599,1719.55908
706.24921,-422.79332999999997,1717.59265
706.93701,-423.91397,1714.8963600000002
707.12531,-424.92742999999996,1711.3613300000002
707.46613,-425.79697000000004,1707.59668
708.55719,-426.7431,1702.52209
708.30017,-427.73235999999997,1697.1309800000001
708.70612,-428.68472,1691.0222199999998
708.97565,-429.82904,1684.68958
709.4494599999999,-430.99535999999995,1676.4764400000001
709.27722,-431.64606,1668.66174
709.2832,-432.31137,1659.7675800000002
709.9259,-433.11242999999996,1650.21008
709.4150400000001,-433.603,1639.73071
709.40662,-434.37415,1629.80017
709.78937,-434.85098,1619.6458699999998
710.58978,-435.18057000000005,1611.09631
710.25482,-435.01697,1603.39636
709.9032,-434.99957,1597.17651
710.28235,-435.43810999999994,1593.48376
711.10046,-435.82309000000004,1590.64282
711.8389900000001,-436.17694000000006,1588.6508800000001
712.43256,-436.44595,1588.99976
713.36646,-436.89055999999994,1591.1851800000002
714.61633,-437.20667000000003,1595.4675300000001
715.37006,-437.41483,1600.62073
715.63763,-437.63361,1607.69812
716.70953,-437.82205,1615.1134
717.36298,-438.11298,1624.2360800000001
717.71661,-438.23492000000005,1633.60217
718.0786099999999,-438.24712999999997,1642.7680699999999
717.63104,-438.43008,1651.8853800000002
717.23163,-438.62212999999997,1660.7086199999999
716.53552,-438.65935999999994,1669.2618400000001
715.66113,-439.26477,1676.18604
714.5814799999999,-439.30026,1682.5838600000002
713.7002,-439.76089,1687.20032
713.05426,-440.07578,1691.25769
712.44275,-440.64840999999996,1693.83447
711.75165,-440.9834,1696.18713
710.98193,-441.68829000000005,1697.4710699999998
709.9746700000001,-442.06772,1698.43958
709.2633099999999,-442.74252,1698.5407699999998
708.44714,-443.41919,1698.39648
707.89783,-444.17599,1697.4630100000002
707.40259,-444.79324,1695.81177
706.7412099999999,-445.35712,1693.7828399999999
706.60742,-446.0509,1690.91907
705.40088,-446.6954,1687.78137
704.6701,-447.03427,1683.8574199999998
703.9436599999999,-447.44284000000005,1679.16418
702.40295,-447.6727,1673.901
701.26135,-448.15842000000004,1668.0896
700.10095,-448.28455,1661.22571
699.55927,-448.47067000000004,1653.98438
698.50012,-448.56638,1645.89819
697.69257,-448.77539,1637.32214
696.92767,-448.79953,1628.49963
695.53351,-448.53090999999995,1619.74487
694.99451,-448.38541,1611.47974
694.09656,-448.18451,1603.86938
693.76788,-447.99899000000005,1598.6803
692.69482,-448.22542999999996,1595.4252900000001
691.62964,-448.25568,1593.9362800000001
691.2031900000001,-448.56255999999996,1594.0942400000001
690.5676900000001,-448.61078,1595.30542
690.36761,-448.93948,1598.6711400000002
690.43884,-449.13678,1603.6273199999998
690.84625,-449.01419000000004,1609.44727
690.73175,-448.94843,1616.12976
690.4732700000001,-448.98965,1623.5252699999999
690.6986099999999,-448.78750999999994,1631.2078900000001
690.4628299999999,-448.74149000000006,1639.01685
690.7388900000001,-448.97845,1647.4021
690.42828,-448.82629000000003,1655.35889
690.56152,-449.1012,1662.99731
690.25287,-449.12271,1669.97693
690.04156,-449.43268,1676.7622099999999
690.19672,-449.80084000000005,1682.55945
690.07568,-449.87405,1687.5222199999998
689.86469,-449.86565999999993,1691.50415
689.32367,-450.54004000000003,1694.83655
689.54517,-450.56406,1697.2625699999999
689.2167400000001,-450.57532000000003,1699.07068
688.9841299999999,-450.41168,1700.2511
688.94116,-450.89367999999996,1701.08203
688.8443599999999,-450.89124000000004,1701.1588100000001
688.58057,-450.79540999999995,1700.4987800000001
688.87726,-450.72391,1699.5454100000002
689.05164,-450.66745,1697.5023199999998
688.79877,-450.67132999999995,1694.83508
688.92578,-450.8764,1691.38416
688.65094,-450.74158,1687.35913
688.53937,-450.70499,1682.10095
688.63,-450.44962000000004,1675.91199
688.78192,-450.34747000000004,1669.20276
688.76764,-449.98807,1661.79053
688.5459599999999,-449.9953,1653.59509
688.8317900000001,-449.70352,1644.9891400000001
688.06183,-449.28064000000006,1635.9696
687.3413099999999,-448.61154000000005,1626.6729699999999
687.2643400000001,-448.27817000000005,1618.09106
687.22302,-447.55440999999996,1609.8161599999999
687.0441900000001,-446.65770999999995,1602.82129
687.73438,-446.25885,1598.36169
689.00732,-446.53986,1595.80737
689.40295,-446.24039000000005,1594.41797
690.01337,-446.39398,1593.7312
690.58313,-446.13605,1595.32654
692.82172,-446.5415,1598.75098
693.63281,-446.91629000000006,1603.85901
694.75732,-447.47125,1610.14636
695.84241,-447.70617999999996,1617.93286
696.08417,-448.07895,1625.98523
696.89044,-448.47485,1634.5741
697.3933099999999,-448.95302999999996,1642.89063
697.27136,-448.72763,1651.0907
696.87115,-448.9119,1658.83093
696.6381200000001,-448.88004000000006,1665.38489
696.38031,-448.75005999999996,1671.0324699999999
696.18042,-448.87274,1675.87805
695.72479,-449.12701,1679.94678
695.3281900000001,-449.47711,1683.30432
695.41309,-449.94333,1685.98523
694.6628400000001,-450.03189000000003,1687.84729
694.30255,-450.39627,1688.5996100000002
693.83502,-450.55383,1689.56921
693.33765,-451.18747,1689.0672600000003
693.11133,-450.95435,1688.3728
692.24158,-451.34952000000004,1686.80823
691.71582,-451.40765,1684.4937699999998
691.31763,-451.67075,1681.68347
690.73242,-451.97232,1677.9788800000001
690.29852,-452.02524000000005,1673.92603
689.22455,-452.01140999999996,1668.8667
688.90625,-452.06992,1663.76709
688.4185200000001,-451.80771,1657.6495400000001
686.8917799999999,-451.73251,1650.63416
686.59955,-451.88302999999996,1643.28137
685.99371,-451.76614000000006,1635.08447
685.41107,-451.5224,1626.38831
684.5412,-451.0134,1616.97791
683.8512599999999,-450.70969,1607.6838400000001
683.742,-450.42294000000004,1598.64929
683.48956,-450.09682999999995,1590.83276
683.34015,-449.75034000000005,1584.46265
682.88867,-450.00615999999997,1580.03992
682.2615400000001,-450.03222999999997,1577.56946
682.28827,-450.47214,1576.43054
682.13983,-450.79907000000003,1577.0127
682.46777,-450.93222000000003,1579.47839
681.97186,-451.13464000000005,1583.96362
682.09485,-451.54657000000003,1589.45178
682.1272,-451.59442,1597.1141400000001
681.59198,-452.15463,1605.2467
681.5591400000001,-452.79489,1614.46875
680.9536099999999,-452.69382,1624.1525900000001
680.7183200000001,-452.76102000000003,1633.57825
680.43762,-453.28961,1643.4812
679.7504299999999,-453.49149000000006,1652.71313
678.7049,-453.3287,1661.27307
677.61731,-453.58099000000004,1669.4939
676.5808099999999,-453.93557999999996,1676.59485
675.7193,-454.07867000000005,1682.7005600000002
675.08417,-454.18032999999997,1687.89832
673.70355,-454.08050999999995,1692.13208
672.36761,-453.9827,1696.22937
670.56958,-454.02533,1699.37854
669.23938,-453.54123,1701.78918
667.51282,-453.40659000000005,1703.5693399999998
667.36963,-452.02737,1704.8071300000001
663.42896,-452.2345,1705.16467
661.3443599999999,-451.52120999999994,1704.9007600000002
660.28302,-450.07584,1704.0684800000001
660.19763,-448.81833,1701.83606
657.80164,-447.75872999999996,1699.67578
655.9483,-446.83041,1696.59082
654.60919,-445.58392000000003,1692.56055
652.7103900000001,-444.97240999999997,1688.15637
650.33032,-443.97171,1682.83508
650.43152,-442.3913,1676.1499
648.86676,-441.15283,1668.98657
646.4812599999999,-439.98940999999996,1661.59045
645.1546,-438.33575,1652.80359
644.49158,-436.54596,1643.6965300000002
642.27197,-435.36533,1634.82532
642.6544200000001,-434.05414,1624.6322
641.20734,-432.70963,1615.5072
639.94971,-431.61002,1606.93408
639.54199,-430.76044,1598.76917
638.54413,-429.84924,1593.953
637.9209,-429.04654000000005,1590.78687
636.81604,-428.08789,1588.54199
636.85162,-426.85269000000005,1587.82483
636.19781,-426.2579,1589.52856
635.55359,-425.86355999999995,1592.5076900000001
634.5929,-425.4476,1598.08301
634.58173,-424.77448,1604.33398
634.1055299999999,-424.495,1611.8574199999998
633.0505400000001,-424.34509,1620.84766
631.867,-424.64542,1630.16748
631.70599,-424.18445,1639.72986
631.21619,-424.31329000000005,1649.20471
,,
628.01306,-425.03854,1667.11206
627.67645,-425.22372,1675.77124
627.2951,-425.59380999999996,1682.45935
626.29431,-425.76038,1688.7923600000001
625.09521,-425.35635,1694.1119399999998
623.6220099999999,-425.76929,1698.52039
623.71796,-425.79453,1702.66296
622.5451,-426.39599999999996,1705.2738
621.01642,-426.34517999999997,1707.65674
620.27588,-426.64856,1709.7651399999997
618.4855299999999,-427.62784000000005,1711.36023
618.7239400000001,-427.62863,1711.9945100000002
617.60425,-428.18613,1712.1148699999999
616.7966299999999,-428.52679000000006,1711.15125
616.00342,-428.82455,1710.2644
615.6965299999999,-429.20599000000004,1708.46265
615.0971099999999,-429.2413,1705.2338899999997
614.50897,-429.70709000000005,1701.8151899999998
614.03815,-429.8071,1697.3726800000002
613.4834,-430.18906,1692.5457800000001
612.59766,-430.0441,1687.08765
611.84863,-430.17742999999996,1680.6784699999998
610.33594,-430.46277000000003,1673.4906
609.64026,-430.22205,1665.6539300000002
609.01996,-430.23904000000005,1656.7938199999999
608.9469,-430.13477,1648.0877699999999
608.4128400000001,-429.42080999999996,1638.27429
608.06219,-429.29434000000003,1628.57813
607.1048,-429.41449000000006,1618.73621
606.7807,-428.55301,1609.41431
605.78375,-428.83075,1601.3925800000002
605.29034,-428.32940999999994,1594.76062
,,
604.85785,-426.26662999999996,1587.64783
603.58209,-425.35745,1586.4751
602.15155,-424.64462000000003,1586.5317400000001
602.03937,-423.74199999999996,1588.7309599999999
600.34882,-422.43185,1592.49255
600.79535,-420.4433,1597.61609
599.53229,-419.63763,1604.23755
598.94092,-418.37305,1612.47266
596.9444,-418.04309,1621.1386699999998
596.43365,-416.90033,1630.36816
595.85779,-415.97235,1640.25989
594.21613,-415.39426000000003,1650.4270000000001
592.42468,-414.82816,1660.4428699999999
592.48578,-414.21957000000003,1669.12085
591.1799900000001,-413.93295,1677.7517100000002
590.36182,-413.48376,1685.6547899999998
588.06964,-413.23346000000004,1692.75928
587.56244,-413.03601000000003,1697.98047
587.63989,-412.95859,1702.33167
586.01324,-413.29782,1706.24915
583.99695,-413.21664,1709.42126
584.40747,-413.21463,1711.8492399999998
583.38342,-413.20645,1713.5611600000002
581.42584,-413.95578,1715.42908
580.4101,-413.60196,1715.9638699999998
,,
579.13641,-413.94656000000003,1715.54358
578.20325,-414.68462999999997,1713.99585
577.5457200000001,-414.70935,1712.18787
576.37848,-414.91241,1709.49182
575.51361,-415.41092000000003,1706.3522899999998
574.86108,-415.22235,1702.1778600000002
574.03473,-415.31787,1697.6007100000002
573.1231700000001,-415.60648,1692.01892
572.67407,-416.0834,1685.94055
572.19141,-416.01422,1679.2404800000002
571.53339,-416.20929,1671.3305699999999
570.91296,-416.22937,1663.01208
570.2092299999999,-416.77551,1654.85815
569.88428,-416.9881,1645.0968
569.07825,-417.37442000000004,1636.2247300000001
569.29016,-418.09485,1627.5603
569.61261,-418.35427999999996,1619.70337
569.90765,-418.3595,1613.1893300000002
568.33258,-419.38062,1608.75647
567.54358,-420.3457,1605.36206
567.9882200000001,-421.65884000000005,1602.94531
567.2916299999999,-422.8085,1602.56494
567.85577,-423.37307999999996,1603.46436
567.4993900000001,-424.62255999999996,1606.28601
567.47046,-425.61209,1610.24658
567.39307,-427.15164000000004,1615.0929
567.21289,-428.3688,1620.92126
567.39301,-430.27988,1627.57227
566.41364,-432.18207,1634.6585699999998
567.00458,-433.46786,1641.5459
566.57147,-435.52988,1648.8264199999999
565.84375,-437.46707000000004,1656.0819099999999
566.50586,-439.56240999999994,1661.3673099999999
566.1978799999999,-441.74285999999995,1667.03381
565.1877400000001,-444.55649000000005,1672.36951
566.3218400000001,-447.08109,1675.3656
565.8893400000001,-449.86400999999995,1678.86426
565.42584,-453.16019000000006,1680.8724399999999
565.83795,-455.82639000000006,1682.82373
565.6375099999999,-458.55219000000005,1684.09058
567.3843400000001,-461.84286,1684.5023199999998
567.17584,-466.41666,1684.83875
567.10468,-470.10425,1684.14136
567.74963,-474.22559,1682.6969
567.59442,-478.49393,1680.5683600000002
570.03845,-481.66934000000003,1677.36646
570.83795,-485.41055,1673.4067400000001
571.81329,-488.63849000000005,1668.6812699999998
573.18188,-492.03281,1662.9932900000001
573.6666299999999,-494.71939000000003,1657.12476
572.60541,-498.27660999999995,1650.00586
574.3996599999999,-500.75021,1643.02661
576.07281,-502.7457,1635.82312
577.58002,-504.57757999999995,1628.59277
579.77783,-506.61349,1621.85486
581.0968,-508.58948,1615.42444
582.3853799999999,-510.18329000000006,1609.37964
583.8634599999999,-511.60822,1604.42505
585.48651,-513.0054299999999,1600.29749
586.32196,-513.94922,1598.23389
587.76752,-515.01141,1598.4370099999999
588.97729,-516.21722,1599.4891400000001
589.95557,-517.57281,1600.70813
591.2269299999999,-518.38965,1602.52319
591.74335,-518.90302,1604.8527800000002
591.5682400000001,-519.80286,1607.77881
591.9152799999999,-520.0285,1610.6312300000002
592.47522,-521.0045200000001,1614.51624
592.2298,-521.41498,1618.80896
591.88806,-521.73853,1623.0416300000002
591.41083,-522.17493,1627.42517
590.75958,-522.6337900000001,1631.3143300000002
589.92737,-522.7271099999999,1635.0877699999999
589.33777,-522.59338,1638.41309
587.83777,-522.71765,1640.9995099999999
586.78937,-522.87042,1642.93286
586.68945,-522.56653,1644.20703
585.12372,-522.08142,1645.06055
584.29749,-521.67822,1645.43994
582.7355299999999,-521.08942,1645.39575
581.9219400000001,-520.8924,1644.72852
580.74292,-520.1718099999999,1644.03979
579.38391,-520.0069599999999,1642.49597
577.9874900000001,-519.2575099999999,1640.77979
577.7753299999999,-519.3028,1638.61292
576.763,-518.9830900000001,1636.03503
575.49261,-518.58069,1632.7309599999999
574.38397,-518.3913,1629.6001
573.81873,-518.37109,1625.51514
