X12,Y12,Z12
,,
,,
604.02838,-87.09695,993.56787
,,
,,
,,
591.54175,-82.40771,993.91724
587.99634,-81.98481,994.1071199999999
,,
583.2396200000001,-80.71061999999999,993.98364
,,
,,
571.85144,-76.73073000000001,995.28729
568.66846,-75.26252,995.61194
565.3756099999999,-73.96852,995.81464
,,
558.20642,-70.84908,998.1635699999999
554.08514,-69.49293,999.0753800000001
551.88263,-68.43455,1000.15082
548.90631,-67.4073,1000.8126800000001
546.4395099999999,-66.28088000000001,1001.7257699999999
541.79132,-63.91536,1003.64941
540.43896,-63.382580000000004,1004.51935
537.50195,-62.34005,1005.7764300000001
536.94135,-62.57623,1006.4472699999999
532.46313,-61.2135,1008.1812699999999
532.20789,-61.403169999999996,1008.2061199999999
530.28955,-60.511,1009.5084800000001
527.25128,-59.06052,1010.98004
,,
,,
,,
,,
,,
,,
,,
,,
510.36267000000004,-54.95316,1015.98285
509.8985,-55.490359999999995,1015.4326199999999
509.19583,-55.73675,1015.49823
505.04807,-54.24211999999999,1016.97614
503.3573,-53.94673,1017.12775
503.81631,-55.1599,1015.3522300000001
503.48782,-55.15194,1015.1823099999999
502.73154000000005,-55.318090000000005,1015.0100699999999
502.21695,-55.51882,1015.1077300000001
501.16559000000007,-55.88746,1015.2066699999999
497.78225999999995,-54.421490000000006,1016.0424800000001
496.59740999999997,-54.383030000000005,1016.5518800000001
,,
495.99942000000004,-55.39671,1015.2329699999999
495.70676,-55.533269999999995,1015.11041
495.2153,-55.958,1015.3884300000001
494.91187,-56.146190000000004,1015.37689
494.32199,-56.554759999999995,1015.4603300000001
494.32199,-56.554759999999995,1015.4603300000001
494.18143,-55.87693,1015.1366
,,
491.62710999999996,-54.8307,1016.40894
491.27795,-54.783559999999994,1016.4739999999999
490.73727,-54.73531,1016.6337900000001
490.49990999999994,-54.666180000000004,1016.5896
,,
489.73782,-54.61959,1016.86584
489.73782,-54.61959,1016.86584
,,
,,
491.75189000000006,-57.209480000000006,1016.0260599999999
491.6933,-57.255030000000005,1016.16455
492.42883,-57.72104,1015.9657
492.45224,-58.03776,1015.80988
492.06204,-58.18493,1016.37823
491.74704,-58.35645,1017.06348
491.55701,-58.73307,1016.74731
491.47305,-58.793369999999996,1016.8304400000001
491.51529000000005,-58.865759999999995,1017.1826800000001
491.29141,-59.04684,1017.45386
491.05957,-59.193819999999995,1017.63593
491.60547,-60.066669999999995,1017.24603
492.71502999999996,-61.28229,1016.9949300000001
,,
,,
493.53137000000004,-62.745819999999995,1016.7215
493.53137000000004,-62.745819999999995,1016.7215
493.4075,-63.16211,1017.03479
493.03424,-63.70535,1017.13049
492.65454000000005,-63.9912,1017.5405900000001
492.44177,-64.24348,1017.7749
492.16083,-64.34744,1018.0306400000001
495.88925,-66.61386999999999,1016.65881
495.60413,-67.47537,1017.15979
495.12814000000003,-68.03471,1017.2185699999999
495.60860999999994,-68.54338,1017.21838
,,
497.62933,-72.53909,1016.1823099999999
498.24554000000006,-73.59291999999999,1015.9411
497.41272000000004,-73.6686,1016.55658
496.77045,-74.32455,1016.8869599999999
501.10357999999997,-78.70872,1014.63672
499.2388,-78.67703,1015.5368
497.97272000000004,-78.61907,1016.0604900000001
,,
501.85852,-83.77832,1014.3087199999999
502.09225,-85.13073,1014.2515300000001
,,
504.66085999999996,-89.38744,1013.5595099999999
504.98141,-91.54401999999999,1013.13403
505.9303,-93.44739,1012.7229
,,
508.75519,-98.02186999999999,1011.58655
,,
510.67801,-102.24346,1009.2981
510.21747,-103.15056,1009.6356800000001
511.23312000000004,-104.76351,1008.5654900000001
513.54285,-107.5953,1007.38452
514.30029,-109.5004,1006.32751
514.95538,-110.32406999999999,1006.55298
514.9492799999999,-111.25288,1005.76129
517.42511,-114.55388,1005.22424
,,
519.95111,-117.72635,1004.0250900000001
519.9699099999999,-118.44807,1004.1578400000001
523.1366,-121.39653999999999,1003.80072
523.09961,-121.77206000000001,1004.42145
526.18939,-125.00811999999999,1003.88416
526.1994,-125.3196,1004.7036099999999
,,
528.46552,-129.45512,1004.9039300000001
,,
531.63409,-132.49936,1005.8726199999999
,,
535.21167,-137.23042,1005.5722
533.0378400000001,-137.29202,1006.94434
536.16699,-140.70667,1006.1279300000001
536.1361099999999,-142.14507,1006.1375699999999
535.8717,-142.84961,1006.49695
537.40112,-145.84313999999998,1005.15735
539.9599,-148.30975,1004.54175
539.43188,-150.07204,1004.1688800000001
541.71313,-153.38087,1001.84766
541.69025,-154.8611,1000.82574
,,
543.19733,-159.07576,997.96613
543.88062,-161.50133,996.8230599999999
544.13861,-163.47386,994.97968
543.22498,-164.09856000000002,994.56213
546.41864,-167.38051000000002,991.81775
546.26221,-168.87943,991.63965
547.34204,-170.04863,991.23474
547.95715,-170.79738,991.25989
549.02655,-172.29398,991.26593
550.59943,-173.44037,991.80225
551.58105,-174.51923,992.6887800000001
553.04858,-175.27533,994.1727900000001
553.36298,-175.82095,995.55725
554.09845,-175.96751,997.7557400000001
555.60406,-177.08667,998.8331900000001
556.98987,-177.95523,1000.9331099999999
558.2099,-179.06082,1002.3652300000001
559.4317599999999,-180.09419,1004.83685
560.17889,-180.96614,1006.35828
559.75055,-181.02614,1008.8012699999999
559.62805,-180.95526,1011.5886199999999
559.95154,-181.06604,1013.17847
563.3371,-184.23976000000002,1013.7742900000001
,,
563.24084,-184.43053999999998,1016.3344699999999
563.2069700000001,-185.27045,1017.5686599999999
564.18677,-185.58098,1018.2387699999999
564.2179,-185.38481000000002,1019.04944
564.29175,-185.64831999999998,1019.5538300000001
565.3043200000001,-186.15465,1019.09406
566.5147099999999,-186.66881,1018.95215
566.33209,-186.59932,1018.4567300000001
566.65216,-186.32341,1018.2229
567.36792,-186.32138,1017.16937
568.47699,-186.47887,1015.81793
568.6664400000001,-186.26508,1015.45746
568.8431400000001,-186.02956,1015.1010699999999
569.0675,-186.27902,1013.33191
569.62482,-186.56732,1012.80261
570.01324,-186.17188000000002,1012.3649300000001
,,
,,
,,
572.573,-186.97723,1012.0686
574.1048599999999,-187.45343,1012.6356800000001
573.93701,-187.77232,1013.4119900000001
575.00568,-187.84676000000002,1014.15088
575.63165,-188.15098999999998,1014.8322099999999
576.96106,-190.04641999999998,1015.6981199999999
577.8256200000001,-190.11508,1016.5487099999999
577.9855299999999,-190.66371,1017.57324
578.9306,-191.13655,1018.3140300000001
581.06683,-193.12743,1017.71106
580.5432099999999,-192.88985,1019.15344
581.79102,-193.47808999999998,1019.69061
582.31171,-194.22554,1019.82843
582.13824,-194.90903,1019.7243699999999
583.07886,-196.43742,1018.92578
583.27667,-196.82523,1018.34473
583.0366799999999,-197.66928000000001,1017.5376
583.28723,-197.44795,1016.01312
583.8620599999999,-198.17049,1014.8311800000001
583.59369,-198.12583999999998,1013.83636
583.99414,-198.53392,1011.7584199999999
584.18768,-198.84436000000002,1010.22565
583.54382,-198.58801,1009.0730599999999
584.06335,-198.85841000000002,1007.8418
584.25586,-198.87028999999998,1006.4110699999999
584.1297,-198.83569,1005.9526400000001
584.1048,-198.81023000000002,1005.86609
584.74933,-198.92781000000002,1005.87396
584.86652,-198.88400000000001,1006.0790400000001
585.66388,-199.39799,1006.2371800000001
586.83875,-200.01395,1007.2479900000001
586.4837,-199.08813,1008.3512599999999
588.29626,-200.00795,1008.9722300000001
587.63757,-199.23172,1010.7498800000001
588.39984,-199.1295,1012.7600699999999
588.34833,-199.2381,1014.2194199999999
588.72107,-199.0443,1015.4976800000001
588.8161,-199.0433,1017.7424300000001
,,
589.95673,-199.35905,1020.58636
,,
591.88007,-199.71669,1023.07202
591.55121,-199.2307,1024.81287
,,
592.09717,-198.75763,1027.34473
591.79095,-198.48175,1028.20264
591.75262,-198.19618,1029.5553
592.24774,-197.81642,1029.31152
592.7916299999999,-197.41766,1029.0949699999999
592.49634,-196.77321,1028.94189
589.27661,-194.23022,1029.22388
589.7005,-194.12968,1028.71484
590.35938,-194.25391000000002,1026.52869
590.3308099999999,-193.43681,1024.51526
590.24768,-193.4052,1022.07654
589.71173,-192.78096000000002,1019.3701199999999
589.45148,-192.17318999999998,1016.6564900000001
,,
586.91571,-190.89876999999998,1009.7885699999999
586.59375,-191.0257,1005.17426
586.03888,-191.03008,1000.73541
,,
585.02753,-190.17463999999998,990.6522199999999
584.42285,-190.27743999999998,985.50415
583.8421599999999,-189.28766000000002,980.6220099999999
582.93622,-189.08533,976.47418
582.80829,-188.63066,972.2185099999999
583.34937,-189.17076,967.9480599999999
583.86072,-188.82193,964.8165300000001
584.6508200000001,-187.96095,963.7313800000001
583.36969,-185.14392,963.6734
585.42108,-183.56511,965.0224599999999
586.5448,-181.8736,967.26819
587.82233,-179.79315,971.20282
588.95032,-177.6442,975.8975199999999
588.2706900000001,-174.26581000000002,982.5142199999999
592.0451,-173.43867,988.698
591.24353,-169.32437,997.66479
592.72882,-167.54581000000002,1005.5600599999999
594.1355,-164.10287,1014.84119
597.01105,-162.81126,1023.4287099999999
598.03455,-160.63713,1033.6074199999998
599.68738,-157.89317,1042.95032
599.9605700000001,-154.32414,1053.3953900000001
,,
603.39282,-150.61624,1072.56165
605.68646,-149.49272,1079.87573
608.00488,-148.08006,1087.50977
609.54913,-146.12796,1094.9874300000001
,,
,,
,,
,,
,,
610.41724,-139.46078,1121.43396
,,
,,
611.26184,-139.33192,1120.64075
612.74231,-139.71361000000002,1118.16492
613.0285,-139.56618,1114.95569
613.25916,-139.17923000000002,1111.86816
613.23364,-139.1723,1107.48669
613.29413,-138.98965,1102.61694
614.91095,-139.1375,1096.7677
616.38855,-140.03098,1090.2522
,,
617.40161,-140.05132,1076.76685
618.05701,-139.18214,1069.19067
618.19751,-138.71268999999998,1062.35242
618.69348,-138.21941999999999,1053.0402800000002
,,
,,
,,
622.40662,-138.79361,1012.48376
618.67395,-136.06714,1003.06885
617.96149,-135.87614,992.1709
617.52411,-135.64615,984.1270099999999
617.15302,-135.82457,981.77216
617.52411,-135.64615,984.1270099999999
617.29828,-135.97499,986.89215
616.45978,-136.75111,992.11328
615.20251,-135.77786,998.85004
,,
613.46228,-134.28791999999999,1015.4830900000001
,,
611.56763,-131.87943,1034.11658
611.98767,-130.98666,1043.31519
,,
,,
611.52496,-126.67383999999998,1067.69055
612.76428,-125.58341000000001,1073.71545
613.6012599999999,-125.73076999999999,1079.5139199999999
612.4478799999999,-124.70087,1084.6173099999999
,,
,,
,,
,,
616.95514,-123.49767,1092.09436
617.4150400000001,-123.24717,1090.02344
618.12427,-122.58221999999999,1087.22034
617.21747,-121.07996000000001,1084.22095
618.44244,-120.95828,1079.69165
620.59778,-120.91058000000001,1073.01782
624.56464,-121.73763999999998,1066.2264400000001
624.87158,-121.55643,1058.8313
626.3786,-121.05235,1051.48901
628.79224,-121.15353,1043.0190400000001
628.64233,-120.95733999999999,1035.17334
,,
628.09229,-120.29138999999999,1017.7592199999999
625.63983,-118.65898,1010.12408
624.93323,-118.96383999999999,1003.1170699999999
623.67749,-118.35515,1000.9291400000001
,,
620.18268,-116.51144,1006.66571
617.5364400000001,-115.25698999999999,1011.5913099999999
616.16638,-114.52358000000001,1016.62579
,,
613.91522,-111.01436000000001,1030.50281
613.04901,-109.70538,1037.24438
611.44916,-107.80886000000001,1043.68054
,,
,,
609.5423,-103.89753,1060.1676
609.90143,-104.02286,1063.2957800000001
610.03436,-104.0849,1065.86694
610.28979,-103.91341,1068.00403
610.23407,-104.2846,1068.92969
609.42444,-104.03339,1069.94678
,,
613.21295,-107.99428,1066.8333699999998
616.04865,-110.91378999999999,1064.47986
,,
619.6709599999999,-114.41582,1055.51062
,,
622.6144400000001,-117.40677,1042.27026
625.1621700000001,-120.38726000000001,1034.00781
624.72357,-120.5959,1026.06165
625.8206799999999,-121.22376000000001,1015.68158
627.62262,-122.35155,1005.61871
626.3319700000001,-121.36303000000001,995.5925300000001
627.03729,-122.2215,983.0097
625.16687,-121.55136,972.2606199999999
624.57666,-121.76286,962.73761
623.1614400000001,-122.22251000000001,959.06256
623.745,-124.62536999999999,961.3923300000001
623.99237,-127.50311,964.37
623.42468,-130.15443,968.66266
621.3947099999999,-132.2755,974.5062300000001
621.85364,-136.67874,981.08472
620.724,-140.09645,990.2179
620.45172,-144.32689,999.7991300000001
,,
,,
620.6755400000001,-159.01363999999998,1026.81311
620.6701,-163.02435,1036.66479
618.37006,-166.67325,1045.45703
619.80286,-172.1758,1052.4470199999998
619.85779,-176.5984,1059.81409
618.41882,-179.93755,1066.24451
618.8648099999999,-183.39406,1071.7065400000001
617.2569599999999,-186.69101,1076.69812
615.92987,-188.95514,1080.9932900000001
612.8519299999999,-190.66057,1084.71582
610.66833,-192.70447,1085.73108
608.4934099999999,-194.38553000000002,1086.8076199999998
610.25391,-198.09004,1086.0888699999998
608.20526,-200.17587,1084.18286
605.91431,-201.08481,1081.79236
603.4594099999999,-202.94679,1078.5036599999999
,,
598.7515900000001,-206.19429,1068.79333
596.21484,-208.35766999999998,1063.04785
594.52771,-209.87900000000002,1055.3333699999998
591.63361,-210.99492999999998,1048.42688
592.85742,-214.88567999999998,1039.70313
590.4030799999999,-215.71964,1031.27869
588.76849,-217.63877999999997,1021.86041
586.3752400000001,-218.25322000000003,1013.16766
585.1059,-220.24786,1003.50818
582.99402,-221.77615,994.05438
579.85205,-223.778,984.8712800000001
577.2157,-227.19711,975.94843
575.91901,-231.71071,967.08478
574.8291,-238.4193,960.43787
574.99347,-245.11077999999998,952.39404
575.07678,-251.96956,948.1596099999999
576.6550900000001,-259.33661,945.30438
578.1424,-266.88693,944.3372199999999
578.9218099999999,-272.79677999999996,945.51361
580.2219200000001,-278.20901000000003,949.81561
580.71747,-283.51315,955.13312
581.76544,-288.23532,962.43616
583.39893,-293.24771,970.5391800000001
583.7821,-298.54135,979.8231199999999
584.50403,-303.10486000000003,989.87219
585.11096,-308.03134,1000.6307400000001
586.02148,-313.00408999999996,1011.5626199999999
587.40192,-317.09393,1022.42645
586.8642,-321.41226,1034.12952
586.48456,-325.75824,1045.10535
588.51477,-330.59995,1055.03259
586.68628,-332.14856000000003,1065.44995
586.95203,-336.24933,1074.0629900000001
585.24359,-339.99138999999997,1082.84485
584.69812,-343.85602,1090.09802
583.33978,-346.98395,1096.11218
582.80005,-351.35669,1101.49316
581.05829,-354.90337999999997,1105.56567
578.90814,-358.36273,1108.5836199999999
577.20605,-361.62424,1110.09155
575.83276,-365.43207,1110.14355
574.1652799999999,-368.77966000000004,1110.39392
572.43542,-372.57239,1108.41443
570.89764,-375.40297999999996,1105.95667
568.51917,-378.73953,1102.55554
566.59747,-382.16135,1098.71973
564.37933,-385.96972999999997,1093.8995400000001
561.89642,-388.70193,1088.58142
559.8314799999999,-392.44003,1082.22144
558.04156,-395.75821,1075.0349099999999
555.27832,-398.28574,1068.41272
553.5790400000001,-401.19461,1060.5900900000001
551.78864,-404.04391,1052.7522
549.31653,-406.24908,1044.52344
547.90088,-408.88879,1035.51501
546.24927,-412.03308,1026.09924
544.36426,-414.32916,1016.36761
541.93152,-416.82401,1007.0800199999999
540.40802,-419.45620999999994,996.90131
539.11932,-422.95602,986.60687
536.87067,-426.63272,976.1226199999999
534.97296,-431.17807,965.61041
534.5675,-436.51215,954.8438699999999
533.2547599999999,-442.35193,945.8699300000001
532.74805,-448.70685,937.0446199999999
532.9585,-455.56021,930.43121
533.15833,-461.92508,926.55212
531.92017,-466.92199999999997,925.2094099999999
531.47339,-470.75394000000006,925.36035
531.9567900000001,-474.87726,927.80292
530.69897,-477.30994000000004,931.74286
531.1616799999999,-479.54935,937.6279900000001
531.2143599999999,-480.71685999999994,944.54175
530.54034,-481.18585,952.6967800000001
530.40625,-481.41857999999996,962.2799699999999
530.12122,-481.46135999999996,972.52527
529.62036,-481.22882000000004,983.76953
529.45123,-480.53174,996.0078699999999
529.39075,-480.55844,1008.4491
529.73358,-480.91138,1021.22736
529.1068700000001,-480.75372000000004,1034.52209
528.7412099999999,-480.6998,1047.89636
527.9613,-481.23125999999996,1061.02844
526.66125,-481.96997000000005,1073.60168
525.59393,-482.87878,1085.02026
523.50366,-483.73852999999997,1096.5991199999999
521.9234,-485.17125999999996,1106.74829
519.8530900000001,-486.9187,1116.0673800000002
518.23615,-488.92287999999996,1124.73975
517.1088900000001,-490.87152000000003,1132.17065
514.99945,-493.03806,1138.94202
513.70459,-495.36852999999996,1144.80615
512.0368,-497.66882000000004,1149.85315
509.62363,-499.48657000000003,1154.18616
508.47211,-502.08319000000006,1157.36304
506.92429000000004,-503.90130999999997,1159.64819
506.53506,-506.34351,1160.9116199999999
504.73044000000004,-507.59644000000003,1161.39758
503.33838,-509.14273,1161.05908
502.55475,-510.75858,1159.88086
501.75442999999996,-512.5282599999999,1157.70544
500.70779000000005,-513.3537,1154.44153
500.0788,-514.74091,1150.67236
500.10375999999997,-515.41229,1146.46851
499.25777999999997,-516.18384,1141.45459
498.57125999999994,-516.61554,1135.85913
498.00750999999997,-516.69531,1129.49976
497.52948,-516.7547599999999,1122.62439
496.98157000000003,-516.6771200000001,1114.79688
496.34464,-516.43268,1106.93945
495.66959,-515.5816,1098.6838400000001
494.37149000000005,-514.66229,1089.71606
494.35315,-514.24231,1079.8961199999999
493.95605,-513.3994799999999,1069.83203
493.16306,-512.40015,1058.97327
492.60614000000004,-511.49771,1047.73352
491.93768,-510.86459,1035.9338400000001
491.40252999999996,-510.16855,1023.9776
491.08737,-509.83569000000006,1010.95239
491.13721,-510.0545,997.35229
490.55219000000005,-510.17386,984.0861800000001
490.63849000000005,-510.99347,970.0078699999999
489.75797,-511.28833,956.42346
489.56525,-512.4956099999999,944.5625
488.88409,-514.28693,935.24225
487.75577000000004,-515.46619,931.0057400000001
485.68887,-515.17688,930.1514300000001
483.45972,-515.32666,929.5744599999999
481.29992999999996,-515.21155,930.8073099999999
478.03570999999994,-513.5369900000001,935.0867300000001
474.14727999999997,-512.4198,939.74011
472.05655,-511.12823,944.89722
468.35458,-509.24005,952.06158
464.92007,-508.05872,960.44708
460.87341,-506.56122,970.00854
457.86093,-506.08963,980.32147
455.55344,-505.45059000000003,991.37817
452.65494,-505.3653,1002.62189
451.71185,-505.56833,1013.86047
449.5502,-505.38122999999996,1025.06335
448.41849,-505.66534,1036.3958699999998
447.11539000000005,-505.58755,1047.23572
446.42620999999997,-505.62094,1056.78369
445.79773,-506.26867999999996,1066.6671099999999
447.21502999999996,-507.87469000000004,1074.45105
446.38622999999995,-508.57318,1082.2627
446.94534000000004,-510.01074000000006,1089.23035
447.69409,-510.39749000000006,1094.53064
448.64032000000003,-512.2231400000001,1099.08325
450.32187000000005,-513.2028799999999,1102.62073
452.56060999999994,-514.74219,1104.68311
454.26523,-515.91913,1105.8075
456.24768,-517.05487,1105.64893
458.1152,-518.24658,1104.62061
460.33075,-519.45789,1101.71033
462.06662,-520.28302,1098.2523199999998
463.53625,-520.77698,1093.7590300000002
465.1152,-520.96826,1088.16064
466.44060999999994,-521.2981,1081.45044
467.8573,-521.06012,1074.29407
468.40286,-520.40137,1065.94885
469.2359,-520.3840299999999,1057.48401
470.7814,-518.77478,1047.3551
471.46344000000005,-518.1268299999999,1036.8582800000001
472.15198,-517.0726900000001,1026.1226800000002
471.1496,-516.03906,1015.12891
470.49142,-515.08282,1003.3218400000001
468.62796,-514.40918,992.7700199999999
464.98325,-514.54877,981.76544
459.68982,-513.62085,972.8488199999999
453.66472999999996,-512.09821,967.0694599999999
448.24753,-510.65615999999994,968.7869300000001
443.64925999999997,-508.83932000000004,972.63184
440.03259,-507.50226,977.5889900000001
436.32390999999996,-506.3425,984.8181800000001
433.01059000000004,-505.81670999999994,993.0346099999999
431.53079,-504.71365,1002.9993300000001
431.37726,-503.12659,1013.5427900000001
430.06464000000005,-501.53475999999995,1025.23828
430.46362,-500.9415,1037.21436
430.18976,-499.51718,1048.77014
430.68829000000005,-498.48389000000003,1060.48694
431.11093,-497.32999,1072.11914
431.48398,-496.31075999999996,1082.6699199999998
432.72455,-495.36690999999996,1092.90051
433.32245,-495.00265999999993,1102.37024
433.82345999999995,-494.25784000000004,1110.94543
434.59912,-494.14917,1118.68494
435.09375,-493.79144,1125.16284
435.50030999999996,-493.51482999999996,1131.05334
436.17180999999994,-493.20595999999995,1135.37146
436.74911,-493.11072,1138.42212
436.93102999999996,-492.74835,1140.5842300000002
437.23965,-492.5397,1141.16919
437.60712,-492.23862,1140.97791
438.19492,-491.89493,1139.9104
438.27425999999997,-491.4343,1137.974
438.40628,-491.02590999999995,1135.3927
438.84332,-490.05771,1132.02295
438.60638,-489.47677999999996,1127.55493
438.40485,-487.99869,1122.72156
437.20782,-486.80719000000005,1117.6217
437.80429000000004,-485.90729000000005,1111.33875
436.82159,-484.23981,1105.20447
435.77047999999996,-482.95264000000003,1098.5271
435.8046,-481.75012000000004,1091.20544
435.36922999999996,-479.88559000000004,1083.37036
434.80573,-478.55877999999996,1075.1394
434.29257,-476.48425,1066.07056
433.44254000000006,-474.8006,1057.15369
433.32401,-473.16769000000005,1047.26819
433.68909,-471.85107,1036.6676
433.58453,-471.51662999999996,1025.59937
433.97464,-470.55884000000003,1014.3131099999999
432.90200999999996,-470.78612999999996,1002.9375
431.98900999999995,-471.96115,992.11176
430.44324000000006,-472.85675,983.06348
429.84955,-473.21160999999995,979.0257
430.36133,-472.77972,981.68201
430.0452,-472.12845,985.6876800000001
430.08847000000003,-470.32565,992.2193599999999
430.91115999999994,-470.21835,999.7742900000001
430.28567999999996,-469.27362,1008.6831699999999
430.44608,-468.65612999999996,1019.4638699999999
430.41382000000004,-467.77205999999995,1030.6353800000002
430.65878,-466.68948,1042.00146
430.1236,-465.43832000000003,1053.17834
430.74701,-464.05010999999996,1064.11951
430.73040999999995,-463.1297,1074.4635
430.14224,-461.83557,1084.65869
429.33826,-460.89874000000003,1094.1897
429.3891,-460.35355,1102.39392
428.69809000000004,-459.76305999999994,1110.2495099999999
428.11227,-458.36679000000004,1117.12891
427.22552,-457.65558,1122.6698
426.95114,-457.32767,1127.2590300000002
426.94562,-456.83575,1130.98254
426.74597,-456.68685999999997,1132.92395
427.3089,-456.94060999999994,1134.02869
427.46643,-456.88593,1133.9791300000002
428.43042,-457.56226,1133.00806
429.40707000000003,-457.81995,1130.81335
430.27597000000003,-459.01232999999996,1128.20105
431.09494000000007,-460.0296,1124.65417
431.47867,-460.31665,1120.61658
433.62515,-461.58826,1114.82959
432.89495999999997,-461.27120999999994,1109.58167
433.45977999999997,-461.86084000000005,1102.96838
433.77957000000004,-462.27620999999994,1096.0946
433.85712,-462.57147000000003,1088.71375
434.22292999999996,-462.62802,1079.80774
434.72680999999994,-463.13895,1071.30334
435.57587,-462.98782,1062.2247300000001
435.94875999999994,-462.89029000000005,1052.68176
435.81854000000004,-462.97668,1042.66785
436.07794,-463.47805999999997,1032.20471
435.9581,-463.82779000000005,1021.7428
,,
435.09634000000005,-466.41006,999.40723
433.51239000000004,-468.41458,989.04089
432.83865,-470.5874,980.80341
431.42123,-472.33554000000004,976.72089
432.00960999999995,-473.45870999999994,977.32104
432.00638,-475.32800000000003,978.9835800000001
431.83533,-477.35995,982.3176300000001
431.26459000000006,-478.33176,987.2852800000001
432.35989000000006,-479.75381,993.35114
430.71560999999997,-479.43448,1001.6170699999999
430.44397000000004,-479.30359000000004,1010.3366699999999
429.85703,-478.87240999999995,1019.35376
429.53687,-478.98026,1028.31445
428.66315,-477.70831,1037.4259
429.11404000000005,-477.29220999999995,1045.56555
427.99445,-475.90625,1053.75964
427.1131,-474.61580999999995,1061.0960699999998
426.76712000000003,-473.69732999999997,1067.4447
426.81665,-472.67093,1072.77991
426.92072,-471.1347,1077.45361
426.64102,-470.33755,1079.66345
425.66405999999995,-468.61175999999995,1082.16907
425.96869000000004,-467.88842999999997,1082.9180900000001
426.10925,-466.43314000000004,1081.91345
425.68451,-465.51455999999996,1080.51697
426.14017,-464.67862,1077.5575
427.45358,-464.31223,1073.33167
428.22638,-463.38083,1068.71655
428.91281,-462.8428,1063.17041
428.06799,-461.14966,1057.9165
428.24527,-460.3804,1050.7417
428.95029000000005,-459.62102999999996,1043.62646
429.69568,-459.0267,1035.2988300000002
430.03137000000004,-459.24438,1026.7561
429.60715,-459.57570999999996,1018.39661
429.46200999999996,-460.535,1009.1593
428.63779000000005,-461.33880999999997,1000.50806
427.64423,-463.66953,991.65845
426.52032,-465.60402999999997,985.2238800000001
426.74557000000004,-467.69928,981.5649400000001
426.75057999999996,-467.75107,983.91125
425.931,-467.59674,986.5487099999999
425.19097999999997,-467.11679000000004,989.7139300000001
424.42273,-466.1124,994.90625
423.68120999999996,-465.24222000000003,1000.43787
425.10922,-465.45315999999997,1006.4431800000001
422.82742,-462.78867,1013.8430199999999
422.89029000000005,-461.88885,1021.4873699999999
422.24755999999996,-460.35263,1029.2981
422.04477,-459.54004000000003,1036.6731
422.36023,-458.96255,1044.00037
422.44095,-458.43408,1051.5249
422.81451,-458.02865999999995,1058.96936
423.29987,-457.34085,1065.22705
423.19417999999996,-456.43723,1071.6173099999999
423.13257000000004,-455.82235999999995,1076.93103
424.58154,-455.90945,1081.02307
425.42969000000005,-455.93939000000006,1084.50439
426.7244,-456.16638,1086.77283
426.96695,-456.08795,1089.09839
427.8475,-456.36065999999994,1089.8551
428.93204000000003,-456.63192999999995,1089.95105
431.30008,-457.90903,1088.47205
432.25240999999994,-458.19888,1086.55737
432.69442999999995,-458.76355,1084.0271
434.50534000000005,-459.48157000000003,1079.65735
435.65482000000003,-459.711,1075.2915
436.06302,-460.02837999999997,1070.02832
436.90466,-459.30814000000004,1063.77478
437.45929,-459.31357,1055.90906
439.01587,-459.88068,1048.1351300000001
440.20947,-459.57867000000005,1039.6113300000002
440.56995,-458.84933,1030.49146
440.91187,-458.66857999999996,1021.3137199999999
442.38842999999997,-458.8316,1010.83551
442.79163,-458.39285,1000.5097
443.77402,-457.48082999999997,989.7218
443.50952,-457.6438,979.20245
443.57288,-457.57745,968.85547
442.96851,-457.42914,959.52045
442.19009000000005,-455.92825,954.2144199999999
442.01401,-454.27786,953.26624
442.99161,-452.62567,955.1555199999999
443.32437000000004,-451.3371,958.3060300000001
445.09972999999997,-450.87161,963.38098
446.71078,-449.02383,969.8104199999999
446.73430999999994,-447.78905999999995,978.49316
448.93613,-446.52802,987.7601900000001
448.98697000000004,-444.92654000000005,998.8679199999999
451.02924,-443.44005999999996,1010.1918900000001
451.81259000000006,-442.20609,1022.86908
453.78094000000004,-441.05355999999995,1034.7902800000002
454.92105,-439.92992999999996,1046.50378
456.68667999999997,-438.8887,1058.23181
457.61877000000004,-437.64832,1070.37976
459.49065999999993,-437.18683,1080.76648
460.65695,-436.13135,1091.34888
461.41295999999994,-435.17502,1100.1283
462.77292,-434.70639000000006,1108.56763
463.7359,-433.92734,1115.93372
463.13372999999996,-432.58212000000003,1122.59216
463.45250999999996,-432.19901,1127.25684
463.83727999999996,-431.56763,1130.68347
464.44989000000004,-430.74854000000005,1132.84448
464.56692999999996,-429.95563,1133.83789
464.4122,-429.44577000000004,1134.10681
464.72655999999995,-429.06042,1133.15759
465.25131,-428.88361,1131.55859
464.70721,-428.14774000000006,1128.47766
464.86078,-427.52032,1125.47449
465.31185999999997,-427.40302,1120.69092
465.00417999999996,-426.7645,1116.17224
465.15894000000003,-426.72974000000005,1110.823
465.23540999999994,-425.86685,1104.13391
465.3114,-425.96667,1097.23706
466.06467000000004,-425.27515,1089.92932
465.92239000000006,-424.80029,1082.45337
465.86465,-423.99990999999994,1074.07178
466.7334,-423.93161,1065.55615
467.80939000000006,-423.55585,1055.92188
467.51541,-422.80045,1046.61353
467.23529,-422.34567000000004,1036.6322
467.04684000000003,-421.13223,1026.3739
466.67575,-420.55447000000004,1014.9979900000001
464.3497,-419.96300999999994,1004.5918
461.37915,-419.34073,993.95276
458.58768,-418.76678,983.3349
454.71365,-417.79385,977.35681
452.95572000000004,-416.29123,977.0197800000001
451.55347,-414.13251,979.77325
449.97949000000006,-412.71744,982.9514800000001
448.68277,-411.30115,988.07788
448.41888,-410.11124,994.1585699999999
448.2449,-409.01147000000003,1000.9005699999999
447.29995999999994,-407.10757,1010.1801800000001
447.67377,-406.41855,1019.7497599999999
448.48013,-405.88748,1028.85779
448.11242999999996,-405.29717999999997,1038.91003
449.30368,-404.90405,1048.20459
449.30484,-404.98126,1058.00586
449.59598,-404.94698999999997,1066.62207
450.20135,-404.57452,1074.9122300000001
449.85434000000004,-405.03516,1082.7916300000002
449.16562000000005,-404.76572000000004,1089.71936
448.46634000000006,-404.65616,1095.93457
448.35315,-405.26977999999997,1100.27332
447.56442000000004,-405.13739,1103.90784
447.4754,-405.29474,1105.23108
446.76248,-405.73605,1105.91504
445.81027,-405.76355,1105.39319
445.26398,-405.53812,1103.55603
444.66327,-405.66857999999996,1100.12891
444.43845,-405.27295,1095.8745099999999
443.86133,-404.93698,1090.43164
442.4754,-403.98251,1084.92212
444.13095,-404.92917,1077.3048099999999
441.87997,-403.33865,1070.56604
442.02770999999996,-403.44824,1061.82361
442.05859000000004,-402.63464,1052.74707
442.50244000000004,-402.33496,1043.34668
442.53458,-401.75909,1033.78088
442.4635,-401.15497,1023.1635699999999
442.18622,-400.96198,1012.8502199999999
441.33297999999996,-400.44237999999996,1002.9412800000001
439.81192000000004,-400.06964,992.87469
439.42096,-400.63943,984.01141
436.52135999999996,-399.42661,978.4881
436.56369000000007,-399.43883999999997,977.28088
436.26089,-399.43027,979.38672
436.49619,-399.63809,983.0789800000001
436.69919000000004,-400.02969,988.85272
436.0817,-400.22677999999996,995.8275800000001
436.62277,-400.49042000000003,1003.6724199999999
436.16367,-400.3754,1013.35596
437.84369000000004,-401.06189,1023.14355
437.3114,-400.43002,1033.94617
438.28740999999997,-401.15897,1044.54834
438.58444000000003,-400.98254,1055.1781
439.58594000000005,-400.18137,1064.76648
440.00390999999996,-399.70224,1074.1345199999998
440.1676,-399.16013,1083.7793
442.3924,-399.41565,1091.01074
443.26221,-399.21898999999996,1098.01721
444.75363,-399.36261,1104.1272
445.72235,-399.18362,1109.76062
446.38837,-398.87952,1114.28845
447.15692,-398.46837999999997,1117.50439
447.43237,-398.20956,1120.04626
447.9003,-398.38116,1121.29822
448.39597000000003,-398.01605,1121.81824
449.4873,-397.95251,1120.6550300000001
449.8848,-398.1109,1118.34448
449.98804,-397.66876,1115.10889
450.73355,-397.62851,1111.3192099999999
450.66263,-397.1329,1106.1726099999998
450.87032999999997,-397.1875,1100.6958
451.20602,-396.33981,1094.07312
451.23389000000003,-396.04715,1087.32764
451.08243,-395.76575,1079.33899
451.19189000000006,-395.42017000000004,1070.8872099999999
450.54623,-394.55908,1062.39001
450.92523,-394.63657,1052.21741
451.14865,-393.68311,1042.11719
450.87073,-393.18369,1031.38184
451.24895999999995,-392.55573,1020.05029
449.9635,-391.51022,1009.43536
448.62323,-390.42331,997.6583300000001
447.16205,-389.55255,986.06116
443.60132000000004,-387.75903,975.1519800000001
440.98203,-387.0397,967.74823
440.10077,-386.94531,965.24603
439.95892000000003,-387.15182000000004,967.11835
438.50757000000004,-387.40906,969.54791
438.38229,-388.0787,973.54791
436.91652999999997,-387.90802,979.6898800000001
436.24097,-388.64508,985.99286
435.68115,-389.07709,995.10822
435.97357,-389.77771,1003.72321
435.94210999999996,-390.56104,1014.0150800000001
436.90549000000004,-392.70435,1024.33093
436.98217999999997,-393.34286000000003,1035.57678
437.08124000000004,-394.81946,1045.89417
437.61505,-396.24051000000003,1056.2247300000001
437.49557000000004,-397.81961,1065.56091
437.70605,-398.95215,1074.5430900000001
438.60629000000006,-399.76727,1082.23157
437.98650999999995,-400.86469,1089.3559599999999
437.45218,-401.59924,1095.85095
437.68010999999996,-402.88596,1100.37
436.31363,-402.80157,1104.93201
437.81607,-404.48627,1106.32397
437.0423,-405.4115,1107.3446
436.90671,-406.04907000000003,1106.77332
436.95102,-406.94693,1105.27991
436.55124000000006,-407.72116,1102.78271
435.89767,-408.10373,1099.33081
436.52536,-409.67368,1094.13843
436.11334000000005,-410.88568,1088.77795
436.06448,-412.70175,1081.97974
436.30298,-413.34119,1074.4325
436.11258,-414.35573999999997,1065.95398
435.70535,-414.98102,1057.78052
434.58590999999996,-415.46414,1048.74963
437.94897000000003,-418.62955,1036.99695
437.06042,-419.03482,1026.89319
436.48932,-419.73565999999994,1016.21832
436.44100999999995,-420.7113,1005.1152300000001
435.41790999999995,-421.14078,993.87
433.35413,-422.34842000000003,982.9334699999999
431.71353,-422.4198,974.0192300000001
430.98907,-424.07224,967.25586
431.74332000000004,-424.78708,964.9096099999999
433.76874000000004,-425.95282000000003,964.7683099999999
435.44226,-427.12917999999996,966.9068599999999
438.08660999999995,-428.99965999999995,970.2312599999999
440.70862,-430.5809,975.1130400000001
442.76250999999996,-431.94210999999996,981.88489
446.1163,-432.56229,989.8630400000001
448.569,-434.25198,999.05719
452.38409,-436.02652,1008.3621199999999
456.11062999999996,-438.04000999999994,1018.71069
455.78961,-438.49245999999994,1030.16406
461.34531,-441.56985,1040.95276
467.47995,-442.75049,1050.11072
472.05175999999994,-445.01968,1060.44812
476.55782999999997,-447.15463,1070.05444
481.61190999999997,-449.0961,1078.75134
486.22635,-451.38272,1087.06934
491.39367999999996,-452.90491,1094.01123
497.09103,-454.39175,1100.29041
502.58212000000003,-456.17917,1104.99939
505.40018,-457.47705,1110.6444099999999
508.86539000000005,-457.86539000000005,1114.07275
513.9979900000001,-459.0162,1115.7282699999998
518.0604900000001,-459.66733,1117.3613300000002
520.6094400000001,-459.77588,1117.79089
525.42035,-460.33832,1117.05432
525.61499,-460.69629000000003,1116.58972
529.76617,-461.58337,1113.22607
533.21527,-461.31505999999996,1109.48315
536.0849599999999,-461.6514,1105.28845
539.25342,-461.52164000000005,1099.62671
540.94312,-461.19485,1093.68115
542.86578,-461.53042999999997,1086.83398
544.77783,-461.79540999999995,1079.349
546.85638,-461.63555999999994,1072.0023199999998
548.34094,-460.90665,1063.1826199999998
550.22479,-461.39404,1054.42126
551.26935,-461.16379000000006,1044.4139400000001
552.36633,-460.55219000000005,1034.3143300000002
553.8632200000001,-460.90753,1023.57416
554.96143,-460.57455,1013.03302
554.83588,-460.78806,1001.66571
556.64771,-461.23679000000004,989.8892199999999
557.35272,-462.62552,978.07562
557.2590299999999,-463.94406,966.47906
557.93396,-466.18201,956.84845
558.784,-467.76993,950.11194
561.7310200000001,-469.28955,949.8123199999999
564.04773,-469.6069,951.6619300000001
567.92108,-470.65958,955.23962
570.51532,-471.17578,960.41583
574.44574,-472.63745,967.0488300000001
576.41589,-472.93958,975.22699
580.05511,-472.82404,984.39276
582.81982,-472.45944000000003,994.86615
585.07715,-471.8389,1006.0484
589.47803,-472.15369000000004,1017.9802900000001
592.745,-471.65915,1029.0791
594.29395,-470.85892,1040.97229
596.59998,-470.08243,1052.28125
597.57831,-469.74582000000004,1063.25574
598.3454,-469.31815,1073.86023
598.97479,-469.02630999999997,1083.5062300000002
599.6955,-469.11328,1091.48254
600.35083,-469.31174000000004,1099.07776
600.65735,-469.64304000000004,1105.2675800000002
601.16583,-469.79382000000004,1109.8388699999998
600.20508,-471.00339,1113.0828900000001
600.3656599999999,-471.45895,1115.24854
600.61157,-472.47601,1115.6333
600.44836,-473.00378,1115.276
600.90247,-473.15615999999994,1113.92151
602.65277,-474.21088,1111.4692400000001
603.26233,-474.34612999999996,1107.61633
604.5316799999999,-475.24102999999997,1103.80823
605.32617,-475.71347000000003,1098.58545
606.7229,-476.41327,1092.67224
608.56995,-476.84653,1086.1611300000002
609.78119,-477.83315999999996,1078.45776
611.44019,-478.27692,1070.94128
612.3817700000001,-478.35724000000005,1061.8075
613.6528900000001,-479.24627999999996,1052.90637
614.8656,-479.36078,1043.56958
616.00269,-479.00327000000004,1033.2511
617.8134200000001,-480.06685999999996,1023.14099
618.77368,-480.0206,1012.50739
619.61041,-480.93762000000004,1001.73291
621.73535,-482.21322999999995,991.3280599999999
623.0708,-483.95255,981.4043
,,
624.06891,-485.3627,970.3303199999999
624.59198,-484.7515,970.7484099999999
625.78027,-483.88971,972.6737699999999
626.8454,-483.56325999999996,977.3580300000001
628.15833,-482.7095,982.95599
628.9164400000001,-481.50763,990.43701
,,
630.60516,-479.13672,1009.3537
631.91998,-478.17435,1020.3290400000001
632.2117900000001,-476.40088,1030.43115
632.50781,-474.61397999999997,1041.38904
633.2143599999999,-473.04776,1051.88208
633.68787,-471.95995999999997,1062.0542
634.28662,-469.76525999999996,1071.90405
634.57733,-469.1366,1081.31604
635.0946700000001,-467.7363,1089.36536
635.33502,-466.52682000000004,1097.0300300000001
635.7504299999999,-466.05829000000006,1103.57495
,,
636.86237,-464.79169,1114.16211
637.75507,-464.30347,1117.7993199999999
637.74933,-463.64162999999996,1120.37292
638.46173,-463.23062000000004,1121.7645300000001
638.92334,-462.46954000000005,1121.76587
639.47839,-462.46472,1121.20886
640.32318,-462.22265999999996,1118.97583
641.42426,-461.58392000000003,1116.4845
642.03473,-461.73742999999996,1112.81946
642.4635599999999,-461.36008,1107.89221
642.87732,-461.19205,1102.66418
643.74127,-460.77910999999995,1096.47705
644.05597,-460.75394000000006,1089.12769
643.97614,-460.62973,1081.87817
644.55292,-460.40894000000003,1073.1513699999998
645.0683,-460.3942,1064.63794
645.422,-460.44644000000005,1055.3407
645.61505,-460.25397000000004,1045.62878
645.5069,-460.46909000000005,1035.0997300000001
646.3562,-461.0665,1024.8048099999999
646.65936,-461.51955999999996,1013.53076
646.76001,-462.72333,1002.37109
648.1983,-464.37177,991.4184
649.19153,-466.2168,979.9409800000001
649.4683200000001,-468.96862999999996,969.35321
650.57007,-470.29318,962.4091199999999
651.59723,-471.01592999999997,960.63361
652.57526,-471.49199999999996,962.1925699999999
654.2229,-471.694,964.7642199999999
656.38605,-471.6076,968.74548
657.4810200000001,-471.50890999999996,974.039
659.0004299999999,-471.02173,980.69421
660.67346,-470.28064000000006,988.79718
662.75311,-469.55951,997.7451199999999
664.71277,-468.18149000000005,1006.7605
669.0083599999999,-467.28339000000005,1017.0835
670.75629,-465.28073,1025.94189
674.18445,-463.56607,1035.95044
677.34912,-462.05102999999997,1045.73157
679.6662,-460.2951,1055.1104699999999
682.11005,-458.99161,1064.24353
684.29401,-457.54297,1072.84473
686.36603,-456.38457999999997,1080.65381
687.75757,-455.52884000000006,1087.27747
689.44849,-454.73459,1093.6312300000002
690.11743,-454.06805,1098.22424
691.61438,-453.68933,1102.21545
692.7320599999999,-453.02704000000006,1104.47693
693.8783599999999,-453.39764,1105.4542199999999
694.97516,-452.95605,1105.63611
695.96484,-452.45755,1104.1239
696.47546,-452.63422,1101.7124
698.1243900000001,-451.98407000000003,1098.54175
698.56897,-451.89612,1094.1131599999999
700.30646,-451.63724,1089.52075
702.67657,-451.19162,1083.67517
704.03607,-450.47968,1076.92993
705.98901,-450.18380999999994,1069.56165
707.47131,-449.97974000000005,1061.35449
709.73151,-448.98785,1052.85095
712.61768,-448.78857,1043.96802
714.20178,-448.49771,1034.32935
715.62793,-448.12424000000004,1024.01379
717.60339,-448.24973,1013.62445
719.29626,-448.09604,1002.8887900000001
721.67737,-448.81912,992.03479
723.9563,-449.82074000000006,981.1983
725.88391,-450.66531,972.38489
729.3029799999999,-451.32465,966.6823099999999
732.2289999999999,-450.50375,965.7315699999999
736.54266,-450.05307,967.01178
741.46765,-449.16195999999997,969.5872199999999
746.03705,-448.40792999999996,973.85956
750.22968,-446.55575999999996,979.50421
754.53497,-445.05417,986.3574800000001
758.6203,-443.2226,994.87335
762.4252299999999,-441.06723,1003.50458
766.88776,-438.65310999999997,1012.7573199999999
770.2125900000001,-436.0441,1021.9433
773.70367,-433.46152,1032.0101300000001
777.4114400000001,-430.82030999999995,1042.125
781.13281,-428.25974,1051.30408
784.47577,-425.84109000000007,1060.01001
787.82196,-422.92462,1068.45313
790.12769,-420.07592999999997,1076.33826
794.00995,-417.52417,1083.7439
796.94519,-415.07462000000004,1090.38696
799.80872,-412.97333,1096.11157
802.27277,-410.6069,1100.91431
804.88672,-408.34827,1104.47424
807.4719200000001,-406.81882,1107.8328900000001
809.68585,-405.05066,1109.4483599999999
812.40411,-403.20309,1110.60217
814.4739400000001,-401.38635,1109.96863
816.62854,-400.53078999999997,1108.68665
818.5332,-398.62964,1106.0658
821.0402799999999,-397.31757000000005,1102.69336
823.59729,-396.3269,1098.54395
825.94867,-395.54632999999995,1093.10669
828.7265,-393.64136,1088.06885
829.34961,-391.61401,1081.1853
831.38458,-389.60196,1074.4747300000001
,,
835.57117,-386.89771,1059.35315
836.27875,-384.84781,1050.3029800000002
838.0036,-382.82552999999996,1041.9315199999999
837.6153,-380.89923,1031.82239
840.21777,-379.02716000000004,1023.0163
841.6701699999999,-377.56768999999997,1013.1538099999999
843.80579,-376.52072000000004,1003.23639
845.4024699999999,-375.78979,992.7179
847.7363300000001,-375.47955,984.08411
850.21655,-375.58725,976.1012599999999
852.71954,-374.70877,971.80444
854.33459,-373.00174,972.5452300000001
856.13538,-371.40302,974.74866
858.40259,-369.50385,978.31555
859.79926,-366.75244,982.3793900000001
861.87134,-365.284,988.9042400000001
863.17218,-363.33246,997.0880699999999
864.2738,-361.86465,1005.91223
864.81,-360.76346,1015.2434099999999
865.6628400000001,-359.99991,1025.5658
865.86499,-358.767,1035.41431
865.9237699999999,-358.22787,1046.1472199999998
866.26465,-358.06888,1056.74341
866.7813699999999,-357.54346,1066.57446
866.68005,-357.35175,1076.0366199999999
866.91852,-357.4791,1085.09766
867.9636800000001,-357.40335,1093.7699
868.2036099999999,-356.72067000000004,1101.48376
869.0072,-356.57901,1107.86292
870.49115,-356.22949,1113.1580800000002
872.2805199999999,-356.88181000000003,1117.94092
873.5736099999999,-355.95169,1120.92004
875.7157,-354.90948,1123.12146
877.40088,-353.71576,1123.40417
879.8339199999999,-352.61221,1123.53235
882.39178,-352.04422,1122.17188
884.8361800000001,-350.27472,1119.55078
887.1315300000001,-348.27097000000003,1116.30908
888.8956300000001,-347.0928,1112.37708
891.2672699999999,-345.26764,1107.17834
894.3388699999999,-343.85208,1101.97729
895.7687400000001,-342.7872,1095.62488
897.6369599999999,-341.17496,1088.47852
900.37665,-339.19852000000003,1081.45935
901.4281,-337.832,1073.53772
902.7547599999999,-335.72537,1064.99023
904.7379199999999,-334.1568,1056.45337
905.4813199999999,-331.80343999999997,1047.02051
906.65179,-329.61188,1037.10205
907.8543099999999,-327.095,1027.5726300000001
909.64905,-325.4631,1017.65204
910.2180800000001,-322.21262,1005.6441
910.84686,-320.29706,994.97589
912.27625,-317.73184,983.3850699999999
914.05225,-316.5817,971.6236
915.17169,-315.2092,959.1950099999999
916.05933,-314.15839,947.41302
917.04254,-313.77759,936.9483
917.2288800000001,-313.33112,927.9409800000001
916.9035,-312.43102999999996,923.34967
915.0015300000001,-310.69777999999997,920.5750099999999
913.40405,-308.23073999999997,919.1774300000001
912.6212199999999,-306.91107,920.36951
910.7869300000001,-303.86548,922.8325199999999
910.1201199999999,-302.95242,927.4376199999999
908.1002800000001,-301.12753,932.3607199999999
907.07159,-299.76236,938.68781
907.5704300000001,-299.02692,946.70715
906.87115,-298.21942,955.09552
907.2700199999999,-298.02295,964.1257300000001
907.10614,-297.9892,974.58154
907.43195,-298.91379,984.53131
907.66516,-299.80823,995.72009
909.3161,-301.04391,1006.9033800000001
910.44415,-303.18365,1018.40765
911.6925,-304.47165,1030.0675
913.35614,-306.40265,1041.2041
914.63904,-307.88153,1052.78101
916.3100599999999,-310.21725,1063.8300800000002
917.94788,-312.13757000000004,1074.06897
920.0875900000001,-314.37262000000004,1084.17151
922.0640300000001,-316.03326,1093.68042
924.28705,-317.65167,1102.47156
926.1121199999999,-318.91718,1110.10181
928.10968,-319.95953,1117.44275
930.20636,-320.2294,1123.4951199999998
932.0058,-320.96823,1128.87402
934.1199300000001,-320.66342000000003,1133.36621
935.77264,-320.90631,1136.2463400000001
937.3612699999999,-320.54123,1138.5095199999998
938.22687,-320.6525,1138.97583
939.4843800000001,-320.4563,1138.47668
940.48413,-320.6615,1137.3486300000002
940.6840199999999,-320.70718,1134.30042
941.69977,-321.08835,1130.64063
941.99951,-320.85152999999997,1125.54529
942.0192300000001,-321.24377000000004,1119.69775
941.97656,-321.35175,1112.9555699999999
941.4104,-320.63347999999996,1105.2440199999999
941.3240400000001,-320.54474,1097.23206
940.5886199999999,-319.72186,1088.69775
939.77576,-318.55438,1079.33984
939.4970099999999,-317.74356,1070.02417
938.48615,-316.60059,1060.35706
937.53021,-314.32721000000004,1050.38367
936.3721300000001,-312.34409,1040.24805
935.013,-309.27859,1029.28931
934.13409,-307.27457000000004,1019.07324
933.7478,-305.00131,1008.11725
932.96729,-302.64828,997.39496
931.90442,-301.38742,985.53729
931.5401,-300.24066,974.05585
930.1449,-300.12607,962.49915
929.7651400000001,-300.94777999999997,951.1618699999999
929.23535,-302.06708,939.88959
928.7700800000001,-304.19009,929.46271
928.18427,-305.72283999999996,921.2619599999999
928.09015,-307.88199,916.1986699999999
928.30017,-310.76425,915.72614
927.9395800000001,-312.63736,917.0957
928.18567,-314.4794,919.3458300000001
927.68646,-316.38492,923.9079
926.0174,-318.01959,928.7713
925.7230800000001,-319.5506,935.64124
925.36725,-321.56158,942.5093400000001
925.17645,-322.87753,950.7257099999999
924.4599599999999,-324.01052999999996,959.7778900000001
924.0957,-324.29227000000003,969.9959699999999
923.7225300000001,-325.12766,980.46094
923.27905,-324.87369,991.9091800000001
922.3226900000001,-324.34848,1003.52704
922.40082,-324.02022999999997,1015.5293
921.48969,-323.17886,1027.11377
920.6723599999999,-321.98717999999997,1038.56958
919.2136800000001,-320.46509,1049.4165
918.50385,-318.95755,1059.95154
916.74359,-317.0246,1069.78149
915.51605,-315.64447,1078.7999300000001
914.03229,-314.12344,1087.45081
912.55524,-312.01883,1095.00305
911.79199,-311.01425,1101.91687
909.8851900000001,-308.72675,1107.55371
908.80884,-306.81607,1111.79285
906.59015,-304.94162,1114.8442400000001
904.42261,-302.33359,1116.67236
901.62244,-299.608,1116.84619
900.49646,-297.47463999999997,1116.67871
898.4785199999999,-294.86852999999996,1115.30286
895.3262300000001,-291.86496,1112.10657
893.4069800000001,-288.84763,1108.85889
891.34235,-286.03021,1103.99438
888.7315699999999,-283.66721,1098.78113
886.0553,-280.65277000000003,1092.1488
884.2335800000001,-278.1575,1085.18738
880.21606,-275.11374,1076.86646
877.453,-272.86208999999997,1067.9082
874.3825099999999,-271.42715,1058.4592300000002
871.22772,-269.42169,1048.0
868.0481599999999,-268.52222,1037.2205800000002
865.47815,-267.83176000000003,1026.41821
862.78522,-267.41025,1014.94965
860.5446800000001,-266.3717,1002.73859
859.6273800000001,-267.36157000000003,991.0831900000001
859.53925,-269.22589,979.9436
860.29163,-271.52374,968.5332
862.56604,-274.23376,958.0886800000001
864.14026,-277.66598999999997,949.14899
867.5268599999999,-281.38544,944.11902
869.89136,-283.25964,941.17255
872.10272,-283.68234,939.15979
872.9685099999999,-283.91711000000004,937.4082599999999
874.1668099999999,-283.64612,937.2337
874.48407,-282.26987,937.3825099999999
874.6695599999999,-281.18561,938.39459
874.7089800000001,-280.23712,941.46204
874.41479,-278.67319,945.7569599999999
874.10236,-277.4953,950.8023099999999
873.0709800000001,-275.16315,956.8585800000001
873.1336699999999,-273.87573,964.52576
872.35095,-272.56924,972.3512
872.8317300000001,-271.12692000000004,981.99225
871.0532199999999,-269.49933,990.33014
871.22827,-268.27448,1000.54706
870.51813,-266.35504,1009.9694800000001
869.5474199999999,-264.77155,1020.3798199999999
869.3335599999999,-262.63364,1030.39917
868.49335,-260.52797999999996,1040.08691
866.94495,-258.3096,1049.19397
866.3091400000001,-256.20267,1058.6095
865.73596,-253.79124,1067.2998
864.4301800000001,-251.74155,1075.38708
862.51764,-249.21536,1083.12805
861.5568199999999,-247.51605,1090.07764
860.0474199999999,-245.02606,1096.28503
858.58185,-243.24837000000002,1101.96899
857.96619,-242.00696000000002,1106.39063
856.0896,-241.16586,1110.14697
854.55792,-239.71017,1112.48315
852.9331699999999,-238.75995,1113.32935
850.4511699999999,-238.19542,1113.1798099999999
849.4738199999999,-238.22432999999998,1112.14197
848.4653900000001,-237.98702999999998,1109.48438
846.34125,-237.91737,1105.69739
844.00391,-237.72475,1100.38977
842.4074699999999,-237.71312999999998,1094.79968
840.1007699999999,-237.7887,1087.53125
837.71185,-237.93866,1079.86389
836.25995,-237.94336,1071.13611
833.2412099999999,-238.75762999999998,1061.7817400000001
830.59406,-239.56174,1052.10706
828.03467,-240.30548,1041.94336
826.1904900000001,-240.63133,1031.3689
824.1003400000001,-240.84396,1021.492
821.86383,-241.79831000000001,1010.4837
820.8413099999999,-243.04137999999998,1000.23114
819.02637,-243.4989,990.0418099999999
817.8667,-243.2612,980.1541699999999
816.2804,-243.91371,970.7459699999999
814.9832200000001,-243.92584,962.24457
814.4249900000001,-243.73155,954.3010300000001
813.83478,-243.31947000000002,947.7356599999999
814.5684200000001,-242.05142,942.2289400000001
814.1419099999999,-241.32813,938.4544699999999
814.91003,-240.16037000000003,937.05719
816.0435200000001,-238.58015,937.65588
816.8728,-237.94101,939.61786
818.4444,-237.20247999999998,943.3012699999999
819.46661,-235.79562,948.2095300000001
820.17261,-234.52786,954.18719
821.19891,-233.41815,961.43561
821.56439,-233.07982,969.0086699999999
821.66968,-232.92812999999998,977.52307
821.9129,-232.82747,986.9119900000001
822.03625,-232.75397999999998,996.53619
822.42877,-233.7413,1007.0001199999999
821.62994,-234.74808,1016.7385300000001
820.48065,-235.57692000000003,1026.72803
819.54706,-237.03285,1036.67908
817.29633,-238.11907999999997,1045.96838
815.85767,-240.20709,1055.17224
813.49432,-242.28587000000002,1064.03589
811.25208,-244.69752999999997,1072.01233
809.09973,-247.16353999999998,1080.0692099999999
806.47266,-249.55647000000002,1086.55615
803.0654900000001,-252.46756000000002,1092.47668
799.32434,-255.06412000000003,1097.0105
796.04095,-257.9129,1100.7374300000001
792.40387,-260.8656,1103.06604
788.24274,-263.21054,1104.44812
783.77045,-266.92593,1104.52661
779.52161,-270.1752,1103.17749
775.4287099999999,-273.32077000000004,1101.30042
770.48779,-275.90578999999997,1097.2548800000002
766.2384599999999,-278.88846,1092.7926
760.54425,-281.92177999999996,1086.21887
755.41492,-284.50023999999996,1079.4511699999998
751.56891,-286.80936,1071.19946
746.0155599999999,-289.66455,1061.8745099999999
741.00897,-291.80548,1051.62634
736.59802,-294.56686,1040.41785
732.0863,-296.68176,1029.12463
726.82782,-298.40792999999996,1016.61975
723.28918,-301.53817999999995,1004.3109699999999
720.5344200000001,-304.74393,991.2855800000001
718.13489,-309.06583,978.84229
716.0813,-311.75754,968.55511
713.6741900000001,-313.28241,962.8197
710.7130099999999,-313.96103,961.80945
708.56982,-315.20797999999996,962.7819800000001
705.8606599999999,-316.36169,965.4481199999999
702.2713,-318.39513999999997,969.88226
697.48199,-319.90762,976.10864
692.9200400000001,-321.79068,983.6776699999999
688.3903799999999,-323.56203999999997,991.90515
681.78015,-324.95822000000004,1000.44073
676.88275,-326.90337999999997,1009.45251
670.14862,-329.12915,1018.7573199999999
664.96698,-330.7796,1028.59644
659.73499,-333.04202000000004,1038.0673800000002
654.02002,-334.53087999999997,1047.61292
648.91473,-336.16763,1056.56775
644.95831,-337.59533999999996,1065.79236
639.91479,-338.38293,1073.13049
636.87555,-339.53078999999997,1080.63831
633.8064,-340.78592000000003,1087.12183
630.07855,-342.01468,1092.44849
627.42145,-341.88989,1097.10229
624.63983,-343.54233,1100.60071
622.63995,-344.56737999999996,1103.37769
619.30328,-345.34521,1104.89563
616.93719,-346.49343999999996,1105.8311800000001
614.81604,-347.65283,1105.93201
612.4942599999999,-349.12772,1104.7446300000001
610.12018,-350.18137,1102.6663800000001
607.88306,-351.22302,1100.37817
604.76703,-352.26266,1096.61816
601.91479,-353.4469,1092.85083
598.37805,-355.12521,1088.19031
594.5794099999999,-355.5361,1082.51819
591.57117,-356.42932,1076.43408
588.08563,-356.73102,1069.4442099999999
584.4377400000001,-357.73837000000003,1062.1738300000002
579.48492,-357.92239,1054.17651
576.16125,-358.52502000000004,1045.87646
572.02411,-358.09921,1036.60718
567.4703400000001,-358.34937,1026.87439
562.7382200000001,-358.09476,1017.1586300000001
559.47375,-359.26052999999996,1006.96832
554.3996599999999,-360.03213999999997,996.27716
550.39636,-361.38596,985.7384
546.39832,-362.98477,976.2550699999999
543.1813400000001,-365.23404,969.20569
540.14551,-366.36562999999995,964.95837
536.73138,-366.65259,965.20636
532.87335,-367.14365,967.4921300000001
529.6535,-366.99463,971.2207
526.05457,-366.48615,976.8679800000001
521.24036,-365.28571,983.7025800000001
517.2488400000001,-364.50632,991.0468099999999
512.6980599999999,-363.34775,999.7648300000001
508.75890999999996,-361.92523,1010.00604
505.24844,-360.37387,1020.1350699999999
501.9903,-359.51886,1030.13525
500.08905,-358.43011,1041.24744
496.31949000000003,-357.03586,1051.82214
494.24234,-356.27727999999996,1062.0076900000001
492.28036,-355.75208,1072.16003
491.32086,-355.37958,1081.53113
489.26144000000005,-355.35553,1090.4845
487.84869000000003,-355.24692000000005,1098.56152
486.20224,-356.02945,1105.75427
485.68369,-356.73849,1112.43616
484.95279000000005,-357.84634,1116.45227
483.8252,-358.60013,1121.44226
484.50748,-360.23703,1123.2224099999999
482.73154000000005,-361.65612999999996,1125.1027800000002
481.66104,-363.22213999999997,1125.94983
479.83367999999996,-364.25931,1125.89282
479.37747,-366.12847999999997,1124.5521199999998
478.68878,-367.24948,1122.40955
476.33569000000006,-368.91565,1120.32031
475.59454000000005,-369.30771,1115.88782
473.67908,-370.88268999999997,1111.41101
471.71017,-371.46713,1106.4500699999999
467.52151,-373.02443999999997,1100.58142
466.73526,-373.14511,1093.2440199999999
465.35486,-372.96552,1085.88928
462.52469,-372.90598,1078.29663
460.4584,-372.75638,1069.85474
457.11785999999995,-372.47495,1061.33142
454.65185999999994,-371.85641,1051.8076199999998
452.40308,-371.81195,1042.0968
449.61075,-370.94196,1031.75195
446.6106,-370.04152999999997,1021.1724199999999
443.55615,-369.27286000000004,1010.54797
440.65213,-368.79337000000004,999.4248699999999
437.48914,-368.65906,988.2981599999999
434.50208,-368.74286,977.8504
431.90536,-369.46606,969.1038800000001
429.4303,-369.85156,962.94751
426.77203,-369.40427,960.4240699999999
424.19375999999994,-368.74438,961.2366900000001
421.8963,-368.28087999999997,962.7847300000001
418.88824,-366.9823,966.63385
416.93953999999997,-366.19537,971.55725
415.12032999999997,-365.93737999999996,977.88446
414.86661000000004,-366.07452,985.1272
414.37622000000005,-366.26639,993.3784199999999
414.59348,-366.28384,1002.5794099999999
414.49939,-366.46063,1011.5097
414.40216000000004,-366.16058,1020.47815
414.57306,-365.97479,1030.0238
414.71967,-365.17404,1038.4249300000001
414.42456,-364.51687999999996,1047.48303
414.97238,-364.28927999999996,1054.99243
415.25588999999997,-363.36166000000003,1062.44873
415.63705,-363.00833,1068.91553
416.11227,-363.32611,1074.63782
416.79315,-363.28165,1079.74622
417.27985,-362.61142,1083.03223
417.73126,-362.81061,1086.19751
418.75214,-363.01144,1088.18652
419.0202,-363.27554,1088.20093
420.38971,-363.61124,1087.57825
421.38507000000004,-364.56161000000003,1085.55872
421.42413,-364.51867999999996,1083.12329
422.59655999999995,-365.35071,1079.20374
423.44308,-366.1282,1074.35791
424.33907999999997,-366.94275,1068.70288
423.83914000000004,-366.84235,1063.13062
425.71982,-368.07297,1055.68445
426.32574000000005,-368.8176,1048.37769
426.70786,-370.00842,1039.97571
427.16479000000004,-370.49442,1032.21594
427.71786,-371.69879,1023.80219
428.72185999999994,-372.64075,1013.77271
427.95581,-372.87509,1004.87238
427.50482,-374.13492,995.53448
427.27469,-375.25702,986.25134
425.8288,-376.66016,978.24365
425.47324000000003,-377.4671,972.4934099999999
425.06857,-378.02423,969.0304
426.01592999999997,-378.33115,969.83917
426.19547,-379.10565,971.45251
426.54285,-380.14862,974.86945
426.86047,-381.11444,979.31287
427.65054000000003,-383.36105,985.02808
427.59918,-384.07288,991.7179
427.31125,-384.95333999999997,999.5921
427.71509000000003,-386.27383,1007.73419
428.68539000000004,-386.81088,1016.19275
428.27475,-387.47906,1025.08521
428.4769,-387.87967000000003,1033.64429
428.75433,-387.86469,1041.94714
429.03185999999994,-387.96759,1049.5105
429.62237999999996,-388.30099,1056.61816
428.98195999999996,-387.88403,1063.6340300000002
429.33297999999996,-387.62579,1069.05859
428.79349,-386.96698,1074.38379
428.59735,-386.66171,1078.7069099999999
428.33945,-386.42892,1081.94604
427.55035,-386.17181,1084.46228
427.15725999999995,-385.36688,1085.71582
425.78479000000004,-384.51917000000003,1086.10938
425.02576,-384.07629,1085.45496
424.6438,-383.8432,1083.1226800000002
422.87274,-382.68172999999996,1079.9729
420.85257,-381.9967,1076.24866
420.46576,-381.32257000000004,1071.03699
419.17502,-380.86105,1064.65308
418.18771,-380.03018,1058.01135
416.75125,-379.06995,1050.50293
415.53915,-378.1586,1042.6386699999998
415.45828,-377.1091,1033.7395
413.88782000000003,-375.95763999999997,1024.51331
412.63947,-374.6333,1015.15088
412.05078,-374.1441,1005.29669
410.7518,-374.08942,995.1579
409.20313,-374.12793,984.7439
406.3172,-373.88556,975.62451
403.86316,-375.10925,969.06421
403.62987999999996,-375.96884,965.80505
403.30795,-377.6655,967.55219
401.9541,-379.27527000000003,970.1405599999999
401.28488,-380.11813,973.73535
400.30896,-381.27628,978.4525800000001
399.1799,-382.51877,983.58521
398.04967999999997,-383.3725,990.17285
397.29068,-384.10013,996.4327400000001
395.96896,-385.08023,1003.3031
396.10138,-385.96963999999997,1009.6746800000001
395.55994,-386.32903999999996,1015.47821
394.66461,-386.24869,1021.18927
394.77371,-386.79708999999997,1025.71985
394.27954,-386.48343,1029.63049
393.6759,-385.86618,1032.83081
393.41052,-386.05841000000004,1034.20264
393.95709,-386.38518999999997,1035.2902800000002
394.16855,-386.62186,1035.2523199999998
395.00137,-387.2301,1034.47083
394.9223,-387.55231000000003,1032.88965
395.10849,-387.81665,1030.2961400000002
397.27187999999995,-389.58083999999997,1026.52747
398.56906000000004,-390.28198,1021.6057099999999
400.6423,-390.67999,1015.30109
403.15828999999997,-391.99408,1008.4273099999999
404.57526,-391.96243,1001.49603
407.03137000000004,-393.46735,992.86145
408.51669,-394.13641,984.2619
409.84256,-395.62753,975.09973
409.69696,-396.85901,966.81384
409.38644,-399.41031,959.5595699999999
409.15988,-400.96457000000004,957.29718
409.7197,-401.57379,961.36407
410.52463,-403.0976,966.0451
409.35382000000004,-404.83673,971.87604
409.5361,-406.37997,978.534
408.68197999999995,-408.08087,986.5526699999999
408.26724,-410.46652,994.9758300000001
408.54562000000004,-413.20331,1003.33026
408.12381,-415.12027,1012.83746
409.3262,-418.41222999999997,1021.24103
409.47101000000004,-420.63170999999994,1029.71216
411.21439,-424.2402,1036.94055
411.68521,-426.6373,1044.23938
412.50504,-429.39432,1050.05103
412.78018,-430.86292000000003,1055.87024
413.9277,-432.70724,1060.2061800000001
413.78893999999997,-434.30276,1064.41235
414.47934,-436.37183,1067.10425
414.8208,-436.86731,1069.38025
414.48138,-437.02539,1070.34106
413.94925,-437.30880999999994,1070.59961
413.46191,-436.99683,1069.46838
412.29776,-436.67001,1067.69873
411.73184,-436.3103,1064.89832
411.25314,-436.1503,1060.5481
409.9895,-435.52585,1055.24658
409.8992,-435.05289000000005,1048.95679
409.05865,-434.3446,1042.4506800000001
408.67142,-434.25937000000005,1034.8460699999998
407.99066,-433.73193,1026.17749
407.94338999999997,-433.62408,1016.8955699999999
406.95599,-433.60565,1007.3952
407.26428,-434.4744,996.6586900000001
405.19379,-434.99335,987.28162
404.14583999999996,-437.33511,976.2254
400.90414,-439.19812,966.43707
398.36984,-441.8764,961.2442599999999
397.43381,-443.85195999999996,960.3624300000001
396.69653,-445.45592999999997,963.5125699999999
396.16427999999996,-447.28567999999996,967.68298
395.30307,-449.06458,972.8364300000001
394.3443,-450.53490999999997,978.91425
393.41522000000003,-451.80188,986.4100300000001
392.94527999999997,-452.19214000000005,994.4467800000001
392.09381,-452.82565,1003.18475
391.97195,-453.15671,1011.4483
391.48958999999996,-453.64349000000004,1019.58649
390.95023,-453.16962,1028.00293
390.83942,-453.71445,1035.3898900000002
388.44113,-451.57919000000004,1043.09033
,,
385.54938,-449.36252,1056.9207800000001
385.37656,-448.91772000000003,1062.38965
383.22806,-447.42911,1067.4436
382.4252,-446.23330999999996,1071.08374
382.19525,-446.12262000000004,1073.67993
382.00314,-446.03060999999997,1075.81409
382.01912999999996,-446.25640999999996,1076.30139
381.83734,-446.26937999999996,1076.21704
381.95544,-446.97394,1074.96606
383.02304,-448.17075,1072.76135
382.87021,-448.50100999999995,1070.01855
384.26227,-449.60144,1065.2595199999998
385.84792999999996,-451.59354,1060.17957
386.59508999999997,-452.23694000000006,1054.92456
386.85217,-453.08539,1048.70251
388.92672999999996,-454.26355,1041.20715
389.90195,-454.63644000000005,1033.40222
390.70511,-455.08923,1025.26501
392.55093,-455.60458,1016.21161
392.50757000000004,-455.75592,1006.4644199999999
392.24463,-455.83455999999995,996.89624
392.83133,-456.28986,986.7725800000001
392.55643,-457.01980999999995,976.39624
391.08276,-457.62012000000004,967.65845
390.50342,-458.17620999999997,961.16431
390.59015,-458.22695999999996,958.5789800000001
391.20004,-458.0593,960.5596300000001
392.95557,-458.67889,963.1564300000001
394.68637,-459.7626,967.76447
395.9863,-459.84827,974.3268400000001
399.3736,-461.94732999999997,981.35065
400.24585,-462.46692,991.16229
401.87906,-463.0755,1001.3240400000001
404.46862999999996,-464.87457,1012.36188
407.16632000000004,-467.12073,1022.7985800000001
409.0072,-468.36264000000006,1034.4266400000001
412.54559,-470.8302,1045.15271
415.39249,-473.50467000000003,1055.87976
418.3493,-475.4678,1065.9194300000001
421.43527,-478.28992,1075.16418
423.29672,-480.20232999999996,1084.52625
426.83289,-482.67135999999994,1091.7622099999999
429.48557,-484.77673,1098.82935
430.97,-486.51870999999994,1104.60156
432.81229,-488.54355,1109.39417
433.82275,-489.80463,1113.15601
435.565,-491.62494000000004,1115.495
435.89484000000004,-492.8436,1116.85449
436.36295,-493.67557,1117.3429
436.3938,-494.43384000000003,1116.31116
436.30862,-495.01007000000004,1114.40479
436.05325,-495.30774,1111.65125
435.53149,-495.51500999999996,1107.6106
435.01059000000004,-495.04382000000004,1103.35181
434.56784000000005,-495.1358,1098.60376
434.07805999999994,-494.81583,1092.9548300000001
433.41907000000003,-493.81192000000004,1086.5896
433.39010999999994,-492.85184000000004,1080.203
432.79614000000004,-491.16202000000004,1073.6663800000001
431.95029000000005,-489.56865999999997,1066.33069
431.57773,-487.59348,1059.05408
430.83275999999995,-485.21579,1051.25244
431.2446,-482.94705,1042.39429
430.69464000000005,-480.42523,1033.83496
429.93960999999996,-477.65227999999996,1024.71936
429.6618,-475.87799,1014.7081300000001
430.22902999999997,-473.11557,1003.96613
428.57364,-471.37863,993.41125
427.36328,-469.92883,982.31421
426.24228,-469.61694000000006,970.4353
424.05048,-469.62704,958.4567900000001
422.31635,-470.61029,946.8933699999999
421.44144000000006,-472.55612,938.68536
422.67709,-474.79610999999994,935.47559
424.02234000000004,-475.89948,934.87506
425.29224000000005,-477.49023,936.4454300000001
426.2464,-477.9769,938.73541
426.6828,-477.99313,941.91669
427.38745,-477.77939000000003,947.14941
427.02414000000005,-477.25600999999995,953.3551
427.255,-476.49658,960.2462800000001
427.8385,-476.80814000000004,968.0313699999999
428.11615,-476.79135,977.3074300000001
429.25185999999997,-477.39203,986.89655
430.62158,-478.28612999999996,997.21796
434.121,-480.27515,1006.7330900000001
434.8147,-482.35693,1017.06445
438.32263,-484.79312000000004,1026.7699
440.72577,-487.08655,1035.69946
443.82718,-488.79596,1044.10645
446.37942999999996,-490.47504000000004,1051.6947
449.58063,-491.55722000000003,1058.4312699999998
452.16028,-492.13525,1063.88318
454.35779,-492.14935,1068.23035
456.61932,-492.23514000000006,1071.64697
458.28238,-492.13849000000005,1074.01831
459.44092,-491.12810999999994,1075.04504
460.30777,-490.21698,1075.42969
460.55429000000004,-488.77878,1074.80664
460.02832,-487.08109,1072.82666
459.81055,-485.10834000000006,1070.58252
458.36572,-482.11877000000004,1067.4093
456.93282999999997,-479.67565999999994,1063.3886699999998
455.9921,-477.05527,1058.57239
454.52025999999995,-474.08727999999996,1053.0813
453.11819,-471.0296,1047.42249
453.56998,-467.63895,1039.8388699999998
453.75125,-465.78052,1031.5750699999999
452.8399,-462.68661,1022.91046
453.72025,-460.90509000000003,1014.0477300000001
453.7338,-458.45815999999996,1004.8574800000001
455.50237999999996,-457.64893,995.30573
458.52950999999996,-457.55615,984.7272300000001
462.48467999999997,-459.00820999999996,973.12585
463.83362,-459.11548,963.677
465.91306,-459.99432,953.3919099999999
467.72052,-461.5965,943.85999
471.03497000000004,-463.73465,935.25543
474.99395999999996,-465.33057,929.2049
479.20407,-465.81702,927.8911099999999
483.26178,-465.87740999999994,928.68842
486.37497,-465.80844,931.8281300000001
489.17715,-465.51955999999996,936.9184
491.59262,-465.22902999999997,942.8100599999999
493.16388,-464.60342,950.44885
494.71188,-463.68655,959.5505400000001
495.66174,-463.01318,968.95197
497.42139000000003,-461.96837999999997,979.0170300000001
498.72263,-461.43372,989.3272099999999
500.36349,-460.36355999999995,999.93604
501.29602,-459.31842,1010.6926900000001
503.49899000000005,-457.94769,1021.20923
505.32828,-457.10959,1030.91077
507.45482999999996,-455.92972000000003,1040.44019
509.47577,-454.7644,1049.07861
512.10284,-453.23489000000006,1057.2686800000001
514.4010599999999,-452.26944000000003,1064.55786
516.6124900000001,-450.89910999999995,1070.8021199999998
518.89197,-449.60125999999997,1076.5076900000001
521.0679299999999,-448.36008,1081.18396
524.0197099999999,-447.9259,1084.83716
525.78271,-446.56795999999997,1087.8853800000002
527.5278900000001,-445.57712000000004,1089.67615
529.51453,-444.71835,1090.58459
530.96637,-443.38210999999995,1090.44263
532.4425,-442.20275999999996,1088.7957800000001
534.16388,-440.8689,1086.87671
534.87769,-439.36902000000003,1083.50281
536.3493,-438.2998,1079.42151
537.04529,-436.82788,1074.4736300000002
538.25787,-436.31586,1068.89417
540.79993,-434.77695,1062.00842
541.71429,-433.53281,1055.05518
542.20117,-432.91625999999997,1047.25159
543.41278,-432.06085,1038.7663599999998
543.87872,-431.0679,1030.21484
545.2179,-430.24051,1020.08405
546.51062,-429.87567,1009.73053
547.8218400000001,-429.46200999999996,998.72925
549.21869,-429.50363,986.99805
550.7185099999999,-429.12427,975.3566900000001
551.50787,-429.95169000000004,963.1080900000001
551.38416,-430.78452000000004,952.05341
552.33868,-433.19872999999995,944.1682099999999
553.1088900000001,-433.72534,941.5341800000001
555.47736,-434.51538,943.2453
555.92548,-435.80841,946.05475
557.26593,-436.23404000000005,950.73907
556.95331,-436.51971,956.3562
557.48639,-436.85632000000004,963.58405
557.39954,-437.04807,972.2670300000001
557.25671,-437.07693,980.8101199999999
557.3903799999999,-437.00385,990.00262
557.86316,-436.60083,999.31616
557.20654,-436.72281,1008.4249300000001
557.2782,-436.53833,1017.25189
556.2611099999999,-435.97281,1026.44849
554.86285,-435.03683,1034.63855
554.65192,-434.81277,1041.69678
552.32025,-433.71435999999994,1049.00134
550.31415,-433.13968,1054.96741
549.32971,-432.77594000000005,1060.06165
546.3338,-430.72485,1064.9812
545.47504,-430.74667,1067.53564
543.68292,-429.55495999999994,1069.89001
541.96912,-428.62552,1070.87573
541.53986,-428.40435999999994,1070.8627900000001
540.07471,-426.86065999999994,1070.23047
539.09985,-426.72641,1068.68115
538.44708,-426.53464,1065.91614
537.31177,-426.24689000000006,1061.8894
537.0493799999999,-427.22769000000005,1057.17371
536.3028,-426.99197000000004,1051.68457
534.60028,-427.04944000000006,1045.88318
535.94122,-426.93719000000004,1038.60291
536.8041400000001,-427.34185999999994,1030.43555
538.49603,-426.57727,1022.18976
538.08417,-428.03310999999997,1014.3209800000001
536.0636599999999,-430.59354,1006.50275
534.52716,-433.04385,999.54095
534.8952,-434.89907999999997,995.0731199999999
534.66333,-436.77649,994.216
535.7235099999999,-438.25836,997.13599
536.65417,-440.91684000000004,1001.13098
536.70825,-443.3613,1005.6886599999999
534.5194700000001,-446.3179,1010.6813400000001
535.2796599999999,-449.3277,1017.06439
536.02716,-451.31032999999996,1024.3504599999999
536.06799,-452.93069,1031.68433
536.25049,-455.02148,1038.47449
537.29645,-456.97130999999996,1045.67407
537.64935,-457.90302,1052.1118199999999
538.2275400000001,-459.66705,1057.52722
538.46997,-460.09475999999995,1062.12476
538.9671599999999,-460.83957000000004,1065.9836400000002
538.72388,-461.55017000000004,1069.03052
538.5481,-461.81403,1071.37659
537.42633,-462.10504000000003,1072.6958
536.6105299999999,-461.94390999999996,1073.22559
535.2655,-461.73892,1072.72681
532.81561,-461.13167999999996,1071.30334
532.05872,-460.6279,1068.2467
529.97302,-459.84189000000003,1064.12036
528.0819700000001,-458.72672,1058.6748
527.46552,-458.84862999999996,1051.72791
525.8644400000001,-458.39639000000005,1044.6159699999998
523.6062,-457.37894000000006,1037.07532
522.60077,-457.3765,1027.82007
521.36987,-457.54138,1018.0988800000001
519.7547599999999,-457.72042999999996,1008.15094
517.30481,-456.96990999999997,997.7238199999999
515.7269299999999,-458.14545,986.13959
511.87857,-457.87670999999995,975.98425
508.67139000000003,-459.6655,965.90027
504.53115999999994,-460.71399,958.74811
500.86481,-460.03421,956.8032800000001
500.02634000000006,-459.95743,957.50165
497.93167,-458.60019000000005,959.20343
495.95703,-457.66486,962.5481
492.89581,-456.50255999999996,966.81195
491.79688,-455.36237,972.4126
489.74645999999996,-453.36624000000006,979.6801800000001
489.12329000000005,-452.26581,986.5781300000001
487.285,-449.2146,995.64325
486.72165,-448.4888,1004.39661
485.89807,-446.26070999999996,1013.16583
485.94025,-444.91934000000003,1021.7755099999999
485.25128,-443.40396,1030.81274
484.24515,-442.33477999999997,1039.16455
483.76108,-441.5123,1047.25427
481.82114,-440.03833,1055.2249800000002
480.63864,-439.03668,1061.87329
480.87933,-438.77243,1067.42993
479.36609000000004,-437.71008,1072.31641
478.37485,-435.90536,1076.32666
477.75595,-435.30798,1078.63062
475.82587,-433.83109,1080.90369
475.18740999999994,-432.58279000000005,1081.17188
473.22365999999994,-431.02117999999996,1081.40784
472.79666,-429.81064000000003,1079.50647
471.70867999999996,-428.06395999999995,1078.12573
471.02969,-425.75046,1075.04834
470.19498,-423.74509000000006,1071.89624
469.07297,-421.72784,1067.85022
468.173,-419.13629,1062.65112
467.20038,-416.65472,1057.76929
466.63287,-414.00162,1051.35645
466.11217999999997,-411.57126,1044.54834
465.22507,-409.02371,1037.33911
465.1391,-406.37982,1029.24072
464.76926,-403.95569,1021.2302900000001
463.98944000000006,-401.17166000000003,1012.4415300000001
464.66095,-399.1181,1003.2072800000001
465.07089,-397.43197999999995,993.91046
464.11414,-394.63007000000005,985.13354
462.53329,-392.21448,976.46478
462.35327,-389.91152999999997,967.7941300000001
459.51000999999997,-386.68172999999996,961.74506
458.52914000000004,-383.67883,956.93744
456.41092000000003,-380.1348,954.8268400000001
455.67175,-377.81271,953.3734699999999
454.35927999999996,-373.87417999999997,953.92609
453.40442,-370.77905,955.0921
453.58520999999996,-367.39771,957.43011
453.24627999999996,-363.43564,960.4863300000001
453.17287999999996,-359.58002,965.9727800000001
453.24158,-356.19247,971.79895
453.74300999999997,-353.19449,978.07239
453.80185,-350.58124,986.02124
454.32333,-348.34314,993.9163800000001
455.07525999999996,-346.05981,1002.92719
455.31244000000004,-344.70486,1012.10187
455.51395,-342.54532,1021.90527
456.16684000000004,-341.5405,1031.54321
455.38275,-340.20465,1041.92834
456.02588,-339.22028,1051.17041
455.83557,-337.53876,1060.57788
455.38205,-337.30789,1070.41956
456.19894000000005,-337.13272,1078.9184599999999
455.17728,-336.71417,1088.11218
455.3902,-337.59418,1095.9951199999998
455.73093,-339.4357,1103.5588400000001
455.44107,-339.87207,1110.01843
455.04099,-340.94601,1116.61816
455.51305999999994,-342.12115,1121.73621
454.94788,-342.78137000000004,1126.78711
455.17029,-342.87167,1130.25793
455.48633,-343.17163,1133.36365
455.69710999999995,-342.51239,1134.89185
456.97577,-341.39035,1135.75427
457.19388,-340.15549,1136.14819
458.30719000000005,-339.53229,1134.93274
459.75452,-337.52441,1132.85852
461.03534,-336.48749,1129.89221
462.90380999999996,-335.03055,1125.50391
463.12024,-332.80862,1121.5018300000002
464.98163,-330.75357,1115.02148
466.54892,-329.13742,1108.84204
467.86588,-327.16742,1101.95752
469.43796,-325.83331,1094.00342
471.29208,-323.33789,1084.96704
472.06799,-321.39737,1075.56323
473.84268,-319.27246,1065.80176
475.68607000000003,-317.81232,1054.65686
477.0462,-315.91086,1042.98291
477.63824000000005,-315.24138999999997,1031.74011
478.73859000000004,-313.81119,1019.2312
479.13943,-312.98819,1006.68573
479.69009000000005,-312.07062,993.05988
479.78979000000004,-311.60907000000003,979.8798199999999
481.035,-311.2977,966.3217199999999
481.19849000000005,-310.64935,952.93561
481.065,-310.31482,941.2551900000001
481.09292999999997,-310.17492999999996,932.1107199999999
481.85315,-311.39487,926.72699
482.61688,-312.64898999999997,924.1419699999999
481.41405999999995,-313.98717999999997,923.8240400000001
482.1803,-316.77945,924.2778300000001
481.89977999999996,-319.46387000000004,926.2335800000001
483.42792000000003,-323.12955,929.3322099999999
482.90714,-327.01212000000004,934.3317900000001
483.61255,-330.23129,940.2366900000001
484.85031,-333.86533,946.33105
485.47189000000003,-337.31818,954.4128400000001
486.09958,-340.86115,963.18829
487.73430999999994,-343.66641,971.20056
489.41553,-345.86203,980.51276
490.63446,-348.13928,989.56787
491.96439000000004,-350.06662,998.70929
493.23648,-352.62149,1007.99915
495.14856,-354.18286,1016.80396
497.47986,-355.4903,1025.0402800000002
499.07605,-357.13092,1033.65125
501.32735999999994,-358.2439,1041.15198
502.66974000000005,-358.98742999999996,1048.6544199999998
505.14690999999993,-359.66302,1054.52478
507.72632000000004,-359.90546,1060.6101099999998
509.48220999999995,-359.60614,1065.47632
511.62595,-359.6095,1070.16345
514.37195,-359.8848,1072.66797
516.38666,-358.6163,1075.24854
518.8956900000001,-357.66138,1076.1521
521.14325,-356.91602,1076.73645
524.79388,-356.93729,1074.7006800000001
526.4092400000001,-355.61972000000003,1073.7667199999999
529.18597,-354.02655,1070.3574199999998
532.16888,-353.44678,1065.50037
534.97656,-352.05172999999996,1060.87793
538.48663,-351.68298,1054.1771199999998
542.2750900000001,-350.67175,1046.5643300000002
544.74512,-349.39322000000004,1038.58069
547.26917,-348.3595,1030.19299
551.19299,-347.74933,1020.27222
553.15619,-347.06018,1010.8689
555.33142,-346.16953,1000.39349
556.26941,-346.13486,989.60651
556.4491,-345.83072000000004,978.60815
554.71527,-346.28432999999995,967.6436800000001
554.64215,-349.12646,958.68164
554.77148,-353.50659,953.21771
555.58771,-357.40936,950.34149
556.65723,-361.1889,950.172
558.30243,-364.86832000000004,951.91705
559.8186,-365.8367,956.14545
560.6854900000001,-366.18478,961.30646
562.46448,-366.14044,966.66937
564.20386,-365.95679,973.76172
565.10779,-365.50995,981.54443
566.8455799999999,-365.33392000000003,989.1933
569.45471,-365.48287999999997,997.01599
571.10162,-366.07473999999996,1005.70154
573.1544200000001,-366.60925,1013.4951800000001
574.54407,-368.00687,1022.60901
577.12775,-370.81757000000005,1030.69275
580.44482,-373.04517000000004,1038.9877900000001
582.87677,-375.77261,1047.38196
585.11041,-377.62735,1055.74207
588.41492,-380.5751,1063.177
590.91278,-383.06006,1069.56226
592.69635,-384.88058,1076.2439
595.61493,-387.57088999999996,1081.40076
597.86951,-388.93106,1085.8092
600.63806,-391.22037,1089.11682
601.67029,-392.10275,1091.93335
602.83807,-392.92703,1093.54651
605.5941799999999,-394.87445,1093.63477
606.3371,-395.20398,1093.80017
607.8596200000001,-395.7059,1092.7168
609.5024400000001,-396.22549,1090.39905
610.81555,-396.7533,1087.40247
613.1897,-398.18585,1083.97083
614.28754,-399.38684,1079.83142
615.09009,-399.73019,1075.06152
616.8689,-400.80707,1068.62463
618.61505,-402.44995,1062.0263699999998
620.3002299999999,-403.83704,1054.90979
622.3254400000001,-405.09,1046.8803699999999
623.44843,-406.0723,1038.53052
625.81677,-407.95517,1029.65906
627.0799599999999,-409.54306,1020.2465199999999
627.93219,-410.85175,1010.53906
629.23755,-413.29514,999.7324800000001
630.79724,-415.25235,988.63715
631.73737,-417.69473,977.3535199999999
631.12823,-419.92675999999994,966.6823099999999
631.7489,-423.51532000000003,955.14215
630.45087,-426.09490999999997,948.5037199999999
631.1315900000001,-429.08124000000004,945.88739
632.65027,-432.11429000000004,946.26965
632.57678,-434.32165999999995,948.40491
631.78998,-435.95245,952.0802
631.8019400000001,-438.30605999999995,957.8211699999999
632.3113400000001,-439.28155999999996,964.4350599999999
631.38007,-440.8923,972.6059
631.72253,-442.37793,981.38098
632.99646,-444.11115,990.17535
633.16614,-445.35742,1000.8084699999999
632.93835,-446.76193,1010.7529300000001
633.5267299999999,-448.19449000000003,1021.1405
634.0177,-448.9895,1030.68726
634.65436,-450.01657,1040.68994
634.40259,-451.05510999999996,1049.9085699999998
635.01904,-452.43222000000003,1058.11157
634.76288,-453.05249000000003,1066.5335699999998
634.25287,-453.24469000000005,1073.4796099999999
632.8917799999999,-454.01703,1080.2944300000001
632.3407,-454.47781,1085.54822
631.1944599999999,-454.93935999999997,1089.78235
628.86395,-455.14685,1093.38428
627.65991,-455.21283,1094.86584
625.6411099999999,-455.72708,1095.18677
623.71393,-455.7739,1094.82312
622.60406,-456.12836,1092.77832
619.74152,-456.08698,1090.3958699999998
618.42786,-457.30838,1086.38
616.7637900000001,-457.36742999999996,1081.70374
615.09528,-457.75894000000005,1076.35645
612.74274,-457.60898,1070.0180699999999
609.45953,-457.79129000000006,1063.0756800000001
608.3471099999999,-457.85568,1055.4896199999998
607.2788099999999,-458.29739000000006,1047.0733599999999
605.5260599999999,-458.80917,1038.05188
604.03107,-459.04733,1028.9099099999999
602.90454,-459.32379000000003,1018.6690699999999
601.16565,-459.14367999999996,1008.8009
599.6665,-459.56735,998.2121599999999
,,
594.99231,-459.78475999999995,978.76807
593.54156,-460.11722000000003,969.62335
590.78229,-460.22205,964.0482199999999
589.25854,-459.44210999999996,961.6925699999999
587.82135,-458.25232,962.6163300000001
585.72382,-456.65594000000004,964.8607199999999
583.5792799999999,-454.72867,968.2417
582.24347,-452.64536,972.56104
580.6184099999999,-450.40222,978.2470699999999
580.13123,-448.07523,984.58685
579.6895099999999,-446.32654,991.29651
579.40045,-443.99832000000004,999.1859699999999
579.18616,-442.24285999999995,1006.43671
578.38513,-440.60822,1014.95514
578.38507,-439.42953,1023.01813
578.3690799999999,-438.5318,1030.57849
577.3974599999999,-437.27155,1038.25098
577.1538099999999,-436.60468,1046.15015
577.03619,-435.76345999999995,1053.2887
577.1162099999999,-434.74347,1060.23035
576.81195,-434.21036,1066.12366
577.65875,-433.55980999999997,1071.07117
577.19537,-432.81740999999994,1074.36658
576.84253,-431.83682000000005,1078.05469
577.0614,-431.65979000000004,1080.7135
577.53979,-431.10602,1082.15979
577.86359,-431.23553,1082.49304
577.81873,-430.97652999999997,1081.9696
578.69598,-430.95180999999997,1080.68201
579.66138,-431.25381,1078.7019
580.54089,-431.75104000000005,1075.33167
581.02704,-431.70514000000003,1071.55469
580.73279,-431.66635,1067.73535
581.56036,-432.07129000000003,1062.17444
581.6976900000001,-432.27727999999996,1055.81946
582.3924599999999,-432.75012000000004,1049.2000699999999
582.84473,-433.53854,1041.5506599999999
583.1499,-433.83635999999996,1033.32947
583.2316900000001,-434.14569000000006,1025.22192
582.9812599999999,-434.55768,1015.8558300000001
582.0427900000001,-434.56155,1006.40588
582.80804,-435.21692,996.0086699999999
581.96344,-435.86355999999995,985.5278900000001
580.14648,-435.82037,975.9190699999999
577.9916400000001,-436.41614000000004,967.74969
577.95007,-437.08154,962.9915800000001
578.3562,-437.4025,962.8457
578.92633,-437.65505999999993,964.33295
577.82513,-436.91,967.6918900000001
578.47974,-437.39615,972.3413699999999
578.91748,-437.80124000000006,977.7398699999999
578.6607700000001,-437.42685,984.85095
579.45068,-438.22375,992.4785199999999
579.92432,-437.60056,1001.40405
580.8956900000001,-438.39645,1010.1163300000001
581.64148,-438.09082,1019.1333599999999
582.83051,-438.62415,1028.08411
584.09296,-439.00629000000004,1036.20898
585.1052900000001,-439.43892999999997,1044.84351
586.74518,-439.98444000000006,1052.4754599999999
587.9538,-441.19060999999994,1059.48975
589.4231599999999,-442.2312,1065.71667
590.62775,-442.77243,1071.41406
591.9227900000001,-443.11075,1075.9188199999999
592.81738,-443.60519000000005,1079.82483
593.65503,-444.23287999999997,1082.92151
594.16895,-444.37575999999996,1085.14514
594.42841,-444.40875,1086.05591
595.2832,-444.96802,1085.56506
595.19275,-445.18661,1084.80872
595.00458,-445.39471,1082.50574
595.05237,-445.63277999999997,1079.49829
594.91998,-445.79593,1075.26282
595.41608,-446.32415999999995,1069.89392
594.89136,-446.62994000000003,1064.0815400000001
594.86761,-446.67307,1057.30017
594.37238,-446.61407,1049.97034
594.2067900000001,-446.7627,1041.5997300000001
593.85236,-446.48102,1032.61743
594.49585,-446.35641,1023.18292
593.9173,-446.46979000000005,1013.48199
593.74915,-446.49161,1003.2719099999999
593.0722,-446.6041,992.97412
591.54901,-446.41540999999995,982.55652
590.84363,-446.86672999999996,972.03815
589.04138,-446.96732000000003,962.0658
587.40894,-447.00097999999997,954.72821
586.09003,-446.41559000000007,951.25415
585.8006,-446.13467,951.4998199999999
585.42981,-446.47562,952.2747800000001
585.23315,-446.67905,955.30255
585.01453,-446.85098,959.98694
585.38306,-446.74245999999994,965.4965800000001
584.61761,-446.50345,973.27716
585.30743,-447.23804,981.09369
585.6911,-447.59506,989.6171300000001
586.5191,-447.37625,999.05145
587.01263,-447.13140999999996,1007.97455
586.93805,-447.01852,1017.9617300000001
587.06122,-446.39877,1027.80835
588.00562,-446.13837,1036.83728
588.8344099999999,-445.6973,1045.24414
588.6499,-444.42834000000005,1053.43164
589.10248,-443.98470999999995,1060.9624
589.1309200000001,-442.95987,1067.9483599999999
589.71552,-442.68704,1073.59045
589.50256,-441.18018,1078.8016400000001
588.5531599999999,-439.54485999999997,1083.7916300000002
589.01849,-438.97765999999996,1086.45337
588.9667400000001,-438.24335,1088.47351
588.93921,-437.62796,1089.79236
588.7099,-436.78961,1089.9050300000001
588.27325,-435.63135,1089.2063
587.99774,-434.72064000000006,1087.20129
588.13916,-434.55917,1084.61841
589.2241799999999,-434.78585999999996,1081.35522
588.2467,-434.47409000000005,1077.32129
587.8262900000001,-434.73254000000003,1072.25305
587.79523,-434.64017,1066.4387199999999
587.34662,-434.69930999999997,1060.59277
586.91492,-434.5018,1053.31079
587.2182,-435.09894,1045.27332
587.28485,-435.9339,1036.85583
585.98792,-436.02304000000004,1028.77185
585.18555,-436.29373,1019.4377400000001
583.93365,-436.17737,1010.4422
583.5919200000001,-437.005,1000.0528
583.0206900000001,-437.84015,989.78162
,,
580.47113,-439.69415,969.10974
578.64905,-440.40689000000003,960.11774
576.591,-440.02612,955.00726
575.94611,-440.08942,953.1962900000001
575.83954,-440.03769000000005,953.6947
575.49365,-439.61014000000006,956.0056199999999
574.68048,-438.16708,960.5861199999999
573.64752,-436.62552,966.4771099999999
573.02417,-435.36749000000003,973.69885
573.13135,-434.02487,981.11542
572.37787,-432.51093,990.5379
572.03467,-431.66405999999995,1000.6709599999999
572.05292,-430.38113,1010.9631300000001
571.46002,-429.87285999999995,1021.0490699999999
571.8028,-429.04047,1031.31335
572.0993,-428.2421,1041.22253
572.71771,-428.0466,1050.74243
573.0423599999999,-427.99026,1060.1063199999999
573.5125099999999,-427.79099,1068.1978800000002
573.37549,-427.73779,1076.17969
573.85779,-427.92322,1083.1626
573.63428,-427.49542,1089.0190400000001
573.87646,-427.58972,1094.04626
573.36859,-427.72659000000004,1098.26306
573.41754,-427.93197999999995,1100.83679
572.00824,-428.00600999999995,1102.61377
571.12323,-427.7666,1103.06348
569.84021,-427.42374,1103.25098
568.4643599999999,-427.26595999999995,1101.9229699999999
567.43359,-427.32404,1099.44482
566.2493900000001,-427.55535999999995,1095.84717
565.63507,-428.14752000000004,1091.56384
563.56738,-428.23082999999997,1086.9493400000001
562.5400400000001,-428.63638,1081.00085
561.87073,-429.60425,1073.625
561.30341,-430.52328,1066.48975
559.93384,-430.86120999999997,1057.88
559.20154,-431.6673,1049.42273
556.69739,-430.76218,1042.59106
555.65295,-430.51419000000004,1032.88696
554.2830799999999,-430.72815,1023.14667
552.9086900000001,-430.43039000000005,1013.2014199999999
551.83173,-430.64148,1002.4218800000001
550.64783,-430.17758,991.76855
549.07886,-430.14162999999996,980.8947099999999
546.57867,-429.3934,970.05219
544.47028,-429.3241,959.69379
543.07953,-429.50037000000003,951.7351699999999
541.98761,-429.66129000000006,947.3623
540.42474,-429.22437,947.61896
538.35565,-428.36252,948.8797
537.8765900000001,-428.13027999999997,951.41589
536.62177,-426.29666,956.4531900000001
535.13348,-425.04807,961.78723
535.7661099999999,-424.88831,968.31354
535.48767,-424.27997,976.8055400000001
536.0529799999999,-423.767,985.65723
536.0814799999999,-423.09589000000005,994.77295
536.0267299999999,-422.57705999999996,1004.5202
536.52203,-421.98849,1014.75885
536.41107,-421.42055999999997,1025.3418
537.82672,-422.2666,1034.82581
538.1615,-421.87296,1045.18591
538.85217,-421.73911,1054.01379
538.92188,-421.78989,1062.98999
539.5556,-422.23150999999996,1071.11523
539.99542,-422.61584000000005,1078.7625699999999
539.56659,-423.27197,1084.95959
540.0564,-423.67712,1090.76306
539.6870700000001,-423.2085,1095.4904800000002
538.88086,-423.51867999999996,1099.3092
538.19971,-423.32523,1101.90198
537.54248,-423.50974,1102.9868199999999
536.84821,-423.75296,1103.20728
535.95142,-423.8739,1102.10974
535.16223,-424.04526,1100.03931
534.06165,-424.5256,1097.23157
532.71375,-424.43920999999995,1093.86145
531.82574,-424.55234,1089.42407
531.33972,-424.96622,1084.0648199999998
530.38928,-425.06560999999994,1077.36194
529.19574,-425.19522,1071.35999
527.93982,-424.98180999999994,1064.3023699999999
527.0332,-425.64941,1056.22681
525.58606,-425.39584,1048.19153
524.11584,-425.0723,1039.06421
523.57739,-425.10889000000003,1029.7406
521.59064,-425.30463,1020.4997599999999
520.5706799999999,-425.77190999999993,1010.46796
518.95502,-425.87796,1000.82288
516.9881,-426.9899,990.5142199999999
514.99353,-427.59219,981.0590199999999
513.42511,-427.806,973.7515900000001
512.33008,-428.70273,968.71783
511.66655999999995,-428.9119,967.7438400000001
510.96362,-429.50131,968.25812
509.61661,-429.77484000000004,970.5399199999999
509.12595,-429.89532,973.69843
508.40833,-430.91348,977.77795
507.47601,-431.46283,983.70648
507.04074,-431.93219000000005,989.31055
506.37323,-431.94992,997.1021699999999
505.5553,-432.44745,1004.3779900000001
505.25647000000004,-432.2309,1011.69116
505.43604000000005,-432.47272000000004,1019.17389
504.84982,-432.41763,1026.55286
504.36330999999996,-432.88684000000006,1033.9129599999999
504.48099,-432.67734,1039.87061
505.15005,-433.01062,1046.59167
505.18979,-432.69672,1051.75525
505.39792,-432.62503,1056.3175
505.89995999999996,-432.75597999999997,1059.80273
505.6593,-432.75717000000003,1062.9229699999999
506.33765,-432.2308,1065.15405
506.47275,-431.94595,1067.10425
506.91531,-431.27905,1067.37781
507.06613,-431.21200999999996,1067.28589
507.54956,-431.12604000000005,1066.0245400000001
507.41299000000004,-430.87645999999995,1063.9122300000001
507.01320999999996,-431.24785999999995,1060.60352
507.16945999999996,-431.16312,1056.81006
507.435,-431.82178,1051.55701
506.74683,-431.70468,1045.95703
505.52835,-432.00055,1039.328
505.2879,-432.483,1032.22351
505.16736,-432.98734,1024.0105
503.34244,-434.19794,1015.80121
501.34295999999995,-434.35776,1007.52808
499.66745,-435.43399000000005,999.08777
498.0657,-435.66895,989.3756699999999
495.77463,-436.63818,980.78094
492.09943,-436.50027,974.01813
489.37653,-437.29537999999997,969.6555199999999
487.92554,-438.53045999999995,968.14575
486.72625999999997,-438.92239000000006,968.50262
485.66320999999994,-439.59067000000005,969.01953
484.72750999999994,-440.65407999999996,970.1076699999999
484.89249,-441.37524,971.5219699999999
484.728,-441.77328,974.54425
484.96979000000005,-442.04129000000006,977.3251300000001
485.39151,-442.08115,979.6737099999999
486.23859000000004,-441.55927,982.9813800000001
486.23999000000003,-440.88812,986.4151
487.06198,-441.22644,990.16205
487.40732,-441.15505999999993,994.1842
488.34725999999995,-441.80105999999995,997.85144
488.83734000000004,-442.27859000000007,1002.11957
489.52872,-442.33115,1006.0930199999999
489.36690999999996,-443.03098,1010.1322
490.44632,-443.64899,1013.78436
490.8851,-444.20782,1016.6665
491.41202000000004,-444.76923,1019.04535
492.12097,-445.50793,1020.73969
491.76425,-445.36865,1021.9835199999999
491.47733,-446.4856,1022.9693599999999
490.97641,-447.03146,1023.03894
490.22159000000005,-447.09647,1022.2050199999999
489.49465999999995,-447.78857,1021.6691900000001
489.50177,-448.55289000000005,1019.50909
488.73199000000005,-449.01498,1017.07428
487.54785,-448.9624,1014.1908599999999
487.05652000000003,-449.61422999999996,1010.565
485.9339,-450.56710999999996,1006.5675699999999
