X6,Y6,Z6
605.90283,229.83716,1252.7323
601.1488,233.25702,1251.52954
599.94824,235.093,1250.60815
597.5238,236.61427,1250.01978
595.8969099999999,238.4693,1248.97717
593.16791,240.34041000000002,1248.24561
591.45532,241.98862000000003,1247.23352
589.37665,243.95491,1246.37109
587.4635,245.63794,1245.6781
585.2301,247.32896000000002,1244.74414
583.41339,248.97383,1243.95361
581.15125,250.38571000000002,1243.09766
578.7251,252.06546,1242.27881
577.11316,253.87556,1241.37292
574.74353,255.61507999999998,1240.55737
573.12067,256.99576,1239.59644
571.41034,258.77164,1238.77026
569.37628,260.45612,1237.75171
567.25104,262.07968,1236.95166
565.76984,263.68314,1236.18091
564.02148,265.16733,1235.0914300000002
562.99298,266.36401,1234.4099099999999
561.40729,267.70908,1233.41699
559.89703,269.06009,1232.4664300000002
558.93079,270.19912999999997,1231.6073
557.95911,271.00442999999996,1230.59338
556.54138,272.22229,1229.77405
555.54272,273.08124,1228.69458
554.34241,274.07172,1227.8512
552.99805,274.91919,1226.94434
551.51123,275.7709,1225.90637
550.75537,276.41745,1224.62329
549.11688,277.0871,1223.74341
548.22968,277.56417999999996,1222.45447
546.94458,278.18869,1221.30396
546.3539400000001,278.84415,1220.00024
545.0351,279.43953999999997,1218.76929
543.74005,280.00097999999997,1217.6965300000002
542.4798599999999,280.25211,1216.5743400000001
541.59412,281.06338999999997,1215.1842
540.1337900000001,281.13333,1213.9166300000002
539.23816,281.52512,1212.63733
537.56458,282.00415,1211.3917199999999
535.30597,282.43655,1210.5053699999999
534.2006200000001,282.79391,1209.0819099999999
533.1992799999999,282.74734,1208.12158
531.38068,283.7301,1207.06274
530.47528,283.2308,1205.75745
528.8630400000001,283.84195,1204.66345
527.35864,283.72418,1203.5576199999998
526.7524400000001,283.67922999999996,1202.3400900000001
524.46844,283.73663,1201.6571
523.1879299999999,283.48764,1200.66052
522.0871599999999,283.1337,1199.63916
520.60223,283.08795,1199.2976099999998
519.43585,282.74377000000004,1198.47253
518.3208,282.18057000000005,1197.88635
517.49487,281.75916,1197.2291300000002
516.07898,281.53283999999996,1196.58948
513.99231,281.43994,1196.35876
513.2545200000001,280.83087,1195.8624300000001
512.38184,280.60675,1195.2120400000001
511.06799,280.12915,1195.05688
509.73477,279.91614,1194.99719
509.80524,279.04016,1194.49902
508.08950999999996,278.90274,1193.9824199999998
507.03992,278.23715,1194.0684800000001
506.37018,278.1373,1194.08826
505.54715,277.51138,1193.97571
505.12723,277.35965,1193.77686
504.22327,277.19083,1193.81665
503.7612,276.9895,1193.5271
503.72818,276.73467999999997,1193.71985
502.91070999999994,275.7453,1193.41309
502.827,275.43667999999997,1193.26563
502.2402,274.86618,1193.4868199999999
501.69431,274.24246,1193.5697
501.23862,273.59972999999997,1193.6425800000002
500.82915999999994,272.74542,1193.94666
500.32498,272.08191,1193.90601
499.79324,271.17865,1194.0407699999998
499.80411,270.57806,1194.02466
499.67602999999997,269.44268999999997,1194.03503
499.70193,268.75757000000004,1194.19641
499.73822,267.47968,1194.35315
499.95482999999996,266.51495,1194.38843
500.3183,265.65405,1194.7391400000001
500.19977,264.3652,1194.9370099999999
501.0155,263.16687,1195.00354
500.5054,262.2283,1195.35205
501.1828,260.99677,1195.3374
500.69092,259.61562999999995,1195.77783
501.3689,258.38333,1195.77832
501.30492999999996,257.01266,1195.9650900000001
502.04956,255.61684,1195.81909
502.06522,254.32866,1196.1004599999999
502.47860999999995,252.87822999999997,1196.34705
503.18143,251.06883,1196.09094
504.03064000000006,249.19117999999997,1196.06567
504.85864000000004,247.53374,1196.09766
505.63831,245.45852999999997,1195.8833
505.49393,243.71493999999998,1195.66333
506.86255,241.64522999999997,1195.46655
507.61911,239.55382999999998,1195.41553
508.22565,237.5038,1194.85474
509.01291,235.50507000000002,1194.08203
509.57635,233.05843,1194.02771
511.00574000000006,230.56435,1193.55273
512.18695,228.02319,1192.75171
512.20978,226.19817,1192.25305
512.64624,223.94643,1191.7133800000001
514.16028,221.35341,1190.39453
514.77777,218.55977000000001,1190.05249
516.58258,215.88162000000003,1189.52307
518.4605700000001,213.22482000000002,1188.4881599999999
518.85498,210.74792000000002,1187.92212
520.56329,208.12569,1187.27686
521.51099,205.10025,1186.7804
522.57257,202.51018,1186.3930699999999
525.1530799999999,199.73727,1185.6416
525.63141,197.03325,1185.40637
526.43146,194.28226,1185.37292
528.62134,190.95676,1185.03479
529.49109,188.28972,1185.1544199999998
530.87103,185.6799,1185.18494
533.01117,182.73726000000002,1185.02979
533.38672,180.24681,1185.7110599999999
534.88306,177.65851999999998,1185.96472
537.43359,174.45648,1186.33765
539.92651,171.7316,1186.54553
541.10852,169.14857,1187.13025
542.6134,166.94664,1187.42896
544.48224,164.4346,1187.89026
546.4986,161.93126,1188.3029800000002
548.11945,159.80931,1188.37756
549.73639,157.88968,1188.3269
552.25531,155.28935,1187.96265
553.53967,153.59471000000002,1187.85022
554.61243,151.78308,1187.53967
556.19196,150.17064,1186.84961
557.77008,148.65921,1186.54773
560.11572,146.98775,1185.0485800000001
560.4284700000001,145.79756,1184.47144
562.64575,144.15273,1183.41272
564.71021,142.35201,1182.13611
566.5480299999999,141.49107,1181.16016
567.95618,139.89064,1180.45532
569.93597,138.15833999999998,1179.7334
572.35492,136.35168000000002,1179.03906
574.005,134.6944,1179.50269
575.49365,133.0083,1179.75635
578.1807299999999,131.0871,1180.13806
578.94385,129.36165,1181.47815
581.9483,127.07377,1182.44714
583.48505,125.35478,1183.76978
585.07104,123.43216000000001,1185.08105
587.98468,121.0745,1185.56348
589.7026400000001,119.26168,1187.3541300000002
592.41266,117.21557,1188.1853
594.9671,115.70531000000001,1189.979
597.07397,113.85314,1190.66052
600.39355,112.13689,1191.87598
601.46008,111.14185,1193.08728
604.18555,109.85903,1194.15161
606.37469,108.48751999999999,1195.61194
608.4050900000001,107.66011,1196.46533
610.37305,106.8427,1197.32458
612.02203,106.25133000000001,1198.18848
614.2758200000001,105.43091000000001,1198.77856
616.28967,105.15827,1199.50696
617.7239400000001,105.40693,1200.54846
619.72223,105.07791,1200.75415
621.89227,104.91333999999999,1200.61377
623.95135,105.02145,1200.94727
625.62714,105.16923999999999,1201.0542
627.77722,105.14251999999999,1200.88916
630.1655900000001,105.00968999999999,1200.48792
631.7794200000001,104.9932,1200.16602
633.95343,104.91998000000001,1199.62427
636.3374,105.15456,1199.1063199999999
637.78387,105.1797,1198.43835
639.88501,104.89196000000001,1198.16467
641.6709599999999,105.02345,1197.9434800000001
643.38544,104.3283,1197.55042
645.0379,103.89749,1197.49146
646.38904,103.53806,1198.0728800000002
647.85938,102.98134,1198.63916
648.93719,102.34184,1199.28271
650.73987,101.28795,1200.15369
651.42957,100.86615,1200.63135
652.17377,100.31692,1201.90637
653.18597,99.82160999999999,1202.8999
653.43213,99.243,1203.77429
654.85645,98.31559,1204.47571
655.2629400000001,98.24379,1204.63086
656.18976,97.88255,1205.25708
657.11713,97.47585,1205.1458699999998
657.5528,97.19306999999999,1205.0
658.12274,97.08044,1204.79395
658.05804,96.95624000000001,1204.73169
658.8250099999999,96.56971,1203.4483599999999
658.98212,96.36256,1202.43506
659.4064900000001,96.11641999999999,1201.54333
659.1942700000001,95.87517,1200.24744
658.92133,95.56439,1199.13562
659.00226,95.17108,1197.90332
659.54907,94.81676,1196.88281
659.15247,94.03050999999999,1196.0186800000001
659.4422,93.20671999999999,1194.61853
659.26636,92.6391,1193.78625
659.4603900000001,92.15608,1193.34167
658.92474,91.62379,1193.1557599999999
658.8118900000001,90.39886,1192.59387
659.21698,89.93498000000001,1192.2360800000001
659.01093,88.7023,1192.4423800000002
659.00861,88.08587,1192.5885
658.5694,87.46526,1193.06165
658.86237,86.6571,1193.75159
658.55048,85.96449,1194.4812
658.92108,85.26423,1195.10217
658.46722,84.97685,1196.31323
658.17261,84.61771999999999,1197.64648
658.42706,84.06958,1199.12561
658.1198099999999,83.4494,1199.94727
658.61469,83.06477,1201.44031
658.60724,82.94028,1202.62061
658.5097,82.65233,1203.64148
658.46466,82.20193,1204.89636
658.23035,82.53284000000001,1205.7616
658.30621,82.29655,1206.32678
658.56317,82.20196,1206.6440400000001
658.83618,82.27999,1206.71301
659.11096,82.40100000000001,1206.71814
659.1616799999999,82.65324,1206.29639
659.5643299999999,82.92726,1205.3288599999998
659.48035,83.90888000000001,1204.1731
660.21088,84.26585,1202.3889199999999
660.78894,84.99387,1200.55676
660.95892,85.20798,1197.75061
661.65283,86.26949,1195.24561
662.37878,86.81770999999999,1191.55359
662.82098,87.47641999999999,1187.58508
663.5813,88.33534,1183.4434800000001
664.37708,89.47145,1178.71265
665.03253,90.62148,1173.61707
666.72638,91.85271999999999,1168.51965
667.62933,93.02344000000001,1163.0529800000002
668.3858,94.45665,1158.15344
669.52661,95.98640999999999,1152.6228
670.85693,97.28971,1148.5076900000001
671.51465,98.76311,1144.30725
671.87006,100.41033,1141.00745
671.9418900000001,101.97273,1138.85498
672.61945,103.14059,1137.47803
672.7728900000001,104.59674,1137.16589
671.97772,105.89098,1138.09302
672.34845,106.99758999999999,1140.3375199999998
671.6839,107.64157,1143.72253
671.94214,108.25956000000001,1148.54773
672.18323,108.99976000000001,1154.32397
672.6684,109.67603999999999,1161.21887
673.56531,109.73714,1169.11792
675.34064,110.30573000000001,1177.70227
677.11035,111.15563,1187.21045
678.3286099999999,111.60381000000001,1197.21484
680.49768,111.8898,1206.9229699999999
681.99597,112.38515,1217.2985800000001
683.58771,113.16256000000001,1227.55042
685.87097,113.39453,1237.23706
687.5332,113.84421999999999,1246.12805
688.9689900000001,114.17152,1255.15515
690.93854,114.74609,1263.1273199999998
693.09546,115.581,1270.21594
694.57635,116.35668000000001,1277.14246
696.6148099999999,117.33198,1282.72327
699.0401,118.25408999999999,1286.85938
701.24432,119.72676000000001,1291.00134
702.85645,120.5438,1293.65173
705.66772,121.92738,1295.5289300000002
707.75928,123.78472,1297.00085
711.0174,124.98706999999999,1296.69678
713.31622,125.50853000000001,1296.2775900000001
716.42261,127.13553999999999,1294.49976
718.95251,128.61641,1292.34729
722.04395,129.57315,1289.1803
724.7026400000001,130.37349,1285.4465300000002
727.47089,131.29478,1281.11255
730.5246599999999,132.01009,1275.89807
733.69165,132.69423999999998,1269.8761
736.5683,133.12207,1263.6237800000001
739.8512,133.14566000000002,1256.99866
742.33167,133.61063000000001,1249.04285
745.5925900000001,133.71753,1240.64282
747.95526,133.9899,1231.5791
750.5827,134.11783,1221.68994
752.69183,134.59598,1211.46655
754.7622700000001,135.59589,1201.02563
756.72839,136.53918000000002,1190.78064
757.57025,137.96598999999998,1181.4675300000001
757.7179,139.21698,1172.7675800000002
757.2052,140.24493,1165.9057599999999
756.33777,140.55577,1160.84729
754.62823,139.91115,1158.50854
754.13501,139.60506999999998,1157.71948
752.59003,138.00333,1158.9679
749.98383,135.17941000000002,1162.56995
748.30475,132.74069,1167.4585
747.2816799999999,130.06918000000002,1173.1167
747.22101,127.03947,1179.32947
747.15277,124.5054,1186.04919
747.53662,121.76636,1192.96497
748.78485,119.0686,1199.37952
751.79523,116.30306999999999,1205.13293
753.0521200000001,113.4943,1210.7495099999999
754.45038,111.06865,1215.2645300000001
755.79755,109.0248,1218.8023699999999
756.6142,107.96808999999999,1221.3696300000001
756.57623,107.59286000000002,1222.3048099999999
757.23248,107.49133,1223.02246
757.9940799999999,107.63467,1222.72156
758.66968,108.0663,1221.59094
760.19165,108.42175,1220.11169
761.3134200000001,108.93933999999999,1217.7391400000001
763.44415,109.74001000000001,1214.79651
765.53815,110.19881000000001,1211.39185
767.82666,110.64537,1207.61951
770.64209,110.62206,1203.30261
773.21954,111.24059,1198.86572
775.99658,111.85128999999999,1193.66772
778.21173,112.62782,1188.21289
780.79034,113.76993999999999,1182.2865
783.48645,114.81055,1175.99304
785.99335,116.32113000000001,1170.4032
788.2843,117.89993999999999,1165.0059800000001
790.20093,120.09591999999999,1160.04749
792.9315799999999,122.01682,1156.3731699999998
795.25177,123.95016000000001,1154.3687699999998
797.73602,125.90942,1154.81079
799.5730599999999,127.12342,1157.39246
802.56415,128.18842,1161.04968
805.0484,128.66613999999998,1166.21985
807.18115,129.32899,1172.5647
808.81488,129.2719,1178.84485
810.6795,129.25031,1185.2879599999999
811.96747,129.31935,1191.7157
813.55988,129.04346999999999,1197.19861
815.0529799999999,129.23415,1201.67871
816.23077,128.96216,1205.35022
816.57416,128.97548,1208.00171
816.49536,129.30993999999998,1209.19141
815.69958,129.77045,1209.78772
814.26666,129.83913,1209.35974
812.24951,130.8826,1208.22815
809.38983,131.18378,1206.2832
806.64893,131.1454,1204.30786
803.7995,131.24884,1201.67834
800.36768,130.78296,1198.36609
796.68524,130.51306,1194.69861
793.34082,129.72202,1190.58557
790.06537,127.90326,1185.84949
786.28839,127.32451999999999,1180.56152
783.3262900000001,125.50493,1174.38916
779.54016,124.17778,1167.5485800000001
775.68713,123.22313999999999,1160.70178
771.97473,122.12087,1153.57849
768.01453,120.92825,1146.68689
763.5047599999999,120.04113999999998,1139.9408
758.7595200000001,119.25518000000001,1134.9129599999999
754.0260599999999,119.27349,1131.16931
748.25262,118.48443999999999,1129.91077
743.8772,117.6598,1129.97327
737.3063400000001,116.12033000000001,1133.1059599999999
732.0495599999999,115.04951000000001,1137.65491
726.13593,113.93942,1143.6340300000002
720.77124,111.98607,1150.69482
714.89783,110.73692,1159.08496
709.6057099999999,109.6774,1168.19946
704.31335,108.27758,1177.65759
699.13605,107.66583,1187.16687
693.89679,106.47233999999999,1196.59167
688.7255200000001,105.63253,1205.72791
898.6151699999999,34.42129,1200.0294199999998
678.18683,104.03276,1221.90076
672.8371,102.85566999999999,1228.37305
667.17188,102.50768000000001,1233.37659
662.1243900000001,101.8879,1237.61023
656.0804400000001,101.06165,1240.62488
650.61182,99.95248000000001,1242.6886
645.3781700000001,98.78268,1243.5389400000001
640.2394400000001,97.73326999999999,1244.2363300000002
635.3861099999999,96.52192,1243.25269
630.99005,94.88316,1241.88879
626.35022,93.66318000000001,1239.98108
622.32794,91.65215,1237.16724
617.8562599999999,89.85001,1234.2146
614.71613,87.49159,1230.49365
611.35144,85.1415,1225.73926
607.6206099999999,82.75503,1220.91504
604.65234,80.30479,1215.44409
602.83807,76.62973000000001,1208.80945
599.8111,73.35200999999999,1201.45959
596.4894400000001,70.33456,1193.57874
593.50757,67.00571,1184.60913
591.15656,63.20861,1174.4736300000002
588.61469,59.90299,1164.39014
585.59833,56.50852,1153.97083
582.71246,53.204209999999996,1143.1821300000001
579.82416,50.33256,1132.66748
576.87402,47.772009999999995,1122.5421099999999
573.21442,45.97448,1114.15686
569.06024,43.66122,1106.96851
565.96686,40.565870000000004,1102.20605
562.64435,36.8774,1099.52319
559.03314,33.50555,1099.66138
555.34155,29.54819,1101.17102
551.07123,25.4463,1104.80005
547.1449,21.60044,1110.7567099999999
542.88989,17.66212,1118.0374800000002
539.27893,12.75727,1125.31335
536.94836,8.13219,1134.38855
533.25006,3.75487,1144.46118
530.1904900000001,-0.32587,1155.35437
526.1644299999999,-4.60149,1166.20337
523.17859,-9.06875,1176.60254
520.67957,-14.13349,1187.0271
517.04926,-18.12071,1197.2562300000002
513.5097,-23.1685,1206.21985
509.38925,-27.53445,1215.2636699999998
505.81490999999994,-32.06831,1222.6118199999999
501.50162,-36.469590000000004,1229.9710699999998
497.3002,-40.41912,1236.03638
493.08120999999994,-45.01546,1240.57056
489.47292999999996,-48.71134,1244.9184599999999
485.05112,-53.1146,1248.08398
480.82937999999996,-57.69146,1250.53833
476.80965999999995,-62.11926999999999,1252.17822
473.0506,-66.12633000000001,1252.77917
468.30435,-70.99589,1253.0095199999998
464.9603,-75.85109,1252.14453
460.37885,-81.04488,1251.15527
456.793,-86.51334,1249.3173800000002
452.90805,-92.53883,1246.82141
448.96375,-98.47469,1244.1773699999999
444.53020999999995,-103.991,1240.6322
441.18265,-110.82113999999999,1236.25415
437.33502000000004,-116.91205,1231.69604
433.93219000000005,-123.02308000000001,1225.86328
429.72949000000006,-129.15572,1219.9963400000001
426.07013,-136.06627,1212.75281
422.34792999999996,-142.4881,1205.06555
418.3226,-148.67128,1196.91052
414.05814,-154.42398,1188.25098
411.1145,-160.63365,1178.3106699999998
406.44891,-166.53236,1168.38025
402.68773999999996,-172.47162,1157.29089
397.767,-177.32338000000001,1146.3967300000002
393.58929,-181.97745,1134.4043
388.69476000000003,-185.75412,1122.43042
383.11823,-188.53517,1111.66919
376.74301,-190.15755,1101.86865
370.22049,-191.25296,1094.7467
364.62424,-191.44273,1090.18469
358.97238,-191.48338,1088.62073
353.71487,-190.60135,1088.57996
347.93121,-189.02301,1091.77063
342.06387,-187.0715,1096.15063
336.12192000000005,-184.40312,1102.5416300000002
329.29323999999997,-181.21414,1110.36523
323.79247999999995,-177.56291000000002,1119.3419199999998
318.18555,-173.02798,1130.30945
314.52191,-169.71739,1141.9939
311.09337999999997,-165.75229,1155.36658
307.47369,-162.06387,1169.14001
305.57202,-159.15599,1183.3988
303.27328,-156.03505,1198.17212
301.35497999999995,-154.02353,1212.26648
299.74973,-151.27611000000002,1226.14575
299.37665,-149.62672,1239.11121
297.90686,-147.52461,1251.68884
297.28055,-145.04753,1263.18713
296.84958,-143.12276,1273.26709
297.0575,-140.36597,1282.88843
297.33035,-137.95768999999999,1290.94128
297.94955,-135.18661,1298.38806
299.85294,-132.87128,1304.30273
301.19055,-130.65746000000001,1309.64429
303.18829,-128.56325,1314.50012
304.80188,-126.42209,1318.63318
306.84157999999996,-125.53595,1321.52832
308.61523,-124.44793,1324.13806
310.32828,-123.69281000000001,1325.76929
312.63565,-123.79417,1326.39771
313.87256,-123.90153000000001,1327.16406
315.4899,-124.50873999999999,1326.44165
317.19266,-125.65733,1325.44189
318.19513,-126.91498999999999,1323.5430900000001
319.2424,-128.1169,1320.87195
320.50897000000003,-129.98584,1317.37024
321.80545,-132.07428000000002,1313.16541
322.57611,-134.31951999999998,1308.16919
323.16006,-136.67967,1302.3342300000002
324.4588,-139.68672,1295.83936
325.28967,-142.90997,1288.77209
326.06802000000005,-146.29529,1281.1544199999998
326.94104,-149.4691,1272.61536
327.22253,-153.05289,1263.86475
328.10074,-156.91418000000002,1254.46472
329.05865,-160.66815,1244.16968
329.51242,-164.94342,1233.69958
330.40662000000003,-169.23187,1222.81897
331.22351000000003,-173.64643999999998,1211.2000699999999
332.04547,-177.86700000000002,1199.2866199999999
332.33319,-182.36694,1187.35168
332.95078,-186.74802,1174.62244
333.56808,-190.53065,1162.01953
333.49677,-193.96112,1149.92505
332.20746,-197.70291,1138.15015
331.54742000000005,-200.65099999999998,1127.71741
330.20514,-203.04083,1118.60034
329.59845,-205.94699,1110.86511
328.49789,-208.10088000000002,1104.97021
327.31827000000004,-210.09552000000002,1101.1372099999999
326.41101000000003,-210.80109,1098.53149
325.30161,-211.98137999999997,1097.6196300000001
323.79504,-212.26127999999997,1098.90222
322.6759,-212.2677,1101.66821
321.07523,-211.99738,1106.5493199999999
319.30142,-211.81400000000002,1112.86304
318.35751,-211.33279,1120.18408
317.05026000000004,-210.91808999999998,1129.37219
315.33157,-209.96237000000002,1139.3071300000001
313.67492999999996,-209.44603999999998,1149.76428
311.17389,-208.60777,1160.74304
308.58942,-208.06345,1171.5349099999999
306.51926000000003,-208.27759,1182.21301
304.60614,-208.37921,1192.59277
302.04803,-208.43124,1202.66418
298.75305,-209.20122,1211.61304
296.36597,-209.66412,1219.8468
293.8436,-210.38925,1227.42041
291.44449,-211.72055,1233.39819
289.3717,-213.10862999999998,1238.2052
286.79098999999997,-214.48578999999998,1242.46948
284.55377000000004,-215.72397999999998,1245.4610599999999
282.71967,-217.43427999999997,1247.10986
280.85205,-219.31602,1248.08655
279.21188,-221.80809,1247.92053
277.89551,-224.28555,1246.80945
276.34952000000004,-226.74316000000002,1245.0116
274.76706,-229.52605,1242.88391
274.52907999999996,-232.83075,1239.31189
274.15039,-235.98757999999998,1235.6554
273.46246,-239.18967999999998,1231.2576900000001
273.49545,-242.69747999999998,1225.82935
274.24045,-246.79157999999998,1219.60217
274.29321,-250.49927999999997,1213.10754
274.63492,-254.50799999999998,1205.4682599999999
275.1478,-258.13268999999997,1197.38135
275.94268999999997,-262.26865,1188.5304
276.33367999999996,-266.25494,1178.64648
277.08701,-270.86287999999996,1168.66345
277.49435,-274.96365,1158.20325
278.28792999999996,-279.01205,1147.64832
278.02393,-282.3486,1137.9542199999999
278.48618,-285.9169,1129.3659699999998
278.23798,-288.16321,1123.05688
278.823,-290.80672999999996,1119.70715
279.60767000000004,-292.20801,1120.6333
280.40398999999996,-292.90109,1124.5271
281.80322,-293.47272000000004,1130.75513
283.13232,-293.83374,1139.39063
283.66766,-292.35617,1149.83081
284.24335,-290.95035,1160.69507
284.07855,-287.40179,1171.99573
285.57372999999995,-284.01474,1183.31799
286.3233,-279.86017000000004,1195.27295
286.83746,-275.54605,1207.39685
287.90466000000004,-271.88602000000003,1219.56995
287.15402,-269.02203,1231.6141400000001
286.68826,-266.21869,1242.7055699999999
284.72643999999997,-263.82703,1252.92639
282.86121,-261.84076,1262.05847
281.10895,-260.70718,1269.80994
279.42035,-259.11352999999997,1276.56628
278.19867,-257.36685,1282.40039
277.10751,-255.40596000000002,1286.82837
276.64853,-253.54802,1290.46448
276.54236000000003,-252.12309,1293.0792199999999
276.41125,-250.5988,1294.95715
276.62198,-249.47117999999998,1296.2323
276.95746,-247.98273999999998,1296.4315199999999
277.36151,-246.70897000000002,1296.13074
278.2764,-246.17462,1294.9057599999999
279.5614,-245.77826000000002,1293.1815199999999
280.93887,-245.32497,1290.63367
281.72083,-245.34547,1287.85242
283.18494,-244.90178999999998,1284.11328
284.0351,-244.85406,1279.3360599999999
284.89691,-244.93289,1274.22717
285.13611000000003,-244.24383999999998,1268.22681
285.72205,-244.39767,1260.7979699999999
285.83121,-243.79214,1253.36536
285.94141,-243.75272999999999,1245.16589
286.06244,-242.99988,1235.91418
285.61734,-242.48102999999998,1226.43066
286.03412000000003,-242.15137000000001,1216.2210699999998
285.75281,-241.19031,1206.25781
285.55435,-240.23169,1196.57751
284.75662,-238.68196,1187.25891
284.45052999999996,-237.40653999999998,1178.91199
283.53283999999996,-235.53277999999997,1171.2889400000001
282.00473,-233.38271,1165.90344
282.06842,-231.49087999999998,1162.76831
282.46094,-229.49161,1161.8092
282.79901,-227.52599999999998,1163.91199
284.32581,-225.76292,1168.02332
286.26782000000003,-223.92651,1174.12415
288.67722000000003,-222.17108,1180.91956
290.77022999999997,-220.02206,1189.44849
293.31705,-217.90666000000002,1198.5955800000002
296.36154,-215.91246,1208.21521
299.55991,-213.47192,1218.50586
302.48355,-211.24083,1228.51929
306.06116000000003,-209.26802,1238.35315
309.45102,-207.66499,1247.69983
312.54102,-206.11397,1256.55005
314.65094,-204.54363999999998,1264.22229
317.18427,-203.63736,1271.0245400000001
318.34598,-202.94064,1276.91089
319.33508,-202.17494,1281.41443
319.35034,-201.34818,1285.2323
320.10535,-201.37061,1287.95825
320.63541000000004,-201.42567,1289.86987
321.03891,-202.03986,1290.9281
321.5386,-202.52063,1291.08215
321.99318999999997,-203.05334,1291.01172
322.77353,-204.12036,1290.06287
324.2348,-205.40051,1288.5499300000001
325.51453,-206.75858,1286.4469
327.13599,-208.54482,1284.02563
328.29572,-209.95641,1281.21655
329.80795,-211.15642000000003,1277.66626
331.50818,-213.40618999999998,1273.59485
332.53552,-214.88893,1268.8844
334.06998,-217.1467,1263.33203
334.4072,-218.78114,1256.59485
334.65985,-220.14279,1249.43713
334.8096,-221.67699,1240.97485
334.91626,-222.77672,1232.3654800000002
334.90302,-223.82471,1223.03589
333.82739,-224.49397000000002,1213.2763699999998
333.54537999999997,-225.15288999999999,1202.93347
332.88837,-225.2877,1192.86951
332.17037999999997,-225.08938999999998,1183.47583
331.17068,-225.46591,1174.55835
330.72708,-224.49895,1167.66724
330.86096000000003,-224.00046,1162.79419
330.91472999999996,-223.49014,1161.05725
332.20807,-222.40967999999998,1161.25171
333.60663,-221.28766000000002,1163.40417
336.00522,-220.20462,1167.02576
338.14291000000003,-218.69226,1172.58398
340.99908,-216.53491,1177.91235
343.80118,-214.0797,1183.94604
347.38022,-211.85471,1190.2951699999999
350.79797,-208.9995,1196.5105
355.92661,-206.33127,1202.6113300000002
359.80634,-203.56496,1209.13428
363.75916,-201.26671000000002,1215.17395
367.12732,-198.85799,1220.45398
369.1553,-196.91881999999998,1224.34485
371.78432999999995,-195.23328,1227.6141400000001
373.22693,-193.38895,1229.74707
373.63782000000003,-191.73242,1230.6461199999999
374.39288,-190.08373999999998,1230.71448
374.80267000000003,-188.42958000000002,1229.36694
376.12259,-187.36838,1227.85022
377.4082,-185.75305,1225.13086
378.77179,-184.21309,1222.29016
380.76407,-182.80927,1218.43176
382.67462,-181.67445,1214.49548
385.14636,-180.27916000000002,1209.8029800000002
387.50851,-179.25351,1204.75964
390.88141,-178.54585,1200.0907
393.43369,-177.08641,1194.48755
395.92712,-176.14496,1188.1076699999999
397.88739,-174.5377,1181.44885
399.92569,-173.0658,1174.14905
401.42969,-171.09537,1167.40051
402.27047999999996,-168.73071000000002,1160.72388
402.33822999999995,-166.53271,1155.0023199999998
402.80786,-164.17491,1150.4873
403.27512,-162.05992,1147.66895
403.83301,-159.69791999999998,1147.30444
404.24472000000003,-158.20049,1148.85583
404.28961,-156.74034,1151.93042
404.62527,-154.96559,1156.64844
405.35477000000003,-153.71056000000002,1162.9139400000001
405.45459,-152.82041999999998,1170.021
406.39617999999996,-152.15896999999998,1177.9425
407.1384,-151.01848,1186.3173800000002
408.52648999999997,-150.12491,1195.2861300000002
409.1218,-149.29731999999998,1203.67651
410.49902000000003,-148.83046000000002,1211.86609
411.58014,-148.51801,1220.14563
412.36755,-148.58158999999998,1227.99243
412.40494,-149.02591,1234.99194
412.43917999999996,-149.51901,1240.34729
411.56557999999995,-150.64226000000002,1245.49011
409.94672,-151.70331000000002,1249.60376
409.17871,-153.06972,1252.6978800000002
407.23407000000003,-154.66193,1254.50061
405.03561,-156.49248,1255.6652800000002
403.50986,-158.11951000000002,1255.87671
401.629,-160.62471000000002,1254.89355
400.23972000000003,-163.0849,1253.45886
400.20083999999997,-166.23729,1251.07666
398.08646,-168.6955,1247.89868
398.05875,-171.49368,1244.31885
398.92236,-174.63969,1240.22839
399.38165,-177.53157,1235.18884
400.02246,-181.02168,1230.20251
400.33878,-183.4211,1224.0614
402.22992,-186.30846,1217.0756800000001
404.99997,-189.38936,1209.26526
406.14127,-192.00642,1201.14502
408.02443999999997,-193.71101000000002,1191.67188
409.66202000000004,-195.21516,1181.86365
412.76971000000003,-197.29016000000001,1171.67993
414.73349,-198.37859,1161.02295
416.04013,-198.71158,1150.7074
416.06039,-198.15288,1140.57117
417.54944,-197.28072,1131.73486
418.93469,-195.75516000000002,1125.95093
419.83899,-194.11209,1123.2999300000001
421.18729,-191.59203,1122.90332
423.14948,-188.87511,1124.73901
425.97925,-186.08588,1128.5932599999999
429.50522,-182.33308,1134.44617
432.38699,-177.92375,1142.22925
437.08536,-173.61141999999998,1151.06885
442.44802999999996,-168.87865,1161.29297
448.02216,-163.95119,1171.90649
453.90509000000003,-158.66257,1183.4812
460.47115999999994,-153.05507,1195.74316
465.99051,-148.11935,1207.66797
471.36245999999994,-142.92224,1220.0317400000001
475.32030999999995,-137.37083,1232.48901
479.55675999999994,-132.30055,1244.85779
482.73911,-127.12704,1256.91931
484.76690999999994,-121.02396,1269.27148
486.23947000000004,-114.96415,1280.46484
487.0127,-108.58318,1291.9338400000001
488.46579,-102.50584,1302.1145
489.32352000000003,-95.38436999999999,1312.15454
490.41397,-88.53658,1321.83691
491.17938,-81.22015,1330.92749
491.99789000000004,-73.91816,1339.97754
493.09827,-66.88561,1348.54407
493.69086,-59.88541,1357.19446
494.1402,-53.15813000000001,1365.66614
494.98245,-46.243959999999994,1374.0925300000001
495.23483,-40.34446,1382.02295
496.06863,-34.42779,1389.8601099999998
496.48227,-28.98221,1397.1539300000002
497.34090999999995,-24.14984,1404.06555
498.21011,-19.58481,1410.30127
498.50537,-15.472389999999999,1415.91443
499.58362,-12.039530000000001,1420.7396199999998
500.31667999999996,-9.266630000000001,1425.14978
501.17661,-6.8640300000000005,1429.05737
502.02695,-5.0189699999999995,1432.4379900000001
503.07925,-3.6149400000000003,1435.29333
504.07819000000006,-3.04408,1437.94385
505.41623,-2.72492,1439.8546099999999
506.59488,-3.62402,1441.4126
508.07552999999996,-5.06015,1442.38965
509.33069000000006,-6.946789999999999,1442.7985800000001
511.49637,-9.25672,1442.5588400000001
512.4152799999999,-11.72744,1441.98792
513.65576,-14.13998,1440.8546099999999
514.3075,-16.60055,1439.4165
514.54578,-18.28312,1437.91687
513.8865400000001,-19.32029,1437.2821
511.73645,-19.32066,1437.00171
509.2644,-18.62085,1437.35376
507.53687,-17.6414,1438.05676
505.86847,-16.09129,1438.96191
504.7388,-14.272870000000001,1439.82825
504.08704000000006,-12.10517,1439.91199
503.63583,-10.21623,1439.16467
502.87380999999993,-8.25575,1437.91333
502.96576,-6.84173,1435.4736300000002
503.10695999999996,-6.49282,1431.7305900000001
503.03275,-6.473730000000001,1427.0036599999999
502.57027999999997,-7.06873,1420.9561800000001
502.39758,-9.38795,1413.8504599999999
501.16263,-12.03391,1405.74609
500.14052999999996,-15.52875,1396.95764
498.75858,-19.762629999999998,1387.0415
497.36905,-24.57516,1377.12854
495.58984000000004,-29.777209999999997,1365.9199199999998
494.29944000000006,-35.85737,1354.3845199999998
492.43509000000006,-42.27833,1342.14893
490.87631,-48.90858,1329.44629
489.77109,-56.015159999999995,1315.79431
488.80411,-63.53612,1301.99243
486.73837000000003,-72.30856,1287.7006800000001
486.44269,-81.15543000000001,1273.33765
486.98987,-90.29146,1258.28833
486.84164000000004,-99.46428,1243.91895
487.85983,-109.05121000000001,1229.40051
488.60269000000005,-118.75603000000001,1215.29126
490.20865,-128.57895,1201.5687300000002
491.59357,-138.62552,1188.4520300000001
491.7186,-146.68626,1176.6771199999998
490.52264,-154.10445,1165.4967
488.8598,-161.16095,1156.1472199999998
486.99365,-167.43958999999998,1147.27417
486.14713,-171.49506,1140.97583
485.957,-173.79764,1137.7645300000001
487.55017000000004,-173.82623,1135.97302
490.04790999999994,-172.33632,1137.32251
492.45679,-169.59398000000002,1141.08301
494.98870999999997,-166.66335,1147.69385
496.03130999999996,-163.1077,1155.99158
495.24149000000006,-158.66326999999998,1166.7590300000002
493.05115,-153.85779,1179.43787
490.92386,-149.49018999999998,1192.6803
488.24792,-144.52913999999998,1206.57556
485.21664000000004,-139.07959,1220.7120400000001
482.68384000000003,-133.26163,1235.448
480.51465,-127.55203999999999,1249.96545
478.6377,-121.15874,1264.1273199999998
477.41672,-114.70385,1277.2800300000001
476.51782000000003,-107.10475,1290.31604
475.99994000000004,-99.37156999999999,1302.5932599999999
475.41953,-90.71013,1314.4129599999999
475.64719,-81.81251,1325.9370099999999
475.9462,-72.62359000000001,1337.49207
477.23849,-63.11666999999999,1348.07324
478.51712000000003,-53.999309999999994,1359.55188
480.14185,-45.252140000000004,1370.56274
481.68155,-36.63668,1381.60291
484.18182,-29.087320000000002,1392.3455800000002
486.47919,-22.17253,1403.56689
488.5881,-16.252779999999998,1414.3717
491.08017,-11.3819,1424.28552
493.33234000000004,-6.9333100000000005,1433.7749
496.20092999999997,-3.6463400000000004,1442.57312
498.70404,-1.1197,1450.6749300000001
501.69097999999997,0.4408,1458.09668
504.75858,0.9727399999999999,1464.30432
507.50192000000004,0.6805,1469.21802
509.5694,-0.23567,1473.54895
512.00415,-2.30442,1476.6358599999999
513.76099,-4.11129,1478.7572
515.7583,-7.01311,1480.1574699999999
517.09235,-9.96627,1480.4928
518.49927,-13.25539,1480.04602
520.02588,-16.948970000000003,1478.72632
520.83844,-20.197470000000003,1476.80811
521.6202400000001,-22.9905,1474.74109
522.14612,-25.298289999999998,1472.69885
521.98743,-26.8933,1471.01746
522.1198099999999,-28.071690000000004,1470.0684800000001
520.685,-27.90333,1470.22156
519.9669200000001,-27.351570000000002,1470.9198
518.11798,-25.917820000000003,1471.73462
515.90625,-23.77609,1472.98376
513.46375,-21.556179999999998,1473.84705
510.17895999999996,-18.61318,1474.38379
506.59808,-16.07682,1474.1803
502.75417999999996,-13.66521,1473.36755
498.17672999999996,-11.45964,1471.3418
493.59894,-9.81573,1468.44751
489.11792,-8.93543,1464.3385
485.05457,-8.80101,1458.9393300000002
480.54135,-10.002419999999999,1452.1726099999998
476.00622999999996,-12.37252,1444.28992
471.41553,-15.663170000000001,1435.25635
466.99010999999996,-19.89954,1425.36511
462.50647000000004,-24.84096,1415.0798300000001
458.13315,-30.043359999999996,1404.1738300000002
454.23248,-36.346470000000004,1392.32178
450.98209,-41.62334,1380.24414
448.38372999999996,-48.00745,1366.90845
444.07742,-55.593219999999995,1354.0036599999999
441.17825,-62.55809,1340.41833
438.55112,-69.76935,1326.5416300000002
436.66708,-77.70786,1312.47571
435.24414,-86.12966999999999,1297.67468
433.78717,-94.95291,1283.22437
433.13492,-103.8837,1268.37292
432.17615,-113.68494,1253.49524
431.3475,-123.36815,1238.745
430.26849000000004,-133.96761999999998,1224.2998
429.22995,-143.93158,1209.92749
427.40317000000005,-154.42967,1195.94214
425.45721,-164.59206,1183.28027
422.60680999999994,-174.77414,1171.1261
419.61658,-184.93634,1160.46155
416.28955,-194.01939,1151.2645300000001
412.49844,-202.49458,1144.00427
409.27277000000004,-208.80324,1139.50391
405.88889,-213.38074,1137.43921
401.69916,-218.06375,1137.60913
396.35345,-222.35196000000002,1141.18164
389.91513,-227.42142,1147.8065199999999
382.10309,-232.49787999999998,1156.15039
373.77591,-237.23752000000002,1167.57544
364.61037999999996,-241.60516,1179.74304
355.82831,-246.18335,1193.93762
346.97357,-250.31668,1208.47742
339.45956,-254.74721,1223.06531
331.88879,-258.19449,1237.45264
324.8208,-260.96365,1251.69067
318.55542,-262.74042000000003,1265.55823
311.92181,-264.19556,1278.8092
305.91266,-264.84689,1291.74353
299.43109,-264.65851000000004,1304.61353
292.57428,-264.01291000000003,1317.1629599999999
285.70392000000004,-262.83789,1328.83813
279.18326,-261.21127,1340.6886
272.83377,-259.64367999999996,1352.17834
265.83136,-257.78305,1363.3853800000002
258.79614,-255.28017000000003,1374.35986
253.64851000000002,-253.83861000000002,1384.77917
247.5529,-251.73471,1394.74207
242.44881,-250.45737999999997,1404.94873
237.15138,-248.86879,1414.33569
232.56697000000003,-246.63573,1423.54419
229.19429,-245.45447000000001,1432.11194
226.28291000000002,-244.01671000000002,1440.44629
223.8107,-242.86782999999997,1448.2536599999999
222.22865,-242.01203999999998,1455.65686
220.71912999999998,-240.41972,1462.27161
220.60058999999998,-239.71815,1467.88293
220.9736,-239.17934,1472.797
221.43527000000003,-238.97404,1476.9375
222.84692,-239.54093999999998,1480.1488
224.58517,-240.36458,1482.48181
226.93832,-241.81317,1483.99109
229.20389,-243.38924,1484.71936
231.72987,-245.23395,1484.5741
234.86151,-247.76047000000003,1483.4211400000002
238.31929,-250.27447999999998,1481.87061
241.96255,-252.46462999999997,1479.39014
245.66593999999998,-255.10516,1476.43909
249.14601000000002,-257.15979,1473.0773900000002
252.16872999999998,-259.21381,1469.0612800000001
254.55182000000002,-260.75378,1465.59167
256.16452000000004,-262.59146,1463.13525
256.19372999999996,-265.23276,1461.1680900000001
255.67815,-266.67303,1460.66626
253.50162999999998,-268.35497999999995,1461.20264
251.29562,-269.63181000000003,1461.93481
248.26788,-269.88467,1462.8877
245.05638,-270.55576,1463.30688
241.7825,-271.31561,1463.49744
238.44400000000002,-272.29391,1463.1726099999998
235.0361,-273.79672,1461.77246
232.09251,-275.6254,1459.35059
229.74034,-277.6456,1456.0521199999998
228.51996,-280.25153,1451.74011
228.50169,-283.87597999999997,1446.13489
229.23955,-287.44321,1439.44275
230.38385,-291.21655,1432.29102
232.55595,-295.68118,1424.21741
234.45341000000002,-300.16705,1415.1766400000001
239.26334,-304.26529,1404.83643
244.17949,-308.89111,1394.08069
248.26817000000003,-313.28665,1383.2312
254.34755,-318.07379,1371.82947
260.77032,-322.73535,1359.86755
267.71909,-327.47751,1347.72253
275.93457,-332.54865,1335.2533
284.03842000000003,-336.72446,1322.77332
292.90677,-341.26239,1309.8319099999999
302.42719,-346.15369,1296.99609
312.52271,-350.67801000000003,1283.5658
323.53915,-356.18134,1269.9791300000002
332.7746,-360.49637,1257.0764199999999
342.75064,-365.9317,1243.92212
352.14923,-370.9238,1231.22095
361.93079,-376.41061,1218.40454
370.3783,-382.08563,1206.06677
379.13275,-387.18643,1194.02161
387.54309,-392.36069,1181.9874300000001
394.0062,-396.54276,1170.53577
399.94836000000004,-401.18842,1159.69543
405.04892,-405.39108,1150.25781
408.33423,-407.82776,1142.64075
409.65063,-408.77338,1137.1970199999998
409.56104,-408.40054,1133.2750199999998
408.34902999999997,-407.81723,1131.49585
407.50717000000003,-407.86868,1131.9356699999998
405.00735,-409.40805,1135.47388
402.20691,-411.6109,1141.56152
398.26935,-414.58591,1150.01782
393.93433,-417.54568,1160.1368400000001
390.05402000000004,-420.05352999999997,1172.05017
385.08972,-423.20926,1184.9351800000002
380.79416000000003,-424.87772,1198.60718
376.40424,-426.39102,1212.59644
371.62927,-427.78864000000004,1226.8455800000002
366.74686,-428.97913,1241.13635
361.81057999999996,-429.83664000000005,1255.07104
356.52013999999997,-430.50262000000004,1268.91028
350.57013,-430.9415,1282.08203
344.41064,-430.69482,1294.92773
338.33762,-430.70624000000004,1307.13013
331.56201,-429.95305999999994,1318.51001
324.60681,-429.57587,1329.80359
316.66656,-427.73981,1340.7345
310.08673,-426.49478,1351.3114
302.47733,-424.2471,1361.81531
295.14617999999996,-421.89282000000003,1372.13599
289.17804,-419.1351,1382.33044
282.65826,-415.93161000000003,1392.46606
277.39517,-413.53354,1401.98035
272.41461,-410.43594,1411.30896
268.64551,-407.61084,1419.94897
264.81195,-404.70232999999996,1428.40771
262.30045,-402.16882000000004,1436.07654
260.46191,-399.53589,1443.0485800000001
259.63504,-397.00998,1449.26538
258.99411000000003,-394.22049,1454.82813
258.63174,-391.56155,1459.41174
259.65231,-388.71976,1463.56836
260.6286,-385.91592,1466.47571
263.0687,-383.09988,1468.64429
265.19766,-381.19912999999997,1470.18372
267.65616,-378.49242999999996,1469.90894
271.34412000000003,-377.05841000000004,1469.44092
274.66895,-375.26889,1467.4813199999999
278.20218,-374.02493,1465.46289
281.57169,-372.71848,1462.8667
285.12341000000004,-371.2084,1460.02612
288.34772000000004,-369.93707,1457.6159699999998
291.44681,-368.58547999999996,1455.9408
293.2179,-367.36852999999996,1454.45032
294.27777000000003,-366.35684,1454.60974
293.99716,-365.60587000000004,1455.17188
293.41995,-364.90485,1456.39124
292.77628,-364.4693,1457.65161
290.85287,-364.29984,1459.36169
289.1481,-364.8045,1460.24756
287.24017000000003,-365.66577,1461.21423
285.7421,-366.95874,1461.64087
284.62,-368.98444,1461.05005
283.74677,-371.30877999999996,1459.76575
283.0014,-373.29187,1457.69946
283.84337999999997,-376.44338999999997,1454.62366
285.08456,-379.20407,1450.44324
287.12863,-382.38354,1445.30664
289.96213,-385.5701,1439.79773
293.62296000000003,-388.97222999999997,1433.06458
298.22968,-392.30222000000003,1425.5485800000001
302.52328,-395.40482000000003,1417.6574699999999
308.181,-398.77792,1408.57312
313.17947000000004,-401.77725,1398.79272
319.10400000000004,-404.49112,1388.34119
325.80127000000005,-407.28247000000005,1377.0451699999999
333.17746,-410.12259,1365.08875
339.67357999999996,-412.34157999999996,1352.8106699999998
347.97668,-414.93921,1339.66797
356.2738,-417.20596,1325.7930900000001
364.67825,-419.25647000000004,1311.93066
373.54031000000003,-421.28799000000004,1297.43323
383.379,-422.76614000000006,1282.84082
392.72586,-424.86075,1268.59924
401.72803,-427.03612999999996,1254.03943
411.39743,-429.46085,1239.58618
419.48657000000003,-430.98792000000003,1225.56262
429.41610999999995,-433.44492,1211.4928
438.689,-436.3537,1198.20105
447.88419000000005,-439.73206,1185.55042
457.35735999999997,-443.46011,1174.33557
465.34517999999997,-447.48929000000004,1164.63367
474.38235,-451.37420999999995,1156.81335
482.07764000000003,-454.69930999999997,1150.302
489.28415,-458.14133,1146.09583
495.01819000000006,-460.16232,1143.89807
499.56119,-461.16101,1143.62744
502.79715,-461.3049,1145.01624
505.439,-461.04709,1148.26062
508.66247999999996,-459.61954000000003,1152.35583
511.43344,-459.38354000000004,1158.05688
512.7511,-459.53772000000004,1165.62585
514.2968099999999,-460.50757000000004,1174.05872
516.31989,-461.36917,1182.84448
517.77008,-462.86102,1192.82715
518.9653900000001,-464.35830999999996,1202.30542
520.23761,-466.14078,1212.28455
521.89288,-467.53778,1221.0282
522.38354,-468.52737,1230.46729
523.53375,-470.10074000000003,1239.03979
524.34888,-471.73715,1247.29565
525.5788,-473.27054000000004,1255.1377
526.21997,-475.01552999999996,1262.00439
527.521,-476.41970999999995,1268.20276
528.84875,-478.70162999999997,1273.22742
530.57733,-480.57568,1277.3071300000001
531.9303,-483.14154,1280.9597199999998
534.53333,-485.75836,1282.64697
536.4080799999999,-487.73897999999997,1283.84631
539.28076,-490.77698,1283.7789300000002
542.63098,-493.32202,1282.77771
545.90356,-496.0296,1281.07581
549.30566,-498.38757000000004,1278.58679
552.84869,-500.90308,1275.67004
557.62335,-502.92883,1271.65723
562.39996,-505.2204,1266.86353
567.5573099999999,-507.12212999999997,1261.7948
572.2879,-508.55139,1255.71057
577.70557,-509.96674,1248.92957
582.57379,-511.34305,1241.5637199999999
588.43945,-512.33258,1233.23303
593.07263,-513.16925,1224.4279800000002
598.45142,-513.9617900000001,1214.55676
602.8602900000001,-513.95642,1204.48108
607.88837,-515.4386599999999,1194.07214
611.42145,-516.08722,1184.00879
615.0705,-517.70093,1174.54651
618.1969,-519.29547,1166.36206
621.7076400000001,-520.51801,1161.0798300000001
625.23627,-521.05011,1158.7699
628.75763,-521.51349,1158.68921
631.6582,-520.44373,1160.46655
634.21515,-519.1741900000001,1164.50745
636.70123,-517.53052,1169.7561
638.9639900000001,-515.55487,1176.24902
641.15002,-514.09186,1183.58081
642.3393599999999,-511.81369000000007,1192.0479699999999
642.73505,-509.16959,1201.45374
642.8491799999999,-506.84317000000004,1211.31799
642.9693599999999,-504.18616,1221.33228
643.19012,-501.76302999999996,1231.7874800000002
642.81061,-499.44672,1241.90723
643.05902,-497.72745,1251.5523699999999
642.9749099999999,-495.95345999999995,1260.8347199999998
642.80896,-495.00586,1269.9583699999998
642.31415,-494.29694000000006,1277.91211
642.1243900000001,-494.06665,1285.30566
642.10449,-494.07224,1291.4099099999999
641.90833,-494.13680999999997,1296.43677
640.93079,-494.1434,1300.5833699999998
640.53497,-494.56229,1303.67249
640.37854,-494.9689,1305.6983599999999
640.27148,-495.26595999999995,1306.6812699999998
640.88232,-495.63027999999997,1306.8449699999999
642.17883,-496.27160999999995,1306.21887
643.81458,-496.93323,1304.9718
645.68463,-497.17157000000003,1302.8273900000002
648.5095200000001,-497.88662999999997,1300.39966
651.8250099999999,-498.70667000000003,1297.11365
655.9574,-499.48062000000004,1293.15149
660.46887,-500.07178,1288.7124
665.13135,-500.80096,1283.6870099999999
670.19391,-501.55255,1277.88391
675.76343,-501.78351,1270.9873
682.15759,-502.50226,1262.94922
688.16003,-502.97736,1254.29834
694.68152,-503.39032000000003,1244.32141
701.2478,-503.89084,1233.37878
708.82458,-504.81613,1222.17188
716.4137,-505.71948,1209.66699
723.6144400000001,-506.68865999999997,1196.5116
731.84088,-508.03927999999996,1183.1729699999999
738.97839,-509.33383,1169.58411
745.79443,-510.93054000000006,1156.46704
753.18182,-513.13898,1144.03992
759.2658700000001,-515.02899,1133.25354
764.86963,-516.62152,1125.25757
770.38928,-518.52832,1120.42407
774.51373,-520.38098,1118.40845
777.4483,-521.8272099999999,1118.48035
779.40125,-524.85645,1120.77771
779.64282,-528.00525,1124.60217
779.2941900000001,-532.05078,1128.83398
777.04791,-536.77356,1134.26306
773.07196,-540.61438,1139.47754
767.94983,-545.02234,1146.03552
762.0708599999999,-549.35858,1152.49988
755.90753,-553.41357,1160.2110599999999
748.16278,-556.85022,1168.75244
740.8840299999999,-560.1592400000001,1178.17822
733.25708,-562.55475,1188.8682900000001
725.2417,-564.39771,1200.38806
717.86176,-565.62994,1212.48938
710.41705,-566.30182,1225.09302
702.5011599999999,-566.3491799999999,1238.2686800000001
694.97681,-566.51526,1251.52881
687.92688,-566.3575400000001,1264.55151
681.37433,-565.91187,1276.97449
675.01129,-565.80664,1288.8347199999998
668.00171,-566.09552,1299.65161
661.44519,-566.55017,1308.6701699999999
654.55768,-567.27368,1316.29089
648.1933,-568.0282599999999,1322.23157
641.96625,-568.4671599999999,1326.4896199999998
636.65338,-569.7348,1328.5083
632.20386,-570.89642,1329.6970199999998
629.1228,-572.2072099999999,1329.91736
626.9917,-573.02844,1329.12158
626.3421599999999,-574.2232700000001,1327.64795
626.10742,-574.66742,1325.15112
626.79022,-574.77301,1321.58728
627.50598,-574.41382,1317.25708
629.7767299999999,-573.99988,1312.1671099999999
632.02905,-573.20947,1306.60107
635.16565,-572.1828,1300.25977
638.83618,-570.84668,1293.40698
642.6134599999999,-569.22595,1285.79651
646.99823,-567.80292,1277.85205
652.14551,-566.77234,1269.33411
657.0656700000001,-565.6936,1260.14917
662.91394,-564.81354,1250.04321
668.96338,-564.15631,1239.6032699999998
675.2000099999999,-563.07599,1228.37756
681.43317,-562.5462,1216.75684
688.35699,-561.7569599999999,1205.03674
694.9859,-561.13788,1193.01465
701.67505,-561.4681400000001,1180.91919
708.16748,-561.0697,1169.48206
714.44531,-561.81885,1157.67993
720.4566,-562.9377400000001,1146.13367
726.67505,-564.19312,1135.52808
732.2189900000001,-566.02887,1125.79248
737.57349,-567.89801,1116.9932900000001
741.98138,-570.03571,1110.40527
745.8382,-572.09375,1105.38647
748.43787,-573.7868,1101.875
750.4468400000001,-575.2262,1100.28162
752.54193,-577.0509599999999,1100.1131599999999
753.24567,-578.54083,1101.75061
753.0955799999999,-579.63354,1105.27124
753.90161,-581.2382200000001,1109.8414300000002
753.68115,-582.6281700000001,1115.94275
752.70258,-583.9267,1123.46814
752.08844,-585.36108,1131.92932
751.30841,-587.0222200000001,1141.99353
750.5744599999999,-588.74994,1153.32825
749.5143400000001,-589.72455,1164.92346
748.82922,-591.27783,1177.41675
748.24176,-592.34955,1190.17859
747.6604,-593.40674,1202.52576
747.88086,-594.52185,1215.26294
747.94214,-595.3939799999999,1227.63525
747.82507,-595.9361,1239.6743199999999
748.19989,-596.56952,1250.60925
749.22784,-597.21643,1261.03821
749.91968,-598.0257,1270.5968
750.79395,-598.57294,1279.02161
752.12329,-599.28107,1286.4209
752.98022,-599.6579,1292.83459
754.85199,-600.6709,1298.25098
756.08917,-600.84808,1301.99939
757.0955799999999,-600.6564900000001,1305.15564
758.34961,-600.4978,1306.90466
759.49072,-599.92877,1307.50647
761.37573,-598.82275,1307.00281
762.39709,-597.38867,1305.83508
764.1908599999999,-595.98456,1303.19385
765.7567700000001,-593.76965,1300.01416
766.94519,-591.47107,1296.07007
768.12726,-588.3428299999999,1291.1958
769.93665,-585.32532,1285.3826900000001
771.2027,-581.4018599999999,1279.0957
772.12726,-577.7428,1271.9819300000001
772.72485,-573.76605,1263.98901
773.4375,-569.5705,1255.12512
773.6088900000001,-564.8139,1245.35437
773.9165,-560.35938,1234.8186
773.71948,-555.54175,1223.43921
773.37878,-550.76349,1211.38611
772.89484,-545.33521,1198.34155
772.3324,-539.84955,1184.62256
771.448,-534.5741,1171.17273
770.45959,-529.74713,1158.04651
768.8804299999999,-525.34052,1145.5819099999999
766.99487,-521.69025,1134.74207
762.7431,-518.50122,1126.4249300000001
759.75397,-515.479,1120.83618
756.9245,-513.02258,1117.99316
755.2669099999999,-511.52283,1117.93005
754.12103,-509.63495,1119.95776
753.93463,-508.48395,1123.21936
755.5559099999999,-507.29596,1127.38
757.78552,-506.50162,1132.60095
761.07965,-505.63622999999995,1139.49304
764.6986099999999,-504.68875,1147.82239
769.31073,-503.65747000000005,1157.6027800000002
774.0156900000001,-502.82309000000004,1168.93445
779.94507,-502.14847000000003,1181.2567099999999
785.31628,-500.88115999999997,1194.79639
791.66479,-499.76645,1209.70349
795.8200099999999,-498.59378,1224.39697
803.21136,-496.53375,1240.01917
808.08521,-495.76324000000005,1255.42859
812.5119599999999,-494.40380999999996,1270.8192099999999
815.97803,-493.42914,1285.74561
818.83569,-492.5751,1299.97449
820.69556,-492.3678,1313.22034
820.5849599999999,-491.98456,1325.51831
820.77948,-492.08673,1336.63623
819.20148,-492.12299,1346.0788599999998
816.5360099999999,-492.37955,1354.71936
813.41913,-492.38522,1361.22083
810.69562,-492.94434,1366.95605
807.2182,-493.11728,1370.9428699999999
803.41022,-493.64639000000005,1374.46545
799.58514,-493.75467000000003,1376.56531
795.45868,-493.6575,1377.8538800000001
792.0009200000001,-494.32227,1378.63147
788.60315,-494.34454000000005,1378.65063
785.0634200000001,-494.24115,1377.60095
780.7597,-494.25015,1375.44812
777.17377,-494.36255,1372.9923099999999
771.40405,-494.77950999999996,1369.4796099999999
767.63385,-494.61655,1364.97815
763.2605,-494.02225,1359.52075
758.8186,-493.39412999999996,1353.4860800000001
756.16333,-492.22015,1346.46313
750.69421,-491.99857000000003,1339.04773
745.56628,-490.52625,1330.42224
741.42743,-489.78765999999996,1321.3913599999998
736.5831900000001,-488.4082,1311.42944
731.92261,-487.13485999999995,1301.40015
727.46368,-485.87215999999995,1290.83545
722.84735,-483.67425999999995,1280.66345
718.47235,-481.75519,1270.7916300000002
713.86993,-479.30852999999996,1261.42969
709.8519299999999,-477.08745999999996,1252.55725
705.78967,-475.05338,1244.5304
701.6940900000001,-473.01184000000006,1236.60913
697.49286,-470.86975,1229.66589
693.66229,-468.68323,1223.66052
690.74768,-466.94043,1218.79749
687.80829,-465.03073,1215.56726
684.77759,-462.27716,1214.12573
682.41272,-460.07849000000004,1214.19128
679.44983,-457.6904,1215.91492
676.5191,-454.99152000000004,1219.25
674.3931299999999,-453.02872,1224.09827
671.99054,-451.15795999999995,1229.56763
669.0426,-449.30609000000004,1235.8601099999998
667.13757,-448.08261,1242.57593
665.0057400000001,-446.72992,1249.9411599999999
662.6447099999999,-445.70514000000003,1257.60181
661.2547,-445.42093,1265.224
658.9705799999999,-443.87546,1273.1615
656.48022,-443.18768,1280.82312
654.22253,-442.75681,1288.21375
652.05609,-442.44522,1295.59546
650.3302,-442.47235,1302.22253
647.8481400000001,-442.05829000000006,1308.31885
644.93854,-441.93698,1313.9851099999998
641.67493,-441.84472999999997,1319.09363
638.02838,-441.61287999999996,1323.21155
633.92352,-441.56995,1326.34656
630.06921,-441.58328,1328.83557
625.57617,-441.72958,1329.8455800000002
620.88086,-441.82513,1329.7782
615.98828,-442.47714,1328.6261
610.95215,-442.73815999999994,1326.54968
605.4633200000001,-443.21463,1323.0874
598.95801,-442.78458,1318.70703
593.2481700000001,-443.34344000000004,1313.47571
586.68744,-443.29040999999995,1307.18225
580.41858,-443.45279000000005,1299.90271
573.87994,-443.22195,1291.46216
566.0968,-442.29135,1282.16028
558.40497,-440.97797,1272.12366
549.78967,-439.29787999999996,1261.0612800000001
540.98859,-437.46597,1249.21912
531.6093099999999,-435.44971,1236.39929
522.36035,-433.65585,1223.21594
512.30359,-430.6626,1210.28198
502.16962,-427.8519,1198.10754
491.76437000000004,-424.2291,1187.23877
480.7309,-419.73804,1178.58215
469.42870999999997,-414.18936,1172.33398
459.33545,-408.9306,1168.0004900000001
448.25592,-402.59839,1166.72424
438.66585999999995,-397.18387,1167.22998
428.84885,-391.44284,1169.61987
421.23163,-385.1713,1172.53882
412.11005,-379.409,1177.9989
403.98657000000003,-374.18942000000004,1183.96606
395.66876,-368.79785,1191.5883800000001
388.60269,-363.84131,1199.59949
382.10284,-359.09866,1208.27869
376.32657,-354.95502,1217.19849
371.64694,-351.53564,1225.8546099999999
366.43478,-348.83591,1234.6875
362.41495,-346.0524,1243.0004900000001
358.89941,-343.99588,1250.65564
354.36435,-341.89682,1257.87146
350.53314,-340.2374,1264.16199
346.55707,-338.45874,1269.8256800000001
342.64069,-336.44006,1274.7789300000002
338.69751,-334.55405,1278.68591
334.875,-332.86334,1281.50854
331.14291000000003,-330.9805,1283.5999800000002
327.5148,-329.14099,1284.75085
323.85233,-327.00937000000005,1285.5437
320.98584,-325.30069,1284.96802
318.32785,-323.3573,1283.62402
315.14221000000003,-321.32416,1281.90112
312.32355,-318.70898,1279.72021
310.04156,-315.94467000000003,1276.46191
308.35596,-314.14938,1272.5564
306.72823999999997,-310.98215,1267.69958
304.39359,-307.81604,1262.99609
303.0777,-304.85071,1257.03149
302.20023,-301.60367,1250.23877
300.543,-298.43768,1242.85815
299.58359,-295.10251,1234.87
297.31326,-290.87863,1226.2078900000001
297.06338999999997,-287.29672,1216.8075
295.88934,-282.58746,1207.20715
294.84182999999996,-278.44702,1196.30383
293.16058,-273.60400000000004,1186.20447
291.94971,-269.16782,1176.31445
290.8028,-264.5878,1166.6014400000001
289.74167,-259.67969,1158.64893
289.15612999999996,-255.23096,1152.672
288.83844,-249.87349,1149.2548800000002
288.38718,-244.65874,1148.92444
288.61023,-239.5385,1150.84692
288.78328999999997,-234.9614,1154.4338400000001
289.5336,-230.315,1159.6262199999999
289.60495,-225.41861,1166.63696
289.94357,-221.06786,1174.58398
290.2117,-216.09131000000002,1183.72375
290.85272000000003,-211.22997,1193.69592
291.40546,-206.35458,1204.49585
291.69199,-201.614,1216.12244
292.06937,-197.14084,1227.41895
291.98453,-192.7058,1239.21631
291.94707999999997,-188.76724,1250.62207
291.96536000000003,-185.46815,1261.27991
291.44901,-182.16577,1271.13135
290.65884,-179.16156,1280.67236
289.87329,-175.84204,1288.72522
289.43692000000004,-173.26962,1295.79919
288.31396,-170.42332,1301.72974
287.94235,-167.25395,1306.46375
287.57428,-164.3905,1310.38708
287.71378,-161.62479,1313.13574
288.24258,-158.33231,1314.8385
287.97516,-155.78441999999998,1315.69397
288.90792999999996,-153.03177,1315.57727
290.11328,-150.5529,1314.56042
291.03098,-148.08966,1312.70349
292.33667,-145.93323,1309.59509
294.32397000000003,-144.64122,1306.35938
296.50412,-143.17477,1301.66187
298.90475,-142.12763999999999,1296.1942099999999
301.55182,-141.15868,1290.27563
303.98749,-140.44416999999999,1283.3961199999999
306.97632000000004,-139.97569,1275.84058
309.28784,-138.92578,1267.34155
311.57178,-138.02901,1258.48438
315.17654,-137.21542,1248.59509
317.49093999999997,-136.34771999999998,1237.88013
320.4993,-135.47881,1226.98218
322.67053,-134.58049,1215.2368199999999
325.39342999999997,-133.83565,1203.23035
327.3551,-132.84073,1190.7603800000002
328.98651,-131.26421000000002,1179.11707
330.57315,-130.02809,1167.92993
331.73676,-128.14417,1158.19275
333.46561,-126.39891999999999,1151.11646
335.78897,-124.72251000000001,1146.17065
338.43616000000003,-122.5683,1144.0576199999998
341.31448,-120.42096000000001,1144.7961400000002
344.80804,-118.54648999999999,1147.45178
348.17672999999996,-116.27078999999999,1152.61426
350.30435,-113.79042,1159.40112
353.99741,-110.99446,1167.04468
357.29699999999997,-107.75828,1175.03467
361.47989,-103.98964000000001,1184.08447
364.96472,-100.44878,1193.21191
368.38272,-96.9646,1202.51917
371.94922,-93.96791,1211.86145
374.15643,-91.77316,1221.03198
375.99048,-89.28706,1229.7711199999999
377.46307,-87.42756,1238.2794199999998
377.39246,-85.85265,1245.43042
377.47742,-84.34133,1251.6687
376.72375,-82.96831999999999,1256.82385
376.38611000000003,-83.03432,1260.36121
373.9953,-82.12317,1262.9856
373.43829,-82.27273000000001,1264.3604699999999
372.94812,-82.25607,1265.1389199999999
372.5585,-82.76149000000001,1264.1309800000001
371.79778999999996,-83.41523000000001,1262.93652
371.78912,-84.46600000000001,1260.9266400000001
371.40366,-85.44764,1258.1146199999998
371.05343999999997,-86.60795,1254.7504900000001
370.93604,-88.15587,1250.84106
370.34085,-89.72639000000001,1246.44482
370.58914,-92.47906,1240.57397
369.32605,-94.28594,1234.7113
369.79073999999997,-96.82169,1228.10229
368.83975,-99.92609,1220.6059599999999
368.23276,-102.90281,1212.23438
367.32306,-105.94532,1203.28125
367.11929,-108.59777,1194.11206
365.87244,-111.87982,1184.4657
363.98474,-113.37038000000001,1174.9963400000001
361.67346000000003,-115.42435,1165.7423099999999
360.29175,-117.43874,1157.8499800000002
358.23657000000003,-118.75766999999999,1151.7179
355.936,-120.54525,1146.98071
354.71898999999996,-121.88167,1144.37708
353.05652000000003,-123.25681000000002,1143.85449
351.67462,-124.08696,1145.24121
350.55252,-124.8538,1148.25879
349.7865,-125.28302,1152.48254
350.15353,-125.3476,1158.17468
350.2067,-124.85202,1165.46899
351.34875,-124.04645,1173.66418
351.70554,-122.88467,1181.66699
352.27625,-121.24566000000002,1191.19495
352.30127000000005,-119.85043999999999,1200.3161599999999
353.0643,-118.82945,1210.06799
353.55388999999997,-117.49826000000002,1218.4364
353.07672,-116.03833,1226.83142
353.21777000000003,-115.41922,1234.005
353.71832,-114.22837,1240.21631
351.99689,-112.71878999999998,1244.75549
352.45432,-112.167,1248.10815
351.5007,-111.04613,1250.50195
351.85818,-110.2121,1251.22766
352.1777,-109.17443,1251.9668
352.76642000000004,-108.61845,1251.02991
353.57135,-108.11653000000001,1249.76599
355.31277,-107.85158,1247.81348
355.94141,-107.37965,1244.84595
357.62534,-107.27775,1241.3375199999998
359.95212000000004,-107.12142,1237.36707
361.42562999999996,-106.80215,1232.1398900000002
362.95996,-107.04778,1226.79602
365.63522,-107.45733999999999,1220.78955
366.72402999999997,-107.14716000000001,1213.52722
368.2215,-106.47617,1205.97949
370.94327000000004,-106.51531000000001,1197.82239
373.29388,-106.23093,1188.62952
374.41797,-104.88323999999999,1180.07141
376.54401,-103.3261,1171.08899
377.62207,-102.32684,1162.44617
379.2428,-99.88512,1155.03113
380.27765,-97.79329,1148.6440400000001
382.20157,-95.42473000000001,1144.2804
384.60449,-93.01143,1142.40649
386.95474,-90.48454,1143.06641
389.26312,-88.51495,1145.005
391.97565,-86.27705,1148.68726
394.37203999999997,-84.82627,1153.17627
396.42514,-83.13436999999999,1158.59521
398.43121,-81.57874,1164.80371
400.87424,-80.64690999999999,1170.95959
402.66422,-80.10563,1177.0798300000001
403.69237999999996,-80.10696,1183.33252
403.85913,-80.15593,1189.45898
403.93732,-80.75153,1194.23315
402.90682999999996,-81.55573000000001,1198.2601300000001
400.36118,-81.9755,1201.08582
397.93195,-83.61561,1202.06055
395.09888,-84.9944,1202.01746
390.94012000000004,-87.33114,1200.90906
386.72025,-89.52557,1199.02136
382.33505,-92.73415,1196.6803
377.46466000000004,-95.90409,1193.64526
373.21704,-99.66985,1190.4375
368.68582000000004,-104.33094,1186.93994
364.68121,-109.12163999999999,1182.80444
360.85489,-114.28466999999999,1178.91199
356.42712,-119.25169,1174.65479
352.86856,-124.64358999999999,1169.99609
348.49246,-129.71206999999998,1164.7866199999999
343.99686,-134.86757,1160.3894
339.86111,-140.11333,1155.6687
335.33493,-145.24643,1151.82483
329.33698,-149.80841,1148.85303
324.79944,-155.03452,1147.8192099999999
320.42111,-159.72868,1148.40479
317.61133,-164.55406000000002,1151.1145
315.89011,-169.6736,1155.3726800000002
313.52325,-173.96141,1161.10205
312.51089,-178.66913,1167.51953
311.25537,-182.535,1174.50012
310.31622000000004,-186.57893,1182.47729
310.1109,-189.52065,1189.6444099999999
310.26624,-192.08061,1196.72119
310.82578,-194.55336,1203.0208699999998
311.19678,-195.42722,1208.67371
311.82302999999996,-196.33755,1213.16626
313.04123,-197.59691,1216.9469
313.74002,-197.99341,1219.64746
314.4339,-198.22223,1221.53687
314.91861,-198.09471000000002,1222.9497099999999
314.91196,-197.69763,1223.38782
315.1467,-197.09518,1223.33643
315.5079,-195.91353999999998,1223.03992
315.62564,-194.79128,1221.6101099999998
315.96133,-192.58938999999998,1220.33545
317.38257000000004,-190.97691,1217.9356699999998
319.3201,-189.06607,1215.1870099999999
321.31354,-186.82352,1211.02161
323.61602999999997,-184.21077,1206.48083
326.19702,-181.58643999999998,1201.14417
329.43908999999996,-178.5836,1194.73108
332.08392000000003,-175.96928,1187.20398
335.82027999999997,-172.3609,1179.04712
338.2244,-169.38315,1171.04224
340.88083,-165.7661,1162.3988
342.08115,-161.78542,1153.7618400000001
343.95302999999996,-157.96854,1145.6377
346.12289,-154.55798000000001,1138.4705800000002
347.1438,-149.95313000000002,1132.78442
348.89996,-146.30046000000002,1129.56409
350.91818,-142.99382,1129.25757
353.31345,-139.48323,1131.32874
355.58838,-136.46593000000001,1135.13928
357.89355,-134.05475,1140.6743199999999
360.64304,-131.79144,1146.86023
362.87207,-129.80008999999998,1153.76099
365.28629,-127.46659,1161.16357
367.47778,-125.63036000000001,1168.12659
369.95639,-123.43565,1175.47937
372.86298,-121.91171000000001,1182.55664
374.79736,-120.85773,1190.06494
376.8754,-120.54443,1197.12231
378.05609,-120.17754,1203.91626
378.81406,-119.98938999999999,1210.0263699999998
379.06338999999997,-120.33133000000001,1215.12756
378.54758,-120.16525,1219.68909
378.35251,-120.70464,1222.4249300000001
377.13903999999997,-121.30905,1224.2175300000001
376.62836,-121.55461000000001,1224.91821
375.50912,-122.27689,1224.77393
374.86829,-122.82985,1223.7644
373.84052,-123.89445,1221.51282
373.13876,-124.66876,1219.11194
373.68616000000003,-126.22998999999999,1215.53162
374.00659,-127.53262,1211.30005
373.71454,-128.66412,1207.05139
374.56323,-130.12564,1201.81409
375.44275,-131.62851,1196.4819300000001
376.10818,-132.41188,1190.69092
378.30179,-134.48027,1184.24219
378.75015,-134.71907,1177.28467
379.90823,-134.42915,1170.03088
381.64426000000003,-134.36549,1162.3192099999999
383.37646,-133.33483999999999,1154.57532
383.39404,-131.57227,1147.9592300000002
384.59692,-129.58836000000002,1141.8125
385.18182,-127.11748999999999,1136.396
386.4671,-124.88281,1132.46582
386.4306,-122.34946000000001,1130.901
388.25101,-120.39863999999999,1131.26721
388.80023,-118.30308000000001,1133.2872300000001
390.21085,-116.29366,1137.36475
390.4841,-114.24198,1143.7052
390.83292,-113.54659,1151.09814
391.67258,-112.75538,1159.78394
392.06436,-111.78721999999999,1169.57385
392.11481000000003,-111.13638,1180.45349
393.02454,-110.17172,1192.03296
393.67554,-109.21242,1204.17273
394.36359,-107.98426,1216.7476800000002
394.96063,-106.4936,1228.7356
394.95068,-105.38937,1240.37671
394.64191,-103.8892,1251.5300300000001
394.43683,-104.11138000000001,1260.9093
392.92236,-104.68826999999999,1269.10437
390.69461,-105.05175,1275.70984
387.34601000000004,-106.29831999999999,1281.2738
383.90448,-108.37709,1284.71875
379.95901000000003,-111.38325,1286.91516
375.36035,-115.13865,1287.2334
370.17081,-119.37483999999999,1286.69629
366.0018,-124.97838999999999,1284.03809
360.39731,-131.34805,1281.1101099999998
355.68625,-138.16277,1276.57104
351.21375,-146.28611999999998,1271.92468
345.59268,-153.80212,1266.41956
340.35245,-163.07431,1260.48657
335.9447,-171.70706,1254.22693
330.8605,-181.07811,1247.48865
326.38647000000003,-190.0079,1240.9307900000001
322.3989,-199.28886,1234.20996
318.98972000000003,-208.37373,1226.90332
315.21524,-216.38235,1219.9657
312.17742999999996,-224.28243999999998,1211.86621
308.85336,-231.1974,1204.04736
306.23177999999996,-236.92772000000002,1195.82446
304.37172999999996,-241.41824,1187.08435
302.15387000000004,-244.7209,1178.04016
301.25903,-246.26451,1169.0022
300.27737,-245.85962999999998,1159.78784
300.45471000000003,-244.68587999999997,1150.61536
301.17377,-241.06992000000002,1141.52258
303.12885,-235.41515,1133.71094
306.60598999999996,-227.48691000000002,1126.85339
311.03867,-217.50966,1121.71606
317.25952,-206.16522,1117.66602
323.81777999999997,-192.60442,1115.63147
332.07822000000004,-178.87366,1115.66541
341.0928,-164.21039,1117.9321300000001
351.02493,-149.53548,1122.8916
362.38833999999997,-134.97064,1129.38977
374.2796,-120.29673999999999,1138.48413
387.01331,-106.3294,1148.63696
401.15631,-92.76984,1160.82544
416.12216,-79.49234,1174.6358599999999
431.76218,-67.18645,1189.39087
448.61722000000003,-56.18045,1205.1076699999999
466.43863,-46.16413,1221.58948
483.87042,-37.91522,1239.05334
502.07178,-31.54167,1256.2711199999999
519.55652,-27.8652,1272.76978
538.0210599999999,-26.832890000000003,1287.2648900000002
551.28949,-25.39252,1299.75146
559.9205900000001,-25.38234,1310.1997099999999
566.51422,-25.94639,1317.22119
571.31403,-27.271140000000003,1321.4904800000002
573.3559,-30.7806,1322.82959
573.5658,-34.51853,1320.98584
571.59149,-39.35456,1316.67749
567.4884,-44.673790000000004,1309.3898900000002
562.08508,-50.93801,1299.92212
554.961,-58.31521,1289.3754900000001
547.1734,-66.58636,1277.11475
537.23737,-75.02192,1264.55273
527.14221,-84.73605,1251.7085
516.74744,-93.64714000000001,1238.6145
506.11227,-102.95873,1225.24805
493.97747999999996,-111.04683999999999,1212.9364
482.91867,-119.36268000000001,1200.48792
471.51385,-127.41237,1188.60339
460.67197000000004,-134.82385,1176.76294
450.34435999999994,-140.80592,1166.17273
440.35751,-147.31801000000002,1155.76538
431.98706,-152.8512,1146.12463
423.74869,-157.64398,1138.05957
417.89083999999997,-162.29907,1130.3995400000001
411.66937,-165.70848,1123.77283
406.57724,-168.41495,1117.7915
402.65509,-170.24908,1111.74585
398.89993,-171.9991,1106.0675
394.30953999999997,-173.15669,1101.54175
390.28992,-174.64879,1098.01855
386.0553,-175.98713999999998,1095.4854699999999
382.07062,-176.71733,1095.0430900000001
378.65027000000003,-178.10199,1096.31458
375.41927999999996,-179.41765,1100.09766
373.51346,-180.10843,1105.29871
371.09836,-181.04468,1112.1525900000001
369.64401000000004,-181.56635,1120.2567099999999
368.39377,-181.85307,1129.7326699999999
368.02179,-182.34438,1139.4877900000001
367.28958,-182.05806,1149.6167
367.75601,-181.75826,1160.12769
368.07892000000004,-181.10107,1170.32227
369.55051000000003,-181.07346,1179.77808
370.20432,-181.0323,1188.98621
371.39547999999996,-181.78116,1197.43835
371.35657000000003,-182.58022,1205.39392
371.91431,-183.43617,1212.73755
371.0983,-184.87891000000002,1219.8562
370.51855,-186.71178,1226.17578
369.13559,-188.20135,1232.26794
368.48932,-190.19958,1237.41187
367.95477,-192.38589,1241.90198
367.16278,-194.41113,1245.22583
366.27771,-196.53941,1247.71436
366.07187000000005,-198.70506,1249.48425
365.47742,-200.83678999999998,1249.91003
365.89111,-202.94551,1249.68823
365.63727,-204.56606000000002,1248.56409
366.08477999999997,-206.49473999999998,1246.7262
366.75009,-208.30916000000002,1244.11121
367.6778,-210.19792,1240.5684800000001
368.5065,-211.43583999999998,1236.42468
369.62203999999997,-212.51303,1231.40247
371.05762000000004,-214.01279,1225.10571
372.95496,-215.26935,1218.6041300000002
374.48395,-215.8049,1211.51843
375.97977000000003,-217.1555,1203.46216
378.08554,-217.68771,1195.15125
379.85471,-218.07602999999997,1185.87415
380.57462000000004,-218.09486,1176.88196
381.96008,-217.57012999999998,1166.70996
382.42624,-216.96783,1157.18103
382.6506,-216.20108,1147.99573
382.39536,-214.63571000000002,1139.8833
382.74261,-213.35663,1133.37512
382.97736000000003,-212.13038999999998,1128.50439
383.306,-211.07917999999998,1126.44495
383.86107999999996,-210.06227,1126.93787
384.76025,-209.21982,1130.1544199999998
386.07242,-207.79988,1135.3541300000002
387.25046000000003,-206.77539,1141.73279
387.93674,-205.08333000000002,1149.5317400000001
389.1586,-203.46323,1157.68652
389.10559,-201.35841000000002,1166.2282699999998
389.83636,-199.82426,1174.7951699999999
390.18436,-197.6837,1183.57874
390.26837,-196.39673,1192.33032
391.1655,-195.14278000000002,1199.5991199999999
391.76193,-194.6617,1206.9044199999998
391.79892,-194.27698999999998,1213.82715
390.58893,-193.48477,1219.41492
390.06015,-194.17479,1224.32349
389.21567000000005,-194.62898,1228.28394
387.98892,-195.33681,1231.30017
386.8111,-196.71347,1233.69922
385.57135,-197.94397,1234.9569099999999
383.90417,-199.24803,1235.66797
383.24921,-201.08338999999998,1235.56116
382.30573,-203.25215,1235.14453
382.25455,-205.04803,1233.73474
381.0553,-207.17892,1231.99658
380.83179,-208.63896,1229.83105
380.79749,-210.86195,1226.8772
379.31604,-212.72214,1224.0238
379.05773999999997,-215.07906,1219.71448
377.74805,-217.49794,1215.11255
376.53735,-219.52235,1210.06677
374.16199,-221.5918,1205.0167199999999
371.41573999999997,-223.52062999999998,1199.76245
368.63336,-225.20543999999998,1195.2750199999998
366.25195,-226.86411,1190.93005
363.7381,-228.4404,1188.19043
361.67307,-229.50017000000003,1186.71899
360.24008,-229.95932000000002,1187.0686
359.71707000000004,-230.13771,1188.82764
359.64063,-230.12271,1191.4425
359.52716000000004,-229.35484,1194.67456
360.42892,-228.45198,1198.4187
360.20572000000004,-226.40337999999997,1202.36523
362.05475,-225.3011,1206.70581
362.87427,-223.09866,1210.87085
364.21167,-221.4528,1214.68274
366.02637000000004,-219.89876,1218.0979
367.18396,-218.09788999999998,1221.14001
369.09006,-216.89595,1223.2843
370.20911,-216.09203,1224.39929
371.02679,-216.11415,1225.71326
371.57364,-215.48175,1225.37842
370.9111,-215.90071,1224.10852
370.41998,-215.97983,1222.4586199999999
370.01987,-216.39612000000002,1219.79456
369.21936,-217.17798,1216.94543
368.25162,-217.67907999999997,1213.04358
367.02206,-218.56174,1209.12817
366.70493,-219.0146,1203.90332
366.1384,-219.98146,1198.54187
365.75375,-220.2834,1193.09155
366.21188,-220.68875,1186.43042
366.22855,-220.27524,1180.0661599999999
366.83267,-219.38771,1172.35229
366.74271,-218.29552999999999,1164.72803
366.87631,-216.56714,1156.4976800000002
366.77716000000004,-213.86562,1148.45166
367.36713,-211.46481,1140.59106
367.55312999999995,-207.88766,1133.42346
368.18079,-204.19521,1127.62793
368.34665,-199.51576,1124.24304
370.51517,-195.51324,1122.55664
371.6283,-190.29688000000002,1123.4478800000002
373.58316,-184.57332,1126.46289
375.51169,-179.78101999999998,1131.22791
378.0238,-174.69064,1137.0118400000001
379.44057999999995,-169.38249,1145.19568
381.50323,-164.39536999999999,1153.2675800000002
384.84157999999996,-159.58444,1161.6657699999998
387.54147,-154.13513,1170.90417
390.18771,-149.12403999999998,1180.6038800000001
394.08698,-144.22807,1190.22375
397.24539,-139.38338000000002,1200.2229
400.0957,-134.95047,1209.6665
403.0975,-131.25648,1218.44446
406.16006,-127.25745,1226.6803
409.93817,-124.0948,1232.94434
412.93155,-120.854,1238.2512199999999
416.58606000000003,-117.67142,1242.7406
420.17453,-114.94043,1245.77771
423.52145,-112.33506000000001,1247.85266
426.94583,-109.70976999999999,1249.28638
431.02932999999996,-107.63136999999999,1249.2236300000002
435.30026,-105.95018999999999,1248.29102
439.10056,-104.04366999999999,1246.70313
443.48535,-102.9925,1244.4946300000001
448.77826,-103.08501,1240.28552
453.52997,-102.72946,1236.68616
458.69223,-103.07318000000001,1231.7708699999998
463.11713,-103.41351999999999,1226.64978
468.83800999999994,-104.40397,1220.53296
475.7301,-106.02431999999999,1214.18323
481.90759,-107.37,1207.36816
487.87027,-109.13391000000001,1199.98254
494.29883,-110.46517,1192.07727
500.80722000000003,-112.395,1183.1123
506.83167000000003,-113.83058999999999,1173.67102
514.18359,-115.71986000000001,1163.72681
520.31427,-117.18845,1153.4749800000002
527.0899,-118.79442,1142.56519
534.10303,-120.22658999999999,1132.30371
540.73761,-120.57286,1122.66504
548.14496,-120.8103,1113.82593
555.12366,-120.36708,1108.07715
562.7470099999999,-119.90536999999999,1104.854
569.01648,-118.21700000000001,1104.05811
575.36945,-116.97901999999999,1105.82544
580.0531599999999,-115.05906999999999,1110.09204
582.57062,-112.42268,1116.04541
586.1474,-110.62331,1123.30957
587.58447,-108.7468,1131.94275
588.60107,-107.40541,1141.68945
589.1691900000001,-106.32341000000001,1152.104
588.1571,-105.40231999999999,1163.30664
586.93115,-105.07186000000002,1175.8754900000001
585.9859,-104.73154,1187.79529
583.45605,-104.03206999999999,1200.77563
582.02698,-103.70309,1213.79224
579.87421,-103.1195,1227.13367
578.47565,-102.55874,1240.4896199999998
577.09515,-101.40682,1253.7069099999999
576.91669,-99.94675,1266.3342300000002
577.4746700000001,-98.30133000000001,1278.80432
578.76965,-96.8683,1290.04187
581.1007099999999,-95.30143000000001,1299.94568
583.80084,-93.64079,1308.854
587.64337,-92.49785,1316.5860599999999
591.5466299999999,-91.05646,1322.86975
595.37079,-89.92191,1328.56006
599.73645,-89.39473000000001,1333.47852
603.7495700000001,-87.95537,1337.11707
608.45355,-87.0817,1340.5877699999999
611.96667,-85.56278,1343.11096
615.92993,-84.33614,1344.96155
619.5591400000001,-82.80734,1346.2921099999999
622.96985,-81.47639000000001,1346.8905
626.81879,-80.09294,1346.92188
629.97375,-78.81578,1346.34155
632.71118,-77.53622,1344.797
636.2253400000001,-77.02058000000001,1342.50085
639.3457599999999,-76.43208,1339.70459
641.68475,-75.82911999999999,1335.89392
644.27954,-75.66829,1331.40051
646.4292,-74.92911,1325.7677
648.50067,-74.48989,1319.73865
651.0736099999999,-74.58551999999999,1312.2437699999998
652.80792,-73.76658,1304.1539300000002
654.83087,-73.32803,1295.22729
656.96338,-72.73739,1285.59058
658.37805,-72.45981,1274.8641400000001
659.68121,-71.97267,1264.02148
660.25977,-71.23957,1253.26648
661.34241,-71.06969000000001,1242.53833
661.04706,-70.45069000000001,1231.67224
660.70258,-70.01417,1221.33948
659.38257,-69.84068,1211.19958
658.06445,-69.15116,1201.4126
656.39203,-68.39323,1192.8604699999999
653.55701,-67.91476999999999,1184.5488300000002
651.0885599999999,-67.77197,1177.42004
648.03363,-67.88136,1171.76245
644.24609,-68.03231,1167.46265
640.21155,-68.88077,1164.46838
636.87885,-69.81163000000001,1163.68042
633.1799900000001,-71.24127,1164.15381
629.47968,-72.63622,1166.2432900000001
626.26807,-73.62249,1169.45398
622.7558,-75.00359,1173.48108
619.71619,-76.02789,1178.6101099999998
616.28912,-77.23571,1183.85229
613.25989,-77.85022,1189.87402
610.10852,-78.82406,1196.39319
606.82947,-79.78617,1202.9032
604.00848,-80.33046,1210.32605
601.5531,-80.81928,1217.28552
598.64349,-81.18208,1224.26428
596.88593,-81.94078,1231.19165
594.5871,-82.20692,1237.64697
593.34424,-82.97522,1243.83984
591.91858,-83.61389,1249.39978
590.8240400000001,-83.81304,1254.26062
590.18201,-84.49928,1258.4491
589.51093,-84.73443,1262.0516400000001
589.37964,-85.72685,1264.77844
589.271,-86.07719,1266.88062
589.46893,-86.2138,1267.45325
589.55975,-86.31374,1267.60706
590.71893,-86.54693,1266.48767
591.3347200000001,-86.45201999999999,1264.52905
592.07745,-86.37006,1261.82043
592.96021,-86.66256,1257.58533
593.71008,-86.65614000000001,1253.18054
594.8168900000001,-86.75576,1247.54529
595.7193599999999,-87.17622,1241.21021
596.7265,-87.54378,1234.31555
598.21045,-88.07273,1226.2866199999999
599.03931,-88.57255,1218.0914300000002
600.85358,-89.40471,1209.17896
602.34485,-89.38499,1200.04065
604.21008,-89.55219,1190.08374
605.76978,-88.92715,1179.5122099999999
607.2229,-88.41826,1169.23022
608.2749,-87.64248,1159.33643
609.1799900000001,-86.13633,1150.4868199999999
609.71417,-85.77922,1143.13086
610.78247,-84.99084,1139.08032
611.5946700000001,-84.32296,1137.41101
612.95349,-84.42468000000001,1137.00818
612.4068,-84.91763,1139.0413800000001
613.6431299999999,-85.41076,1141.96631
614.86591,-85.81135,1146.28589
614.85675,-86.03111,1151.57373
615.51129,-86.11475,1158.1134
615.76959,-86.35033,1164.9824199999998
616.46252,-86.25591,1172.8822
617.38898,-86.69334,1181.57715
618.80322,-86.93372,1189.7042199999999
619.19922,-87.84791,1198.61353
619.2832,-88.70470999999999,1207.56445
619.4540400000001,-91.03415,1216.45154
619.99286,-92.17858000000001,1224.6312300000002
619.46185,-93.81908,1232.7011699999998
618.98157,-95.89182,1239.88477
616.86554,-97.70743,1246.97437
616.08118,-99.33532,1252.88184
615.41949,-101.76414,1257.54468
614.58051,-103.48791,1261.94714
613.63513,-105.18682,1265.28992
613.04858,-106.84445,1268.1925
612.45758,-109.00607,1269.80188
612.34735,-111.25336000000001,1270.24316
611.87067,-113.49016999999999,1270.02307
611.6665,-116.52942,1269.03027
611.6095,-118.23998,1267.4199199999998
611.42664,-120.73335,1264.89014
611.3606599999999,-123.50926000000001,1261.7406
611.42963,-126.25126999999999,1257.50879
611.36243,-128.77725,1253.1485599999999
611.73364,-131.62,1247.44629
612.24847,-134.18361000000002,1241.57544
612.05768,-136.57724,1235.0692099999999
612.39368,-138.84354,1228.0131800000001
612.73468,-141.50576999999998,1220.05859
612.50854,-143.58946,1211.33496
612.53387,-145.52796999999998,1202.38501
611.83655,-146.99702,1192.71045
611.84625,-148.53856000000002,1182.97815
610.76703,-149.62756000000002,1173.41309
610.13055,-150.93898000000002,1163.8261699999998
609.1301900000001,-151.50769,1154.80493
607.11328,-151.68889,1147.0991199999999
605.74005,-151.73941000000002,1141.04504
603.82343,-152.4626,1137.07727
602.66089,-153.45068,1134.90405
600.36725,-153.89828,1135.24963
599.20209,-155.41089,1136.81384
597.9468400000001,-156.76488999999998,1140.53601
595.685,-157.94626,1146.08264
593.20343,-158.64146000000002,1152.79272
592.16339,-160.47427,1159.8442400000001
590.85205,-161.44298,1169.15344
589.57898,-162.37552,1178.29907
588.6355599999999,-163.4254,1187.80688
587.39954,-164.29933,1198.07104
586.4359099999999,-164.86983,1206.97034
585.4273099999999,-166.05453,1216.37195
583.50421,-166.55714,1225.09729
580.78119,-166.83456,1232.80505
579.3485099999999,-167.9178,1240.0523699999999
578.19971,-168.35446000000002,1245.86499
576.2914400000001,-169.11517,1250.95154
573.96552,-169.23215,1255.28271
572.3349,-169.81298999999999,1258.09814
570.54785,-170.58981,1260.22424
569.0199,-171.44243,1261.02405
567.05292,-171.59985,1261.34631
565.71753,-172.04172,1260.37207
564.4705799999999,-172.58603,1258.98499
563.51819,-173.47832,1256.69641
562.33966,-173.93923999999998,1253.8913599999998
561.89935,-174.78186000000002,1250.14185
561.27112,-175.62193,1245.5090300000002
561.3729900000001,-176.42535,1240.4751
560.63324,-176.80511,1234.6444099999999
560.58966,-177.14037,1228.62061
561.3851900000001,-178.26907,1221.47021
561.38129,-178.64763,1213.81592
560.98834,-178.78743,1205.59399
560.552,-178.91333,1195.99927
560.13495,-178.67853,1187.22253
560.0899,-177.60548,1177.95642
559.48657,-177.13687,1168.5658
558.26276,-176.00443,1160.60974
557.8605299999999,-174.59204,1152.9976800000002
556.99725,-172.73157,1147.30176
556.1032700000001,-170.88612,1143.5413800000001
556.09186,-169.07903000000002,1141.94775
556.67682,-167.28403,1142.34033
557.00909,-166.05695,1144.89453
557.47205,-164.30336,1148.64453
557.77936,-162.12831,1154.34045
558.8994799999999,-161.07613,1160.73657
561.24353,-159.58456,1168.51587
562.44739,-157.34351999999998,1176.80408
564.1619900000001,-156.00069,1185.55188
566.3905599999999,-154.338,1194.1731
567.8120700000001,-152.42906000000002,1202.91333
569.2821,-150.90372,1211.36084
570.6325099999999,-149.71487,1219.94946
571.18896,-148.27538,1227.74084
571.48969,-147.17619,1235.4465300000002
572.05487,-146.4836,1241.74524
571.81598,-145.22992,1247.76147
571.60358,-144.64728,1252.82678
570.90192,-144.2326,1257.0148900000002
570.78027,-144.08199,1259.77393
569.58325,-143.60405,1261.59692
568.90021,-143.56654,1262.71228
567.37463,-143.58171000000002,1262.33264
567.4425,-144.07085,1261.51233
567.13153,-144.76994,1259.4338400000001
566.10376,-145.43704,1256.71667
565.8055400000001,-146.23131,1253.5761699999998
565.2735,-147.70155,1249.37231
564.5493799999999,-149.11223999999999,1245.06885
563.99146,-150.5186,1240.23718
564.42432,-152.27629,1234.50037
564.01886,-154.23174,1228.26172
564.20239,-156.69936,1220.9583699999998
564.11633,-158.93083000000001,1213.20947
564.0613400000001,-160.87743,1204.8631599999999
563.26239,-162.24345,1195.73376
562.16223,-163.81433,1186.24438
560.33453,-165.04616000000001,1176.98718
558.67529,-166.75443,1167.12061
556.3833599999999,-167.38385,1159.01563
553.79547,-168.58865,1151.2948
551.73993,-170.34888999999998,1145.45166
548.55029,-170.91562,1143.24854
546.90302,-172.47685,1143.1615
545.2865,-174.34986999999998,1144.52783
544.51935,-176.06526000000002,1147.9569099999999
543.66022,-177.94541999999998,1152.72302
543.03979,-179.4021,1159.22375
542.0029900000001,-180.52501,1166.1398900000002
541.59985,-181.39932,1174.1124300000001
541.4295,-181.93814,1182.91382
541.35974,-181.80905,1191.76282
541.35748,-181.72722,1200.63025
541.86096,-181.6366,1209.21777
542.6875,-181.27704,1217.19104
543.57434,-180.74553999999998,1225.2224099999999
543.08411,-179.76643,1231.99939
542.43756,-178.71912,1238.33691
542.53278,-178.32127,1242.9436
542.06372,-177.53003999999999,1246.32007
542.27216,-177.16743,1249.22046
541.07971,-176.1265,1251.08936
540.56592,-175.77303999999998,1251.73865
540.34412,-175.85017,1251.3360599999999
539.93494,-175.57273999999998,1250.34827
540.22284,-176.00423,1248.42346
540.41602,-175.91603,1246.0601800000002
540.79443,-176.03027,1243.08386
541.4754,-176.66433999999998,1239.09802
542.12628,-177.44298999999998,1234.64648
543.901,-178.50381000000002,1230.16174
545.56506,-179.24745,1224.35718
547.07489,-179.66132,1217.90381
548.10168,-179.77303,1211.04529
549.6508200000001,-180.38223,1203.1665
551.1651,-180.78055,1194.40125
552.82538,-181.13445,1185.33215
554.07855,-181.50624,1175.2210699999998
554.3499099999999,-181.30836000000002,1165.2063
555.01715,-180.80521000000002,1155.3383800000001
555.2569,-179.98848999999998,1146.15942
556.10229,-178.75795,1137.80872
555.90497,-177.75449,1131.01563
556.91718,-176.70676,1126.73389
557.50171,-175.14388,1124.98853
558.45386,-173.69971999999999,1124.8783
559.60187,-172.30893,1126.86658
560.80621,-171.12489,1130.77393
562.50684,-169.84306,1136.0636
564.05481,-167.90062,1143.09875
565.35541,-165.75327,1151.08826
568.21167,-163.61691000000002,1160.2061800000001
570.90283,-161.96884,1169.30151
573.6616799999999,-160.3317,1179.4470199999998
576.8897099999999,-158.62396,1189.79041
578.76355,-157.28047,1199.95093
580.62518,-156.13445,1210.36914
581.54688,-154.80803999999998,1220.59631
582.4612400000001,-153.76263,1229.60071
582.7918099999999,-153.2227,1237.6688199999999
582.11646,-152.09792,1245.20325
581.9639900000001,-150.99257,1251.24414
581.284,-150.64812,1255.75562
580.84344,-150.26797,1259.5625
580.18713,-149.42978,1262.46973
579.68927,-148.9644,1264.26062
579.75867,-148.69263,1265.21619
579.74915,-148.82112,1265.39429
579.62054,-148.90694,1265.14978
579.3865400000001,-148.96541000000002,1264.07007
579.27032,-149.77017,1262.2590300000002
579.23224,-150.40436,1259.61023
579.7860099999999,-151.3243,1256.44861
579.8566900000001,-152.45592,1252.20459
580.36737,-153.45531,1247.73975
580.6518599999999,-155.34714,1242.64844
581.0686,-156.7003,1236.4458
581.1629,-157.90424,1229.82483
581.22498,-159.54236,1221.98523
582.1705900000001,-161.50473,1213.44629
582.0885599999999,-162.65814,1204.44385
582.0692700000001,-163.93211000000002,1194.62158
581.70398,-164.62833,1184.77612
581.62054,-165.82513,1174.9633800000001
581.0258200000001,-166.0224,1165.5919199999998
579.92822,-166.22961,1156.42542
578.39642,-165.90625,1148.71179
577.1942700000001,-166.12618999999998,1142.7478
575.45142,-166.90538,1138.79407
574.26129,-168.33643,1136.9729
572.63568,-169.19176000000002,1137.72095
571.6005200000001,-170.95821999999998,1140.46985
570.49292,-172.06741,1145.21521
569.58643,-173.40837,1151.28711
569.06055,-174.38031,1158.46326
568.97589,-175.4391,1166.87354
568.42242,-175.63213000000002,1176.42395
568.89063,-176.34599,1185.94531
569.36633,-175.92667,1196.05383
570.3212900000001,-175.49393999999998,1206.46167
570.82166,-174.96344,1216.9188199999999
572.09668,-174.41977,1226.72937
572.35187,-173.41478999999998,1236.55957
572.9331099999999,-172.30671999999998,1245.58276
573.06201,-171.24992,1253.8479
573.34973,-169.66531,1261.3065199999999
573.65283,-167.51381,1267.7866199999999
573.6265900000001,-166.04091,1272.7999300000001
573.5356400000001,-163.87781999999999,1277.25195
573.89282,-162.37955,1280.56189
574.62671,-160.55159,1282.46362
574.75366,-158.57394,1283.2409699999998
575.2269299999999,-157.1357,1283.57129
575.70911,-155.65112,1282.5747099999999
575.76837,-154.52112,1281.2915
576.44562,-152.56468,1279.5648199999998
577.4751,-152.23838999999998,1276.47021
577.84021,-151.2274,1272.88049
578.6403799999999,-151.07317,1268.75012
579.37378,-150.98778000000001,1264.1449
580.19257,-151.13501000000002,1258.39429
581.34229,-151.5889,1252.0105
582.13477,-151.79228,1245.28418
583.1505099999999,-152.00038,1237.5103800000002
583.50598,-151.94083999999998,1228.75146
584.40063,-151.69411000000002,1219.90662
584.75366,-151.64203,1210.03052
584.8454,-151.26662,1199.9356699999998
585.15839,-150.20322,1189.54919
584.7708700000001,-149.54945,1179.521
584.76953,-148.90506000000002,1170.26025
583.2854,-147.95615,1161.33374
582.18719,-146.92032,1154.17322
581.0708599999999,-146.30318,1148.32043
580.37219,-145.56593,1145.06567
577.7128299999999,-145.98602,1144.17004
576.1325099999999,-146.11568,1145.83948
575.40631,-147.00443,1148.9805900000001
574.71722,-148.0173,1153.98157
574.68042,-148.87625,1160.18506
574.91565,-150.42575,1167.1190199999999
575.51465,-151.0914,1175.04651
576.27197,-152.1151,1182.9710699999998
577.40021,-152.90228000000002,1191.6571
578.49731,-153.25887,1200.3618199999999
578.94672,-153.55733999999998,1208.92603
580.5766,-153.4895,1217.6156
581.30536,-153.66228999999998,1225.73047
581.75226,-153.65033,1233.8866
581.94781,-153.70985,1241.34277
581.78381,-153.33136000000002,1248.69104
581.77722,-153.04967,1255.2236300000002
581.36914,-153.02103,1260.9937699999998
580.87091,-152.54813000000001,1265.97302
580.08002,-152.37268,1270.07373
579.78125,-152.34488000000002,1273.25916
579.01807,-151.79623,1275.52295
578.53003,-151.47177,1276.5888699999998
578.34631,-151.36653,1277.30444
577.67987,-151.07587,1276.90063
577.51904,-151.04103,1275.896
577.09235,-151.01617,1274.30823
576.95758,-150.9567,1272.24939
576.7916299999999,-151.11235,1269.33435
576.0741,-151.02638000000002,1266.03369
576.0459599999999,-151.4456,1261.92944
575.8055400000001,-151.48112,1257.11536
575.1429400000001,-151.87871,1251.81152
574.94708,-152.4897,1245.70874
575.0620700000001,-153.09,1239.03674
575.25031,-154.04336999999998,1231.5509
574.79285,-154.13383000000002,1223.77344
573.82605,-153.73254,1215.76404
573.27271,-153.61893999999998,1207.51855
572.5658,-153.30328,1199.56812
571.88702,-152.92303,1191.80359
570.28223,-152.23088,1184.5122099999999
569.10651,-152.11063000000001,1177.7336400000002
568.09265,-151.89851000000002,1172.68823
566.02411,-151.4537,1169.87952
564.88507,-151.60756999999998,1168.31335
563.86725,-152.15793,1168.51599
563.3292799999999,-153.25438,1170.17957
562.69135,-154.27698,1172.78711
562.0871599999999,-155.86299,1176.6467300000002
561.75507,-157.30844,1181.57629
561.8149400000001,-159.10466,1186.96973
561.95825,-160.85648,1193.28528
561.8684099999999,-162.12891000000002,1199.58301
562.01215,-163.87868,1205.89148
561.8808,-165.11406000000002,1212.30017
561.85358,-166.40057,1218.99304
561.4397,-167.27892,1225.05151
561.39813,-168.57338000000001,1230.6453900000001
560.80377,-168.91356000000002,1236.1814
560.01758,-169.19853,1241.1936
559.6918900000001,-169.69185,1245.0606699999998
558.87402,-169.38231000000002,1248.26746
557.89886,-169.37442,1250.79102
556.79883,-168.57596999999998,1252.0095199999998
555.70844,-168.17642,1252.5743400000001
554.61694,-167.30505,1252.57532
553.7486,-166.29843,1251.59961
552.9094200000001,-165.25417,1249.84338
552.05682,-164.49155,1247.69739
551.10046,-163.3466,1244.80798
550.55255,-162.3773,1241.46948
550.39539,-161.49811,1237.35779
550.12903,-160.72836,1232.91211
549.92773,-160.21483999999998,1227.63599
549.9917,-159.81653,1222.13599
550.27411,-159.80896,1215.6113300000002
550.9057,-160.04818999999998,1208.99915
551.0250900000001,-160.32654,1201.89087
551.99573,-160.68756000000002,1195.18494
552.3714,-160.05203,1188.83398
552.86212,-160.05013,1182.9989
553.1820700000001,-159.71108999999998,1177.69983
554.08984,-159.46849,1173.08545
554.4655799999999,-159.71104,1169.46936
554.41595,-160.18863000000002,1166.89331
554.76459,-160.73537,1165.58936
554.46387,-161.4554,1166.14319
554.9940799999999,-162.97142,1167.77954
555.33453,-164.42412,1170.78931
556.31628,-166.14314,1174.2467
557.12854,-167.55266,1177.5715300000002
557.7669099999999,-168.83478,1181.12903
558.78485,-170.41815,1184.30994
559.8158,-171.36749,1187.45276
560.2959599999999,-172.02658,1190.59216
560.8041400000001,-171.76915,1193.79712
560.2515900000001,-171.58789,1196.5658
559.74536,-171.42461,1199.2323
558.88,-171.07021,1201.69507
557.46442,-170.22461,1203.93848
556.54346,-169.2684,1206.07593
555.5137900000001,-168.24947,1207.7889400000001
553.22864,-166.44281,1209.36377
552.7153900000001,-165.34648,1210.4583699999998
550.94843,-163.55832,1211.0614
550.0686599999999,-161.97099,1211.67004
548.9934099999999,-159.98013,1211.03979
548.13226,-157.5743,1210.40198
547.60199,-155.67615,1209.19006
547.4434200000001,-153.85028,1207.4054
547.06299,-151.55884,1205.30835
547.6990400000001,-149.45166,1203.02722
548.1239,-147.25293,1200.25269
