X13,Y13,Z13
704.67401,120.8912,471.55499000000003
697.65137,119.16051999999999,471.80295
694.98901,117.95816,471.21677
691.53638,116.72946999999999,471.34630999999996
690.35046,114.89016000000001,471.17065
687.79309,113.27581,470.2771
685.41479,112.31648,470.79477
682.95508,110.24593999999999,470.86422999999996
680.4749099999999,108.78408,470.31600999999995
677.2605,107.80341999999999,471.17694000000006
675.6076,106.26574,471.08557
673.07178,104.42404,471.2731
670.3588900000001,103.45416,471.11136
667.60681,102.5792,471.14502000000005
664.88483,101.73425,471.15967
661.82849,101.68893,471.66827
658.9071,101.62263,471.48758
656.2012900000001,101.24731,471.96078
652.79468,100.82734,472.23166
649.51849,100.87416999999999,472.7485
646.81628,100.5962,473.02910999999995
643.39844,100.52068,473.29031
640.4755200000001,100.04449,473.65494
636.52704,99.70052,473.96628
633.26801,99.6425,474.55695
630.19073,99.0567,475.21755999999993
626.69495,97.94353000000001,475.53845
623.97021,97.01886999999999,475.72009
620.57831,96.84151,476.47455
617.80151,96.38956,476.83429
614.87585,95.99311,477.13989000000004
611.5045200000001,95.71701,477.67602999999997
608.61005,94.9193,477.88361
606.46698,94.34324000000001,477.80704000000003
603.84985,93.62246,478.29245
601.38788,93.25405,478.17477
599.2868,92.47726,478.46880999999996
597.62793,91.8895,478.46146
596.39276,91.56593000000001,478.25545999999997
594.41455,90.88476999999999,478.18069
593.8244,90.44954,478.04177999999996
592.20898,89.64612,477.95563
591.6361099999999,89.70241999999999,478.13912999999997
590.58075,89.85778,478.13742
590.3009,89.81142,477.80145
589.86285,89.56774,477.79562000000004
589.56287,89.51462,477.65160999999995
589.3247700000001,89.50684,477.59552
588.90894,89.65125,477.55035
588.3867799999999,89.78068,477.51721
587.50232,89.67756,477.55422999999996
586.97919,89.42173000000001,477.59725999999995
586.62726,89.31886,477.71380999999997
586.37158,89.40389,477.57327000000004
585.34869,89.31081,477.65050999999994
584.4243799999999,89.28918,477.63640999999996
583.7153900000001,88.38506,477.87772
583.55994,88.32134,477.85345
581.8455799999999,88.1648,478.06802000000005
581.17902,87.57885999999999,478.01912999999996
580.92444,87.2953,477.94022
580.18457,87.03568,477.91824
579.67828,86.54697,477.86124
579.10681,86.51175,477.64499000000006
578.95135,86.44815,477.62085
578.41626,86.28971999999999,477.73407000000003
578.01392,85.92999,477.55341
577.94696,85.56935,477.9241
577.41046,85.49067,477.64499000000006
577.62213,85.38916,477.72397
577.33893,84.99781999999999,478.01462000000004
577.09412,84.80533,478.01373
576.70831,84.59193,477.86505
576.68243,84.10728,478.12134000000003
576.24896,83.88401,478.10004000000004
576.39526,83.60024,478.03714
577.21948,83.50916,477.99395999999996
577.3375900000001,83.74403000000001,478.23505
577.92627,83.55043,478.29125999999997
578.50739,83.34888000000001,478.21698
579.14923,83.11626,477.85052
579.33746,83.16496,477.90787
579.9809,82.27654,478.05597
581.05597,81.93406999999999,477.91278
581.65558,81.67185,477.98117
582.27399,81.45683000000001,478.11023
582.53558,81.29401999999999,478.39218
582.98004,80.72079000000001,478.53809
584.0366799999999,80.41996999999999,478.59332
584.3903799999999,80.29468,478.32159
584.81317,79.81278,478.35797
585.2594,79.74768,478.33585
586.2310200000001,79.28551,478.50204
587.2489,78.9823,478.59882000000005
588.4372599999999,78.24006999999999,478.21927
589.28925,77.86578,478.5043
590.43683,77.4137,478.59310999999997
591.61407,76.8513,478.39563
593.26031,76.30391999999999,478.12415
593.95117,75.80700999999999,478.31219000000004
595.46497,75.464,478.45828
597.91333,74.85696999999999,478.16254000000004
599.6731599999999,74.98491999999999,478.62424000000004
602.18829,74.5795,478.47042999999996
604.84021,74.12397,478.43765
607.93243,73.8581,478.40234000000004
610.84003,72.53738,478.38375999999994
613.90704,72.42826,477.98015999999996
617.4685099999999,72.30455,478.40967
621.34088,71.40794,477.71950999999996
624.6719400000001,71.23701,477.54672
628.91943,70.57316,477.34882000000005
632.5354,70.3532,476.90536
636.39197,69.88275,476.81595
639.0278900000001,69.32822,476.436
642.2097200000001,68.65925,475.85837000000004
644.55737,68.36728000000001,476.18268
646.2229,68.27803,475.75082000000003
648.29834,67.58578,475.80980999999997
649.2356599999999,67.44869,475.76912999999996
649.51385,66.88276,475.58249000000006
650.24152,66.21635,475.55190999999996
651.21942,65.1936,475.94672
651.97095,64.5891,476.06255999999996
652.32959,63.61456,476.3208
652.37878,62.44664,476.96555
652.89502,61.90501999999999,477.12335
654.09723,61.13475,477.86731
654.73163,60.42735,478.12377999999995
655.77216,59.88971,478.42425999999995
656.72968,58.876430000000006,478.57568
658.47369,58.196459999999995,478.51263
660.22321,57.60501,478.76859
662.13647,57.067319999999995,478.80939000000006
664.3425900000001,56.42253,478.69208
667.93365,56.405440000000006,478.14398
670.4583700000001,56.39601999999999,478.0224
673.84412,55.97213000000001,477.43634000000003
677.16382,55.97145,476.90268
681.12653,55.59665,476.17279
683.84979,56.051159999999996,475.68835
687.17267,55.466330000000006,475.16803
689.55383,55.54311,474.38364
692.2092299999999,55.34016999999999,473.73892
694.25446,54.88721999999999,473.09112999999996
696.35339,55.016690000000004,473.01187000000004
697.57617,54.57775,472.76437000000004
698.41266,54.10711,472.76212000000004
699.71973,53.67565,472.93105999999995
700.0780599999999,53.17239,473.45477
701.14508,52.621959999999994,474.12415
701.51636,51.96487,474.64874000000003
702.0487099999999,51.33348,475.4422
702.32745,50.10068,476.30492999999996
702.63464,49.34538,477.6145
702.19989,48.54142,479.19122000000004
702.42218,47.46402,480.40817000000004
701.64063,47.741620000000005,483.04874
702.92291,46.02483,483.81872999999996
704.47784,45.00939,485.75159
705.37268,44.23602,487.69280999999995
706.52283,43.81505,490.10352
708.21954,43.335770000000004,491.68515
710.27869,43.056459999999994,493.78784
712.24127,42.980909999999994,495.25552000000005
713.9054,42.715720000000005,497.08795
715.0579799999999,42.61338,498.26468
716.70349,42.42925,499.3703
718.06555,42.67804,500.16776
718.81403,43.06371,500.90167
719.3446,43.06694,501.38982999999996
719.71045,42.89954,501.54568
719.84265,42.90521,501.68793
719.67395,43.047709999999995,501.6875
719.39508,43.017959999999995,501.33743
718.58136,43.51283,500.73995999999994
718.4508099999999,43.480940000000004,500.46755999999993
717.45898,43.158390000000004,499.72327
716.36151,43.144940000000005,499.33426
715.48132,42.77398,498.83853
715.12555,42.716609999999996,498.74237
714.8425900000001,42.443090000000005,498.52502000000004
714.63428,42.34406,498.49962999999997
714.0982700000001,41.8771,498.5817
713.7656900000001,41.685159999999996,498.70257999999995
714.10547,41.67129,499.26125999999994
714.60114,41.32594,499.45440999999994
715.40088,41.44422,500.11400999999995
715.86493,41.306979999999996,500.24557000000004
716.6315900000001,41.65377,501.00998
717.50098,41.54746,501.86328
717.6781,41.63173,502.44498
718.69135,41.89743,502.93505999999996
719.89984,42.490759999999995,503.90674
720.28046,42.59473,504.03189000000003
721.50189,43.185559999999995,504.41152999999997
722.8111,43.10295,504.54233
724.19006,43.648070000000004,504.54575
725.59198,44.1614,504.36499000000003
727.13837,44.79363,504.24869
728.39301,45.076029999999996,504.44280999999995
730.55829,45.61633,503.28024000000005
731.84003,46.06115,503.09292999999997
733.83112,46.17519,501.9296
734.94537,46.62565,501.37149000000005
736.2287,47.146209999999996,500.07813
736.74237,47.66746,499.43780999999996
737.32483,48.30287,498.80167
737.69415,48.80174,497.75189000000006
737.6098599999999,48.97684,497.47083
737.47186,49.14548,497.38195999999994
737.47717,48.99046,496.90598
736.91541,48.605259999999994,496.72424
736.85938,48.28133,496.80164
736.4744900000001,47.875690000000006,496.70667000000003
736.30463,47.233779999999996,497.23956
736.11285,46.91056,497.65524000000005
735.25,45.95779,498.55157
735.45508,45.217,499.10537999999997
735.59564,45.0288,500.38745
735.48175,44.38197,501.65362999999996
735.70947,43.94726,503.08272999999997
735.73572,43.73097,504.76474
736.11542,42.85859,505.43964000000005
735.4693599999999,42.56573,507.48096
735.90979,42.77991,508.32007000000004
736.09369,42.29418,509.61652000000004
736.74371,43.0325,510.58829000000003
736.32593,43.448190000000004,511.26968
736.5095200000001,43.78675,512.78162
736.42517,43.83023,513.28113
736.18481,44.28034,513.52844
735.9245599999999,44.71105,513.46796
735.8276400000001,45.126940000000005,513.5202
736.29852,45.60645,513.1621700000001
736.6980599999999,46.182790000000004,512.1405
737.00226,47.08987,511.50504000000006
737.3335599999999,48.34628,510.31656
738.42511,49.2557,508.92224000000004
739.3960599999999,50.18438,506.50005999999996
741.16705,51.773109999999996,504.61301
742.55688,52.65843,501.51721
744.59064,53.956759999999996,499.60123
747.73993,55.39151,496.58455999999995
750.0862400000001,56.3534,493.01235999999994
752.87555,58.55688000000001,489.7312
756.10876,60.16998,486.55447000000004
759.64825,61.74341999999999,483.06075999999996
763.1311,63.31655,479.26682
766.32593,65.03548,475.74190999999996
770.2794200000001,66.09987,472.4183
773.40045,67.16241,468.77274000000006
774.95166,68.86253,465.9039
775.42249,69.99131,462.59485
774.61835,70.43127,460.41540999999995
772.61176,70.08546,458.57025
769.37756,69.50883,458.32735999999994
766.87451,67.86644,458.9866
764.3775,65.55869,461.32412999999997
763.63629,63.24618,465.35208
763.8200099999999,61.78976,470.30637
763.93201,59.978269999999995,477.41995
764.8908700000001,58.937830000000005,484.44949
765.5487099999999,58.83368000000001,492.60967999999997
766.3645,59.09795,500.83313
767.14856,59.497840000000004,509.38773
767.87372,60.061080000000004,517.84802
768.3678,61.23743,526.57275
769.5477900000001,62.01166,534.96234
769.9599,63.405719999999995,543.4693599999999
770.48407,64.21358000000001,550.82599
771.36035,65.12793,557.83392
773.0083599999999,66.09129,564.79584
775.19147,66.39675,570.72992
777.81018,67.68904,575.55438
782.0549900000001,68.18573,580.12207
785.36591,68.68443,584.08917
788.48218,69.27212,587.21094
791.3179299999999,69.54966,589.75409
792.9021,69.60982,591.65662
794.1057099999999,69.34798,592.5075099999999
794.83215,69.66525,592.6969
795.6976900000001,69.43495,591.94775
796.42249,68.59224,590.89044
797.78955,68.18715,589.06635
798.37598,67.41503,586.72681
800.0111099999999,66.9584,583.57452
801.88531,66.40191999999999,579.99933
805.4599,66.30095,576.04102
808.5961900000001,66.10503,571.79205
813.0827,65.51025,566.34186
817.2092299999999,66.38043,560.76288
823.08807,66.19614,554.48407
829.66565,66.74561,547.81055
838.3467400000001,67.40873,540.9884
848.0637199999999,67.38216,533.17078
856.1411099999999,67.04929,524.72021
860.77344,67.31066,516.10541
861.6591800000001,69.4429,506.2912
860.2194800000001,71.6443,497.71466
858.9386599999999,72.34528,489.72955
858.91162,72.29321,487.28817999999995
860.7124,71.8564,488.55124000000006
862.2244900000001,70.96061999999999,491.6897
861.95062,70.07336,495.69037000000003
861.0750099999999,69.95942,499.64307
858.1397099999999,70.89018,505.12240999999995
855.29077,72.39919,511.07982999999996
851.51453,73.08211999999999,517.7318700000001
846.82166,74.5954,525.14142
842.42151,75.45496999999999,532.50732
837.42108,76.68287,539.36041
833.47516,76.91046999999999,546.0969200000001
830.1369,76.44901,550.81323
827.7298,75.46159,555.43799
826.81604,74.31766,558.52179
827.92041,73.99562,562.58459
829.46442,73.06756999999999,564.77264
830.8738400000001,70.80242,566.69281
831.6628400000001,69.46641,567.1134
831.97876,67.66014,567.16058
831.50488,66.72414,565.96045
830.2511,65.20636,563.99377
828.31879,63.62922,561.13129
824.78809,62.79606999999999,557.2843
820.66516,61.71889,553.2056299999999
815.48578,60.70938,548.1138900000001
810.32745,59.4598,541.7316900000001
805.41858,58.173519999999996,535.34979
799.74359,56.67934,528.0101900000001
794.09717,54.93688,520.328
788.22186,53.42904,512.0523099999999
781.39954,52.14929,503.03888
777.03882,52.18773,495.41317999999995
775.52612,51.570029999999996,489.53267999999997
776.80463,51.37898,487.13654
780.0545,50.9347,487.83752000000004
783.59808,51.39219,489.95767
787.57471,53.32343,492.56284000000005
792.1566799999999,55.466919999999995,495.15795999999995
798.78796,58.482690000000005,498.59424
806.88513,63.27358,504.33209000000005
815.82886,66.52802,510.66680999999994
827.0264900000001,71.37847,518.19855
837.46484,75.39728000000001,524.96375
847.52588,78.64729,531.43079
857.16443,82.28321,537.97296
866.00397,84.60252,544.43463
872.67657,86.62789000000001,550.08948
878.80511,87.5417,555.53949
883.08606,88.03963,559.7092299999999
883.65771,87.73444,563.84406
883.3104199999999,88.06223,565.5700099999999
881.0698199999999,88.7645,565.6723599999999
878.3635300000001,89.14577,563.52026
876.6008300000001,89.38835,560.50928
876.1564900000001,89.67818,557.8786
878.03577,87.93587,554.16162
880.31714,87.85779000000001,550.90045
884.0070800000001,87.72308000000001,546.31152
888.07288,87.32345,540.3996
893.7706300000001,86.82706,534.2169200000001
901.24615,86.71791,527.81598
910.2144800000001,85.73504,521.27765
918.11591,83.9112,514.51923
921.94019,82.05266999999999,507.01242
923.21484,82.10857,499.30225
922.5434,83.74699,492.69897000000003
922.4241900000001,83.94702,488.11075
922.6226800000001,82.46531999999999,487.1861
922.5441300000001,81.27497,488.68692000000004
919.3702400000001,80.8904,491.94064000000003
913.7330300000001,81.41045,495.4617
905.23895,82.83700999999999,498.64984000000004
895.13306,84.17344,502.02367999999996
883.12054,85.20898000000001,506.7796
870.22406,86.53471,512.42706
856.31805,87.38925,518.19489
842.2634300000001,88.03232,524.9056400000001
827.45392,88.10332,531.57916
812.12891,87.74385,537.6861
799.5799,85.24423,541.93463
784.97247,82.67426999999999,546.11414
778.63763,77.75101,548.38531
773.39105,75.91749,552.35168
771.2135599999999,75.14491,557.07983
769.99573,74.41869,561.1646099999999
768.2440799999999,72.70773,562.3226900000001
765.5730599999999,72.26047,563.0116
761.0075099999999,71.54382,562.63562
754.56738,70.35795999999999,562.22638
749.09326,68.88656999999999,561.0907
743.70569,67.10585,559.55768
739.44897,65.29128,556.8680400000001
734.91748,63.59737,553.91547
730.7456099999999,61.55935,549.59839
724.76288,59.33838000000001,545.0982700000001
719.80182,56.91417,539.31171
714.07648,54.038630000000005,532.7215
706.80457,50.85563,525.46075
698.4361,47.337340000000005,516.86292
690.93713,43.00833,507.6543
682.55328,37.46498,497.37857
674.0921,31.79853,487.10430999999994
664.8644400000001,26.2865,476.14867999999996
657.9888900000001,21.75796,466.44527999999997
655.3781700000001,18.9206,459.26694000000003
657.41315,16.442320000000002,453.60720999999995
661.06885,14.921629999999999,448.64620999999994
666.4066799999999,13.267610000000001,443.94113
670.0783700000001,11.98441,441.2366
671.31012,11.88085,438.6293
670.53711,11.64214,436.66257
668.7395,10.24757,436.15326
665.4024,7.590330000000001,438.02646
658.8288,5.1166599999999995,442.31555
650.15558,2.3650700000000002,448.38879000000003
640.6254299999999,-1.97127,454.55136
630.08929,-7.02385,461.19305
618.0961900000001,-14.007439999999999,469.52405
606.27362,-22.50681,479.22379000000006
595.72333,-32.92754,489.93564000000003
587.7987099999999,-43.85027,499.69656
580.58313,-53.97713,508.55341
573.9017299999999,-62.78561,516.73438
568.38361,-70.13345,524.05579
563.27075,-76.69299000000001,531.84753
559.82019,-82.09281,538.8879400000001
556.45636,-86.65865,545.47125
553.36725,-91.38211,550.7332200000001
550.77545,-95.63701999999999,555.06873
548.26709,-100.34398,558.47382
546.35974,-104.6731,561.5889900000001
544.24646,-108.79176000000001,563.9754
543.10675,-113.2549,565.99042
541.57135,-116.46694,567.5264900000001
542.25983,-121.01778,567.1106599999999
542.11792,-124.62273,566.0824
541.83313,-129.37946000000002,564.42548
541.83728,-134.46653999999998,562.02399
541.9682,-139.62657,559.74402
542.97522,-145.62898,555.97144
543.49506,-152.24456999999998,551.78638
544.23279,-158.56258,546.24933
544.22675,-165.57896000000002,541.0267299999999
544.45013,-172.61986000000002,534.04291
544.0224599999999,-180.13087,527.0521200000001
544.117,-188.47318,519.12354
543.81812,-197.31596000000002,510.78380999999996
543.1283,-206.2561,501.86584000000005
543.19403,-215.52899,492.61295
542.35541,-225.31812000000002,482.9241
542.86835,-234.74684,472.50957999999997
542.6003400000001,-243.35402000000002,461.43555
543.86047,-250.46767000000003,449.14359
544.94019,-256.172,437.45044
547.9079,-260.50891,426.20221
552.05524,-263.31561,415.74298
556.47949,-263.75073,405.94702
561.30011,-262.72362999999996,397.96591
567.0925900000001,-261.19299,391.40475
569.56653,-259.08691,387.86642
570.44183,-257.58786000000003,385.46063
570.22839,-256.96646,385.3681
568.04218,-256.86237,387.13644
564.2524400000001,-257.26324,389.98303
559.81488,-258.28717,393.12125
554.07635,-261.0419,398.09235
548.7981,-265.0318,404.46573
543.77325,-270.07635,413.06207
540.2932099999999,-275.58249,422.52762
537.64063,-282.44223,432.4487
534.69666,-288.79541,442.56777999999997
532.31573,-295.50543,454.03799000000004
530.09344,-301.84665,465.86069000000003
527.69867,-305.45642000000004,478.56357
525.71765,-308.8186,490.75198
524.05872,-311.23242,502.87628
522.81146,-313.57645,514.2231400000001
521.92328,-315.51785,525.2307099999999
520.14459,-316.97961000000004,536.35638
518.61987,-317.91855,546.49951
518.89172,-317.35278,556.10168
520.76044,-316.28302,564.16602
523.5002400000001,-313.78893999999997,571.6467299999999
526.5613400000001,-310.48135,577.80548
528.53198,-307.34256,583.60175
529.54211,-304.94571,588.61853
529.7431,-303.15729,593.29065
529.26398,-302.85764,598.04108
527.9809,-303.4686,601.54608
527.3797599999999,-303.36777,604.29138
526.62866,-304.06284,605.79553
526.54974,-304.30807000000004,607.35175
527.53467,-304.59186,607.52844
528.3262900000001,-305.19302000000005,607.1899400000001
529.51788,-305.34448,606.53198
530.55792,-305.51912999999996,604.4331099999999
531.80005,-306.21609,601.96161
533.84155,-307.13333,598.97028
535.48242,-307.64342999999997,595.35437
538.80817,-308.38626,590.63068
542.23694,-308.8111,585.71045
546.1806,-308.8078,580.37012
550.35724,-309.06189,574.02637
555.7312,-308.93747,567.1156
561.13446,-308.99307000000005,559.94891
567.93945,-309.10034,551.60828
574.5343,-309.27347000000003,542.44714
580.08667,-309.1366,533.4769299999999
586.34686,-308.94977,523.19745
591.95618,-307.65811,512.7821
598.03058,-304.18462999999997,501.26102000000003
606.01129,-299.30343999999997,490.32180999999997
614.64148,-296.0889,477.92908
619.9483,-295.0834,466.4679
622.18964,-295.51639,455.86774
622.63739,-296.20718,446.79690999999997
622.4130200000001,-296.33718999999996,440.3002
624.13983,-296.22665,434.3421
626.37372,-295.99136,429.4411
628.21045,-294.78351000000004,425.64545
628.61414,-293.0835,424.98852999999997
628.19196,-290.96143,426.3522
626.15619,-289.50351,428.77590999999995
622.1192599999999,-288.59259,431.2305
616.13867,-289.90134,434.00253
608.78906,-292.26162999999997,436.82162
600.2669099999999,-295.67752,440.78177
591.9540400000001,-299.85071,446.46560999999997
584.7905900000001,-304.45941,453.20415999999994
578.00385,-307.88254,461.21097000000003
573.1922599999999,-310.84972999999997,469.23000999999994
567.5620700000001,-313.40189,477.9415
562.7301,-316.17938,486.40753
556.77411,-318.60733,495.10318
550.73792,-320.32614,503.11551
545.0069599999999,-323.50467000000003,510.52588
539.22821,-325.64777000000004,517.11279
533.4667400000001,-327.22855,523.39117
528.73419,-327.84937,528.7081900000001
525.30377,-327.17672999999996,534.24677
522.46893,-325.19116,538.81073
520.75427,-322.16614,542.3419200000001
518.58893,-318.69732999999997,545.2205799999999
514.9621,-314.34799,547.0378400000001
511.60180999999994,-310.88007000000005,547.79858
507.47604,-308.76288,547.9904799999999
503.25577000000004,-307.12102999999996,547.46765
497.81046,-306.4361,545.7388900000001
492.423,-306.04373,543.34637
485.87009000000006,-305.82727,540.59155
479.98749000000004,-305.98364,536.91205
473.8078,-305.54773,532.33429
466.95544,-304.7637,527.75897
459.0838,-303.83185,522.14441
452.69034000000005,-302.19638,515.97198
445.34143,-299.86773999999997,509.16174
438.9603,-297.6673,501.34964
432.07602,-295.36728,493.02875
425.82831,-293.78311,483.35970999999995
418.94888,-293.3631,473.52063
412.23578,-294.47693,463.60632000000004
406.09512,-296.41708,453.20081
401.79102,-297.85184,444.14508
400.4155,-297.47964,438.03542999999996
402.31253,-297.40157999999997,437.87677
403.40814,-298.14352,441.94604000000004
402.0145,-300.48297,446.1557
398.47888,-305.00504,450.38030999999995
393.68093999999996,-310.20587,455.2948
389.37665,-312.12807999999995,462.36105
385.53308,-312.10919,473.00089
381.8194,-311.43872000000005,484.85513
377.57761,-312.10187,495.79755
371.95853,-312.70108,506.09592000000004
367.4252,-313.76398,515.7844200000001
362.37466,-315.22542999999996,525.82123
358.15707000000003,-316.17419,535.87268
354.68323,-316.40576,545.3747599999999
351.95333999999997,-315.86472000000003,553.62488
350.92294,-314.26859,560.88245
352.2818,-310.2695,566.51758
354.07681,-304.75284,571.6749900000001
355.89407,-299.19244,575.7464
357.73163,-294.79877,579.82568
358.0946,-291.15851000000004,584.03473
358.11533,-289.10132000000004,587.3653
357.64374,-287.86185,589.6174900000001
357.70151,-287.41647,590.69739
357.64941,-286.82684,591.0069
358.34549,-286.30319,590.67169
358.59148999999996,-286.21472,590.1427
359.49023,-286.04916000000003,589.0468099999999
361.06888,-286.32416,586.85077
362.26907,-287.17767000000003,583.90417
363.85062,-288.04865,580.04291
365.55667,-289.06812,575.24994
366.80792,-289.94055,570.68829
368.14526,-290.14713,565.6167
371.14182,-289.80695,559.41827
372.73367,-288.35742,552.82672
375.00153,-287.38968,545.4124099999999
377.17145,-286.15848,536.7191799999999
378.81838999999997,-284.77832,528.01904
380.92407000000003,-283.53713999999997,518.2097200000001
382.33707000000004,-280.85342,507.93021
382.83624,-277.46725,497.3042
383.77713,-273.88324,486.08617999999996
384.92169,-272.40454,474.90692
385.30951,-272.99695,465.42386
385.84033,-274.5947,457.68552
387.76135,-275.55994,455.48145
391.18011,-274.24359,456.96024000000006
393.45993,-271.05466,460.27072000000004
395.3833,-268.51407,464.14597000000003
394.57025,-267.41519,469.75244000000004
392.4794,-267.64007999999995,476.504
390.54697000000004,-268.04654,485.12524
389.35236000000003,-266.5574,494.45074000000005
388.77297999999996,-264.82516,504.78574000000003
388.93393,-262.50015,514.6889
388.70984,-260.51251,524.8996599999999
389.53519,-259.05664,533.04401
389.67676,-258.20535,540.93683
390.64636,-257.95267,548.05841
393.52991000000003,-257.83365,553.28314
397.9902,-256.69037000000003,559.18719
405.0806,-254.55442999999997,563.83038
412.04034,-250.5945,568.69055
418.96356000000003,-248.0472,572.34143
423.74370999999996,-245.79051,576.16119
428.12642999999997,-244.88837999999998,579.06787
431.18182,-245.89302,580.87823
433.94800000000004,-246.46622000000002,581.40863
437.01364,-247.53513999999998,581.56287
440.87537000000003,-248.52667000000002,581.12091
444.57788,-249.14412000000002,580.48279
448.80164,-249.17511000000002,579.5255099999999
452.68167,-248.48961,578.1256099999999
456.36110999999994,-248.54892999999998,575.74719
461.026,-247.21541000000002,572.39203
464.97208,-246.1889,568.30884
469.49422999999996,-244.63022999999998,563.82111
474.99215999999996,-242.95616,558.3417400000001
481.01285,-241.09093,552.53949
487.06035999999995,-239.29764,545.6019299999999
493.45142000000004,-237.10782000000003,538.36084
499.99591,-234.34309,530.52661
506.97955,-231.35541,521.59094
514.0105,-225.77005,513.64868
523.29517,-219.38199,505.52245999999997
534.5505400000001,-212.31322999999998,497.4173
544.14319,-206.60872,489.33719
549.37012,-203.62041000000002,480.79782
547.41797,-203.13791,473.72765999999996
542.74854,-203.25519,467.89267
541.49597,-203.65422,467.03867
540.98712,-203.44234,469.56372000000005
541.50165,-202.80481,472.54065
541.05566,-202.80096,476.95117
536.71906,-206.71745,481.85834000000006
528.9978,-212.61586,486.90216
519.6741900000001,-219.41341,491.84915
510.1282,-226.0322,496.67575
500.85602,-231.73196000000002,502.30402000000004
492.811,-237.11687,507.83730999999995
486.60985999999997,-241.81059,513.56152
482.63409,-245.30165,518.5781900000001
479.97708,-247.72284,522.84735
477.68472,-249.78267999999997,525.84442
475.60938,-251.72266000000002,528.64093
474.91747999999995,-253.40271,530.1048
474.31064000000003,-255.16681,530.9862099999999
473.39484000000004,-257.25818,531.39563
472.68035999999995,-259.88556,531.14185
471.68242999999995,-262.776,530.27338
468.97017999999997,-266.47803,528.71594
466.26022,-271.43436,525.82294
462.50597999999997,-276.79413,522.8494900000001
458.81088,-282.28336,518.96704
454.30679000000003,-287.92584,515.43188
450.50037000000003,-293.11011,510.9996
447.64480999999995,-299.00928,505.98654000000005
443.1156,-304.09268,500.68582000000004
437.46155,-309.09573,494.76300000000003
431.73922999999996,-314.36526000000003,488.24054
425.85364000000004,-318.92663999999996,481.88672
421.52823,-320.1954,476.03750999999994
419.98422,-320.52612,470.42233
420.01510999999994,-320.18908999999996,465.22729000000004
420.73526,-318.93359,461.42624000000006
420.8349,-317.35577,459.19293
420.68707,-314.81528,458.17154000000005
420.41998,-313.16907000000003,458.94397000000004
420.91208,-311.12097,460.18402000000003
423.04779,-309.22375,463.89285
426.1546,-305.63132,467.46682999999996
430.76376,-302.76578,472.22729000000004
435.15756,-297.12915,477.61627000000004
440.16489,-290.9404,483.09012
444.75198,-283.88638,489.57111
449.49445,-276.49951,495.86972000000003
454.13955999999996,-268.87487999999996,502.7095
460.39517,-260.76672,508.43579000000005
466.97934000000004,-253.24031000000002,513.95612
472.40146,-246.48514,519.94678
478.02065999999996,-240.33163,525.00854
484.2803,-235.24482999999998,529.9164400000001
490.84653,-230.7905,534.2525
497.76111,-226.80872000000002,537.57971
504.99213,-223.5123,541.0437
510.88058,-221.17587000000003,544.52002
516.63513,-219.68735,546.74707
520.61401,-219.2984,548.22504
524.16565,-219.51417999999998,548.66913
526.7121,-219.78502999999998,548.14001
529.78253,-220.4057,546.18756
532.58582,-220.68592999999998,543.3894700000001
535.45898,-220.97444,540.50598
538.48425,-220.91402999999997,537.51355
542.14771,-221.1741,533.3606
545.26422,-221.5723,529.00287
549.69421,-221.2984,524.10443
554.67511,-221.33891,517.9399400000001
559.33032,-221.07127000000003,511.78244000000007
561.99744,-218.3584,505.15630999999996
567.1831099999999,-215.23198,497.78542999999996
574.52728,-211.30501,490.10944000000006
583.29114,-209.3241,481.2291
591.72882,-207.68153,471.70227
595.35876,-206.32306,462.73322
595.9046,-204.85843,455.03424
593.29395,-204.58997,446.88147000000004
589.82672,-204.72401000000002,440.34314000000006
589.30652,-208.50568,437.87933
594.79669,-213.74667000000002,439.44128
601.1245700000001,-213.71087999999997,444.33162999999996
603.3140900000001,-213.58017,450.53809
601.62231,-213.34567,457.8089
595.1814,-212.79395,465.77164000000005
586.55243,-212.30231,473.30319000000003
576.5058,-211.53458999999998,480.65417
566.75122,-210.38523999999998,489.33786
557.3738400000001,-209.91676,499.8721
549.08002,-207.87923,512.07056
543.56177,-207.23781,523.1956799999999
537.8063400000001,-206.35927,534.50549
531.91406,-206.18062,544.55103
526.46912,-206.63976,553.3807400000001
521.86401,-207.01076,559.99292
519.61688,-207.59053,566.5006099999999
519.70068,-206.05307,573.34515
521.96381,-203.64838999999998,579.14764
523.70087,-201.3719,584.04358
524.47504,-199.53388999999999,587.29834
523.82257,-198.43668,589.79797
522.8019400000001,-197.68268999999998,590.86475
520.41473,-196.93221,591.98975
518.53448,-195.95888,592.89856
517.4639900000001,-195.22798,592.83972
516.63171,-194.2838,592.78558
516.08411,-193.85834,591.72717
515.58167,-193.35983000000002,589.10236
514.74432,-193.29868000000002,586.16754
514.77338,-193.18605,582.31335
514.7348599999999,-193.40811000000002,578.04071
515.44672,-193.14621,573.4118
516.93958,-192.18979,568.36536
519.34106,-191.36002,562.30859
522.1592400000001,-189.97749,556.20032
525.6188400000001,-189.10801999999998,548.19519
529.41357,-187.62436,540.01532
532.30249,-186.35034,530.92041
535.58398,-184.6543,521.3247700000001
540.1962900000001,-182.69115,510.29474000000005
544.08838,-178.23717,500.29812999999996
548.78607,-175.05389,489.47747999999996
553.07959,-172.68878,478.45703
555.34387,-170.72235,469.51898
555.28693,-170.35277,463.67184000000003
556.4386599999999,-171.12149,462.24902000000003
560.0946700000001,-173.02461,462.91927999999996
562.6906700000001,-174.83466,464.97177
564.72131,-177.0816,467.80810999999994
563.4314,-179.04883,471.74655
559.01031,-179.68599,478.1048
554.05206,-179.19722,485.43796
548.37653,-179.72423,493.78064000000006
543.02832,-179.47478,502.64761
537.56964,-179.2885,510.86087000000003
532.90137,-178.72897,518.8461900000001
529.59167,-180.35349,525.30457
526.55988,-182.7684,531.0462
524.2768599999999,-185.27946,536.2067900000001
522.2219200000001,-187.37636,540.71985
522.66925,-190.50151,544.5531
525.2749,-193.4711,547.67291
526.6723,-194.53396999999998,550.49597
528.79688,-195.49461000000002,553.56635
531.34119,-196.09697,554.4896200000001
534.11328,-198.67446999999999,554.6134599999999
536.81097,-201.64597,554.29889
538.5127,-205.15614,552.72906
542.12689,-210.03166000000002,550.53662
544.2810099999999,-214.16745,547.7478
547.07257,-218.18982999999997,544.51044
548.9988400000001,-221.24196,541.46954
551.65503,-224.58368,536.58582
552.61407,-226.98163,531.92169
554.42889,-229.74556,525.91132
555.71063,-232.82759,519.17749
556.35596,-235.70096,510.93964000000005
557.4820599999999,-238.75786000000002,502.55579000000006
558.1344,-241.67833,493.18195
557.6427,-244.52322,482.78082
557.97919,-248.36673,472.59558
557.3515,-250.42017,463.5506
558.30005,-250.63662999999997,456.49102999999997
558.77618,-250.90079,452.11330999999996
559.6142,-250.20058999999998,450.42737
560.48865,-248.71321,451.1734
561.0158700000001,-247.01998999999998,452.33880999999997
562.11176,-245.28696000000002,455.00049
563.18402,-243.44397999999998,460.96185
565.26129,-239.79667999999998,468.29849
565.7291299999999,-235.92622000000003,477.70477
566.45898,-231.09319,486.92197000000004
566.94867,-226.46971000000002,495.95975
567.49658,-220.88409,505.1077
567.00049,-215.33322,514.61554
565.53748,-210.78275,524.6827400000001
563.8272099999999,-206.03099,534.3443
561.79565,-203.06895,542.55176
558.9678299999999,-199.96813999999998,550.86774
557.60455,-198.63866000000002,557.59857
557.44885,-197.31188999999998,563.40021
558.24042,-196.6709,568.06042
558.30133,-195.45456000000001,572.4617900000001
558.0654900000001,-194.47896,575.80835
558.12268,-193.28105,578.6474599999999
557.56653,-193.08511000000001,580.12964
557.67224,-192.18939,580.04962
557.5534700000001,-191.53513999999998,580.00165
558.59296,-191.19263999999998,578.69159
558.86609,-189.94981,577.62903
561.49786,-188.86905,576.15112
563.59821,-187.93695,573.05945
566.5244799999999,-186.87462,569.30353
569.81799,-185.22021,565.05469
572.76575,-184.93587,560.22363
576.92389,-185.00632,554.19666
581.06934,-184.28905,547.96307
584.66089,-184.45674,540.82465
589.0471200000001,-184.62067,532.8172
592.90973,-184.70786999999999,524.21228
597.0481,-185.28824,514.39661
600.89954,-184.71112,504.28787
606.75287,-184.0808,493.94763
612.15045,-184.24217,482.93039000000005
616.3555299999999,-184.22346000000002,472.59685999999994
618.16016,-183.37814,462.69375999999994
618.72705,-184.08559,455.31879000000004
618.29156,-184.73311999999999,450.63385
617.27625,-186.52396000000002,450.36902000000003
617.18518,-189.08659,452.01953
614.47668,-189.81978999999998,454.91629000000006
611.46075,-189.80347,458.62271
606.3736,-188.84103000000002,463.87473
600.51605,-187.74294,471.01376
593.66595,-186.17676,479.70260999999994
587.29443,-184.09607,488.68747
580.12366,-181.8074,497.69247
572.64978,-179.7854,506.82895
564.8917799999999,-178.24232,515.59753
557.29401,-177.44435,523.28778
549.75623,-177.31956,529.88
543.08942,-179.2747,534.78662
537.6925,-181.95471,538.9826
534.44659,-184.07312,542.84021
533.56647,-185.9953,547.06018
534.07495,-188.19206,550.77698
534.10791,-190.04668,552.95593
534.5155,-191.95477,554.3258099999999
533.75507,-193.78195,554.32117
532.25079,-196.0351,553.48511
530.3496700000001,-198.03061,552.36847
527.90088,-199.45702,551.15417
525.8393599999999,-200.08887,549.59448
525.31171,-201.79958,547.34924
524.44238,-203.36536,543.99402
524.90631,-205.13316,540.0466299999999
524.68756,-206.37729,534.9248
524.43872,-207.57808,529.62677
524.2217400000001,-208.7635,523.02313
524.01984,-210.39532000000003,514.9909700000001
523.98364,-211.42966,506.57874000000004
523.32538,-213.61897000000002,497.62615999999997
523.17358,-215.77853,487.36220999999995
524.1969,-218.06177999999997,476.32000999999997
524.11475,-220.36615,466.21649
526.59045,-221.08712999999997,456.64300999999995
530.71515,-221.49872000000002,449.05425999999994
536.14209,-222.61276,442.20908
539.48401,-222.69345,437.53854
540.13861,-221.55466,436.14581
538.62103,-220.05798,437.1246
537.1463,-219.41315,438.30990999999995
533.18616,-218.53745,441.57437000000004
528.39166,-217.82356000000001,447.02187999999995
522.15851,-217.37691,454.59763
514.89264,-216.96493999999998,463.79175
505.75137,-215.50201,473.82269
496.21353,-214.39932000000002,483.73419
486.55355999999995,-212.98827999999997,494.31836
477.78267999999997,-212.27402,505.38177
468.86377000000005,-211.81522,516.71021
459.74136,-212.05732999999998,527.34613
451.27855999999997,-212.89645,537.15558
442.02975,-215.62283,545.80322
434.00055,-219.6476,552.85858
427.134,-223.25522999999998,559.2760599999999
424.01367,-226.39255,564.31384
422.57147000000003,-227.68399,569.33368
422.04625999999996,-227.22337000000002,574.59241
421.28475999999995,-226.60585,578.86652
420.53638,-226.23233,581.95258
418.57486,-226.56333999999998,583.86945
415.88489,-227.24427999999997,584.995
413.19543,-228.70306000000002,584.9042400000001
409.68832000000003,-230.66807999999997,584.86218
407.30011,-232.67267,583.71161
404.98532,-235.21092000000002,582.07953
403.09982,-236.71149,579.42169
401.28888,-238.37793,576.3774400000001
399.31183,-239.76466000000002,572.7352900000001
397.7402,-240.60275,568.2133200000001
397.08853,-240.80745,563.0244799999999
396.76532000000003,-241.20837000000003,556.91406
396.80182,-241.33022999999997,549.4299900000001
396.91815,-241.47226,541.82397
397.94482,-241.64583,532.78192
399.15274,-242.33252000000002,523.1933
400.03326,-243.59262,513.03406
401.49637,-243.82416,502.12976
402.0918,-244.38385,490.72919
403.55746,-244.81122000000002,478.83029000000005
404.30719,-245.44608,468.10025
406.55829,-246.27576000000002,457.54263
408.625,-247.26161000000002,449.13727
411.66696,-248.03127,442.82703
415.43771,-248.02302999999998,439.18082000000004
419.07687000000004,-248.33388,438.79575
421.98575,-248.27739,440.04332999999997
422.99422999999996,-249.05272000000002,443.0484
422.86175999999995,-250.1151,447.64819000000006
421.81277,-253.28961,454.69299
418.74631,-258.0979,463.52115
415.0737,-264.92737,473.86847
412.09491,-272.44934,483.92242000000005
408.38773,-280.45648,494.29352
406.2439,-288.0314,504.21338
405.1218,-295.55475,513.56696
405.45166,-302.23004,522.72662
407.73676,-308.19338999999997,530.4079
409.42917,-314.03171000000003,538.5804400000001
411.90148999999997,-318.2384,544.77258
414.57507000000004,-321.8342,550.4870599999999
417.8342,-323.66351000000003,555.04022
421.15972999999997,-323.71851000000004,558.58752
425.0574,-322.83856000000003,561.01007
428.64288,-322.06479,563.39215
432.29733,-322.43453999999997,564.39911
436.3183,-324.12479,564.1361099999999
440.08243,-326.25137,564.30066
443.39227,-328.66187,563.2800900000001
447.59634000000005,-330.02657999999997,561.88983
451.88852,-330.81442000000004,559.86719
456.62784000000005,-330.99023,557.0559099999999
461.89795,-331.43146,553.23798
466.91315,-331.27356000000003,548.88287
471.58252000000005,-331.86871,543.88922
475.7648,-332.37595,538.23438
481.01819000000006,-333.32071,531.4406700000001
485.72832999999997,-334.50692999999995,524.24158
491.03537,-335.85406,515.5253299999999
495.87595,-337.05133,507.38842999999997
500.73526,-338.65851000000004,497.58495999999997
504.89252,-340.6701,487.64401
508.91489,-344.09091,477.26202
512.6778,-347.58972,466.69226
516.8674900000001,-351.20734,456.84036
518.83429,-353.7742,449.57684000000006
520.74762,-355.37827000000004,443.75607
521.58289,-355.80307,440.4299
521.7808200000001,-355.14838,438.94104000000004
521.34045,-354.85042999999996,439.60202000000004
519.91272,-355.16367,441.1058
517.48975,-355.9137,445.5639
516.24475,-358.12692000000004,451.57599000000005
512.09119,-359.72675,459.3689
508.37653,-362.36703,467.96380999999997
504.25867,-365.43518,477.19577000000004
500.3566,-368.84412000000003,486.21560999999997
494.84265,-371.66327,496.83423
490.49377000000004,-375.30352999999997,507.13464000000005
485.83840999999995,-377.99976000000004,517.37402
481.34738,-381.90356,527.60785
477.27258,-385.4267,536.3555299999999
474.68979,-388.38138,544.19299
472.35638,-390.70673,550.2438400000001
470.68927,-390.98992999999996,555.55322
467.73935,-389.57587,560.09875
465.36542000000003,-387.03189,564.3292799999999
461.7757,-383.95901000000003,567.88904
458.64522999999997,-382.37924,570.46429
456.43692000000004,-381.65918,572.11328
453.73907,-381.29492,572.76959
451.24933,-380.97458,572.89984
448.11330999999996,-380.81635,572.89502
444.46564000000006,-380.68172999999996,572.2836900000001
441.6098,-380.59323,571.15485
438.13284000000004,-381.27591,569.11395
436.14261,-381.86163,566.151
433.52213,-381.84442,562.3342299999999
432.74172999999996,-381.65631,557.3706099999999
430.88934000000006,-381.12921,552.55859
430.04755,-380.06442000000004,546.99347
428.96732000000003,-378.93961,540.00873
428.29407000000003,-377.06808,533.17462
427.57748,-375.25684,525.43671
426.17190999999997,-373.24814,517.2633099999999
425.00726,-370.73672,508.33459000000005
423.04947000000004,-366.73135,498.3642
421.34552,-362.08646,487.40179000000006
420.49234,-358.09021,476.75247
420.56433,-355.92749,465.90685999999994
420.92142,-355.08786000000003,456.96200999999996
422.06509000000005,-355.1799,450.00406
425.34875,-354.21347000000003,446.73758
429.51523,-352.46457000000004,446.39017
433.3063,-350.95151,447.38192999999995
435.21909000000005,-350.75836,449.53995
434.98938,-351.70181,454.07901
433.80597,-353.96384,459.55231
433.4382,-355.73877000000005,466.70581
432.42795,-358.45737,476.93685999999997
431.44872999999995,-360.77768,486.76525999999996
430.03975999999994,-364.76572000000004,496.57672
428.68884,-368.17126,506.4549
428.87185999999997,-371.20975,515.02954
430.60257,-373.8595,522.4635599999999
434.30832000000004,-375.65216000000004,529.16534
438.33859,-377.14917,535.29633
442.92807,-377.61636,540.75342
448.87772,-376.89594,545.5509
453.5137,-375.41016,549.99896
458.49265,-372.54517000000004,552.94055
462.82397000000003,-369.16837000000004,556.0105
467.55127000000005,-365.94424,556.8342299999999
471.51935,-363.10217,556.98834
476.35352,-360.88434,557.23572
482.11002,-359.54669,556.13098
487.40463,-358.39124,555.2603799999999
493.5921,-357.0632,553.18829
500.40668,-355.03854,550.70007
506.05627000000004,-351.71451,547.76862
510.93237,-348.00436,544.27979
516.0083,-344.33417000000003,540.2185099999999
521.38031,-340.94777999999997,535.77655
527.30786,-337.61899,529.60333
533.60022,-334.70746,523.2049599999999
540.2171,-331.51977999999997,516.3996
546.39148,-328.21713,508.51266
551.77618,-324.80725,500.01852
556.88635,-320.90247,491.30457
562.63037,-316.61017000000004,481.24847
567.7617799999999,-312.50543,470.99478
572.00897,-309.07535,460.80242999999996
573.41626,-306.99759,453.2226
574.0387599999999,-306.46756,445.0596
573.55627,-306.26263,438.42510999999996
573.55627,-305.68903,434.72357
571.7332200000001,-303.79736,435.05917
569.87177,-302.01718,437.4057
566.53021,-300.74422999999996,440.81564000000003
564.8389900000001,-301.35254,445.20563
562.93457,-303.97153,450.64862
562.47339,-308.1402,458.07059000000004
561.55579,-314.55118,466.63
560.2518299999999,-320.65115,475.78152
560.09637,-327.10327,484.24065999999993
559.2337,-334.2005,494.35537999999997
559.6062599999999,-340.53357,504.55392
561.75287,-346.57034,514.0473
564.25366,-351.64389,521.95874
566.56171,-356.89005,529.08405
570.40344,-361.79992999999996,535.37628
573.68121,-366.29691,541.0191
576.22852,-369.93585,546.33295
577.19543,-372.2511,551.44385
578.47864,-374.32071,554.9862099999999
579.2382200000001,-376.03159,558.29224
578.53778,-378.05133,561.2155799999999
579.7923,-380.8978,562.4667400000001
580.48743,-383.73785,563.91113
580.92926,-387.39212000000003,564.8056
582.50726,-390.46591,564.85938
584.10883,-392.61145,564.17328
585.875,-394.67562999999996,562.89026
587.26941,-395.582,560.73108
588.76923,-396.40814,557.94006
590.79388,-396.45166,554.1538099999999
591.96649,-396.06622000000004,549.94727
593.54486,-395.05951,544.74854
595.15845,-393.62155,538.8956900000001
596.69952,-391.69986,532.32379
598.06525,-389.4624,524.65631
600.0733,-387.18387,516.50812
601.4429299999999,-385.88782000000003,507.30057
602.5318,-384.60745,498.39999000000006
605.16211,-386.52249,488.47964
607.72546,-388.00003,478.92294000000004
610.14404,-389.40405,469.1088
613.25861,-390.67368,460.32285
615.40613,-391.51923,452.22875999999997
617.68481,-390.00203999999997,447.36765
619.96857,-387.20273,446.22497999999996
621.22675,-385.09967,448.02022999999997
622.03912,-383.0777,450.47433
623.24744,-382.31747,453.51779000000005
624.17651,-382.75317,457.73419
626.6048,-384.29916000000003,463.73035
627.08398,-387.2092,472.50296
628.68579,-390.08898999999997,481.85132000000004
630.10162,-392.12277,490.9137
632.07196,-394.73779,500.10425
633.96075,-396.26282000000003,509.38721
636.16785,-397.10717999999997,518.34845
637.9128400000001,-397.68832000000003,527.19464
640.71014,-397.36139,534.86267
643.2478,-396.36487,541.69495
646.15588,-394.26724,547.22699
647.48737,-391.06305,551.75446
647.7615400000001,-387.00534,555.758
646.62988,-381.84875,559.8519299999999
645.1884200000001,-376.34027000000003,563.74969
643.48468,-371.55602999999996,566.54083
642.6922599999999,-367.26852,568.87085
642.41418,-363.71469,570.63007
642.93353,-360.35556,571.586
643.948,-357.07037,571.78174
644.5246599999999,-353.99924,571.8344099999999
644.6743799999999,-349.79105,571.04187
644.7488400000001,-345.33083999999997,569.82678
644.83368,-340.36368,567.17975
644.7674599999999,-335.00656000000004,564.12903
644.80536,-329.81088,561.19379
644.79388,-323.76004,557.00049
644.69635,-318.06777999999997,553.03088
644.10504,-311.88657,547.97479
643.8134200000001,-304.85104,542.36163
642.7077,-297.49683,536.39166
642.49927,-290.55649,529.4845
640.8218400000001,-283.02094,522.7373
638.8316,-275.99316,515.16193
637.3143299999999,-269.06754,506.90894000000003
634.95123,-262.43646,498.01360999999997
632.1168200000001,-254.94019,488.98605
629.69598,-248.1622,478.96297999999996
627.28003,-240.70129,468.88449
624.44171,-232.40498,459.14813
623.25311,-224.15662999999998,449.01477
621.38184,-215.53069,440.65781
620.16357,-206.79247,433.50280999999995
620.6094400000001,-197.08667,427.52402
621.12982,-187.70569,423.66348
621.14624,-179.77652,424.05557000000005
622.21948,-173.77693,424.87198
623.6865799999999,-171.31063999999998,426.44028
626.22003,-171.10138,427.65598
629.7828400000001,-173.28024,429.01291
633.14166,-177.74504,431.07915999999994
636.35187,-183.73533999999998,434.31302
640.37897,-191.46092,437.41718
644.67725,-199.75746,441.29279
650.55743,-209.15001,445.84506
656.08099,-219.23163,452.39417000000003
662.64435,-228.72847000000002,459.95495999999997
670.16589,-238.17542000000003,468.39221
678.01135,-246.85391,477.65088
685.8413099999999,-255.23766,487.76498
693.68555,-262.77679,497.95795
701.98145,-271.0015,508.04047
709.55176,-279.4649,517.97748
717.85632,-288.14447,528.03528
726.6084,-297.59406,537.2253400000001
733.2545200000001,-305.55029,545.96887
736.29272,-310.97823999999997,554.18713
733.9010000000001,-313.52539,561.60089
731.94727,-315.29611,566.79071
729.4060099999999,-316.69568,571.22205
727.0611,-320.36636,574.99469
725.2969400000001,-324.61154,578.67474
723.1405,-328.95346,582.55859
721.04468,-332.5415,585.9078400000001
719.3992900000001,-335.83667,588.66266
718.01324,-339.00256,589.72748
716.54901,-341.74661000000003,590.07843
716.18646,-343.9696,589.69617
716.3833599999999,-348.01511,588.11194
717.86371,-351.46954,586.073
718.75995,-354.39743,583.6517299999999
720.55585,-356.71872,580.43768
722.35632,-359.52292,575.9406700000001
723.5278900000001,-360.15283,571.6586900000001
724.63672,-360.49703999999997,566.6055299999999
725.30804,-360.6922,560.87775
724.54211,-360.56073,554.8250099999999
724.3768299999999,-360.13,548.3482700000001
723.07281,-359.31271,540.8028
721.6309200000001,-358.3266,533.01605
719.97375,-356.86456,524.36572
717.75684,-356.22751,514.99115
714.58459,-355.40689,505.25307999999995
710.24695,-355.21994,494.66327
703.88501,-352.51987,483.4306
699.0059200000001,-348.56671,471.67532
695.8654799999999,-344.77377,461.40767999999997
692.66522,-340.62479,453.28867
688.03986,-334.8808,445.87427
681.89716,-328.11859,438.05352999999997
675.01355,-323.18655,430.8819
668.84985,-321.67328,427.01965
661.64734,-321.38617,426.89337
655.5614,-323.34769,427.64480999999995
651.66254,-326.74982,429.15134000000006
651.66003,-331.50442999999996,430.5939
655.83191,-337.47327,432.85855
661.37915,-342.91943,436.11194000000006
667.60834,-346.914,440.17798
674.00031,-350.12665,445.56845
680.14935,-352.03745,451.64542
684.5954,-354.50003,458.25189000000006
687.93854,-356.68967000000004,466.52365
691.88708,-359.59103,475.26645
695.92487,-362.97546,483.7168
699.71075,-365.91971,492.3309
702.88959,-369.10312000000005,500.53217
706.38501,-372.15252999999996,508.5675
708.26398,-375.01099,516.9917
709.50403,-376.47211,525.21313
711.83411,-379.64078,532.17218
713.82782,-382.24102999999997,538.70276
716.72662,-385.06503,544.68353
718.7764900000001,-387.45462000000003,550.125
719.83533,-388.8334,554.07147
720.28912,-389.96027000000004,558.78381
719.17737,-391.28854,562.42395
719.22675,-391.85236000000003,565.6731599999999
717.3115799999999,-392.57785,567.45691
716.50415,-395.17163,567.86407
714.97601,-397.55817,567.40955
713.2605599999999,-399.01599,566.2041
712.85992,-401.0408,564.6828
711.8212900000001,-402.81127999999995,562.6093099999999
712.7026400000001,-404.94088999999997,559.90137
713.39325,-406.89044,556.14728
714.4655799999999,-409.09244,551.54901
715.90936,-411.39032000000003,546.48041
718.03754,-414.22452000000004,540.74243
720.8215299999999,-416.01135,533.66046
723.69543,-419.22586,526.04626
727.06989,-422.2869,517.8869
729.93854,-425.6492,508.94872999999995
735.49585,-429.52643,499.70554000000004
738.7746599999999,-433.53882000000004,489.76822000000004
745.29901,-436.18740999999994,478.89716
750.5643299999999,-439.06622000000004,467.54272000000003
754.8457599999999,-441.60553,457.22891
754.8972200000001,-444.48508,447.15387000000004
751.38885,-446.4256,437.61785999999995
741.48108,-448.87075999999996,430.07802999999996
726.97296,-450.3717,425.99521
709.6444700000001,-453.54857999999996,423.76547
690.45013,-457.56942999999995,421.92096
667.53754,-462.28612999999996,422.26962000000003
644.10315,-467.55231,425.46127
621.49658,-473.56145999999995,432.03390999999993
601.08881,-480.46313,442.11365
582.96893,-486.76940999999994,454.51904
566.24188,-492.6778,469.21762
550.22906,-497.52847,485.39052999999996
533.9707,-503.0217,503.57925
518.3692,-507.95325,523.6478900000001
503.66742,-513.10016,545.53687
489.84990999999997,-518.28253,568.5808099999999
477.0079,-523.06891,593.16724
465.379,-527.79718,617.31329
455.62515,-531.70642,640.9564799999999
446.39468,-535.59326,664.39288
438.53225999999995,-538.9741799999999,687.45026
431.51089,-542.79614,709.63904
425.22900000000004,-545.4080799999999,731.7031900000001
420.40308,-547.9066799999999,752.7348
416.82333,-549.7203400000001,772.97772
413.31396,-551.1039400000001,791.4970099999999
411.32538,-552.62268,808.15625
409.09337999999997,-554.216,823.1254299999999
406.88535,-555.8272099999999,836.27997
404.78314,-557.3588900000001,848.29071
403.59778,-558.4776,859.75806
401.20257999999995,-560.07056,869.7150300000001
399.0018,-561.62848,879.1101699999999
396.54214,-563.19019,887.85828
392.14587,-564.37305,896.63239
388.96616,-565.27856,905.1012599999999
385.0358,-565.97363,914.0084800000001
380.98257,-566.5537099999999,922.35602
376.37036,-567.39539,930.18854
371.93732,-567.36084,938.2788699999999
366.69028,-567.13269,946.0056199999999
361.0322,-566.55402,953.79718
355.92581,-566.1095,961.57739
350.72437,-565.88348,969.05652
346.12018,-565.75671,976.26593
342.27017,-565.29449,983.26239
337.94061,-565.1131,989.2592199999999
336.36874,-563.6651,995.13666
334.0206,-561.98901,999.1265900000001
332.27225,-559.1893299999999,1001.52942
329.97266,-556.4940799999999,1001.03094
327.94934,-553.36395,997.95905
326.77099999999996,-550.09308,992.00104
325.07397000000003,-547.5011,985.52094
323.96701,-545.21228,978.1470300000001
322.66739,-542.01367,969.3575400000001
321.67276,-539.83545,961.2196
319.80682,-537.2395,951.96149
319.22244,-535.77917,942.1663800000001
316.70151,-534.03912,930.7973
314.81903,-532.10284,919.8692599999999
313.12531,-528.40656,908.24817
311.96255,-525.1116900000001,897.45801
310.14603,-520.74109,886.59827
309.61838,-516.80621,875.6455699999999
309.0994,-512.19873,865.3861099999999
308.72058,-507.66922,855.83429
308.26732999999996,-503.98633,845.8720099999999
309.0614,-497.85265999999996,835.62079
310.46332,-492.60175,825.2325400000001
312.91492,-486.69,815.0487099999999
314.55179,-480.8913,805.25226
318.39166,-473.3645,795.33972
321.91582999999997,-466.4053,785.65039
324.12915,-459.72128,776.23816
328.30981,-451.43527,765.0346099999999
333.64529,-443.13235,752.94012
339.16901,-433.77383,741.35242
344.65021,-424.30755999999997,729.5627400000001
350.62296000000003,-414.99445,718.17175
356.40063,-405.34283,706.60236
362.52322000000004,-395.67688,694.77197
368.2507,-385.21759,683.12231
374.28152,-374.86282,671.12695
381.03671,-364.23642,658.32013
387.62811,-353.79831,645.90454
395.51822000000004,-343.18756,632.76257
403.1181,-332.64169,619.5649400000001
410.07431,-322.32358,606.84204
417.51662999999996,-311.74492999999995,593.33588
424.88962000000004,-300.68079,580.23828
432.35155999999995,-290.21777000000003,566.72766
440.34164000000004,-278.7955,553.02863
447.64455999999996,-267.7413,539.4354900000001
456.03045999999995,-256.91684,525.30939
463.86136,-246.3721,510.29517000000004
473.01703,-237.23302,495.52078
482.62323,-228.69919,480.24789000000004
491.54125999999997,-221.25087000000002,466.44170999999994
498.63583,-212.74582,454.74521
503.10339000000005,-203.07957,447.55734
503.68088,-192.63483,445.03107
504.06460999999996,-182.9816,441.97925
501.04239,-174.82494,440.58682000000005
497.85470999999995,-169.68773000000002,441.57885999999996
493.97757,-166.92387,444.30588
489.87399000000005,-166.58057,448.82495
487.28270999999995,-169.4332,452.7789
485.45595999999995,-174.50208,458.19460999999995
484.84009000000003,-181.37846000000002,464.59665
484.45398,-188.83638,471.11652000000004
483.91083,-196.08687,478.26563
483.56170999999995,-201.66971999999998,485.85208
481.51412999999997,-205.72806,493.13409
479.9621,-208.72688,501.03314000000006
478.58148,-210.31187000000003,508.02274000000006
476.92609000000004,-212.52867,515.32867
475.44263,-214.27745,522.70032
475.14444000000003,-215.99854,528.59137
473.86453,-217.40822000000003,534.77667
473.20383,-217.49416000000002,539.81836
472.41943,-216.64197000000001,544.0463900000001
470.57599000000005,-214.14874,548.3754299999999
469.4816,-210.32637000000003,550.9967
467.62,-205.31833,553.72266
465.5509,-199.87511,555.3764
464.20059000000003,-194.37659,556.03162
463.08673,-188.13914,556.66553
462.78945999999996,-183.51787,556.21863
462.84655999999995,-179.74483,555.4613
462.61545,-175.72839,553.63464
462.4295,-172.75891000000001,551.6261599999999
462.16254000000004,-170.04279,548.49738
462.35349,-167.85001,544.22815
461.95615,-166.35352,540.26465
461.52094000000005,-164.69685,534.82782
461.21472,-163.2124,528.81812
460.24344,-162.26848,522.565
458.76232999999996,-161.84714,515.44952
457.89465,-161.51633,507.17245
456.75445999999994,-161.78826999999998,498.8642
455.81931,-161.34711000000001,488.75558
455.1459,-160.59294,479.22805999999997
454.28687,-160.7944,469.84335
452.33267,-161.71123,461.11618
450.94417999999996,-163.45143000000002,452.8996
449.98868,-165.70618000000002,447.14187999999996
450.6922,-167.80938999999998,444.90362999999996
451.17624000000006,-170.66468999999998,444.04467999999997
451.94254000000006,-173.50482,443.71552
452.8363,-176.19775,444.52966
453.14041,-177.80318,447.40109
453.05829000000006,-178.83231999999998,452.48587000000003
451.9133,-181.49448999999998,458.58797999999996
449.5708,-184.21243,465.97348
446.21286,-188.91521,473.82632
442.50684,-193.87656,481.85468
438.37112,-198.8864,491.29263
433.98425,-203.26143000000002,500.6788
429.92154000000005,-207.68166000000002,510.08797999999996
424.93607000000003,-211.1768,518.9257200000001
420.47665,-214.14733999999999,527.18878
415.89545,-217.54001,534.44672
412.14624,-219.73236,541.49829
409.86957,-220.9644,547.39362
407.99335,-221.06526000000002,552.72003
407.74234,-218.59079,557.0192900000001
407.2449,-214.87697999999997,561.11945
407.8616,-210.97394,564.07117
407.29465,-206.50932,566.19458
407.85645,-202.93176,567.74158
407.89333999999997,-200.23421000000002,569.51782
407.78958,-197.62723,570.5192900000001
407.01617000000005,-195.91043,571.56354
407.16284,-193.91661000000002,571.77405
407.70309,-193.12729,570.8283700000001
408.17413,-192.51697,570.1652799999999
408.16891,-192.08038,568.6586900000001
408.52698,-192.09752,566.1784700000001
409.61746,-191.75932,562.24677
409.67093,-191.72266000000002,558.7708700000001
410.8031,-191.38033000000001,553.4281599999999
411.29913,-191.29369,547.87982
411.12546000000003,-190.82001,541.57666
410.82953,-191.36516,534.36469
410.41199,-191.7482,526.54822
410.6561,-192.5988,517.24231
409.91187,-193.78377,508.28738
409.71932999999996,-195.81125,498.35443
408.9502,-197.14438,487.62518
409.97406,-197.9109,477.06793
412.54123,-198.62299,466.25490999999994
413.52576,-199.31224,457.30147999999997
416.82169,-201.24937,449.53415
419.349,-202.34118999999998,444.49872
424.98145,-205.45856,439.53925
429.7999,-205.96692,437.06064000000003
435.10818,-205.50118999999998,435.64929000000006
440.76614000000006,-203.01721,436.80844
447.9006,-199.31513999999999,439.65117999999995
454.88889000000006,-194.27962,444.14499000000006
462.24712999999997,-188.43181,449.33804000000003
468.65448,-181.61012,456.46924
473.73752,-175.38312,463.40396
477.51199,-169.58835,471.15905999999995
481.38602000000003,-163.67834,479.66058
483.45435,-157.70096,488.7041
485.68954,-153.18181,497.42987
488.04031,-149.68985,505.13425
490.85782,-147.28229,512.1601
494.86495999999994,-146.09705,518.05261
499.19922,-145.41731000000001,523.06458
503.79837000000003,-145.13278,527.74823
508.45969,-142.90816999999998,532.02747
511.64633,-142.55992,535.77332
515.40234,-142.7236,538.3739
519.1709,-142.46483,540.09546
522.7439,-142.34277,541.74432
525.99359,-142.26225,542.7601900000001
529.76923,-142.71246000000002,542.72235
533.0463900000001,-142.69127,542.53076
535.83612,-143.13991000000001,541.48999
538.81952,-143.32646,539.31854
542.90851,-143.29979,536.87769
546.3645,-143.18958999999998,534.05115
550.63531,-143.13921000000002,530.0094
554.33301,-143.67893999999998,525.44818
558.37781,-144.07904,520.18805
564.56445,-142.33491999999998,516.0369900000001
574.40131,-138.11258,511.47781
585.34656,-134.47188,506.20779000000005
594.26416,-133.35515,499.5585
596.66522,-132.42446999999999,491.60995
593.14716,-130.04677,483.69962000000004
589.94257,-128.31529,475.42319000000003
588.78363,-127.00085,468.63527999999997
588.82275,-125.2739,464.22497999999996
590.10565,-124.44122,461.85375999999997
590.1411099999999,-124.13456000000001,461.84689000000003
588.12946,-125.42445,463.37253
582.80481,-126.93602,466.94867
576.2467,-128.60818,470.30087000000003
568.74591,-129.97275,474.50455
561.25812,-132.15883,479.1463
553.31213,-134.81865,484.41112999999996
544.2265,-137.71901,490.41265999999996
534.98114,-141.27435,496.75119000000007
525.15118,-145.26819,502.96685999999994
516.05426,-149.76495,508.81757000000005
505.91147,-154.49648,514.50446
496.77050999999994,-159.49466,519.18329
489.14190999999994,-164.29144,522.80389
482.60373,-167.30356,526.91345
478.82602,-168.17905,531.30017
477.26752,-167.3642,534.89868
476.29007,-166.57147,537.56476
475.48828,-165.96454,538.46698
474.50195,-166.00554,538.8333700000001
471.25223,-166.21761999999998,538.13385
467.61868,-168.01821999999999,537.04108
463.86422999999996,-170.08595,535.1757200000001
458.99010999999996,-172.3718,532.86719
455.08362,-174.55286999999998,529.29944
451.84747000000004,-177.82497,525.40198
449.29019000000005,-180.99472,521.13586
445.39737,-184.65083,516.25433
441.92841,-188.50073,510.71732000000003
436.91070999999994,-192.38304,504.66977
431.95047,-196.02501999999998,497.46664000000004
425.65497,-201.12837,490.14221
418.09002999999996,-206.16782,482.67107999999996
410.13129,-211.26203999999998,475.39127
403.09134,-217.64892999999998,467.08480999999995
397.28162000000003,-219.92428999999998,460.48294000000004
395.43246,-221.58582,455.54427999999996
396.86502,-222.21556,453.23107999999996
398.04703,-222.67708,452.47335999999996
399.10645,-222.28049,451.41187
401.45148,-220.22089,451.18814000000003
406.43039,-217.08142,452.02991
414.1459,-212.12184,453.96844000000004
423.24880999999993,-205.78966,456.31412
434.33135999999996,-198.37215,458.87607
446.77924,-190.01556000000002,462.3446
460.4895,-179.9082,465.93582000000004
474.91864000000004,-169.9106,470.23633
488.19522,-159.93313999999998,474.80008
500.38718,-150.96478000000002,479.73584000000005
511.60037,-142.50858,484.89685
521.62372,-135.05737,490.31201
530.43213,-128.67639,495.87305
538.00385,-124.02915,501.46274000000005
543.94287,-120.7504,506.79953
549.93237,-119.72351,510.62732
555.51752,-119.43404,513.87134
559.98456,-119.35633,515.98853
565.56714,-119.08899,515.93597
570.07239,-119.2337,515.28265
575.51837,-119.67133000000001,514.16968
580.12433,-119.48342,512.0094
584.9787,-119.27346999999999,509.08127
590.8322099999999,-116.52366,504.99866
600.4168099999999,-113.51968000000001,501.83221
612.18628,-112.83356,498.35900999999996
618.7810099999999,-111.87248000000001,496.15020999999996
619.79443,-110.87476000000001,493.16672
616.2076400000001,-109.50776,487.90427
609.7040400000001,-109.25216999999999,481.88140999999996
601.15228,-109.74928,475.22020999999995
593.94556,-112.40376,472.5076
587.77515,-116.19315,474.36023
582.73761,-120.11608000000001,479.11199999999997
575.77136,-123.78905,485.15475
567.1379400000001,-128.30135,490.78839000000005
556.7842400000001,-133.88905,496.90094000000005
545.15546,-139.90585,502.71082
530.7575099999999,-144.46703,508.95084
517.68744,-150.5475,513.20313
504.64165999999994,-157.14218,516.4741799999999
492.07428,-163.80258,519.33643
480.8277,-170.26819,522.34045
472.03200999999996,-175.72415,525.44238
465.42224000000004,-179.82379,528.50128
460.25534000000005,-183.58608999999998,530.9732700000001
455.52480999999995,-187.61754,532.3042
450.73767000000004,-191.64465,531.9841299999999
445.75420999999994,-195.96892,530.63843
440.81577000000004,-200.17799,528.82452
434.36510999999996,-205.50197,525.79761
427.72864000000004,-212.06183,522.77844
420.31964000000005,-219.172,518.8327
413.27817000000005,-226.35822000000002,514.1254299999999
406.34047999999996,-233.95001000000002,509.07602
399.90259,-242.61937000000003,503.20987
393.56872999999996,-249.81772999999998,497.01999000000006
384.88074,-258.43491,490.77417
375.80478,-267.01236,484.63794
365.12268,-276.28488,478.19802999999996
353.10922,-286.78833,471.77097000000003
340.00555,-296.66806,465.94974
328.00388,-307.32684,461.12729
320.66406,-315.78278,457.80823
319.38336,-319.46066,456.99384000000003
320.93271,-320.62357000000003,456.03702000000004
323.17801000000003,-321.71002000000004,454.42139000000003
324.27817000000005,-321.55472000000003,452.50192000000004
324.14557,-320.86865,452.7251
324.1712,-318.87057000000004,454.70734000000004
324.31635,-316.34717,457.73385999999994
325.90366,-312.49442,461.80219000000005
328.67963,-308.81909,465.99602999999996
332.14587,-304.17786,470.75299
336.86234,-298.15594,475.09558
342.34982,-293.0,480.11859000000004
348.33167000000003,-286.05905,484.73517000000004
356.63721,-278.5058,488.93231
364.90479,-271.05862,492.89059000000003
374.89706,-263.89551,495.56583
383.90948,-255.95517999999998,499.16152999999997
393.37183,-249.33527999999998,502.47623
402.29565,-242.36945,505.36087000000003
411.44095,-236.18919,507.87050999999997
420.53503,-230.3956,511.20471
429.51624000000004,-225.43133999999998,513.83868
437.05911,-221.06467,516.8630400000001
444.88718,-217.6546,519.13165
450.43192,-215.11307999999997,521.1295200000001
455.77829,-213.39342000000002,522.21344
460.81235,-212.05716,522.2468299999999
465.49672999999996,-211.11700000000002,521.61731
469.72045999999995,-210.14317000000003,520.3471099999999
473.51250999999996,-209.373,518.01428
477.48706,-208.60641,514.66931
481.64401,-208.66765,510.61120999999997
485.01105,-208.14741999999998,506.40225
488.82602,-208.07233,501.27374000000003
492.00739000000004,-207.05801,495.47461
497.31732,-204.08133999999998,489.05048
506.33187999999996,-200.85329,482.1601
515.2133200000001,-198.32961,475.34805
523.47223,-198.50273,468.63034000000005
526.5156900000001,-198.37985,461.74573
524.18805,-197.46414,455.43289000000004
520.45532,-199.70625,448.29922
515.65875,-202.68141,443.11569000000003
514.90405,-205.76211999999998,442.64135999999996
516.2302900000001,-206.33656000000002,446.58075
517.38055,-207.65622,452.44794
516.16864,-209.63158,458.0495
511.71378,-212.17694,464.1416
505.39487,-214.75444,470.97668
496.32297,-215.22246,479.99010999999996
489.70645,-216.98705,489.43960999999996
482.6752,-217.56476,498.99323
475.10470999999995,-219.4189,509.19247
467.96862999999996,-220.43752999999998,519.11401
459.87433,-221.9622,528.28949
452.46729000000005,-223.12932999999998,536.97888
445.49515,-225.6909,544.9549
439.38599000000005,-227.56537000000003,551.85999
436.10985999999997,-228.71095,557.79346
434.52557,-228.41714,563.56085
435.36185,-227.13875,568.02588
436.974,-225.27827000000002,572.43555
438.78085,-223.06203,576.44519
440.89883,-220.66551,579.24872
441.70285,-218.27902000000003,581.75189
443.2565,-215.84247000000002,583.1827400000001
444.34387000000004,-213.72157,584.0813
445.6366,-211.6767,584.3075
446.36285,-210.14912,583.86829
446.93282999999997,-208.23787,583.07843
447.22217,-206.91974,581.28113
448.53207000000003,-204.92816000000002,578.29535
449.73645,-203.76848,574.73828
449.38181,-203.02281000000002,570.43317
448.97020999999995,-202.48344,565.1401400000001
447.62240999999995,-202.86565,559.1582599999999
446.7717,-203.40184,551.36896
445.58319000000006,-204.44733,542.82379
443.10214,-206.5276,534.2475599999999
440.85599,-209.15427,523.5537099999999
437.14117000000005,-213.10681,512.86877
431.65179000000006,-217.94075,501.12085
424.24172999999996,-223.25557999999998,488.16367
415.93945,-229.38858,473.55209
406.1763,-236.72542,459.87530999999996
397.53867,-245.0726,446.69675
390.30374,-253.57735,436.0647
386.19768999999997,-260.68179,429.89205999999996
386.11136,-264.37546000000003,426.74091
387.13263,-266.89911,424.93555
389.3446,-269.52631,422.67596
391.21286000000003,-272.20029,420.55618
392.0365,-273.86731000000003,419.4848
390.43068999999997,-275.72244,421.03494000000006
388.28958,-276.88338999999996,424.60977
385.56525,-278.09201,429.41867
382.52371,-278.67712,436.15047999999996
379.276,-278.60675,443.66930999999994
377.05852999999996,-277.9856,450.79205
375.814,-276.30037999999996,458.08502000000004
374.59924,-273.77127,466.55518
375.34885,-270.5928,474.16052
376.66317999999995,-266.91385,481.58657999999997
378.19302000000005,-262.64905,489.08237
380.95776,-257.71713,495.96735
384.67917,-252.47101,502.20007000000004
389.41742,-246.8226,507.6521
394.11649,-241.59236,512.75806
400.19421,-235.58017,517.5407700000001
406.50079,-229.88273999999998,521.90881
413.69617,-225.05896,525.59271
420.94489000000004,-220.73857,528.55469
427.8851,-217.78972000000002,531.36743
435.89563,-215.38227999999998,533.71295
444.82394000000005,-213.43517000000003,534.97296
453.29047,-211.40259,535.4705799999999
461.97693,-209.76216000000002,535.27899
471.55328,-207.46469,534.50208
481.75726,-205.71976,532.95471
491.74010999999996,-203.16818,531.0260599999999
502.06964000000005,-199.58051,528.7490799999999
512.49628,-195.78285,525.3228799999999
522.4433,-191.92636000000002,521.52283
532.72504,-188.67226000000002,516.84503
542.41467,-185.2473,511.47037
552.56195,-181.27997,506.08447
561.0495599999999,-176.27603,501.03918
572.45142,-169.19738999999998,495.23206
583.9126,-163.53018,489.37402000000003
593.2918099999999,-159.87239,482.95602
599.12537,-156.96573999999998,475.336
600.74969,-156.29576,466.93427
600.73303,-155.99867,457.96722
600.7902799999999,-155.62538,450.13614
603.40881,-156.4953,442.91101
608.17041,-156.64468,437.0957
612.7973599999999,-157.19827,434.30457
614.51422,-157.17328,435.9278
613.271,-158.88486,440.03305
610.5849,-160.43205,444.43015
606.1259200000001,-161.75127,448.17554
600.39508,-164.64285,452.10290999999995
592.94574,-167.99213999999998,455.84857
584.3075,-172.08844,460.84039
575.12518,-176.84045,466.88275
566.8034700000001,-179.95842,474.94992
559.43927,-182.76102,482.99139
551.28925,-185.95387,491.01831
543.31256,-188.80937,499.26385
535.79309,-192.24701000000002,506.82250999999997
528.07843,-195.56646999999998,513.80756
520.53656,-199.1436,519.9777799999999
514.0531,-202.84694,525.3754299999999
508.14215,-206.37158,529.7280900000001
502.85085999999995,-209.49947,533.25037
498.55315999999993,-212.68828,536.68011
495.35349,-213.95038,540.1153
493.51175,-214.29577999999998,543.26599
491.84064000000006,-214.11261000000002,545.3743900000001
490.82178,-213.92455,546.1868900000001
488.52939000000003,-213.09441,545.9359099999999
486.67565999999994,-213.29616000000001,545.341
484.38574000000006,-212.97311000000002,543.97473
482.02370999999994,-212.77233999999999,542.59637
480.94568,-212.85146,540.23541
480.27338,-212.72145,537.39337
480.05475,-212.68646,533.84412
479.94982999999996,-211.94026000000002,529.1968400000001
479.85504000000003,-211.5815,523.77332
479.88077000000004,-210.55028,517.53436
480.09545999999995,-209.18918,510.67078
480.22916,-207.46944,503.13489000000004
480.68355999999994,-205.8493,494.94600999999994
481.19442999999995,-204.89117,485.68842
481.44797,-204.22295,476.07153
481.22475999999995,-204.33522,465.99609000000004
481.67239000000006,-204.91182,456.21402
484.59128,-204.78165,446.30283
487.44460999999995,-205.23807,437.70209000000006
491.67654000000005,-206.06723,430.21649
495.62102999999996,-207.4702,425.24304000000006
499.13297,-210.44838,423.59784
500.26639000000006,-212.42607,424.96547999999996
501.42337000000003,-212.93761,426.60413
501.84415,-211.85042,429.55487
500.4024,-209.50134,435.17203
498.79967999999997,-206.97623000000002,442.84747000000004
496.1123,-205.02969,450.88625999999994
493.29166,-203.28878999999998,459.92184000000003
490.53888,-200.95755,467.66247999999996
489.19226,-198.7659,475.91354
488.21435999999994,-196.9258,483.90924
488.75872999999996,-194.70296000000002,491.28695999999997
489.79758,-192.80023,498.45995999999997
492.0575,-191.75932,505.22055
495.84909000000005,-190.5294,510.03922
500.36965999999995,-188.91513,514.1265900000001
505.9614,-187.22977,518.23633
512.66846,-184.30698,521.4230299999999
518.51807,-182.85283,523.7687400000001
523.86591,-181.99636999999998,526.15607
529.9094200000001,-183.10011,527.1106
534.81232,-184.19861,527.6116900000001
540.0125099999999,-186.87305,527.06775
545.88269,-189.5425,525.65363
552.54791,-192.77747,523.25421
559.133,-195.90067,520.9576400000001
566.72906,-198.44081,518.36401
574.3638900000001,-198.74763000000002,515.83246
581.05902,-199.21623,512.46954
587.3349,-199.17911,507.51077000000004
593.70251,-196.66814,502.95070999999996
602.01666,-193.18375,498.58374000000003
610.77643,-190.01726000000002,493.49231
615.3913,-189.24826000000002,488.37857
612.3028,-189.06027,482.62265
603.59412,-190.13338000000002,477.15615999999994
593.9343299999999,-191.87851,472.61365
584.9563,-192.89026,471.15988
579.16632,-193.42807,472.08466
573.81055,-192.12675,475.86847
568.49615,-191.78438,481.46353
562.6877400000001,-192.56493,488.67532
554.15802,-195.97281999999998,496.05258
544.02576,-201.32289,503.83374000000003
532.7067900000001,-207.08992,510.16309
521.3631,-212.93874,515.6293900000001
511.18112,-219.18806,519.8258099999999
503.63379000000003,-224.21007999999998,522.62598
498.10303,-228.24634,524.80438
493.24664,-230.30467000000002,526.97858
486.73297,-232.16872,529.5414400000001
481.23273,-233.95535,531.45789
475.02630999999997,-236.03455,532.24738
470.40637000000004,-237.99239,531.30682
465.30307,-239.47598,530.01318
460.29623,-240.57806000000002,527.64893
455.31560999999994,-241.42337,524.5730599999999
449.71942,-243.53381000000002,521.64954
444.42828,-245.46813999999998,517.55652
437.61127,-247.39774,513.5278900000001
431.48846,-250.95747000000003,507.73135
426.17075,-253.96247999999997,501.10483
420.36575,-257.9212,494.35522000000003
414.65891,-262.04315,486.88834
408.69882,-267.20602,479.68942000000004
402.50427,-273.40738,471.77112
396.28311,-280.0629,464.27008
392.65612999999996,-285.3725,457.49512000000004
392.93231000000003,-288.22003,451.70718
397.60168,-288.327,447.80032
401.57657,-288.23627,445.46948
404.97008999999997,-289.23511,444.18515
406.07565,-291.40985,443.81805
404.59033,-293.96396,444.45779000000005
400.75653,-294.50784,446.66217
399.04501,-292.90421000000003,450.53452000000004
398.74484,-289.3876,456.69949
399.79327,-285.92337000000003,462.71902
400.49447999999995,-282.03693,469.26907
402.10474,-278.2673,475.31167999999997
404.80927,-273.55725,482.06995
408.18759,-269.01456,488.58932000000004
412.47919,-263.69208,495.02087
419.4158,-257.50476000000003,499.8714
426.8212,-250.21025,503.77283
436.13097999999997,-242.6321,507.74451
445.04250999999994,-235.22357000000002,511.90225
454.6218,-227.86719,515.3598599999999
463.99585,-221.61838999999998,518.98651
473.27646,-215.32495,522.14063
481.95703,-210.60844,525.76007
492.40878,-206.04363999999998,527.42969
500.99197000000004,-202.9939,529.94812
508.92690999999996,-200.38579,531.40637
516.38104,-199.68114,532.42389
521.7467,-199.43835,532.6247599999999
526.7027,-200.9534,532.0009200000001
531.91638,-202.81978,530.14563
536.98999,-205.39445,527.005
541.55286,-208.15334,524.02557
547.77136,-211.68784,519.78027
551.6842,-213.73292999999998,516.29462
557.3308099999999,-215.9426,511.7962
563.95227,-218.46857999999997,505.72717
570.32233,-220.0963,500.25839
578.0318599999999,-218.2429,494.24185
589.72968,-216.7829,487.18097
602.00488,-216.71638,478.8541
613.02539,-217.36465,469.06674000000004
619.03394,-217.25732000000002,460.69748
617.39703,-214.91245,451.97464
612.24475,-210.6767,443.06293
607.6870700000001,-207.84415,434.39221
608.5967400000001,-208.90843,429.69555999999994
617.9404900000001,-209.43742,429.15265
632.36993,-207.8815,431.6102
647.52405,-205.23481999999998,434.59418
661.9574,-199.77194,437.0452
675.1621700000001,-192.84951999999998,440.84573
689.77454,-183.21778999999998,446.69875999999994
705.67883,-172.91232,456.2117
721.5994900000001,-161.22404,468.98385999999994
736.4223,-150.18831,482.98071
749.56573,-138.04372,498.60312000000005
760.77734,-127.07991000000001,515.06818
770.9612400000001,-115.73921000000001,533.67108
780.5874,-106.27493999999999,553.0414400000001
791.38885,-95.98444,573.8570599999999
801.43408,-86.79304,594.2077
812.37628,-77.43319,615.1737099999999
823.43439,-68.29271999999999,636.9458
833.46619,-59.39321999999999,660.5878299999999
841.8145800000001,-50.83509,683.52783
850.50305,-42.76205,706.58191
856.50262,-34.76101,729.3747599999999
862.7782599999999,-27.1563,751.1741900000001
867.51349,-19.817520000000002,772.6437400000001
871.1732199999999,-13.31536,792.41449
873.0640900000001,-6.80288,811.9119900000001
875.60876,-1.7139900000000001,828.90613
876.82849,3.90714,844.7274199999999
877.27155,8.77781,859.30719
877.33203,13.29129,871.9617300000001
877.45703,16.960179999999998,883.0200199999999
878.3425300000001,21.36188,894.0532199999999
878.52264,25.22948,903.81354
879.6062599999999,29.045009999999998,913.0426
880.65851,32.8492,921.4235800000001
881.6564300000001,37.1476,929.1165800000001
884.0808699999999,41.20747,936.37219
886.08234,45.65612,943.17834
886.5649400000001,50.18884,950.2182
888.24365,53.95723,956.5343
890.64911,57.622130000000006,962.8480199999999
893.16571,60.437459999999994,969.05005
896.8515,61.83785,974.0772099999999
901.09827,62.99765,979.35272
904.5125099999999,63.81244,984.13245
908.47974,63.61275,988.98505
911.7869900000001,63.41178000000001,994.70203
915.12769,62.878809999999994,999.8607199999999
916.2130699999999,62.17958,1003.64819
916.8950800000001,60.41798000000001,1004.86914
917.45276,58.86982,1002.07635
917.56604,57.53346,997.3362400000001
919.42944,56.22291,990.6427
920.2230199999999,55.72285,982.8081699999999
921.50226,55.32978000000001,974.3261699999999
921.3924,55.8824,965.50256
921.7443800000001,56.82153,956.07782
922.00818,57.20381999999999,946.1951300000001
922.65619,58.64751,935.4906599999999
923.15906,59.10309,924.4426300000001
924.64905,58.50121,912.59424
925.7924800000001,57.53091,900.3643199999999
926.6995800000001,55.6122,888.37317
927.6048,54.423840000000006,877.30249
928.26959,51.96046,866.10565
928.0277699999999,50.03613,855.68945
927.95557,47.04831,845.45844
927.0532800000001,43.21763,835.90698
925.6724199999999,39.11708,825.48083
922.6676,34.73413,816.09723
920.63574,30.3814,806.74487
917.70374,25.656760000000002,798.16772
914.66797,19.865289999999998,789.14148
911.22125,14.68666,780.5686599999999
907.74554,8.85106,771.73584
904.0546300000001,2.71883,762.91949
900.99261,-4.22372,753.53662
896.74609,-10.56598,743.7737400000001
892.95197,-18.05079,733.19153
888.29797,-25.00346,723.55145
884.9887699999999,-32.66587,712.6105299999999
880.5272199999999,-40.24432,701.60565
874.81976,-47.868109999999994,689.91418
869.6818199999999,-54.868469999999995,677.35742
863.65308,-62.35978000000001,664.78174
856.60333,-70.53963,651.46582
849.4480599999999,-78.0591,637.91998
841.7262599999999,-85.85003,624.0567
833.82349,-93.75514,610.0600599999999
825.14502,-101.36941999999999,596.02771
816.57147,-108.76404,581.9314
807.4035,-116.28483999999999,567.53705
798.63062,-123.8019,553.16571
789.2193,-130.97305,538.30151
781.20575,-138.45937,522.73639
771.6594200000001,-146.60968,507.67620999999997
761.97156,-154.5157,491.89697
751.80176,-160.49973,477.14203
743.94019,-166.20013,463.58925999999997
740.55402,-171.65312,454.76874000000004
744.73853,-176.21391,451.88242
751.20282,-180.55792,451.25607
757.92468,-184.23353999999998,449.21567000000005
762.33386,-187.28493,446.52847
764.1535,-189.40492,444.96982
763.9305400000001,-191.71164,444.37850999999995
761.45966,-192.1747,447.30341
757.94037,-192.12514,452.077
754.55701,-191.15573,457.75915999999995
749.49377,-189.74039,463.2272
744.71771,-187.96945,469.48596
740.05627,-185.78041000000002,475.83154
734.8779900000001,-183.36421,483.5553
730.90619,-180.89049,491.25226
726.72223,-178.30046000000002,499.17905
723.09955,-175.81256000000002,506.79602
719.03235,-174.19952,514.31036
715.5929,-172.55518999999998,521.80304
712.34509,-172.19952,529.06519
708.07965,-170.76328,536.20355
706.47369,-171.48418999999998,541.85736
706.06812,-172.36723,546.8272099999999
706.3872700000001,-173.56104,550.89655
709.78827,-175.7012,554.04205
714.09375,-175.86467,557.5177
718.1148099999999,-176.39362,559.73474
720.5075099999999,-175.36921999999998,562.33673
724.6231700000001,-177.32693,562.5445599999999
726.65503,-177.21935,562.86761
728.32349,-176.62781,562.86334
729.84973,-176.11716,562.0206900000001
732.30695,-176.99937,560.01465
733.61688,-176.61913,557.70917
735.44055,-176.69266000000002,554.79333
736.47473,-175.90378,551.60736
736.25104,-175.71837,547.24847
737.86938,-175.94579,542.24713
739.13269,-175.85237,536.4406700000001
739.31012,-175.44109,530.29095
739.47253,-173.63857,523.2916299999999
739.60089,-173.30472,515.98248
740.91949,-172.91968,507.2706
744.06055,-171.35585,499.15590999999995
748.2042799999999,-171.04518000000002,489.29453
753.50372,-171.39995,479.22687
755.83136,-170.64133999999999,470.15692
758.10114,-170.37462,461.73235999999997
759.88702,-169.57413,453.99495999999994
762.03021,-170.3638,447.44772
762.80743,-171.77553999999998,443.77783
763.31146,-173.09938,443.92819000000003
763.05157,-174.46511999999998,445.55759000000006
762.83875,-176.07106000000002,446.86072
761.86267,-178.03238000000002,448.51794
758.71545,-180.3297,452.24924000000004
753.3344099999999,-181.48792,459.2215
745.78058,-183.2104,466.87987999999996
736.28748,-184.81208999999998,476.17599
727.01532,-187.23134,484.48694000000006
717.10541,-190.54559,492.42812999999995
707.84845,-194.78063999999998,499.89514
698.7547599999999,-200.00444,507.00333
691.01306,-205.41817,513.63892
683.8795200000001,-210.53058,520.38715
677.6769400000001,-215.6476,526.57935
671.76233,-219.82216,532.83569
666.97107,-223.15363,537.6828
662.91748,-226.12784,542.41357
660.1721200000001,-228.17748999999998,545.67487
658.10522,-230.64392,547.16669
657.64996,-232.31406,548.06427
656.3525400000001,-234.6785,548.1447099999999
655.21326,-236.31487,548.57776
654.41748,-238.96523,547.9450099999999
653.17078,-241.06007000000002,547.06641
652.58643,-243.13897999999998,545.53113
652.95892,-245.76689,542.94922
653.7105700000001,-248.34837000000002,539.48999
654.20538,-250.43317000000002,535.9502
654.4354900000001,-253.81436000000002,532.29675
654.1579,-256.62387,526.9682
653.53436,-259.2605,521.0618900000001
652.90393,-262.59668,514.29968
652.04022,-265.78912,507.03652999999997
650.63428,-268.97745,499.12793
648.44519,-272.87439,490.01196
644.22522,-276.93953999999997,481.0094
639.0867900000001,-282.0246,471.82030999999995
633.29132,-286.61649,462.01077000000004
628.73499,-292.44138,452.60434000000004
625.90802,-295.96587999999997,446.1196
625.2291299999999,-298.91754,444.14426
624.6582,-301.13693,443.78146
623.28027,-302.82788,443.17633
622.90253,-306.16638,441.51074000000006
622.11578,-309.11655,441.54974000000004
621.82593,-309.556,445.02932999999996
621.44617,-308.59451,449.98107999999996
621.7077,-306.44012000000004,454.70831
620.73663,-303.6463,460.32394000000005
620.09875,-300.15536000000003,466.22192
620.83478,-296.3425,473.53873
621.4068,-291.2085,480.98654000000005
624.18512,-286.73107999999996,487.90722999999997
628.67285,-281.43155,494.10632000000004
633.3469200000001,-275.6297,500.5914
638.7326,-269.5332,506.04282
644.51263,-264.71747,510.99948
651.2746,-259.74142,515.7742900000001
656.7019700000001,-255.06041000000002,520.34735
663.4132099999999,-251.32448,523.84241
668.89282,-247.48904,527.89404
675.05853,-244.3421,530.7502400000001
680.88959,-243.22617000000002,533.11853
685.40955,-241.73362999999998,535.0394299999999
688.3819,-241.29724,536.4328
690.3822,-240.40576000000001,537.02478
692.2092299999999,-240.33507999999998,536.63898
695.07758,-239.78748,535.6972
696.77252,-239.15872000000002,534.74042
698.54114,-238.52222999999998,533.57056
701.07452,-236.74947999999998,531.78638
703.4834,-235.13512999999998,528.2334599999999
706.26129,-233.49268999999998,524.72577
708.9483,-231.83812999999998,520.65167
711.70715,-228.86707,516.24023
714.5863,-226.44177000000002,511.48792000000003
719.078,-222.86836,505.38735999999994
725.8145099999999,-217.84824,499.49374000000006
737.78516,-214.64338999999998,492.62865999999997
748.28546,-211.93732000000003,485.64133
755.13892,-210.23956,478.61995999999994
757.37366,-207.84508,472.04195999999996
757.03265,-205.82098,464.83234000000004
754.33972,-204.21118,459.21759000000003
753.1684,-204.50664,456.6311
754.99432,-206.96339,456.59314000000006
755.01428,-208.82523999999998,458.69608
754.08459,-210.71523,461.03380999999996
751.56775,-213.2056,464.14367999999996
746.81989,-216.1685,467.8439
740.54218,-218.61311,471.98767000000004
732.7608,-220.79063,477.4707
724.56622,-222.47234,484.1073
715.35559,-223.70882999999998,490.46207000000004
706.08673,-225.03552000000002,496.93380999999994
695.27667,-225.84457,503.50729
685.14996,-227.48906000000002,509.68435999999997
675.43829,-229.5558,515.17108
666.1745,-232.32181,520.49829
657.94757,-234.4734,525.05157
650.9704,-237.00816,529.26007
646.05621,-238.55377000000001,533.4397
643.75775,-239.50028999999998,536.5658
643.49512,-239.1799,539.42627
644.43341,-238.45647000000002,540.99567
644.80029,-237.6886,540.34137
644.64441,-236.96793,539.8938
643.27899,-236.49587999999997,538.36041
642.14368,-236.99372999999997,537.13605
641.42664,-237.61574,535.05377
640.41418,-238.34685,532.86633
640.32013,-239.75101,529.2179
641.13348,-240.6369,524.79926
641.12097,-241.92781000000002,520.24744
641.36627,-243.35159,514.26483
641.06384,-244.24486000000002,507.44965
640.08069,-245.71974,500.75333
639.0133099999999,-246.94115,492.33550999999994
637.26672,-248.37625,483.6059
634.39185,-250.26379,474.75
630.68488,-252.01979,466.19489000000004
628.5402799999999,-254.66292,456.29782
626.1893299999999,-256.73041,447.65427
626.33002,-259.78372,439.74091
626.43182,-262.82315,434.49625
627.08325,-264.86511,431.78595
625.65887,-265.41019,431.02450999999996
623.76025,-267.72643999999997,430.50943
623.82294,-269.61877000000004,431.14124000000004
623.2171,-268.14896,435.36597
624.38147,-267.5076,440.76912999999996
624.28693,-265.67819,446.77579000000003
624.5618900000001,-262.38135,453.19930999999997
624.81268,-259.45797999999996,461.04898
625.7879,-255.8875,469.67569000000003
627.58325,-252.23592999999997,478.32570999999996
629.2428,-248.12118999999998,486.71179000000006
632.4054,-244.08229,494.9249
635.04382,-239.79622999999998,503.28842000000003
638.89386,-236.32329,510.58487
642.5094,-232.24287,517.29291
646.85968,-229.5065,522.85974
650.3855,-226.83206,528.64941
654.3667,-225.24716,532.85956
659.03229,-223.64764,536.24207
663.10919,-222.79262000000003,539.7594
667.15692,-222.7001,542.42737
670.12622,-223.37784,544.86078
672.83099,-224.26591000000002,545.9429299999999
674.4605700000001,-225.19312000000002,546.49042
675.9327400000001,-226.75117000000003,546.21191
677.52045,-228.45036000000002,545.24823
679.88312,-229.98917000000003,544.88489
682.18195,-231.06812999999997,543.18042
685.98438,-232.79965,540.78894
688.7619599999999,-233.14825,537.57599
690.7103900000001,-233.84502,534.2049
694.36298,-233.73917999999998,530.5294200000001
697.72473,-233.22597000000002,526.0656700000001
701.3680400000001,-233.07785,520.99951
705.21973,-232.11388,515.06512
709.58673,-230.51398999999998,508.7345
716.81421,-228.13702,502.47015
726.62646,-225.8969,495.55080999999996
737.7755099999999,-224.68082,486.87009000000006
747.38239,-222.91327,478.00836
751.82513,-220.43117999999998,470.41364000000004
753.53931,-217.34537000000003,462.27367999999996
754.33661,-214.54178,454.43399000000005
753.61639,-213.27018999999999,447.76074000000006
754.3855,-214.05093,444.19861
755.94678,-215.34239,444.08725
758.46704,-218.26362999999998,446.21682999999996
760.26093,-219.38435,448.02859000000007
761.13837,-219.6075,451.90527000000003
758.80969,-220.25387999999998,455.49825999999996
753.4942599999999,-220.87532000000002,462.37012000000004
747.62195,-221.78748,469.39392000000004
740.12891,-222.39452000000003,478.04477
732.21271,-222.89937,486.75323
724.8380099999999,-223.18477000000001,495.71191
718.0989999999999,-224.0336,504.21939000000003
710.5194700000001,-225.04402000000002,512.2824099999999
703.99744,-226.14572,519.90991
696.9408,-227.50363,527.08978
689.32178,-228.64456,533.82471
682.64783,-229.68074,539.25928
675.65021,-230.4855,544.70026
671.12964,-230.45097,549.6109
668.3568700000001,-230.18778999999998,553.81427
666.44043,-230.17441000000002,557.33514
666.35883,-229.54552999999999,559.83875
666.6517299999999,-230.84541000000002,560.40863
667.3278799999999,-232.08182999999997,560.06873
667.1076,-233.40675,560.2666
666.56714,-234.93835,559.7830799999999
666.16327,-235.07755,558.59839
665.97748,-235.53181,557.4812599999999
666.50684,-235.5517,555.1239
667.81555,-235.66631,551.66083
669.18005,-236.07757999999998,547.97064
670.8815900000001,-236.22667,543.70905
672.00055,-236.51591000000002,538.41827
673.20593,-237.6331,532.65234
674.69415,-238.25624,526.29083
675.6401400000001,-238.28502000000003,518.81665
676.284,-237.95686,511.01735999999994
677.19617,-238.44006000000002,501.99352999999996
678.0374099999999,-239.6508,492.11264000000006
678.44348,-240.5975,481.89114000000006
678.45575,-241.50856000000002,471.5769
678.58569,-242.76305,462.32055999999994
678.9830900000001,-244.37907,453.6319
679.51624,-246.05392,445.61523
679.61084,-247.7899,438.17467999999997
679.3702400000001,-250.18962000000002,433.63574000000006
679.5177,-252.91991000000002,431.6004
680.6895099999999,-255.08158999999998,431.25543
681.08881,-257.6358,432.24594
682.0967400000001,-259.69388,433.83272999999997
682.28046,-261.83594,437.88192999999995
680.8908700000001,-262.0834,444.36554
677.81116,-261.65767999999997,451.46609000000007
673.17603,-259.60107,459.25299
668.75293,-257.53848,467.30475
663.2293099999999,-255.3931,475.99133
658.3281900000001,-252.27344,485.58148
653.72528,-249.53298999999998,494.17517000000004
649.14941,-247.1129,503.46823
644.98004,-244.66061000000002,512.35303
640.98737,-242.77196,520.7182
637.25214,-240.91772000000003,528.38037
633.41571,-239.4828,535.10547
630.11792,-238.9296,540.0445599999999
626.94281,-237.84183,544.72144
624.21661,-237.81577000000001,548.0813
623.99731,-237.74341,551.02423
624.22437,-237.88701,553.6926900000001
625.6019299999999,-238.14401,556.24365
627.2121,-237.98958,557.61395
628.44849,-238.0802,557.87231
630.33655,-238.50529,557.01941
632.18512,-237.92928999999998,556.34772
632.2694700000001,-237.83022000000003,555.55518
632.31177,-237.89546,553.93683
631.90265,-238.2267,551.36554
630.89288,-239.01746,548.50287
630.4132099999999,-239.72031,544.62122
630.24878,-240.96842999999998,540.11023
630.53345,-242.22302000000002,534.6868900000001
630.89697,-243.29086,529.10498
631.49237,-244.14567999999997,522.79138
632.8028,-244.85532999999998,515.35455
634.1566799999999,-244.41055,507.87088
636.78271,-243.98051,499.2052
640.1662,-244.25377000000003,489.75057999999996
643.68701,-245.10791,480.1312
645.61353,-245.81056,470.86752
646.02802,-246.55057000000002,462.83688
646.01721,-247.27614,455.78267999999997
645.62494,-248.39377000000002,450.31067
645.5517,-250.09616,446.46786
646.55841,-253.18655,445.50530999999995
647.6666299999999,-255.39812,446.58844000000005
650.23645,-256.92496,448.68295
652.64532,-256.56143,450.97128
654.24969,-255.66532999999998,455.77896
656.26215,-253.75945,461.43277
657.52118,-251.42217999999997,468.05521
659.00684,-248.57512000000003,474.97860999999995
660.3286099999999,-245.40274,482.64322000000004
660.8095099999999,-242.80673,489.47235
661.74677,-240.1496,496.77047999999996
661.90863,-237.49292000000003,503.72488
661.7052,-235.38497999999998,510.18487999999996
660.0892299999999,-234.12254,516.01086
658.8883099999999,-233.16582000000002,520.70868
656.70166,-232.96062999999998,524.15363
655.20911,-233.56467,526.62891
653.22339,-234.54632999999998,528.18292
652.12848,-236.11131,529.75128
650.18988,-238.1179,530.4353
649.18805,-238.55892999999998,530.62872
647.64819,-240.24635,530.03058
645.67529,-241.53505,528.16766
644.0883200000001,-242.87032999999997,525.53839
642.0296,-244.82016000000002,522.29138
640.90338,-246.78656,518.85724
639.30334,-248.60349,514.82965
638.0812400000001,-249.4693,510.67841
637.70313,-250.68717999999998,505.31555
638.7117900000001,-250.24986,500.11166
640.9746700000001,-250.01382,494.61069000000003
643.22217,-250.36369,488.4491
643.9856,-251.11287000000002,481.34365999999994
642.89142,-251.64844,474.46567000000005
640.04211,-252.35535,467.97952000000004
636.99219,-252.97177000000002,461.15175999999997
634.70898,-253.91222000000002,455.57693
636.0627400000001,-255.91591,451.00726
641.54486,-257.73825,448.43521
649.16132,-259.51122999999995,448.64367999999996
656.99023,-260.46396,450.18892999999997
664.05969,-260.54242,452.10526
668.62305,-259.28713999999997,453.7312
671.2193599999999,-257.15143,454.54233
670.71613,-255.11501,454.85717999999997
666.53473,-252.68105,455.04382000000004
661.17175,-251.00342999999998,456.50369000000006
654.6254299999999,-251.20493,459.10834000000006
647.63257,-252.72949,462.66953
641.61932,-254.47369,466.66891
636.09027,-257.14462000000003,470.02297999999996
631.00385,-259.12633999999997,472.80355999999995
626.3747599999999,-259.59967,475.81872999999996
622.4327400000001,-260.08862,478.03403
617.49451,-259.93887,480.88140999999996
613.0849,-259.46826,483.35895
608.81537,-259.2789,485.15015
604.40833,-259.64645,486.39117000000005
600.69659,-259.75476000000003,486.80682
597.72687,-260.24399,487.52685999999994
594.68378,-259.99579,487.12064000000004
593.05829,-260.10846000000004,486.6882
590.4469,-260.47156,486.12560999999994
589.38721,-260.92151,484.69131
587.67188,-261.2468,483.13257000000004
586.98303,-260.71979,481.17841
585.22095,-261.72446,478.31003
584.07568,-261.3298,475.03531
582.1345200000001,-261.61981000000003,471.23892
