X4,Y4,Z4
698.5604900000001,122.79372,1437.25513
694.51605,126.0694,1436.22046
692.26697,128.2374,1435.60681
690.25708,129.95058,1435.11926
687.96027,132.52968,1434.5863
686.1991,134.41398999999998,1433.87634
684.18616,136.40403999999998,1433.13025
682.21637,138.69279,1432.62903
680.0758099999999,140.8045,1431.9375
678.28253,142.97574,1431.46802
676.28448,145.2018,1430.74207
674.85297,147.74097,1430.2567099999999
672.84357,150.20071000000002,1429.9552
671.26337,152.39536,1429.11072
669.57172,155.16613999999998,1428.4851099999998
667.91193,157.50968999999998,1427.63147
666.77386,160.22799999999998,1426.8574199999998
665.7923,162.17369,1426.31091
664.60217,164.54247,1425.49072
662.86914,166.82397,1425.04431
661.50073,168.88846,1424.54199
660.4422,170.93825,1423.6286599999999
658.91016,173.26089,1423.27698
657.77844,175.43985,1422.99426
656.38641,177.09785,1422.51819
655.55402,178.89676,1421.81665
654.64417,180.95802,1421.33533
653.00568,183.1893,1420.6991
652.33765,184.51054,1420.24792
651.0481599999999,186.43225,1419.9074699999999
650.12433,188.2276,1419.24744
648.8147,189.55993999999998,1418.47327
647.83612,191.38338000000002,1417.78931
647.22589,192.76831,1417.2981
646.42041,194.48665,1416.33484
644.8313,196.20276,1415.7041
643.51117,197.79448,1414.7673300000001
642.70422,199.18900000000002,1413.96216
642.19019,200.52534,1413.0502900000001
640.79401,201.97093,1411.89966
639.31964,203.48753,1411.27991
638.24609,204.58,1410.54041
637.16473,205.75493,1409.5877699999999
635.4151,206.959,1408.40552
634.32916,207.7869,1407.48767
632.67462,208.82394,1406.7673300000001
630.9844400000001,209.62236000000001,1405.85608
629.62012,210.4167,1404.8220199999998
628.00146,211.23889,1404.2495099999999
626.11328,211.93408,1403.59094
624.70251,212.4106,1403.02551
623.40839,212.87866,1402.3717
621.53925,213.53856000000002,1401.79248
620.46387,213.61971,1401.30054
618.67786,214.43622000000002,1400.74243
617.3504,214.67046000000002,1400.46033
615.8938,215.0504,1400.05737
614.91998,215.05463999999998,1399.77283
613.46515,215.20665,1399.61169
612.21582,215.32057000000003,1399.29846
610.00525,215.63242000000002,1399.18616
609.06476,215.80192999999997,1398.84375
608.29254,215.57996,1398.77979
606.9975,215.65254,1398.6272
605.67828,215.42967000000002,1398.38745
604.9137,215.28087999999997,1398.02954
603.9762,215.43765,1398.22266
602.72968,215.01987999999997,1398.01965
602.21295,215.28307,1398.1807900000001
601.13312,215.06239,1398.07971
600.63257,214.4325,1397.95605
599.95111,213.84264,1398.05139
599.53894,213.40291000000002,1398.10266
598.96765,213.15176,1398.10132
598.15674,212.42581,1398.06079
597.94025,211.87875,1398.06958
597.56854,211.16617000000002,1398.03223
597.40485,210.35109,1398.11389
597.1361099999999,209.30292,1398.03918
596.71704,208.59708999999998,1398.0488300000002
596.39301,208.11213999999998,1397.98938
596.8399,207.11067,1397.8197
596.71411,206.17171000000002,1397.7915
596.16187,204.96745,1397.83521
596.5045200000001,204.21776,1398.22461
597.06525,203.06529,1398.30139
596.5993,201.86824,1398.27271
597.6401400000001,200.4026,1398.70605
597.03992,199.11209,1398.7934599999999
597.7346200000001,198.28575,1398.8474099999999
598.20642,196.82791,1399.32581
598.63306,195.40833,1399.4845
599.0649400000001,194.00714,1399.71777
599.45294,192.47263999999998,1399.65845
599.68146,190.98508999999999,1400.0629900000001
600.2355299999999,189.50048999999999,1400.29175
600.48334,188.04099,1400.24548
600.6411099999999,186.21715,1400.62158
601.0258200000001,184.26324,1400.43054
602.0278900000001,182.70061,1400.6709
602.9635,180.39098,1400.3264199999999
602.61896,178.66983000000002,1400.7437699999998
603.54395,176.50423999999998,1400.3429
603.87128,174.36874,1400.2451199999998
603.98779,172.31609,1399.91199
604.64386,170.25723,1399.90466
604.62793,167.8985,1399.84595
605.2398099999999,165.62317,1399.2478
605.5423,163.21108999999998,1398.78101
605.4476900000001,160.51883,1398.53271
606.68616,158.29164,1398.33948
606.95459,155.50085,1397.9198
606.73523,153.06342,1397.58557
607.27728,150.9487,1397.33179
608.03265,148.29201,1397.24414
608.2706900000001,145.72186000000002,1397.15234
608.70551,143.10738,1396.90759
608.6218299999999,140.78736999999998,1396.80127
609.39697,137.95496,1397.07446
609.66473,135.31456,1396.89209
610.4669200000001,132.60884,1396.91675
610.5589,130.22212,1397.19104
611.01843,128.07147,1397.5372300000001
611.53949,125.0382,1397.91016
613.16223,123.07574,1398.66199
613.8667,120.57191,1399.13574
615.32648,117.92648,1399.9851099999998
616.03778,115.70352,1400.62305
617.24292,112.67836000000001,1401.10376
618.6893299999999,110.5478,1402.09656
620.1769400000001,108.08136,1402.48645
621.5883200000001,105.74207,1403.07751
623.3931299999999,103.08140999999999,1403.2381599999999
625.26581,100.45173,1403.32605
626.5282599999999,98.10937,1403.52368
628.68286,96.03671,1403.4252900000001
630.25604,93.46569000000001,1403.2663599999998
631.41864,91.69502,1402.9555699999999
633.6142,88.96079,1402.42749
635.09668,87.11873,1401.8101800000002
636.56921,84.82563,1400.8233599999999
638.85785,82.53818000000001,1399.63416
640.57294,80.36092,1398.16956
641.97144,78.24803,1396.96179
643.53839,76.53137,1395.5601800000002
645.21973,74.67843,1394.4411599999999
646.8278799999999,72.48671999999999,1393.47314
648.2038,70.88728,1392.9050300000001
649.4731400000001,69.3565,1392.71619
651.1293900000001,67.48534000000001,1392.85193
653.11469,65.63156,1393.55847
653.86456,64.20988,1394.5636
655.57587,62.2988,1396.02197
656.87305,60.94554,1397.49084
657.53223,59.66961,1399.32678
659.55011,57.7998,1401.18323
661.06738,56.586690000000004,1403.21912
662.50549,55.34531,1405.39124
663.85455,54.05405,1407.42957
665.22815,53.12817,1409.18994
667.18964,51.809940000000005,1410.97449
668.53387,50.646370000000005,1412.46313
670.25085,49.66861,1413.86438
671.81976,48.96264,1415.17957
673.54187,47.96287,1416.35059
675.48993,47.24055,1417.4788800000001
677.49005,46.212579999999996,1418.49646
679.19482,45.62614,1419.49609
681.42358,44.49003,1420.06445
682.9522099999999,43.61288,1420.69849
684.77209,43.30854,1421.47852
686.04486,42.64754,1421.6201199999998
688.06598,41.64405,1422.2146
688.78271,41.4835,1422.27258
690.32568,40.611290000000004,1422.82043
691.28192,39.48475,1422.6213400000001
692.33173,39.0671,1422.3497300000001
693.27264,38.711490000000005,1422.40076
694.47479,38.08076,1422.1027800000002
695.17493,37.66388,1421.75842
696.0955799999999,37.184490000000004,1421.42163
696.71661,36.84883,1421.47583
697.31354,36.41982,1421.42627
697.94489,35.88494,1421.50525
699.1228,34.88345,1421.9469
699.49872,34.24635,1422.3851300000001
699.86194,33.595009999999995,1423.09094
700.4801,33.38736,1424.16016
700.95831,33.10983,1425.0499300000001
701.47198,32.64782,1426.2961400000002
701.86914,32.43999,1427.25159
702.7565900000001,31.434620000000002,1428.39185
703.42957,30.792920000000002,1429.3999
703.0292400000001,30.344309999999997,1430.3432599999999
703.7977900000001,29.68497,1431.20947
703.71667,29.145220000000002,1431.7567099999999
703.7633099999999,28.693509999999996,1432.13232
703.71704,28.387179999999997,1432.3499800000002
703.4704,27.905209999999997,1432.1063199999999
703.33661,27.41862,1431.26563
703.59241,27.027829999999998,1430.34045
704.1189,26.657390000000003,1429.16345
704.87787,26.0577,1427.92993
705.3783,25.7265,1426.61096
705.68854,25.72083,1425.1770000000001
706.46747,25.45952,1424.1190199999999
706.69745,25.29363,1422.953
707.12567,25.13606,1421.84058
707.2792400000001,24.81861,1421.24646
707.70966,24.58288,1420.59216
707.7973,24.70355,1420.17444
707.69812,24.50763,1419.82605
707.9508099999999,24.44671,1419.7354699999999
708.00275,24.329520000000002,1419.9188199999999
708.30273,24.28942,1420.0741
708.76984,24.39882,1420.6958
709.33514,24.43431,1421.44958
709.98663,24.37526,1422.39624
710.4116799999999,24.77731,1423.4397
710.5414400000001,25.25892,1424.62024
711.29547,25.44878,1426.3546099999999
711.8194599999999,25.87731,1427.5499300000001
712.0684200000001,26.245309999999996,1429.25757
712.16388,26.61942,1430.96936
712.2661099999999,27.09212,1432.34814
712.79138,27.28683,1433.84705
713.1538099999999,27.59351,1435.5557900000001
713.2694700000001,27.973709999999997,1436.8298300000001
713.09375,28.502570000000002,1437.76624
713.55304,29.06798,1438.91797
713.55652,29.1392,1439.22729
713.7392,29.66242,1439.60876
713.95422,29.887079999999997,1439.54175
714.6301900000001,30.50327,1439.0502900000001
715.1578400000001,31.0652,1438.32214
715.84583,31.48558,1437.0022
716.0799,32.2075,1435.5413800000001
717.15863,32.99374,1433.39282
717.43573,33.79831,1430.68896
718.63989,34.43295,1427.83582
719.33911,34.865840000000006,1424.29663
720.02625,35.69451,1420.0238
720.68903,36.18325,1415.3243400000001
722.2533599999999,36.891740000000006,1410.2168
722.88983,37.59426,1404.8071300000001
724.1745,38.996109999999994,1399.45276
725.4483,39.89991,1393.46704
727.15991,41.18887,1387.59033
728.6236,41.789590000000004,1381.83521
730.44562,42.32458,1376.3627900000001
732.935,42.66382,1371.3673099999999
733.45532,43.48502,1367.3569300000001
734.85016,44.2787,1363.95349
735.76703,45.80507,1361.7907699999998
737.22974,46.76852,1360.33533
738.2843,47.89806,1360.92932
740.5288099999999,48.822790000000005,1362.68787
742.18524,49.88749,1365.65796
743.7977900000001,50.74577,1370.17859
745.95532,51.56072,1375.46313
747.64093,52.52628000000001,1382.0076900000001
749.7348599999999,53.282180000000004,1389.6615
752.13153,53.37888,1398.11401
753.6073,54.649919999999995,1407.9613
755.39563,55.07969,1417.70959
757.26141,55.24183000000001,1427.76514
758.94623,54.83619,1437.8659699999998
760.29889,55.334340000000005,1448.55139
761.34119,55.49646,1458.50574
763.00385,55.60703,1468.3360599999999
764.40912,55.389469999999996,1477.23621
766.36182,55.22793000000001,1486.30054
768.16205,54.70604,1493.91284
770.4807099999999,55.31129,1500.24719
772.27557,55.529030000000006,1505.88562
773.97375,55.99545,1510.42517
776.0769,56.07771999999999,1514.1615
778.92493,56.786730000000006,1516.9937699999998
780.46393,57.3591,1518.65271
781.31335,57.605019999999996,1519.48376
782.97015,58.144,1519.72449
782.88788,58.567730000000005,1518.79395
783.21271,59.09186999999999,1517.37085
783.59149,59.29676,1515.26929
783.66162,59.769859999999994,1512.2512199999999
783.11859,60.545919999999995,1509.10718
782.77661,60.51851,1505.0094
781.7706900000001,60.647690000000004,1500.27747
781.98376,61.042790000000004,1495.3336199999999
781.2377299999999,61.23561,1489.67212
781.0067700000001,61.568659999999994,1483.12085
779.9420200000001,61.97744,1475.6525900000001
778.6745,62.1697,1467.7572
777.86469,62.49145,1459.08264
776.73059,62.7485,1449.46985
775.50128,63.25816999999999,1439.10339
773.96027,63.70231999999999,1428.55786
771.82239,64.50234,1417.6004599999999
770.4166299999999,65.68843000000001,1406.94666
769.18878,67.77383,1397.7865
768.5844099999999,69.187,1389.53223
769.55249,69.76014,1385.12329
771.30994,70.49538000000001,1384.03186
774.4639900000001,70.60814,1382.7395
777.3158599999999,71.15392,1384.43555
779.66498,71.1991,1387.83899
781.58685,71.46861,1393.02136
784.54852,71.21405,1399.26917
787.62769,70.78712,1406.40344
790.5374099999999,70.52788000000001,1414.1148699999999
793.80408,70.31758,1421.94324
797.2130099999999,70.06844,1429.41064
800.90057,69.67143,1436.7722199999998
804.1182299999999,69.47841,1443.27319
807.37366,69.03495,1448.85522
810.8186599999999,68.98031,1453.50525
813.7818599999999,68.68998,1456.9423800000002
816.46722,69.29826,1458.66272
819.52997,69.79160999999999,1459.4682599999999
821.71796,71.04925,1458.79749
823.1487400000001,71.43611,1457.34485
824.13525,72.71361999999999,1455.06714
825.10388,73.9002,1452.11499
824.93628,75.17775,1449.1731
825.5777,76.05039000000001,1445.65637
825.4856,76.69581,1442.12781
825.28235,77.22608000000001,1438.16541
825.64166,77.3811,1433.98499
825.75568,77.39018,1429.2085
826.1827400000001,77.30745999999999,1423.9325
826.28229,77.52385,1418.35925
825.99994,77.90630999999999,1412.28284
826.2221099999999,78.44060999999999,1406.15491
826.48401,79.0463,1400.06262
827.26508,79.90623000000001,1394.0258800000001
828.03003,80.68590999999999,1389.65955
830.92413,79.97558000000001,1387.3241
833.44385,79.44709,1387.1425800000002
836.87677,78.70116999999999,1388.67578
840.0147099999999,78.02266999999999,1391.38318
843.33606,77.23138,1395.54749
846.6375699999999,76.39405,1401.09204
848.61188,75.54073000000001,1407.0349099999999
851.23108,74.58643000000001,1413.58923
853.8250699999999,73.4733,1420.2948
855.68945,72.4743,1426.71216
857.85962,71.02394,1432.51025
859.3714,69.87725999999999,1437.43726
860.48053,68.24184,1441.1567400000001
860.56079,67.33081,1443.3419199999998
860.9473300000001,66.7077,1444.2636699999998
860.1424599999999,66.8655,1443.39697
858.3394199999999,67.92707,1441.55664
856.27808,69.70849,1438.74866
853.88409,71.24772,1434.70325
851.52307,72.98731,1430.50562
848.22296,74.51303,1426.50256
845.02026,75.32143,1422.49658
843.3112199999999,75.71705,1418.44849
841.32574,75.20416,1414.29053
838.5329,75.06275,1410.08276
835.39392,74.7756,1404.84888
832.2262599999999,74.70354,1399.0675
828.95636,74.32905,1392.6925
824.58997,74.43826,1385.3944099999999
820.35907,74.95397,1377.8844
815.91083,75.78035,1370.34241
810.88031,77.00421999999999,1363.6237800000001
805.4917,77.41636,1358.8474099999999
801.53448,77.60018000000001,1357.98315
799.2056299999999,76.43854,1358.67041
795.4552,76.23858,1361.33459
791.46033,75.92399999999999,1365.22229
787.09424,75.55534,1371.01331
783.04211,74.95074,1377.8243400000001
777.70007,74.65264,1386.08325
772.9649,74.04557,1395.35803
767.31152,73.21892,1404.78931
762.0365,72.2191,1414.90369
755.48816,71.30332,1425.06531
749.32794,69.90182,1434.755
744.37866,67.65949,1443.63135
738.69659,65.68348,1451.5053699999999
734.2204,63.4656,1458.37183
730.47461,61.63077,1464.04626
726.37335,60.426730000000006,1467.91101
723.63202,59.19959,1470.68555
720.5306400000001,58.70129,1472.04395
718.09369,58.2227,1472.03833
714.99255,58.0439,1471.1687
712.61847,57.825,1469.32092
709.57745,57.552640000000004,1466.83435
706.08246,57.529509999999995,1463.93201
703.6601,57.01015,1460.94678
700.39838,56.03488,1457.07239
697.80359,55.00422,1453.15625
695.18262,53.95811,1449.13208
692.63635,52.71459,1444.29553
690.0953400000001,51.39203,1439.20459
687.3443,49.66482,1433.35815
684.84125,48.24525,1426.57178
681.98834,46.486509999999996,1418.80664
678.9372599999999,44.78572,1410.25024
676.12427,42.87984,1400.81946
673.54755,40.995540000000005,1390.52441
670.56268,39.385529999999996,1379.70325
667.03693,37.43396,1368.19568
663.1637599999999,35.53518,1356.96228
658.85114,33.13734,1345.5773900000002
654.12781,30.76472,1335.29175
650.4043,28.48521,1327.76404
647.81128,26.07752,1323.11523
643.2918099999999,23.01908,1321.4166300000002
638.90546,20.32538,1321.1032699999998
634.67053,17.12988,1323.10583
630.008,13.489410000000001,1327.39807
624.19952,10.04469,1333.3689
619.4903,6.26351,1340.7639199999999
614.59369,2.8782099999999997,1349.74854
610.22333,-0.6684899999999999,1359.1991
606.19983,-4.87801,1369.53137
602.2619,-8.324910000000001,1380.4946300000001
598.586,-12.01068,1391.54871
594.60681,-15.16339,1402.64563
591.60498,-19.02821,1413.70544
588.823,-22.730620000000002,1424.0603
585.9956099999999,-25.89882,1434.09106
583.53363,-29.304240000000004,1443.17896
581.0581099999999,-32.94047,1451.2083699999998
578.40631,-36.59618,1458.57532
575.63446,-40.05095,1465.02686
572.94214,-43.93323,1470.17139
569.44012,-47.665240000000004,1474.57056
565.4599599999999,-51.977470000000004,1477.55505
561.4859,-56.25872,1479.71802
557.18439,-60.73331999999999,1480.90771
552.52405,-65.11527,1481.39868
548.07385,-69.88318000000001,1481.1124300000001
544.34253,-74.43526999999999,1479.98438
540.33569,-79.12923,1478.41724
536.51086,-83.56009,1476.39868
533.6439799999999,-88.14742,1473.6731
530.81201,-92.73633000000001,1470.4635
527.61151,-97.10684,1466.82971
525.18353,-102.00899,1461.98755
522.02734,-106.54121,1456.91406
519.34979,-110.62478,1451.11609
516.82336,-115.4103,1443.85852
514.60779,-120.07788000000001,1436.06409
512.01544,-124.65942,1427.6178
509.24730999999997,-129.30727,1418.51697
506.16943,-133.69705,1408.86377
503.97885,-138.38622,1397.74829
500.61905,-142.98869,1386.3298300000001
497.19138,-148.2226,1374.48706
492.89795,-153.10822,1362.22217
488.87088,-158.43597,1348.55859
484.54214,-162.98456000000002,1335.80701
479.07626,-166.89796,1323.19531
474.28424,-170.78091,1311.3927
469.58099000000004,-174.25583,1301.77832
465.57144000000005,-176.6568,1296.18225
462.01797,-178.56236,1293.0752
457.74899000000005,-179.85291,1291.9729
453.70178,-179.49028,1292.77966
451.2019,-178.84431,1294.4729
447.63882,-177.1156,1298.26501
443.97757,-176.39352,1303.5289300000002
440.86905,-176.12541000000002,1310.5012199999999
436.91472999999996,-175.86865,1319.58667
433.52768,-175.95897,1330.27307
429.84592000000004,-176.63637,1342.24622
426.44107,-177.29855,1355.3877
423.80478,-177.61728,1369.1729699999999
420.99605999999994,-177.82281,1383.20984
418.68372,-178.1122,1397.32141
416.77185,-178.48328999999998,1411.62646
415.22562,-178.60076999999998,1425.66211
414.23453,-178.81393,1439.2313199999999
413.0423,-178.81245,1452.21777
412.5116,-178.83495,1464.25391
412.47537,-178.4519,1475.14917
412.72283999999996,-177.7234,1485.16687
413.17227,-176.79684,1493.9326199999998
413.9892,-175.59935,1500.96191
414.28656,-174.16162,1506.91895
414.8381,-173.26266,1511.73401
415.67786,-171.68811000000002,1515.65515
416.19647000000003,-170.45738,1518.9635
417.08951,-169.41577,1521.526
418.34848,-168.24788,1523.1467300000002
418.8407,-167.31572,1524.13599
419.78943,-166.73593,1524.8930699999999
420.59192,-166.14047,1524.82764
420.96494,-165.34476,1524.62695
421.26635999999996,-164.89655,1523.52673
422.10309000000007,-164.78833,1522.16772
422.0369,-164.5975,1520.03186
422.72549000000004,-164.45786,1517.35486
423.79580999999996,-164.41159,1513.52539
423.8573,-164.62299,1509.09387
424.17537999999996,-165.11276,1504.10522
424.78146,-165.54776,1498.10608
424.83935999999994,-166.09386999999998,1491.07214
425.15103,-166.75499,1483.50403
425.17624000000006,-167.65059,1475.1599099999999
424.72790999999995,-168.33678999999998,1466.4583699999998
424.52837999999997,-169.78069,1456.76465
424.77225,-171.1461,1446.76282
423.66641,-172.27303999999998,1436.55774
423.70789,-173.50183,1425.3606
423.58884000000006,-175.32988,1413.3817099999999
423.30634000000003,-177.14505,1401.0791
422.3183,-177.89935,1389.07361
422.20367000000005,-179.66707,1376.36523
421.35318,-181.08128,1363.9165
419.77274000000006,-181.87816999999998,1351.5548099999999
418.20557,-182.43713,1340.00012
417.46188,-182.77278,1329.57324
416.52371,-182.96021000000002,1320.74072
416.28937,-182.87665,1314.6201199999998
416.4874,-182.8588,1309.98596
415.72159,-182.47583,1306.93787
415.25824,-182.16902,1305.53406
414.80722000000003,-181.82347,1306.1059599999999
413.38681,-181.04214,1309.18188
412.64572000000004,-180.86234,1314.02539
411.50158999999996,-180.88113,1320.27783
409.96176,-180.95911,1328.3383800000001
407.8027,-180.45889,1338.04541
406.22342000000003,-180.5856,1348.34485
404.23306,-180.37115,1358.7254599999999
402.75223,-180.39098,1370.0186800000001
401.19217000000003,-180.34372,1381.07068
398.8999,-180.9341,1392.1458699999998
397.66882000000004,-181.19498000000002,1402.92749
396.03348,-181.19288999999998,1413.08826
394.51965,-181.33083,1422.63086
393.60977,-181.55571,1431.49255
392.74933,-182.05283,1438.98022
391.5285,-182.04663,1445.64917
389.83386,-181.88547,1450.95361
388.91736000000003,-182.11581,1455.16199
387.29022000000003,-182.29996,1457.66541
385.28488,-182.93333,1459.25684
383.19698999999997,-183.44847,1460.14795
380.88202,-184.32674,1459.82825
378.3223,-185.36534,1458.85913
375.90686,-187.05921999999998,1457.2097199999998
374.09497000000005,-188.60072,1454.85486
371.83716,-190.64906000000002,1452.29529
369.04004,-193.23056,1449.09094
366.97534,-195.49097,1445.56885
364.86575,-198.09132,1441.53577
362.80573,-200.55,1436.40564
361.17526000000004,-202.838,1430.79272
359.79434,-205.31331,1424.22302
358.89447,-207.61812,1416.59656
358.09085,-209.59944,1408.0139199999999
357.83948,-211.83397000000002,1398.6254900000001
357.10593,-214.10881,1388.1554
357.79672,-216.63231000000002,1376.86633
357.54465,-218.98236,1365.3701199999998
357.58813,-221.79308999999998,1353.75696
356.91809,-223.88558999999998,1343.63049
357.16245,-226.26695,1335.9469
357.02468999999996,-225.8614,1333.47034
358.03815,-225.97208999999998,1334.5457800000001
359.19257000000005,-225.14468,1337.83813
360.09561,-223.76357000000002,1344.00305
361.0517,-222.04772999999997,1352.72314
361.23969,-220.10011,1363.62439
362.24786,-219.08368,1375.40881
362.84442,-217.52202000000003,1387.84167
362.94257000000005,-216.43001,1400.94214
363.65598,-216.09507999999997,1414.4238300000002
364.60019,-215.66885,1427.15417
365.37567,-215.30019,1439.70776
366.25183,-214.9987,1451.76611
367.12088,-214.64052,1462.46497
367.99503,-214.29176,1472.24243
369.58499,-213.6346,1480.94006
370.50833,-213.06956,1488.24646
371.54266,-212.1935,1494.58215
371.62595,-211.64907999999997,1499.59485
371.46851000000004,-210.97452,1504.02563
371.54053,-210.69035,1507.05151
371.00323,-210.02826000000002,1509.78284
371.10626,-209.86962999999997,1511.55676
371.41101000000003,-208.91408,1512.72302
371.88013,-208.52541000000002,1513.2930900000001
372.34963999999997,-207.81878999999998,1513.20752
372.65677,-207.41167,1512.36145
373.07678,-206.96667,1511.05103
373.46924,-206.69748,1508.83069
374.2265,-206.48378,1506.20764
373.79857999999996,-206.45546000000002,1503.22461
374.12802,-206.66714,1499.09167
373.7085,-206.97887,1494.41028
373.40117999999995,-207.58513,1488.86292
372.98126,-207.86143,1482.4116199999999
372.3262,-207.90708999999998,1475.1815199999999
372.48639,-208.07446000000002,1467.0708
372.55338,-208.31837,1457.76526
372.47626,-208.17046000000002,1447.8442400000001
372.41422,-208.15114,1437.3613300000002
372.24188,-208.1526,1426.46631
372.58414,-207.85922,1415.67151
372.76013,-207.50879,1405.04236
372.78348,-207.19308,1394.7907699999998
372.52011,-206.84712,1386.0625
372.5303,-205.86021000000002,1380.04456
373.33704,-205.1721,1376.6159699999998
373.81824,-204.80026,1376.29822
375.12579,-203.74962,1378.70984
376.6647,-202.51103,1383.10571
377.70592999999997,-201.48783999999998,1389.48425
379.20279,-200.08966,1397.13647
381.51202,-198.38277,1406.3233599999999
383.87778,-196.95985,1416.4633800000001
386.56607,-195.74043,1426.75208
389.23941,-194.13222,1437.76379
392.12732,-192.74049,1448.55518
395.53845,-191.51733000000002,1458.9692400000001
399.55627000000004,-190.36569,1468.7722199999998
402.9136,-188.87485,1478.00891
407.05147999999997,-187.78491,1486.12073
410.5618,-186.21788,1493.18005
414.11388999999997,-184.79907,1498.62061
417.55568999999997,-183.3093,1503.3311800000001
420.12805,-181.95155,1505.91797
422.38070999999997,-180.71527,1507.68176
423.83980999999994,-179.84251,1508.5636
424.1633,-178.92713999999998,1508.26563
424.599,-178.49066000000002,1507.51794
424.82721,-178.81758,1506.24927
425.78842000000003,-178.9128,1504.96118
425.92852999999997,-179.08592,1503.39392
426.59225,-180.00926,1502.07593
427.31342,-180.55813999999998,1500.69751
427.96862999999996,-181.29356,1498.59412
428.92416,-182.51344,1496.07227
429.13696,-184.18048000000002,1492.65369
429.52450999999996,-185.16862,1488.68396
429.73303,-186.86371,1483.63074
429.79526,-188.36661999999998,1477.90698
429.82974,-189.67641,1470.8646199999998
429.72299000000004,-191.34172,1462.91858
429.74414,-192.53859,1453.97839
429.87445,-194.26768,1444.32422
429.73825,-195.91179,1433.82178
428.78165,-197.60056,1423.18396
428.23413,-199.71481,1412.25378
427.06615999999997,-201.87515,1401.6062
425.89508,-203.4921,1391.86401
425.60199000000006,-204.41949,1384.03821
426.88208,-204.30696,1379.1676
428.94046,-203.3492,1377.00256
430.8761,-202.10191,1376.1239
433.77533,-200.6161,1377.47131
436.43857,-198.73738,1380.6582
438.67163,-197.27556,1385.49536
440.84427,-195.8812,1391.68591
443.64462000000003,-194.48502,1398.68005
446.07104000000004,-193.3405,1406.34167
447.44247,-192.34718,1414.63562
449.41135,-191.2094,1422.97388
450.88953,-190.77728000000002,1431.03125
452.44500999999997,-190.28993,1438.72156
453.95966,-190.24501,1445.58618
455.4505,-189.70468,1451.05261
456.95535,-188.97227,1455.72705
458.70687999999996,-187.94615,1458.87476
459.66702000000004,-187.34158,1460.2703900000001
460.95412999999996,-186.21428,1460.31274
460.97101,-185.09218,1459.28918
460.99814000000003,-183.82492,1457.04895
460.69034000000005,-183.29021,1453.74438
460.19864,-182.11659,1450.58496
459.61435,-181.74973,1446.8197
459.24445,-181.28923,1442.9044199999998
458.8147,-180.93793,1439.1698
458.81287000000003,-180.01115,1435.1189
459.46005,-179.74586000000002,1430.45313
460.95485999999994,-179.49969,1424.98938
461.6424,-179.10487,1419.09058
463.02887000000004,-178.75943,1412.16626
463.62878,-178.55305,1404.6666300000002
464.79013,-178.03668000000002,1397.38647
465.23578,-177.85183999999998,1389.4074699999999
466.64838,-177.56802,1381.59277
467.53549000000004,-176.48038,1375.06384
468.75046,-175.39558,1370.8241
472.21494,-174.73259,1369.38879
474.93895999999995,-173.27493,1370.53442
476.72787,-172.39018000000002,1372.60266
478.62473,-171.75673,1376.21082
479.9277,-171.82565,1381.4538599999998
482.01169000000004,-172.16988,1387.93896
483.47003,-172.33398,1395.39526
484.29938,-172.84857,1403.92969
485.04254000000003,-173.88965,1412.78577
485.90402,-174.72138999999999,1422.07678
486.4455,-176.3775,1431.08899
486.97638,-177.83569,1440.07544
487.04666,-179.43166000000002,1448.66919
487.20737,-180.96358999999998,1456.39966
487.68277,-183.08514,1463.35022
487.85602,-184.63998,1468.90308
488.42416,-186.14252,1473.23352
488.79129000000006,-187.11505,1476.5888699999998
488.6358,-188.26314,1478.42053
488.09982,-189.08002,1479.1798099999999
487.25732,-189.61708000000002,1478.95667
487.3949,-190.07213000000002,1477.7938199999999
486.88372999999996,-190.51611,1475.86707
486.63974,-190.92105,1473.53809
487.41568,-191.46451000000002,1470.3988
487.74133,-191.63725,1467.41089
489.12814000000003,-192.76875,1463.02576
490.58383,-193.26715,1459.18481
492.3298,-193.85205,1454.10608
494.35458,-194.75038,1447.8690199999999
496.06692999999996,-194.5883,1441.36121
497.87625,-195.35803,1434.11035
500.64725,-195.49896,1426.08301
502.91515999999996,-195.82109,1416.93018
504.51995999999997,-195.9409,1407.66772
506.47677999999996,-196.52579,1397.1358599999999
507.88773,-196.9295,1386.6262199999999
509.02932999999996,-197.39101000000002,1375.75146
510.86995999999994,-197.47742,1365.51111
512.4377400000001,-197.03736999999998,1357.00415
514.61871,-196.68571,1351.43042
517.39764,-196.39056000000002,1348.7849099999999
520.47162,-195.933,1347.51416
522.8759200000001,-194.74875,1349.21667
525.82117,-194.53401000000002,1353.04395
528.68097,-193.67952,1358.3313
531.09149,-192.90785,1366.2345
534.05109,-192.66099999999997,1375.75208
536.57367,-192.11993,1386.40405
538.6596099999999,-191.55246,1397.92322
540.61426,-191.63551,1410.19885
542.40015,-191.09967,1423.16003
544.33331,-191.35318,1435.56055
545.77283,-191.2951,1447.98206
547.25781,-191.6425,1460.07996
548.48523,-191.39987,1471.52344
549.91797,-191.57835,1481.9298099999999
551.36499,-192.07564,1491.82861
552.96771,-192.15718,1500.8826900000001
554.50421,-192.40486,1508.89905
556.31787,-192.83965,1516.0542
557.56348,-192.78572,1522.31665
558.41107,-193.16936,1527.8930699999999
559.65906,-193.33286999999999,1532.29639
560.87573,-193.30257,1536.36194
561.29614,-193.27295,1539.2207
562.32294,-193.27454,1541.78088
562.80524,-193.06557,1543.66553
564.06085,-193.0208,1544.7562300000002
564.75122,-193.05973999999998,1545.2305900000001
565.58862,-193.26631,1545.2981
566.91309,-193.86256,1544.67883
567.82385,-194.49442,1543.64429
568.9038099999999,-195.1662,1541.64624
569.2049599999999,-196.78972,1538.9226099999998
570.70142,-198.62001,1535.4747300000001
571.50037,-200.06058000000002,1531.47937
571.78107,-201.79828,1526.75098
572.63098,-203.66362,1520.83069
572.60693,-205.89955,1514.48938
572.72815,-207.97858,1507.19104
573.3197,-210.04088,1499.52649
573.31921,-212.70755,1490.80933
573.2955900000001,-215.09746,1482.41675
573.80621,-218.00845,1474.04102
574.1823099999999,-220.95052,1465.96094
574.75214,-223.61829,1459.2409699999998
575.53357,-225.06212000000002,1454.82959
575.91058,-225.32411000000002,1453.005
576.53693,-224.78621,1452.37891
577.60992,-223.71756000000002,1453.4791300000002
579.62469,-222.56636,1455.60059
582.22302,-221.36766,1459.51978
584.12549,-220.40965,1464.9256599999999
585.45386,-218.64522000000002,1470.93787
586.87958,-216.75421,1477.05737
587.46777,-214.35777000000002,1483.83447
587.94952,-212.14717000000002,1490.49194
587.6156599999999,-209.91321000000002,1497.2124
586.83643,-207.47144,1503.46875
586.40234,-205.50346000000002,1509.3803699999999
586.17065,-203.12068,1514.2930900000001
585.3772,-200.67325,1518.3006599999999
585.8186,-198.94427,1521.4483599999999
586.05389,-196.86223,1522.97705
586.65057,-194.92815,1523.6326900000001
587.62891,-192.46813999999998,1523.1262199999999
588.1713900000001,-190.18536,1521.21399
589.5260599999999,-187.40691999999999,1518.81995
590.04126,-185.01505,1515.38672
590.4715,-182.13933,1510.80115
590.9848,-179.50395,1505.41101
590.88916,-176.90765,1499.3726800000002
590.26147,-174.54182,1492.07776
589.2842400000001,-172.65157,1483.9989
587.87189,-171.13501000000002,1475.13293
586.5437599999999,-170.54697,1465.33215
584.79822,-170.14983,1454.67041
583.1879299999999,-170.60396,1443.16016
582.57037,-171.70071000000002,1430.9729
580.6554,-172.67632,1419.22791
579.16766,-173.70557,1408.96948
577.6142,-174.71806,1398.93677
576.25293,-176.07813000000002,1389.69946
574.40948,-176.31607,1380.58643
573.3902,-176.43833999999998,1372.19775
574.15704,-177.12592,1365.8020000000001
574.81799,-176.84589,1362.35083
576.22974,-177.78609,1360.76477
577.28882,-178.26898,1362.19885
577.30975,-178.15717,1365.84387
577.65948,-178.08446999999998,1372.27478
577.7005,-178.03595,1380.3673099999999
577.66583,-177.95496,1390.29919
577.86938,-177.63506,1401.30396
576.40161,-177.5448,1413.22021
575.64825,-177.54453,1425.3917199999999
574.25226,-177.68202,1437.6958
572.34143,-177.0101,1450.25916
571.5105599999999,-177.69298,1461.68445
571.13647,-178.48793,1472.53577
569.82751,-178.62947,1482.89978
569.5730599999999,-179.19936,1492.85315
569.0863,-179.23003,1501.16016
568.73834,-179.55721,1508.58655
569.05273,-180.09441999999999,1515.19983
569.72882,-180.26361,1521.0726300000001
569.70398,-180.6145,1525.86792
569.82733,-180.80211,1530.33801
570.40125,-180.89928999999998,1533.9946300000001
570.69171,-181.1759,1537.2097199999998
571.4126,-181.70186999999999,1539.61755
572.1369,-182.71205,1541.2313199999999
574.3363,-184.03973,1541.87341
575.513,-186.07831000000002,1541.2717300000002
575.18475,-188.882,1541.81042
576.08508,-191.31606000000002,1539.68323
576.45135,-194.44558999999998,1536.98425
577.0471200000001,-197.59656999999999,1533.64246
578.03455,-200.23453999999998,1529.46094
576.85205,-203.76308999999998,1525.19556
577.42426,-207.29192,1519.1046099999999
578.00146,-210.04402000000002,1512.95642
578.5495599999999,-213.00043,1506.18005
578.79535,-216.26065,1499.37329
578.88599,-219.53885,1491.4610599999999
578.96643,-222.33995,1483.8949
579.69989,-225.4734,1475.42456
580.17511,-228.31775,1466.81702
580.2995599999999,-230.53107999999997,1460.67236
580.88147,-232.25682,1456.36975
581.02496,-232.22615,1454.5647
580.97485,-231.72249,1454.3491199999999
581.7701400000001,-230.91615,1455.97937
582.66974,-230.61437999999998,1459.25745
583.48828,-229.40453,1464.1254900000001
583.60156,-228.26327999999998,1470.1853
583.81787,-225.92896000000002,1477.0101300000001
584.84808,-223.5424,1484.53809
583.9696700000001,-221.16782,1491.9664300000002
582.72845,-218.3904,1499.59961
581.90283,-215.34344,1507.1156
580.20789,-212.36011000000002,1514.17346
578.38245,-209.57298,1520.61194
576.40314,-206.88891999999998,1526.36304
575.09613,-204.23308,1530.8023699999999
573.75275,-201.94427,1533.5720199999998
571.7442599999999,-199.96823,1535.86194
570.80969,-197.69005,1536.64392
569.39099,-195.64783,1535.73401
569.1406900000001,-192.55518999999998,1534.18994
568.94574,-189.17432,1531.5413800000001
567.7083700000001,-185.9135,1527.82166
566.50916,-182.74518,1522.96228
566.12354,-178.62787,1516.79846
564.03314,-175.77795,1510.39941
561.51837,-173.01231,1502.7518300000002
559.9221200000001,-170.22195,1494.98389
557.11572,-168.47307,1485.9211400000002
554.1500900000001,-167.61203,1476.9696
551.21735,-167.19601,1468.06665
548.0117799999999,-167.24553999999998,1458.3147
544.53833,-167.31371000000001,1448.18286
540.53827,-168.15425,1437.07349
536.77765,-168.8289,1425.24988
533.0589,-169.70983999999999,1413.00391
529.6700400000001,-170.72145,1401.22302
525.59625,-172.05161999999999,1390.14319
521.36517,-172.63183999999998,1380.62195
517.04846,-174.26163,1372.3088400000001
510.79269000000005,-176.20537,1365.4273699999999
506.19589,-177.81047,1360.83911
500.5311,-178.94391000000002,1358.7437699999998
495.36469000000005,-180.47246,1359.15247
489.48322,-182.57938000000001,1361.96179
482.50583,-184.89285,1367.05017
476.03918,-188.36354,1375.0918
468.80194000000006,-191.15944,1384.97375
461.89279000000005,-195.78488000000002,1396.31909
454.98742999999996,-200.36684,1408.5675
448.64856,-205.50191999999998,1421.97192
442.43262000000004,-210.7765,1435.11572
437.19879000000003,-216.3665,1447.87585
433.07845999999995,-221.11052999999998,1459.75269
429.06747,-226.10107000000002,1471.59229
426.22365999999994,-230.72574,1482.01172
423.65955,-235.20906000000002,1492.37952
422.23911,-239.65778999999998,1501.36694
419.78670999999997,-243.4982,1510.45313
418.75366,-247.25951,1518.40051
417.84783999999996,-250.45961,1525.65076
416.99142,-253.88634,1532.52832
417.52835,-256.38068,1538.15186
416.6705,-259.55362,1542.8634
415.79474,-262.52667,1547.23645
416.0369,-264.32724,1550.4364
417.25061,-265.68216,1552.61035
416.64569,-268.05414,1554.64111
417.66241,-269.41327,1555.0842300000002
418.71707000000004,-270.7601,1555.0661599999999
419.91644,-272.58333999999996,1554.52026
421.48715,-274.11127,1552.59094
423.81850999999995,-275.04584,1549.98157
425.27722,-277.31223,1546.51782
427.72970999999995,-278.58633,1542.53687
429.22968,-280.51691,1537.92053
432.27292,-281.52979,1532.25195
433.59982,-283.13672,1526.1803
436.05679000000003,-284.32806,1519.53406
438.4744,-285.41296,1512.73621
440.86362,-286.95867999999996,1504.91772
444.04214,-288.71414,1496.34619
447.25888,-290.22433,1487.18555
450.21755999999993,-291.9715,1477.49255
453.16885,-293.3111,1467.75635
455.93552,-294.85437,1458.18445
459.13995,-296.82486,1450.11609
460.78214,-297.63702,1444.30054
461.81964000000005,-298.52817000000005,1441.0022
461.68954,-299.11823,1439.5402800000002
461.82955999999996,-298.41544,1439.90161
462.22272000000004,-297.38653999999997,1441.69141
462.19888,-296.58914,1445.6001
461.84115999999995,-295.10677999999996,1451.44568
460.74942000000004,-293.60907000000003,1458.4235800000001
459.48636,-292.12917999999996,1466.3812300000002
458.2305,-291.10126,1474.73145
456.04684000000003,-290.54214,1483.79749
453.70963,-290.04227000000003,1492.80139
451.22574000000003,-289.60376,1501.81348
448.95508,-289.74292,1510.23828
445.80150999999995,-290.27066,1517.6652800000002
443.30585,-290.53314,1524.43164
440.2522,-291.01151,1529.74316
437.93222000000003,-291.70333999999997,1534.43311
434.69354000000004,-291.75272,1537.5502900000001
432.17899000000006,-291.76776,1539.58826
431.20078,-291.44534,1538.52991
428.86932,-290.8085,1536.4541
427.38574000000006,-290.18152000000003,1532.6394
425.58444000000003,-289.00667999999996,1529.0557900000001
423.1178,-288.52765,1524.96716
421.23177999999996,-288.13007000000005,1520.39905
419.98972000000003,-287.95407,1515.6127900000001
417.88943,-288.79446,1510.03162
417.54666000000003,-289.56314,1503.97693
417.45911,-291.17715,1497.0426
416.8826,-293.98073999999997,1489.1934800000001
416.93631,-296.12396,1480.38562
416.84836,-298.77083999999996,1470.7865
416.93118,-301.20197,1460.45044
417.35413,-304.51682,1449.43103
417.7662,-306.53387000000004,1438.31116
418.0979,-309.24472000000003,1426.85547
418.42831,-311.39092999999997,1415.79773
419.1236,-313.88354,1404.41492
420.06088,-315.87875,1393.5361300000002
419.94555999999994,-318.62302,1382.88489
421.10934000000003,-321.02047999999996,1373.4002699999999
421.89367999999996,-322.26712000000003,1365.08411
422.03415,-323.19846,1359.1124300000001
423.20648,-324.42206,1354.4408
423.16925,-325.38986,1353.07556
423.224,-326.77907999999996,1353.51526
423.85305999999997,-327.96277000000003,1356.1983599999999
423.98312000000004,-329.01687999999996,1361.1997099999999
423.70294,-329.47604,1367.82727
423.87933,-329.95538,1376.2874800000002
423.61217999999997,-331.06857,1386.2439
423.5575,-332.48239,1397.76404
423.10632000000004,-334.73605,1409.8252
423.19272,-336.88889,1422.4561800000001
423.82953,-339.35717999999997,1435.12341
424.04999000000004,-341.16589,1447.75891
424.77823,-343.42584,1459.2199699999999
425.70685,-344.41193,1470.18347
426.90012,-345.11887,1481.14514
428.40979000000004,-346.29587000000004,1490.2572
429.82885999999996,-346.57501,1498.85352
430.91418,-346.79105,1507.00977
431.18359000000004,-347.17542000000003,1513.86951
432.71637000000004,-346.76965,1519.57727
434.61508,-345.48364,1524.6046099999999
435.61777,-344.67212,1528.41931
436.56847999999997,-343.38428,1531.70728
437.3996,-342.42059,1534.19153
438.69052,-341.24707,1536.37561
440.02205999999995,-340.11676,1537.75757
441.73251,-339.25588999999997,1538.86658
444.15990999999997,-337.95833999999996,1539.2451199999998
446.46878,-337.37613,1538.44385
449.23535,-337.1348,1537.4243199999999
451.95157,-336.52747,1535.0949699999999
455.75049,-335.94781,1531.9476300000001
459.25060999999994,-335.0033,1527.80457
462.28134000000006,-334.91617,1522.74963
465.83057,-334.78792999999996,1517.1698
468.92132999999995,-334.44754,1511.1440400000001
472.56177,-334.02417,1504.35608
475.53560999999996,-332.95592999999997,1497.24927
479.13287,-332.95169,1489.63965
482.13662999999997,-332.52438,1481.3923300000001
485.56042,-331.65216000000004,1473.05005
489.05260999999996,-330.77667,1463.98889
492.30832000000004,-330.57825,1455.68994
495.04537999999997,-329.32382,1449.8654800000002
496.55597,-329.13257000000004,1445.79871
497.69030999999995,-328.41687,1444.4657
498.54099,-327.14105,1444.35217
498.61545,-325.40662000000003,1445.69617
499.71783,-324.04114,1448.8936800000001
500.39000999999996,-323.11359,1453.51538
500.15213,-322.1561,1459.34229
499.68917999999996,-321.62479,1466.41357
499.23706,-321.32318,1473.52661
498.57626,-321.60067999999995,1481.31226
497.75174000000004,-322.26507999999995,1488.98767
496.6557,-323.51917000000003,1497.20044
495.50684,-324.86316,1505.06885
493.84274000000005,-325.67191,1512.64563
492.12619000000007,-327.08344,1519.61511
490.69097999999997,-328.38031,1525.81775
489.71560999999997,-329.31821,1531.19727
488.31937,-330.53629,1535.53857
486.9418,-331.44318,1539.0275900000001
486.26285,-331.87317,1540.95166
485.3063,-332.12372,1541.42554
484.72385,-331.84888,1540.71265
482.65880999999996,-331.1875,1538.1141400000001
481.91472999999996,-330.70554,1533.97571
480.66287,-329.01328,1528.8768300000002
479.09628,-328.22351000000003,1523.3261699999998
477.38287,-327.40469,1517.02649
474.95205999999996,-327.0994,1510.54749
474.53595,-327.4249,1502.9873
473.75435999999996,-328.13065,1495.15552
474.33929000000006,-328.59164,1485.29431
476.09058,-329.52164,1474.31628
476.59073,-330.49619,1463.3641400000001
477.7562,-332.43723,1451.9434800000001
479.3042,-333.54648,1440.35242
481.01385,-334.5809,1428.08044
482.53909000000004,-336.0816,1415.6427
484.40872,-337.89389,1403.172
486.58365,-339.35152999999997,1390.87097
488.54019000000005,-339.97287,1379.6095
490.09012,-340.87207,1369.59351
491.19797,-341.92462,1360.79224
492.6301,-342.65427,1353.68347
494.12417999999997,-343.18814,1348.46655
494.41205,-343.42303,1345.7518300000002
495.3024,-343.56417999999996,1344.41833
496.03020999999995,-344.14203,1345.70911
497.04477,-344.57751,1349.97656
497.29779,-344.84201,1355.68945
498.36495999999994,-345.94754,1362.48975
499.2818,-346.8577,1370.5516400000001
501.07764000000003,-348.6492,1379.13293
502.39727999999997,-349.629,1388.47278
503.66875999999996,-351.82339,1397.78503
504.75872999999996,-353.64169,1407.9561800000001
506.9198,-356.46094,1417.39807
508.99792,-358.78258999999997,1427.38782
510.40515,-360.9238,1436.76099
512.87354,-363.69588999999996,1445.58765
514.41248,-365.95432,1454.52014
515.84088,-368.03604,1462.5252699999999
518.8078,-370.40656,1469.46606
521.81989,-371.79254,1475.64185
520.9317599999999,-375.33316,1482.05811
526.07849,-375.57578,1485.54004
527.91071,-377.68225,1488.44873
528.2403,-379.99737999999996,1490.5190400000001
531.01093,-381.43273999999997,1491.39197
534.89917,-383.32587,1490.38879
537.323,-385.04819,1489.02576
539.63824,-388.05832000000004,1487.62415
542.75775,-390.85547,1484.9356699999998
545.7879,-393.7189,1481.43689
549.59119,-396.62933,1477.78113
553.2097200000001,-399.48947000000004,1473.33594
556.76636,-401.92172,1467.80969
559.8218400000001,-404.73642,1462.13464
563.89917,-407.06442000000004,1455.32678
568.0609099999999,-408.65186,1447.46545
571.1076,-410.13268999999997,1439.19849
573.79102,-411.80231000000003,1429.8631599999999
576.33929,-413.15662000000003,1419.54102
579.1958,-414.66321,1408.63843
582.14423,-415.83319,1397.88306
583.89404,-416.73489,1386.94177
585.5065900000001,-417.98911,1376.64563
586.15472,-418.74176,1367.49829
586.99677,-418.32300000000004,1360.2603800000002
587.83948,-417.46552,1356.51001
589.2792400000001,-416.03247000000005,1355.3178699999999
589.5954,-415.87408,1357.40515
590.5871599999999,-415.25629,1361.45996
592.04175,-414.86773999999997,1367.31421
592.68445,-414.02682000000004,1374.19727
593.9306,-412.88388,1382.65967
594.3819599999999,-411.38199,1391.75134
594.58282,-409.8613,1401.90454
595.31061,-408.34799,1412.49902
596.38135,-407.25006,1423.00256
597.50488,-405.92767000000003,1433.76282
597.74811,-404.02572999999995,1444.47974
597.9964,-402.33612,1454.75452
599.08075,-400.28622,1463.7150900000001
599.73315,-397.62329,1471.70667
599.435,-395.22641,1479.2251
599.29285,-392.76732999999996,1485.18909
599.0163,-390.51465,1490.4194300000001
599.45691,-388.32214,1494.11023
599.55566,-386.21567000000005,1497.37024
600.0020099999999,-384.93344,1499.1228
600.96033,-383.72008999999997,1500.36572
601.85919,-383.19925,1500.58569
603.83789,-382.86206,1500.14746
605.89764,-383.09912,1499.60132
607.88599,-383.31061,1497.64868
611.04138,-383.72437,1496.09277
613.98938,-384.31023999999996,1493.19006
616.57159,-384.73913999999996,1490.2124
619.47333,-385.18878,1486.3228800000002
622.53552,-385.6601,1481.6046099999999
625.5563400000001,-385.80182,1475.9425
628.89923,-386.26541000000003,1469.8432599999999
631.76532,-386.4306,1462.42676
635.54443,-387.24188,1454.40491
639.79285,-388.49936,1445.55737
644.61847,-389.55365,1435.23206
649.5011,-391.23068,1424.4638699999998
654.1637,-393.08948,1413.0090300000002
659.8831799999999,-395.62282999999996,1400.8786599999999
665.04932,-398.8111,1387.86206
670.94031,-401.82602,1374.08411
675.62329,-404.87286,1360.5194099999999
680.56244,-408.44458,1346.5304
684.10229,-411.58966000000004,1333.9235800000001
687.16974,-415.02884,1322.34839
688.34088,-417.56046000000003,1313.22766
688.92584,-419.70932,1307.1123
689.59125,-422.65482000000003,1303.50476
690.0011599999999,-426.20135,1302.62207
690.4291400000001,-430.66672,1304.46472
690.31915,-434.05825999999996,1307.96948
690.29724,-438.39761,1312.93835
690.19476,-442.6355,1319.0531
689.7998,-446.75015,1325.61304
689.55011,-449.51434000000006,1332.11438
688.26996,-452.0202,1338.7487800000001
686.42249,-454.13895,1346.0741
683.35223,-455.44809000000004,1354.47009
680.99139,-457.29703,1363.36084
677.88965,-458.76610999999997,1373.91492
675.0346099999999,-460.30228,1385.66467
672.4478799999999,-461.67929000000004,1398.45886
668.41333,-462.1452,1412.5488300000002
665.80859,-463.25888,1427.48828
662.09595,-464.04445999999996,1441.78992
659.09448,-463.84692,1456.4315199999999
655.86737,-463.52423,1470.29504
653.35162,-462.41497999999996,1483.0
650.3355700000001,-461.60535,1494.61584
647.28265,-460.3866,1504.7354699999999
643.68976,-458.87729,1513.8220199999998
639.73218,-457.45300000000003,1520.6449
636.40735,-456.33477999999997,1525.9032
633.4830900000001,-455.44815,1528.64709
630.49042,-455.31677,1529.56995
628.55896,-456.24338,1528.24158
626.43469,-457.84283,1526.1286599999999
625.4035,-460.54000999999994,1522.9826699999999
625.54156,-463.72449000000006,1519.0101300000001
626.59601,-468.06958,1514.74731
627.87463,-471.72695999999996,1509.99561
628.6701,-475.1864,1505.43005
629.8952,-477.73105,1501.5601800000002
630.62,-479.66254000000004,1496.8988
631.56696,-480.72589000000005,1492.56628
631.62915,-481.5036,1487.0800800000002
632.1084599999999,-482.46990999999997,1481.19739
631.89459,-482.52755999999994,1474.17126
631.47406,-483.3006,1465.8833
631.3190900000001,-483.78214,1456.38464
631.51636,-484.39969,1446.22485
631.0636,-484.83194000000003,1435.41492
632.59906,-486.03735,1423.16736
634.19824,-487.74933,1410.8336199999999
636.0324099999999,-489.53162000000003,1398.22034
638.63983,-491.50467000000003,1385.19153
642.23163,-493.85349,1372.27368
645.81708,-497.04773,1359.7985800000001
649.2973,-500.22324000000003,1347.72986
652.86127,-503.25949,1335.70178
655.77643,-505.74755999999996,1324.17468
658.4173599999999,-507.49545,1313.3563199999999
659.87769,-508.61947999999995,1304.92163
660.63892,-508.86633,1298.42651
661.39124,-509.31522,1293.7345
662.95898,-510.21133,1290.70715
663.33789,-511.17984,1290.06335
663.992,-512.69678,1290.83105
664.21472,-513.46454,1293.7645300000001
664.65216,-514.11914,1298.10815
664.52142,-514.8269700000001,1303.86084
664.21545,-514.89709,1311.0448
663.35974,-514.90063,1319.4194300000001
663.50763,-514.84326,1328.90479
663.7575099999999,-515.1184099999999,1339.33875
663.57465,-514.63385,1350.7711199999999
663.21704,-514.73193,1362.84753
663.82281,-514.43939,1375.33301
664.6469099999999,-513.78046,1387.93091
664.55048,-513.56152,1400.87537
665.52625,-513.37152,1413.7758800000001
666.2547599999999,-512.97144,1426.23535
667.07294,-512.6469099999999,1437.8944099999999
668.59729,-511.96367999999995,1449.11719
669.9116799999999,-511.72983,1459.2481699999998
671.2854,-511.98248,1469.31628
672.4669200000001,-511.51794,1477.08862
673.7006200000001,-510.5881,1483.63318
673.81628,-510.07767,1488.6942099999999
674.85559,-509.05078,1492.7804
674.78278,-509.0712,1495.38135
675.1358,-508.15905999999995,1496.37158
675.01532,-507.98235999999997,1496.27771
674.92926,-507.40792999999996,1494.66602
675.7442,-507.33660999999995,1492.87891
675.27704,-506.75317,1490.28979
675.60223,-506.0239,1487.07141
675.93555,-505.71762,1483.30725
677.03546,-504.71880999999996,1479.43604
677.36853,-503.31979,1474.23218
677.64868,-502.49133,1468.80261
678.52814,-501.08151,1462.39758
678.6787099999999,-499.21469,1455.66309
678.64856,-497.88500999999997,1447.9895
678.52271,-496.05222000000003,1439.51563
678.66473,-493.83209000000005,1430.1684599999999
677.13141,-491.65735,1419.95947
676.6962900000001,-488.91339000000005,1408.25073
675.18292,-486.78745,1397.05273
674.52899,-484.30762000000004,1384.9321300000001
673.48267,-481.56354000000005,1372.40356
672.58398,-478.05188,1359.4764400000001
671.41687,-473.98712,1346.57764
669.6365400000001,-469.59851,1334.28833
667.55542,-465.27042,1325.4932900000001
665.6890900000001,-460.21660999999995,1320.71362
665.24219,-455.25479,1318.55811
666.65485,-450.90063,1318.36792
669.29126,-447.33813,1320.9898699999999
672.81677,-443.7269,1324.25293
676.78931,-439.99841,1329.09399
682.02338,-437.46725,1335.45251
688.2495700000001,-435.37473,1342.0914300000002
693.5955799999999,-432.47098,1350.4788800000001
699.13287,-430.17233,1359.46045
703.7652,-427.21997000000005,1369.42249
707.35083,-424.2413,1379.77625
710.54285,-421.21143,1390.72144
712.52057,-418.0899,1402.12805
714.2971200000001,-414.86169,1413.94202
715.71771,-411.76114,1426.17371
717.35504,-409.01443,1437.9904800000002
717.4632,-406.14755,1449.80664
717.1311,-403.11792,1461.5376
717.34668,-400.65213,1473.09839
716.74658,-398.01031,1484.17761
716.10779,-395.98325,1494.4074699999999
714.2019700000001,-393.78336,1503.68274
712.5509,-391.72873,1512.46606
709.63348,-390.21344,1519.37415
707.32336,-389.01794,1525.92395
703.08563,-387.54343,1530.797
699.72339,-386.43607000000003,1534.94543
697.33289,-385.92947000000004,1537.92676
694.46655,-384.91205,1540.18738
692.02679,-384.39075,1541.99622
689.7774,-383.92999,1542.4951199999998
686.96588,-383.33643,1542.61853
685.2181400000001,-383.36145,1541.8916
682.65863,-383.28757,1540.35022
680.1311599999999,-383.19158999999996,1537.8396
677.56165,-383.20302999999996,1534.02209
674.87286,-383.17157000000003,1529.68945
671.49915,-382.991,1525.03369
668.76141,-382.7785,1519.67859
665.10583,-382.17886,1513.31982
662.09882,-381.59448,1506.4963400000001
658.92651,-380.82272,1498.78845
654.50067,-379.51276,1490.03418
651.1805400000001,-378.55922999999996,1480.50391
648.1524,-377.86813,1470.2000699999999
643.96552,-377.00391,1459.3147
640.47797,-375.7962,1448.3252
637.23993,-374.27966000000004,1436.18481
633.7677,-372.83749,1425.05396
630.64923,-371.34472999999997,1414.43347
626.96027,-369.13626,1404.9592300000002
623.52411,-367.8013,1396.4552
620.12213,-365.96625,1389.59949
616.58813,-363.7937,1384.28442
614.4078400000001,-362.46906,1379.74084
611.0979,-360.80011,1376.43835
607.43347,-359.09277000000003,1375.18018
603.12885,-356.25684,1375.74011
598.8851900000001,-353.96884,1378.17346
596.78613,-352.70966,1381.85535
592.99231,-350.67197000000004,1387.47815
589.86969,-348.82333,1393.95667
586.63184,-346.71862999999996,1401.01782
585.10004,-345.86691,1408.65955
582.10474,-343.68462999999997,1416.62671
579.65778,-342.54645,1424.76624
577.57965,-341.38251,1432.94946
575.8184200000001,-340.31203999999997,1441.52795
573.92017,-339.29504,1449.71729
571.9068,-338.24905,1457.61194
569.25238,-337.07159,1465.4586199999999
566.45331,-335.76732999999996,1472.49146
562.99353,-334.892,1479.57349
560.48651,-332.80563,1484.75342
556.8353900000001,-331.72992,1489.52283
553.02142,-329.9079,1493.97021
548.40594,-328.3049,1496.61072
544.00714,-326.43393,1498.51611
538.9536099999999,-324.81888,1499.30518
534.45801,-323.36287999999996,1499.03772
530.15619,-321.69705,1497.97839
525.5208700000001,-320.74124,1495.16138
520.7334,-319.57358,1492.13367
515.93365,-318.7059,1486.7874800000002
511.88077000000004,-317.60922,1480.63232
506.44724,-316.77423,1473.71191
500.92902000000004,-316.38748,1466.2120400000001
495.89910999999995,-315.59963999999997,1457.3961199999999
489.98389000000003,-314.21173,1448.5258800000001
484.17852999999997,-312.95142000000004,1438.6190199999999
477.47182999999995,-310.93549,1428.7092300000002
471.96146,-309.34976,1417.67139
465.30597,-307.55606,1406.5991199999999
459.2319,-305.91052,1394.91431
451.9325,-303.48407000000003,1383.54187
445.20205999999996,-301.42276,1372.2463400000001
438.21277000000003,-298.06277,1360.81494
431.09845,-294.46246,1350.87903
423.06259000000006,-288.59119,1344.6759
415.77237,-282.87512000000004,1342.44897
408.87048,-277.27957000000004,1342.11438
403.73712,-271.18723,1342.9226099999998
397.72839,-265.17267000000004,1346.0548099999999
393.13937000000004,-258.68201,1350.79333
390.18082000000004,-253.90157999999997,1357.0575
386.03963999999996,-249.54962,1364.69299
381.98877000000005,-245.79703999999998,1373.7821
380.47092000000004,-243.30531000000002,1382.93469
378.23727,-239.99251,1392.31238
376.10172,-237.0116,1402.01062
374.39215,-234.36322,1411.48767
372.6683,-231.91721,1420.4891400000001
370.56212999999997,-229.22256000000002,1429.5761699999998
368.68695,-227.25365,1437.66504
366.92679,-224.70389,1444.9650900000001
365.05444,-222.44409,1451.88611
364.06131,-220.89021,1457.75415
362.56299,-218.68122999999997,1462.33923
360.76025,-216.07127000000003,1466.46887
358.73047,-214.26855,1469.44031
357.51083,-212.37592,1471.42249
355.62683,-210.31322000000003,1472.6189
354.70987,-208.9113,1472.8717
352.90762,-207.53117,1472.36072
351.51052999999996,-205.39435,1471.26965
350.83078,-204.16693,1469.60168
348.17477,-202.0238,1467.87207
346.56149,-200.13652,1464.91418
345.68994,-198.05632,1461.29431
345.12057000000004,-196.11542,1457.4386
344.17377,-194.27602,1452.6104699999999
343.87964,-192.50015,1447.36853
342.84808,-190.29636000000002,1441.38928
342.49301,-187.93007,1435.05139
341.60452000000004,-185.46155,1427.54187
342.3653,-183.14858999999998,1419.9824199999998
342.50085,-181.27444,1411.12488
342.06937,-178.81851,1402.15369
342.7254,-176.14629,1392.45642
343.08472,-173.68413999999999,1382.31213
343.51691,-171.7664,1372.349
343.66794,-168.28638,1362.43591
344.6839,-165.68419,1352.56238
346.04266,-161.88213000000002,1345.24353
347.85822,-157.01068,1341.672
349.84348,-152.32452,1341.78589
351.26842999999997,-149.24455,1344.0343
352.35382000000004,-146.33095,1348.76782
352.68497,-143.52211,1355.76245
355.03036000000003,-141.19771,1363.8958699999998
356.08731,-138.61876999999998,1373.1213400000001
357.7012,-136.60751000000002,1383.51062
359.06448,-135.46851,1394.81897
360.78485,-134.14075,1406.70447
362.70306,-132.71478000000002,1418.85474
364.42392,-131.87514,1430.65552
366.01727,-130.64308,1442.5847199999998
368.59167,-129.70425,1453.93713
370.36633,-128.12503,1464.7446300000001
372.6792,-127.07003,1474.4788800000001
374.71547999999996,-125.47171000000002,1483.47791
377.01178,-123.35600000000001,1491.22351
379.06616,-121.77363999999999,1497.80798
381.72891,-119.71486999999999,1502.89246
383.37588999999997,-118.33941999999999,1507.33533
385.38712000000004,-116.69747,1510.09534
387.45706,-115.28263999999999,1511.80115
389.31827000000004,-114.21746,1513.05042
391.23734,-112.52153999999999,1513.21191
393.27443999999997,-111.23308999999999,1512.35779
395.29857999999996,-110.30758999999999,1510.84265
397.36331,-109.28993999999999,1508.97156
400.02075,-108.27075,1505.86328
402.56705,-107.8224,1502.22388
404.40549,-107.50701000000001,1498.00635
406.21297999999996,-106.91591000000001,1493.3302
408.30679,-106.49478,1488.01294
409.91388,-106.65238000000001,1481.86377
411.55487,-106.4087,1475.39563
413.20685,-106.81705,1467.7807599999999
415.15491000000003,-107.12415,1459.6969
416.75838999999996,-107.18108000000001,1451.2976099999998
418.1817,-107.07767,1441.68616
420.15619000000004,-107.22723,1431.12231
422.01227,-106.69826,1419.74438
423.7001,-106.13162,1408.0245400000001
426.3027,-105.66175,1395.1983599999999
428.46143,-105.72379,1382.48975
430.39819000000006,-105.14503,1370.17578
432.23607999999996,-104.94486,1358.6272
433.9808,-103.8693,1350.34644
436.67220999999995,-103.11159,1345.8175
439.53695999999997,-102.45494000000001,1344.44397
442.50670999999994,-101.77214000000001,1345.0430900000001
445.35720999999995,-100.84741,1348.00793
447.99109000000004,-98.57417,1353.30249
452.99374000000006,-97.16702,1359.70984
456.44170999999994,-94.9712,1367.90369
460.4393,-93.80951999999999,1376.2782
462.92785999999995,-92.45268,1385.80933
465.6925,-91.49398000000001,1395.55273
467.39014000000003,-91.02478,1405.5217300000002
468.78930999999994,-90.92551,1415.97998
469.95712000000003,-90.82419,1425.68347
471.3418,-91.02051999999999,1434.78162
471.47614000000004,-91.20579000000001,1443.52258
472.93201,-91.40958,1450.8731699999998
473.47031,-91.43236,1457.37976
474.26315,-91.63112,1462.5122099999999
474.16497999999996,-91.83726,1466.85449
473.96088,-91.80964,1469.21594
473.65277000000003,-92.09402,1470.76648
472.29922,-92.31973,1471.12561
471.61182,-92.58648000000001,1470.39709
470.35938,-93.22789,1469.24011
468.56032999999996,-93.35799,1467.56726
467.67745999999994,-94.2267,1465.14526
466.48547,-95.08111,1461.9824199999998
465.17690999999996,-95.5033,1458.7014199999999
463.77774000000005,-96.73788,1454.74988
462.4162,-97.60801,1449.84363
461.44957999999997,-98.79441,1444.5949699999999
459.91019000000006,-99.7119,1438.71619
458.33215,-100.55858,1432.0647
456.99737999999996,-101.79245999999999,1423.9917
455.26862,-102.84742,1415.40906
453.88315,-104.01655,1405.84705
452.04208,-105.12861000000001,1396.0509
450.96837999999997,-106.31361000000001,1385.42212
449.25092,-107.55923,1375.72986
447.60860999999994,-108.27306000000002,1366.1707800000001
446.56265,-108.34148,1358.3833
446.58542,-108.18346000000001,1352.78601
446.87875,-107.95315,1349.68835
447.65862999999996,-107.32668000000001,1348.03162
448.35959,-106.62701000000001,1348.35608
448.48828,-105.91944,1350.3768300000002
449.48956,-105.29701999999999,1354.16931
450.59918,-104.22328,1359.58032
451.12155,-103.96441,1366.30383
451.52454000000006,-103.59456999999999,1374.38049
452.05435,-103.39506999999999,1383.2985800000001
451.94345,-103.69908000000001,1393.21143
451.7182,-103.84938000000001,1403.02698
451.99447999999995,-104.41776,1412.6853
451.55115,-104.99665,1422.13977
452.16492,-105.75011,1430.62415
452.28552,-106.21048,1438.5542
452.83011,-106.28778999999999,1445.1309800000001
453.50699000000003,-106.63088,1450.20825
454.3811,-106.31711999999999,1453.9129599999999
455.29321,-106.06371999999999,1456.03577
456.19342,-105.67766999999999,1456.50879
456.37415,-105.01114,1456.27917
456.3696,-104.59734,1455.50195
457.22595,-104.1775,1453.54565
457.71823,-104.12938,1451.07373
458.62704,-103.93401999999999,1448.37524
459.76525999999996,-103.38875999999999,1445.2722199999998
461.02286,-102.96763,1441.8252
462.13266,-102.46197,1437.68091
463.93542,-101.6642,1432.99695
465.17360999999994,-100.7103,1427.3455800000002
467.21268,-100.32609000000001,1421.0186800000001
468.89938,-99.8571,1413.81897
471.18627999999995,-98.90120999999999,1405.72229
472.9747,-98.19492,1396.7409699999998
475.52855999999997,-97.52866,1387.21216
477.68195,-97.13991999999999,1376.97156
479.74707,-96.44091999999999,1366.9939
481.78652999999997,-95.23133,1357.8250699999999
483.97067000000004,-94.45756999999999,1350.18372
487.08084,-93.54326,1344.4946300000001
490.10045999999994,-93.08726999999999,1342.23669
492.78027000000003,-92.2279,1342.4555699999999
493.89575,-91.9276,1345.14502
495.10666,-91.75806,1349.25574
496.58176,-90.21014,1355.3576699999999
497.22964,-90.00028,1361.77405
498.33359,-89.869,1368.41907
499.04263,-90.5382,1375.70032
499.62289000000004,-91.02422,1382.8812300000002
499.39417000000003,-91.66795,1389.80725
499.61624000000006,-93.25533,1396.36658
498.3501,-94.23267,1401.93677
497.01224,-95.80766,1406.62
495.46033,-97.91618000000001,1409.9256599999999
492.98199000000005,-99.65431,1411.8687699999998
489.9494,-101.61334000000001,1412.7074
486.21445,-103.16528000000001,1411.36914
481.13132,-104.77953000000001,1409.16589
476.81879000000004,-106.1741,1405.60486
472.39117000000005,-108.54223999999999,1400.80383
469.10250999999994,-110.45623,1396.52661
466.18878,-112.27043,1392.0805699999999
464.14966,-114.21828000000001,1387.3925800000002
461.88665999999995,-116.42052,1382.05701
459.27187999999995,-119.05746,1377.26794
456.77194000000003,-121.67733999999999,1371.85962
453.49338,-124.32281,1366.62036
449.94445999999994,-127.79955,1360.94336
444.86823,-130.57433,1355.99292
439.43422999999996,-133.72005,1351.15173
433.96762,-136.91029,1346.8184800000001
427.9823,-140.39661999999998,1344.00989
424.11995999999994,-143.41107,1344.33325
421.49755999999996,-146.15115,1347.9520300000001
418.7814,-149.04477,1352.80811
417.53409,-150.8947,1358.0888699999998
415.89645,-152.18318,1363.854
415.64255,-152.84294,1370.4791300000002
415.68573,-153.75711,1377.45581
415.20023,-154.7569,1385.06287
414.70276,-155.60242,1392.78735
414.15958,-156.99878,1400.49207
414.02869,-157.45665,1407.6063199999999
413.33441,-158.45592,1413.99902
413.02377,-159.23236,1419.31042
413.19321,-159.75031,1423.6826199999998
412.68039,-160.18528999999998,1426.68323
413.15979,-160.48355,1428.14355
413.61166000000003,-160.20218,1428.6593
414.51682,-159.67438,1428.16748
416.16174,-159.35529,1427.07581
417.74985,-158.66396,1425.0968
419.92502,-157.82916,1422.84839
421.86465,-156.79015,1420.08508
423.15909000000005,-155.63092,1417.08203
424.81018,-154.94579,1413.41968
426.52499000000006,-154.11571999999998,1409.73376
428.72812000000005,-154.26424,1404.8092
430.22155999999995,-153.64758,1399.9491
431.19115999999997,-152.90896999999998,1394.57495
433.36035,-152.30286999999998,1387.62219
435.34055,-151.63873,1379.95032
437.83660999999995,-151.09451,1371.26917
439.39883,-150.49919,1361.6438
440.96011,-148.91827,1352.26355
442.87920999999994,-147.12198999999998,1343.11206
445.2363,-145.99988000000002,1334.98389
447.39444000000003,-144.15961000000001,1329.36755
450.92029,-142.31563,1327.7800300000001
455.00085,-141.05225,1329.84717
455.72722999999996,-139.05276,1334.28943
457.18515,-138.04683,1340.42102
457.59105999999997,-137.06758,1347.53564
458.86362,-136.42026,1355.55859
459.64148,-135.86536,1364.22974
460.25667999999996,-135.13007,1373.13733
460.9783,-135.3618,1381.84058
461.17177999999996,-135.3847,1390.52881
461.49109000000004,-135.52708,1399.01123
462.23398,-135.48338,1407.2150900000001
462.17773,-136.18132,1414.14392
462.43695,-136.36559,1420.52856
463.16873,-136.51102,1425.90955
462.96625,-137.15143,1430.0426
463.4231,-137.35912,1433.32935
463.05435,-137.91613999999998,1435.25281
462.12817,-138.12763999999999,1436.7948
461.20525999999995,-138.57802,1436.68042
459.41306,-139.45627,1435.93176
457.8927,-140.22348,1434.17957
456.15952000000004,-141.49598999999998,1431.80078
454.87042,-142.14919,1428.90295
453.12465999999995,-143.99348,1425.17188
451.56613,-145.11636000000001,1421.29944
450.27585,-146.87473,1416.52722
448.9061,-148.70323,1411.0564
447.84244,-150.4624,1405.30591
446.52472,-152.02306000000002,1398.92444
444.73004000000003,-153.82828999999998,1392.52979
442.95358,-155.56551000000002,1385.09375
442.34848,-157.80057,1377.90039
440.69985999999994,-159.97269,1370.37744
438.16317999999995,-161.74446,1362.5625
435.95764,-164.425,1355.52625
432.98483,-166.60397,1349.13306
430.09033,-168.45547,1345.0576199999998
427.18979,-170.24237,1343.60876
424.57662999999997,-172.24116999999998,1344.61536
422.44568,-173.3295,1346.72229
421.03342000000004,-173.68005,1350.22534
418.97845,-173.63377,1356.18896
417.62277,-174.64052,1363.40271
415.72107,-175.50294,1372.22192
413.26389,-175.87306,1382.5194099999999
410.95496,-176.99561,1393.49829
409.14825,-178.1667,1405.53528
406.46216,-179.40625,1417.35583
403.72147,-180.80626,1429.72864
400.75919,-182.92189,1441.53772
398.61359,-185.13893000000002,1452.6073
395.28625,-187.39926,1463.25964
392.93088,-189.75893,1473.02905
390.62354,-192.39522,1481.71216
387.88504,-195.18278999999998,1489.0531
385.26563,-197.92198,1494.89795
382.54947000000004,-200.49866,1498.6814
378.40722999999997,-203.42111,1500.70532
373.82925,-205.47957,1501.11206
368.32422,-207.63544,1499.9729
362.4176,-209.86104,1497.7439
356.70694,-212.11553999999998,1494.27551
351.69931,-215.27135,1490.41382
346.75702,-218.44147999999998,1486.0805699999999
342.51889,-221.26852000000002,1481.47095
339.34357,-224.37076000000002,1477.09082
336.7478,-226.99001,1472.47693
334.71597,-230.1452,1467.3333699999998
333.12799,-232.89423,1461.54358
331.98028999999997,-235.60941,1455.32996
330.77173,-238.27417000000003,1448.80518
329.66531000000003,-240.77931,1441.65381
328.82361000000003,-243.29337,1433.85986
328.24371,-245.8237,1425.72986
327.46472,-248.51642,1417.09448
326.8316,-251.07721,1407.43604
326.53699,-253.41487,1397.24182
326.327,-254.67632999999998,1386.95935
327.40561,-255.36962999999997,1376.0531
329.6517,-254.80892999999998,1365.8042
332.34805,-252.55457,1356.05896
335.73367,-248.9491,1347.79688
338.7749,-244.75439,1340.1059599999999
342.70752000000005,-239.36327000000003,1333.60986
347.18253,-233.78189,1328.61267
351.69119,-228.16669,1325.51172
356.85507,-221.83577000000002,1324.6626
362.79565,-215.82359,1325.48645
369.34381,-209.23209,1328.08435
375.89615,-201.9915,1332.9194300000001
383.03012,-195.27112,1339.71045
390.22772000000003,-188.23996,1347.92444
397.07397000000003,-181.72014,1357.5565199999999
404.45377,-176.09312,1368.26501
410.6987,-171.20271,1379.7377900000001
416.77227999999997,-167.60948,1391.2305900000001
421.93069,-164.32867,1403.07715
427.79715,-161.77868999999998,1414.57141
433.23254000000003,-159.70665,1425.8678
437.48828,-157.72589,1437.62842
443.74411,-156.23747,1448.80127
449.88419000000005,-155.01453,1459.1358599999999
456.13492,-155.07758,1467.87646
462.24215999999996,-157.11037,1474.42822
467.25872999999996,-159.57706000000002,1478.79504
470.0,-162.86469,1481.34058
471.27444,-165.11771000000002,1481.45569
469.04059000000007,-166.27008,1480.73438
465.89227,-165.98431000000002,1478.7182599999999
462.32419000000004,-164.69400000000002,1475.0918
458.39737,-163.15282,1470.50439
453.38202,-161.91333,1465.33374
447.74045,-162.10541,1459.4434800000001
443.8909,-163.66501,1453.02832
439.84763,-165.54783999999998,1446.0387
436.57919000000004,-167.9697,1438.36377
434.20367000000005,-170.85974,1429.24561
433.24078,-173.55313,1419.09729
432.61737,-176.01172,1408.8886699999998
430.75574000000006,-178.20995,1399.28027
429.18298,-181.0094,1389.84985
426.80010999999996,-184.32286000000002,1379.84167
425.48087000000004,-187.91153,1370.19153
423.64687999999995,-191.80571,1361.3034699999998
421.67812999999995,-195.31007,1352.62598
419.66379000000006,-199.37781999999999,1344.2666
418.05197000000004,-203.77324,1335.98645
416.21972999999997,-207.48998999999998,1328.48669
413.75055,-210.81464,1321.3627900000001
411.49182,-213.70215,1315.2523199999998
410.4111,-214.81606000000002,1310.84778
410.44492,-215.17924,1308.30078
411.36682,-213.3428,1308.02686
413.37778,-210.42336,1309.15161
415.41006,-206.88815,1311.53223
418.43393,-202.7578,1316.5521199999998
420.12490999999994,-198.6131,1323.04395
422.34097,-195.01196000000002,1331.11646
424.39844000000005,-192.48549,1340.36926
425.95180999999997,-189.85973,1350.8641400000001
426.94128,-188.36873,1361.77209
427.65945,-187.8087,1373.04126
428.68872000000005,-187.62607,1384.46008
429.37417999999997,-187.78769,1395.4207800000001
429.92453,-187.98238,1405.54956
431.5495,-188.39948,1415.39783
432.88403,-188.83144,1424.27258
434.2467,-188.45566000000002,1432.1897
435.65106,-188.35329,1439.49133
436.67650999999995,-188.41821000000002,1445.76746
437.78979000000004,-188.22496,1450.7872300000001
438.74185,-187.95105,1455.3088400000001
439.51584,-187.81758,1458.7254599999999
440.61865,-187.57832,1461.25244
441.95709000000005,-187.50313,1462.55859
443.50284000000005,-187.09581,1463.4751
444.33410999999995,-187.02358999999998,1463.3020000000001
445.72739,-186.66571000000002,1462.2533
446.97339000000005,-186.76426999999998,1460.22021
448.33105,-186.34534,1457.9314
449.4043,-185.5919,1454.76331
450.47668,-185.19821000000002,1450.96436
451.9249,-185.01961,1446.25415
452.58545,-184.98019,1441.58252
453.50378,-185.14717,1435.8573
454.56296,-185.66377,1429.0802
454.64154,-185.89841,1422.00293
455.81656,-186.48654,1413.7467
456.74374000000006,-187.11693,1404.75964
457.75460999999996,-188.05286,1394.55969
457.79547,-188.50108,1384.51648
459.17285,-189.01346,1373.76196
459.89401,-189.45734,1362.6430699999999
459.91644,-189.27483999999998,1352.70093
460.32712000000004,-188.82132,1342.61121
460.22357,-187.78888,1333.96179
460.85364000000004,-187.00011999999998,1327.49072
461.88702,-184.7025,1326.01282
463.27590999999995,-183.35144,1326.9937699999998
464.18057000000005,-181.94109,1330.71545
464.71448,-180.41525,1336.4273699999999
465.25861,-178.36359,1343.76282
466.13947,-177.11693,1352.12219
466.74242999999996,-175.2137,1361.5459
467.5661,-173.69421,1370.68713
468.32788,-172.54243,1379.97327
469.7879,-171.46457,1389.28442
470.98502,-170.76553,1398.17773
472.03461,-170.31842,1406.4592300000002
473.01495,-169.85825,1414.58386
474.13452,-169.57886000000002,1421.65466
474.33435,-169.2337,1427.6942099999999
475.00815,-169.12546,1432.84766
474.82919000000004,-168.80147,1437.0317400000001
475.39345999999995,-168.83846,1439.63977
474.98834000000005,-168.31302,1441.54651
474.49149000000006,-167.68352,1441.8728
474.25265999999993,-167.26323,1441.31104
473.48812999999996,-166.59036,1440.47388
473.35486,-166.27293,1438.9226099999998
473.13892000000004,-166.65968,1436.87231
472.10654000000005,-167.25177,1435.25647
471.76535,-167.87236000000001,1432.8479
470.87172999999996,-169.14108000000002,1430.3623
470.39453,-171.00333,1426.83179
469.80206,-173.14713999999998,1423.19617
468.35675,-175.63156,1418.5437
467.25960999999995,-178.03361999999998,1412.7694099999999
466.03435999999994,-181.61917,1406.15955
463.35486,-184.00691,1399.90625
461.57388,-186.69513999999998,1393.19299
458.97327,-188.77002,1387.23279
457.07047,-190.53061,1382.12146
455.25897000000003,-190.74205,1379.0835
454.8035,-190.4707,1378.80273
455.08472,-190.22534,1380.24573
455.33282,-190.14408999999998,1382.63257
455.5715,-189.90563999999998,1386.04968
456.12085,-189.34616,1389.92273
456.66562000000005,-188.71901,1394.72522
457.43079000000006,-188.4313,1399.93542
458.08575,-187.63901,1405.95361
458.66367,-187.55736000000002,1412.34314
458.1987,-187.61218,1418.4129599999999
458.32748,-187.80301,1424.45093
457.88027999999997,-188.14777,1429.88281
457.79787999999996,-188.59869,1434.3656
456.88982999999996,-188.94521,1437.5144
456.06024,-189.83525,1439.69226
454.67987,-190.69215,1439.83679
453.27029000000005,-191.27202,1438.76501
451.0715,-191.87961,1436.1182900000001
448.80893,-192.52013,1432.34644
446.26929,-193.46669,1427.82666
444.56854000000004,-194.24237,1422.46497
443.00302,-195.01785,1416.8894
441.96637000000004,-194.97691,1411.42651
441.17123,-194.59082,1405.7224099999999
440.5556,-193.69876000000002,1399.64099
440.34848,-193.36067,1393.0819099999999
439.89395,-192.09337,1385.79724
439.89539,-191.37535,1378.47705
439.6644,-189.95731,1370.6375699999999
439.84262,-188.89307,1361.349
440.11852999999996,-187.20401,1352.56958
440.68903,-185.26015,1343.8388699999998
441.017,-182.64252,1336.4235800000001
442.24652000000003,-179.50652,1330.28674
445.77219,-175.85786000000002,1326.70874
449.71837999999997,-172.2982,1326.9314
453.02609,-169.04965,1329.05286
455.67166,-165.84578,1333.349
458.48870999999997,-162.99971000000002,1339.51953
460.84740999999997,-160.83867,1346.67834
463.46157999999997,-158.7489,1354.93115
466.21899,-156.88713,1364.3595
468.80810999999994,-155.14221,1374.38428
472.05862,-153.94759,1384.5773900000002
475.07739000000004,-152.49446,1394.97302
477.90878,-151.76623999999998,1405.10999
481.42203,-150.91258,1414.58435
485.19464000000005,-149.82013,1423.81836
489.22198,-148.78847,1431.83264
492.92917,-147.50978,1438.77795
497.06005999999996,-146.55633999999998,1445.2866199999999
501.73724000000004,-144.87726,1449.92273
505.60357999999997,-143.22531,1453.92456
510.535,-142.05983,1456.36584
513.6721200000001,-140.25728999999998,1457.91016
517.5647,-139.11116,1458.1358599999999
520.52917,-137.29379,1457.23401
525.18579,-135.7506,1455.64929
528.37152,-135.09126,1453.26294
531.50189,-133.79715,1450.13977
535.76123,-132.8335,1446.68481
539.6594200000001,-132.44745,1442.7794199999998
543.90167,-131.84288,1438.46179
548.11945,-130.91643,1433.96118
553.28973,-130.72778,1428.7041
558.22168,-130.13762,1423.25281
563.44757,-129.33511000000001,1417.23926
568.89282,-129.11595,1410.30493
575.00946,-129.13095,1402.83655
579.68823,-129.05748,1394.96655
584.9356700000001,-129.4453,1386.4541
590.49011,-130.0497,1376.9646
596.7525,-130.84985,1367.48755
602.1130400000001,-132.15625,1357.53601
607.66107,-134.4095,1347.37244
612.83911,-136.0193,1338.73657
619.85522,-137.67932,1331.64453
627.32043,-140.35748,1327.88599
635.78345,-143.9456,1326.37122
642.46118,-147.43845,1325.75916
648.9273099999999,-151.98256,1326.90942
653.73291,-156.35338000000002,1330.27991
656.24432,-160.92191,1335.26355
657.97607,-165.78136999999998,1341.69885
657.28143,-169.50208,1349.17407
656.00806,-172.55053999999998,1358.46667
653.71643,-175.22369,1369.13977
650.41083,-176.96883,1380.69128
646.5577400000001,-178.2619,1392.61743
644.0144,-179.37466,1404.98157
642.1518599999999,-181.16083,1417.14734
642.10156,-183.08415,1428.8148199999998
644.19458,-184.451,1439.97571
645.84723,-185.99213,1450.79431
648.07214,-187.42058,1460.92444
650.90729,-189.03354,1471.17249
653.58392,-189.72037,1480.59155
656.1460599999999,-190.69592,1489.2125199999998
658.1393400000001,-191.67401,1497.88062
660.06744,-192.33925,1505.54956
661.43262,-193.27975,1512.81335
662.76849,-193.84094,1519.3559599999999
663.14532,-194.3773,1525.14624
663.427,-194.54118,1529.72839
664.05609,-194.76871,1533.1766400000001
664.75891,-194.92667,1535.69092
666.34772,-194.4066,1537.49841
667.7868,-193.58954,1538.4085699999998
669.4339,-193.04924,1538.5692099999999
671.39386,-192.38445,1537.922
673.5502299999999,-191.16733,1536.80688
676.3893400000001,-190.19163999999998,1535.3504599999999
679.12695,-189.40135,1533.30005
682.2865,-188.33887,1530.80054
683.87488,-187.37755,1527.81958
685.76166,-186.95421000000002,1523.9981699999998
687.79034,-186.04918999999998,1519.52771
689.1353799999999,-185.19078000000002,1513.84668
690.99829,-183.71747,1507.53687
691.9057,-182.75156,1500.54956
693.28314,-181.19414,1491.93726
694.77527,-179.27123999999998,1482.72791
695.7027,-178.39917,1472.33582
695.67981,-177.06911000000002,1460.4271199999998
696.16351,-176.013,1447.80859
696.02332,-174.8634,1435.31726
695.85333,-173.9019,1422.55774
695.49493,-172.34897,1409.8457
694.29688,-170.62143,1398.16833
692.50745,-168.81079,1386.49146
691.81079,-167.17732,1376.16125
690.0636599999999,-165.13362,1367.19055
688.61951,-164.03513999999998,1360.02649
687.2724,-162.83418,1355.3342300000002
685.6142,-161.67558,1351.6688199999999
684.32556,-160.57372,1349.70154
683.3403900000001,-159.4393,1349.6629599999999
681.8695700000001,-158.57372,1351.41541
680.4832200000001,-157.82721,1354.7487800000001
678.85242,-157.14748,1359.2138699999998
676.57959,-156.72516000000002,1364.45911
674.0755,-155.53975,1370.8020000000001
671.10101,-155.0108,1377.30322
668.1202400000001,-154.44281,1384.96094
665.35583,-153.93469,1392.2078900000001
662.77759,-153.55481,1400.12927
659.8290400000001,-153.2081,1408.00745
657.89648,-152.71712,1416.0449199999998
655.0435200000001,-152.07818999999998,1424.1286599999999
653.19855,-151.58363,1431.9860800000001
651.80536,-151.42784,1439.17627
650.96136,-151.25638999999998,1446.5163599999998
649.91742,-150.3894,1452.86206
649.94781,-150.12766000000002,1459.0636
649.78851,-149.90215,1464.3576699999999
649.90778,-149.66725,1468.7157
650.68042,-149.57205,1472.37109
651.28094,-149.64008,1474.91541
653.19537,-149.44891,1476.7590300000002
654.7887599999999,-149.29831000000001,1476.93958
655.99994,-148.53371,1476.13354
657.22015,-147.59,1474.33374
659.13312,-147.13293000000002,1471.28601
660.75348,-145.96155,1467.8713400000001
661.8817700000001,-145.24158,1463.13525
663.7428,-144.53242,1458.0354
665.24585,-143.22394,1452.0521199999998
666.69104,-142.33758999999998,1445.24182
668.3752400000001,-141.29991,1437.85889
669.7312599999999,-140.3261,1429.6375699999999
671.4705799999999,-138.85281,1421.28601
672.4834599999999,-137.38751000000002,1411.5907
675.29547,-136.96993999999998,1401.72839
676.74036,-135.68958999999998,1390.64294
678.1969,-134.71544,1379.9428699999999
679.29242,-132.61995,1369.1366
680.56305,-130.82848,1358.34277
682.79688,-129.52084,1349.27136
685.22882,-127.72979,1343.06531
689.10992,-127.45801000000002,1341.1853
691.65045,-127.00238999999999,1341.54053
692.85156,-126.67183999999999,1343.03418
693.84485,-126.68605,1346.40198
694.12469,-126.56618,1351.12158
694.6112099999999,-126.9253,1356.6803
695.29114,-127.97612,1363.53918
695.26996,-128.63408,1371.2055699999999
694.77112,-129.40668,1379.66565
694.32013,-130.15143999999998,1389.17969
693.5213,-131.1537,1398.25256
692.64166,-132.47284,1407.8021199999998
691.83331,-133.70399,1417.76074
690.50623,-135.25576999999998,1427.5004900000001
689.05835,-136.90755,1437.35156
687.23615,-138.35599,1446.29773
686.31653,-139.95065,1454.8092
684.8555299999999,-141.53701999999998,1462.5802
684.7629400000001,-142.5502,1469.6965300000002
684.22766,-144.1545,1475.59766
683.32654,-145.43022,1480.1893300000002
683.66162,-146.50104,1484.22266
683.9497700000001,-147.62828000000002,1486.81177
683.20471,-148.27983,1488.49353
683.07495,-149.17801,1489.12354
683.2810099999999,-149.63312,1489.0520000000001
682.2453,-151.55223,1488.28906
682.55157,-151.46982,1486.99573
682.10156,-152.79359,1484.3682900000001
680.79034,-154.73713999999998,1481.84436
681.2930299999999,-154.95561,1477.99451
681.29828,-155.86598,1474.2907699999998
681.5816,-156.82938000000001,1469.3726800000002
681.00909,-157.65149,1463.33081
680.96088,-158.80823999999998,1456.92371
681.24786,-159.63971999999998,1449.97791
681.86432,-160.39928999999998,1441.93469
682.0899,-161.24265,1433.41357
683.10168,-162.37132,1423.8315400000001
683.16028,-162.96797,1413.95996
683.76727,-163.75522,1403.20105
683.57098,-164.75485,1392.63904
683.35345,-165.75581,1381.60266
683.0292400000001,-166.24835,1371.10205
682.07489,-167.21938,1361.82056
681.29285,-167.65115,1353.65564
680.5802,-168.11874,1348.14246
679.91882,-168.51465,1346.2636699999998
678.9838900000001,-170.09213,1346.1438
678.52783,-170.54012,1347.45325
677.62677,-170.95236,1350.5366199999999
677.56555,-171.17266999999998,1355.45093
677.60339,-171.06416000000002,1361.89893
677.57025,-171.45863,1369.26208
677.16211,-171.71825,1378.1353800000002
676.03076,-172.07877,1387.0636
675.44891,-172.47136,1397.14917
673.59106,-173.21074,1407.48572
672.20142,-173.91554,1417.5127
670.4364,-174.86319,1427.37585
668.92407,-176.13521,1436.62292
667.60742,-177.30159,1445.3071300000001
666.03107,-178.29797,1452.89185
664.33313,-179.28027,1459.73474
663.04175,-180.21886,1464.7993199999999
662.3606599999999,-180.25522,1469.41553
661.44647,-180.45518,1472.39893
660.69434,-180.44859,1473.65723
659.10187,-180.46594,1474.56836
657.9986,-180.21902,1474.0520000000001
657.31024,-180.06766000000002,1472.80615
656.3045,-179.86438,1470.92322
655.0258200000001,-180.09489,1468.06079
654.2409700000001,-180.29121,1464.98315
653.85339,-180.08321,1461.51538
653.27393,-180.21658,1457.245
652.76709,-180.66675,1452.7055699999999
652.31763,-180.6897,1447.29114
651.4997599999999,-181.23192,1441.4393300000002
650.59497,-181.83356,1434.3936800000001
649.349,-182.30138,1427.1366
648.70703,-182.25975,1419.17773
648.07043,-183.06354,1409.62207
646.94006,-183.39682,1400.33972
646.22925,-183.96509,1389.93958
645.4703400000001,-183.98041,1380.18616
643.9137599999999,-183.85764,1370.71265
643.01996,-183.46948,1361.65759
642.30969,-182.60596,1354.31714
642.20557,-181.7851,1349.3604699999999
643.1358,-181.18204,1347.50513
644.00232,-180.19182,1347.96082
644.38989,-179.68223999999998,1349.87708
645.77692,-178.98917,1353.85107
647.18243,-178.01625,1359.18188
648.8446,-177.16531,1366.41772
650.19354,-176.48369,1373.9115
651.68939,-175.81238000000002,1382.97803
652.80981,-175.52501,1391.85901
654.2012900000001,-175.08397,1401.02734
654.99622,-175.18163,1410.64868
656.15955,-175.42096999999998,1419.7771
655.94891,-175.5976,1428.6389199999999
655.71429,-176.21649,1437.2124
656.01849,-176.46443,1445.35083
655.66418,-177.12401,1452.34851
655.71857,-177.66006000000002,1458.7590300000002
654.83453,-178.22406,1464.10815
654.0768400000001,-178.42792,1468.49927
654.1325099999999,-178.41113,1471.97278
653.36554,-178.90018999999998,1474.40662
653.0855700000001,-178.65933,1475.1759
652.7806400000001,-178.54477,1475.15234
652.14532,-178.40059,1474.12244
652.00214,-178.03175,1472.07947
651.04517,-177.98145,1468.7887
651.50598,-177.55511,1465.6604
651.17566,-177.69643,1461.4021
650.84546,-177.62639,1456.87744
650.9213900000001,-177.27788,1452.19629
650.2572,-177.93677,1446.7360800000001
649.72388,-178.16165,1440.8419199999998
650.09009,-178.50368,1433.9981699999998
649.21655,-179.16733,1426.70996
648.9844400000001,-178.9613,1418.7832
648.54755,-179.36835,1409.50012
647.4519700000001,-180.35294,1399.09595
646.55267,-180.78072,1388.85364
644.9433,-180.94408,1378.19495
643.5885599999999,-181.14168999999998,1367.70728
641.65137,-180.4888,1358.70898
640.54462,-180.02753,1351.3898900000002
640.20074,-179.71411,1347.61646
640.01758,-180.20203999999998,1347.75977
638.54108,-180.61905,1350.27954
637.3893400000001,-181.07727,1354.24023
637.2271099999999,-180.95651,1359.24854
637.39795,-181.00255,1365.47314
637.52057,-180.65028,1372.6113300000002
638.29138,-179.95361,1380.8673099999999
639.29926,-179.59436000000002,1389.68408
639.3774400000001,-179.25713000000002,1398.9235800000001
639.56641,-179.08861000000002,1408.31641
639.6015,-179.1234,1417.90527
639.6433099999999,-179.46878,1427.05054
639.34393,-180.00256000000002,1435.2999300000001
639.40698,-180.35058999999998,1443.19897
639.18201,-180.68074,1450.2301
638.95557,-181.03743,1455.72083
638.5304,-181.68137,1460.12463
637.43701,-182.11086,1463.12231
637.1379400000001,-182.04713,1464.67603
636.65302,-181.97168,1464.90295
635.62762,-182.0071,1464.54126
634.82263,-181.45973,1462.9273699999999
634.26617,-181.11945,1461.02661
633.5549900000001,-181.04256999999998,1458.4207800000001
633.54614,-180.68386999999998,1455.6001
633.81891,-180.66545,1452.03418
633.75189,-180.36075,1448.57874
634.27295,-180.44016000000002,1444.30188
634.3073099999999,-180.3286,1439.66797
635.2583,-180.49878,1434.21423
635.44775,-180.4912,1427.98145
635.89893,-180.75168,1420.87476
636.49365,-180.89517,1412.82397
636.841,-181.36745,1403.6513699999998
637.61047,-181.31587,1393.6245099999999
638.35608,-181.50505,1382.90234
638.85352,-181.41898,1372.00964
639.57214,-181.24382,1361.4375
639.94104,-180.37001,1351.70154
640.97205,-179.66226,1342.81348
642.51282,-178.86162,1337.16479
644.40887,-177.65993,1334.90039
646.0692700000001,-177.10573,1334.44873
648.52386,-176.86736000000002,1335.58533
650.36182,-175.85526000000002,1338.94031
651.80084,-175.13155,1344.11475
653.38171,-174.81337,1350.88843
655.15454,-173.93742,1359.1449
657.46204,-173.33534,1368.29651
658.8327,-173.33945,1378.46887
659.68744,-173.45622,1389.12585
661.01135,-173.90881000000002,1399.9080800000002
662.32959,-174.75043,1410.8178699999999
662.84802,-175.42242,1421.75439
663.5996700000001,-175.65028,1432.14209
663.9574,-176.44695,1441.73218
664.47717,-177.77255,1450.4271199999998
664.57874,-178.34755,1458.16235
664.67297,-179.16798,1464.3731699999998
664.77136,-180.14729,1469.91028
664.09338,-180.44128,1473.58398
663.10748,-180.63817,1476.34058
661.6120599999999,-181.15742,1478.00732
660.5169099999999,-181.88711999999998,1478.87903
660.0776400000001,-182.11906000000002,1478.85486
659.42352,-182.3223,1478.52563
659.1976900000001,-182.69218,1477.5022
659.21118,-182.95828,1475.72253
659.54675,-183.3082,1473.34021
660.1863400000001,-183.83896000000001,1470.30774
659.9563,-184.35332,1466.0888699999998
660.22681,-184.5955,1461.7168
661.20068,-184.99938999999998,1456.66235
661.21924,-185.27634,1450.83276
661.30737,-185.6286,1444.41785
661.90619,-186.23576,1436.80359
661.8725,-186.62454,1428.8812300000002
662.1261,-187.3188,1419.59705
662.57599,-187.95647,1409.61975
662.5328400000001,-188.65543,1399.00989
662.66748,-188.95322,1387.78833
662.17773,-189.53271,1376.7673300000001
662.0143400000001,-189.97449,1366.54431
661.21167,-189.91331,1356.80176
660.22009,-189.81271,1349.3288599999998
659.62097,-189.89433,1344.87976
658.8974,-190.77844,1343.5506599999999
658.23853,-191.16769,1344.479
658.07037,-191.3698,1347.17444
657.99536,-191.40642,1351.7048300000001
658.31079,-191.06153999999998,1357.50073
659.2966299999999,-191.12595,1364.63464
659.2217400000001,-190.7155,1373.51245
660.5423,-190.86856,1382.74585
660.86877,-190.4761,1392.63074
661.3134200000001,-190.46732,1403.7567099999999
661.17474,-190.19632,1414.1862800000001
662.03015,-190.25807,1424.9506800000001
662.62451,-190.11876999999998,1436.03296
663.41534,-190.37878,1446.11438
664.10583,-189.80251,1456.0531
665.95978,-189.6409,1464.7395
665.9874900000001,-189.77319,1472.44385
667.25153,-189.67422,1479.1472199999998
668.42328,-189.22231000000002,1484.25354
668.9777799999999,-188.75023000000002,1488.5999800000002
669.7221099999999,-188.32881,1491.37024
669.03345,-187.97507,1493.18713
669.11633,-187.49754,1493.81055
668.94263,-186.87534,1493.3768300000002
668.43628,-186.60675,1492.4470199999998
668.16718,-186.87231,1491.19507
667.49054,-186.55759,1489.06628
667.0692700000001,-186.33371,1486.70496
666.82422,-186.38891999999998,1483.28833
666.37262,-186.67146,1479.73657
666.08429,-186.58765,1475.30115
666.1027799999999,-186.32458,1470.76208
665.87622,-186.48593,1465.01355
665.41949,-186.52165,1458.5883800000001
665.17108,-186.70067,1451.29224
665.1281700000001,-186.84419,1442.88782
665.0519400000001,-187.02534,1433.73462
665.0090299999999,-186.93285,1423.4207800000001
664.8031599999999,-186.99039,1412.7548800000002
664.8175,-187.22683999999998,1401.625
664.06195,-187.22578000000001,1390.66418
663.13721,-186.93576000000002,1379.79785
661.82507,-186.57943999999998,1369.84644
660.25018,-185.80011000000002,1361.0461400000002
659.43335,-185.49222,1354.23584
659.6691900000001,-185.17882,1350.6947
660.1793200000001,-185.12421,1349.3042
660.36115,-184.6674,1350.57788
661.1451400000001,-184.63858000000002,1353.2849099999999
661.74072,-184.25763999999998,1358.47998
662.42407,-183.90137,1364.67957
664.20801,-184.32007,1372.28943
665.0238,-184.34926000000002,1380.7902800000002
665.19751,-183.76238999999998,1390.23572
665.46594,-183.86618,1400.12756
665.03351,-183.81169,1410.15833
663.78265,-184.35555,1420.08264
662.99371,-184.98859,1430.26416
661.88641,-185.61700000000002,1439.8731699999998
660.97266,-185.99924,1449.08667
659.79065,-187.17517,1457.77393
658.59625,-187.72623000000002,1465.53601
658.12402,-188.16742,1472.93616
657.7547,-189.00105,1478.8374
656.91248,-189.19377,1483.8936800000001
656.65265,-189.46445,1488.47424
656.0127,-189.72672,1491.41565
654.63281,-189.69391000000002,1493.59448
653.81213,-189.83342,1494.72449
652.96564,-190.12947,1495.13916
652.36865,-190.27319,1494.9249300000001
651.74011,-190.53586,1493.59717
651.8457,-191.07419,1492.07312
651.2681299999999,-191.27982,1489.76721
651.16998,-191.69832,1486.82385
650.96466,-191.73848,1483.1394
651.37146,-192.4265,1479.02051
651.87,-193.59468,1473.85217
651.2276,-193.41403,1467.7264400000001
651.51184,-194.03049,1461.28918
652.0378400000001,-194.66371,1454.07959
651.49609,-195.13898,1446.47046
651.57538,-195.68201000000002,1437.73645
651.55939,-196.45016,1428.71289
651.28833,-197.07291999999998,1418.76245
650.49847,-197.82765,1408.8569300000001
649.82886,-197.95915,1399.31189
649.00983,-197.91382,1390.5180699999999
648.5556,-197.83053999999998,1382.4565400000001
647.8485099999999,-197.9707,1375.76697
648.2040400000001,-198.77655,1371.14209
648.25421,-199.67297,1369.43091
647.3678,-200.12053,1369.40833
646.26807,-200.761,1371.34058
645.64288,-201.35385,1374.7949199999998
644.53223,-201.36086,1379.34436
644.45758,-202.38403,1384.68677
643.36353,-203.15532,1391.69324
642.91388,-203.33986000000002,1398.77393
642.14667,-204.11182,1406.75012
640.6870700000001,-205.0448,1414.23181
639.42133,-205.86038,1422.15833
637.74487,-206.69182,1429.8656
637.05078,-208.01581000000002,1437.21729
635.38702,-208.86282,1444.09375
634.08405,-210.13531,1450.0773900000002
633.13049,-211.66752999999997,1455.32129
632.29126,-212.39207000000002,1459.83252
631.2229,-213.87822000000003,1463.1156
630.78815,-214.48852999999997,1465.43762
630.27124,-215.35452,1466.3872099999999
629.3042,-216.12947000000003,1466.20569
628.6297599999999,-216.90845,1465.43115
627.79993,-217.06307999999999,1463.28479
626.33118,-217.65831,1460.88977
625.82062,-218.41226,1457.6405
624.4008200000001,-218.59685,1453.9812
623.71429,-218.84326000000001,1449.72461
622.4032599999999,-219.29172000000003,1445.22717
621.58728,-219.80881000000002,1440.0067099999999
621.14136,-220.55292999999998,1434.5190400000001
620.5366799999999,-220.91137999999998,1428.91614
620.14862,-221.53572000000003,1422.45325
619.81116,-221.71431,1415.99109
619.0075099999999,-222.24535,1408.8125
618.20154,-222.82272000000003,1401.35791
617.9841299999999,-223.57947000000001,1393.6226800000002
617.51465,-223.8652,1386.4500699999999
616.40283,-223.78186000000002,1380.02539
616.0382099999999,-223.62296,1374.8761
616.7735,-223.68247999999997,1370.9226099999998
617.18372,-223.73476000000002,1368.73462
618.17334,-224.82507,1368.63794
618.4903,-225.95512000000002,1370.32751
617.0416299999999,-226.31212999999997,1373.62964
615.51617,-226.84308,1378.5601800000002
612.40936,-227.49712999999997,1383.776
611.32495,-228.37701,1389.30261
608.66925,-229.07557999999997,1394.39526
607.0045200000001,-229.67639,1399.74854
605.55994,-230.00145,1404.50708
603.90674,-229.94173999999998,1408.97949
602.24823,-230.05879,1412.87085
601.1102900000001,-230.01663,1416.6368400000001
599.0835,-229.77123999999998,1419.6666300000002
598.05066,-230.04787000000002,1422.20544
596.60693,-229.9481,1424.41077
595.34833,-229.5692,1426.28699
593.70532,-229.42184,1427.81763
592.28595,-229.38504,1428.7363300000002
591.20465,-229.57352999999998,1429.15247
590.00629,-229.60925,1429.47046
588.86456,-229.47304,1429.39099
587.79761,-229.31081,1428.5592
586.5083,-229.11962999999997,1427.0842300000002
585.94183,-229.09583999999998,1425.16199
585.18719,-229.05612000000002,1422.84839
584.69733,-229.23869,1419.78369
584.52612,-229.37659,1416.1965300000002
584.22461,-229.73337999999998,1412.1131599999999
